22:30:43 [ultranest] [DEBUG] ReactiveNestedSampler: dims=8+0, resume=True, log_dir=/home/ljy/BettiCurveCosmo/Emulator/model-fof-rsdz/mcmc_result/nwLH-Recovery/30/combined, backend=hdf5, vectorized=False, nbootstraps=30, ndraw=128..65536
22:30:45 [ultranest] [INFO] Sampling 1600 live points from prior ...
22:32:34 [ultranest] [DEBUG] run_iter dlogz=0.5, dKL=0.5, frac_remain=0.10, Lepsilon=0.0010, min_ess=400
22:32:34 [ultranest] [DEBUG] max_iters=-1, max_ncalls=-1, max_num_improvement_loops=-1, min_num_live_points=1600, cluster_num_live_points=40
22:32:34 [ultranest] [DEBUG] minimal_widths_sequence: [(-inf, 1600.0), (inf, 1600.0)]
22:32:36 [ultranest] [DEBUG] iteration=0, ncalls=1601, regioncalls=40, ndraw=40, logz=-inf, remainder_fraction=100.0000%, Lmin=-43469.37, Lmax=-99.07
22:32:37 [ultranest] [DEBUG] iteration=2, ncalls=1603, regioncalls=120, ndraw=40, logz=-40728.49, remainder_fraction=100.0000%, Lmin=-33517.97, Lmax=-99.07
22:32:37 [ultranest] [DEBUG] iteration=5, ncalls=1606, regioncalls=240, ndraw=40, logz=-23673.91, remainder_fraction=100.0000%, Lmin=-23352.18, Lmax=-99.07
22:32:37 [ultranest] [DEBUG] iteration=7, ncalls=1608, regioncalls=320, ndraw=40, logz=-22820.68, remainder_fraction=100.0000%, Lmin=-20768.59, Lmax=-99.07
22:32:37 [ultranest] [DEBUG] iteration=10, ncalls=1611, regioncalls=440, ndraw=40, logz=-20086.17, remainder_fraction=100.0000%, Lmin=-20056.45, Lmax=-99.07
22:32:37 [ultranest] [DEBUG] iteration=13, ncalls=1614, regioncalls=560, ndraw=40, logz=-19261.11, remainder_fraction=100.0000%, Lmin=-18238.81, Lmax=-99.07
22:32:37 [ultranest] [DEBUG] iteration=15, ncalls=1616, regioncalls=640, ndraw=40, logz=-18168.49, remainder_fraction=100.0000%, Lmin=-16719.59, Lmax=-99.07
22:32:37 [ultranest] [DEBUG] iteration=16, ncalls=1617, regioncalls=680, ndraw=40, logz=-16726.97, remainder_fraction=100.0000%, Lmin=-16467.83, Lmax=-99.07
22:32:38 [ultranest] [DEBUG] iteration=18, ncalls=1619, regioncalls=760, ndraw=40, logz=-16155.08, remainder_fraction=100.0000%, Lmin=-15921.65, Lmax=-99.07
22:32:38 [ultranest] [DEBUG] iteration=21, ncalls=1622, regioncalls=880, ndraw=40, logz=-15871.30, remainder_fraction=100.0000%, Lmin=-14416.39, Lmax=-99.07
22:32:38 [ultranest] [DEBUG] iteration=23, ncalls=1624, regioncalls=960, ndraw=40, logz=-14406.13, remainder_fraction=100.0000%, Lmin=-13932.20, Lmax=-99.07
22:32:38 [ultranest] [DEBUG] iteration=25, ncalls=1626, regioncalls=1040, ndraw=40, logz=-13583.50, remainder_fraction=100.0000%, Lmin=-13414.56, Lmax=-99.07
22:32:38 [ultranest] [DEBUG] iteration=26, ncalls=1627, regioncalls=1080, ndraw=40, logz=-13421.96, remainder_fraction=100.0000%, Lmin=-12926.24, Lmax=-99.07
22:32:38 [ultranest] [DEBUG] iteration=28, ncalls=1629, regioncalls=1160, ndraw=40, logz=-12777.44, remainder_fraction=100.0000%, Lmin=-12654.40, Lmax=-99.07
22:32:38 [ultranest] [DEBUG] iteration=31, ncalls=1632, regioncalls=1280, ndraw=40, logz=-11846.84, remainder_fraction=100.0000%, Lmin=-11833.92, Lmax=-99.07
22:32:38 [ultranest] [DEBUG] iteration=34, ncalls=1635, regioncalls=1400, ndraw=40, logz=-10384.30, remainder_fraction=100.0000%, Lmin=-10366.83, Lmax=-99.07
22:32:39 [ultranest] [DEBUG] iteration=37, ncalls=1638, regioncalls=1520, ndraw=40, logz=-10155.70, remainder_fraction=100.0000%, Lmin=-10089.87, Lmax=-99.07
22:32:39 [ultranest] [DEBUG] iteration=38, ncalls=1639, regioncalls=1560, ndraw=40, logz=-10097.27, remainder_fraction=100.0000%, Lmin=-9444.49, Lmax=-99.07
22:32:39 [ultranest] [DEBUG] iteration=40, ncalls=1641, regioncalls=1640, ndraw=40, logz=-9327.31, remainder_fraction=100.0000%, Lmin=-9304.96, Lmax=-99.07
22:32:39 [ultranest] [DEBUG] iteration=41, ncalls=1642, regioncalls=1680, ndraw=40, logz=-9312.36, remainder_fraction=100.0000%, Lmin=-9084.04, Lmax=-99.07
22:32:39 [ultranest] [DEBUG] iteration=42, ncalls=1643, regioncalls=1720, ndraw=40, logz=-9091.45, remainder_fraction=100.0000%, Lmin=-8977.46, Lmax=-99.07
22:32:39 [ultranest] [DEBUG] iteration=43, ncalls=1644, regioncalls=1760, ndraw=40, logz=-8984.86, remainder_fraction=100.0000%, Lmin=-8238.43, Lmax=-99.07
22:32:39 [ultranest] [DEBUG] iteration=44, ncalls=1645, regioncalls=1800, ndraw=40, logz=-8245.83, remainder_fraction=100.0000%, Lmin=-8226.08, Lmax=-99.07
22:32:39 [ultranest] [DEBUG] iteration=45, ncalls=1646, regioncalls=1840, ndraw=40, logz=-8233.49, remainder_fraction=100.0000%, Lmin=-8049.07, Lmax=-99.07
22:32:40 [ultranest] [DEBUG] iteration=47, ncalls=1648, regioncalls=1920, ndraw=40, logz=-7969.32, remainder_fraction=100.0000%, Lmin=-7897.32, Lmax=-99.07
22:32:40 [ultranest] [DEBUG] iteration=49, ncalls=1651, regioncalls=2040, ndraw=40, logz=-7790.42, remainder_fraction=100.0000%, Lmin=-7045.86, Lmax=-99.07
22:32:40 [ultranest] [DEBUG] iteration=51, ncalls=1653, regioncalls=2120, ndraw=40, logz=-6224.78, remainder_fraction=100.0000%, Lmin=-6187.55, Lmax=-99.07
22:32:40 [ultranest] [DEBUG] iteration=53, ncalls=1655, regioncalls=2200, ndraw=40, logz=-6142.91, remainder_fraction=100.0000%, Lmin=-6100.53, Lmax=-99.07
22:32:40 [ultranest] [DEBUG] iteration=55, ncalls=1657, regioncalls=2280, ndraw=40, logz=-6093.28, remainder_fraction=100.0000%, Lmin=-6062.23, Lmax=-99.07
22:32:40 [ultranest] [DEBUG] iteration=57, ncalls=1659, regioncalls=2360, ndraw=40, logz=-5856.33, remainder_fraction=100.0000%, Lmin=-5800.21, Lmax=-99.07
22:32:40 [ultranest] [DEBUG] iteration=59, ncalls=1661, regioncalls=2440, ndraw=40, logz=-5763.58, remainder_fraction=100.0000%, Lmin=-5737.93, Lmax=-99.07
22:32:41 [ultranest] [DEBUG] iteration=60, ncalls=1662, regioncalls=2480, ndraw=40, logz=-5745.35, remainder_fraction=100.0000%, Lmin=-5632.81, Lmax=-99.07
22:32:41 [ultranest] [DEBUG] iteration=61, ncalls=1663, regioncalls=2520, ndraw=40, logz=-5640.23, remainder_fraction=100.0000%, Lmin=-5564.76, Lmax=-99.07
22:32:41 [ultranest] [DEBUG] iteration=63, ncalls=1665, regioncalls=2600, ndraw=40, logz=-5532.35, remainder_fraction=100.0000%, Lmin=-5426.61, Lmax=-99.07
22:32:41 [ultranest] [DEBUG] iteration=65, ncalls=1667, regioncalls=2680, ndraw=40, logz=-5328.38, remainder_fraction=100.0000%, Lmin=-5271.44, Lmax=-99.07
22:32:41 [ultranest] [DEBUG] iteration=67, ncalls=1669, regioncalls=2760, ndraw=40, logz=-5257.23, remainder_fraction=100.0000%, Lmin=-5215.94, Lmax=-99.07
22:32:41 [ultranest] [DEBUG] iteration=68, ncalls=1670, regioncalls=2800, ndraw=40, logz=-5223.36, remainder_fraction=100.0000%, Lmin=-5126.41, Lmax=-99.07
22:32:41 [ultranest] [DEBUG] iteration=71, ncalls=1673, regioncalls=2920, ndraw=40, logz=-5101.12, remainder_fraction=100.0000%, Lmin=-5072.38, Lmax=-99.07
22:32:42 [ultranest] [DEBUG] iteration=74, ncalls=1677, regioncalls=3080, ndraw=40, logz=-5038.11, remainder_fraction=100.0000%, Lmin=-5025.32, Lmax=-99.07
22:32:42 [ultranest] [DEBUG] iteration=77, ncalls=1680, regioncalls=3200, ndraw=40, logz=-4858.53, remainder_fraction=100.0000%, Lmin=-4786.29, Lmax=-99.07
22:32:42 [ultranest] [DEBUG] iteration=78, ncalls=1681, regioncalls=3240, ndraw=40, logz=-4793.72, remainder_fraction=100.0000%, Lmin=-4654.62, Lmax=-99.07
22:32:42 [ultranest] [DEBUG] iteration=81, ncalls=1684, regioncalls=3360, ndraw=40, logz=-4506.34, remainder_fraction=100.0000%, Lmin=-4386.54, Lmax=-99.07
22:32:42 [ultranest] [DEBUG] iteration=84, ncalls=1687, regioncalls=3480, ndraw=40, logz=-4332.04, remainder_fraction=100.0000%, Lmin=-4282.88, Lmax=-99.07
22:32:42 [ultranest] [DEBUG] iteration=86, ncalls=1689, regioncalls=3560, ndraw=40, logz=-4136.88, remainder_fraction=100.0000%, Lmin=-4117.81, Lmax=-99.07
22:32:42 [ultranest] [DEBUG] iteration=88, ncalls=1691, regioncalls=3640, ndraw=40, logz=-4100.00, remainder_fraction=100.0000%, Lmin=-3987.17, Lmax=-99.07
22:32:42 [ultranest] [DEBUG] iteration=92, ncalls=1695, regioncalls=3800, ndraw=40, logz=-3960.33, remainder_fraction=100.0000%, Lmin=-3941.20, Lmax=-99.07
22:32:43 [ultranest] [DEBUG] iteration=95, ncalls=1698, regioncalls=3920, ndraw=40, logz=-3846.13, remainder_fraction=100.0000%, Lmin=-3787.18, Lmax=-99.07
22:32:43 [ultranest] [DEBUG] iteration=97, ncalls=1700, regioncalls=4000, ndraw=40, logz=-3773.25, remainder_fraction=100.0000%, Lmin=-3703.35, Lmax=-99.07
22:32:43 [ultranest] [DEBUG] iteration=100, ncalls=1703, regioncalls=4120, ndraw=40, logz=-3610.59, remainder_fraction=100.0000%, Lmin=-3590.80, Lmax=-99.07
22:32:43 [ultranest] [DEBUG] iteration=101, ncalls=1704, regioncalls=4160, ndraw=40, logz=-3598.24, remainder_fraction=100.0000%, Lmin=-3582.92, Lmax=-99.07
22:32:43 [ultranest] [DEBUG] iteration=102, ncalls=1705, regioncalls=4200, ndraw=40, logz=-3590.36, remainder_fraction=100.0000%, Lmin=-3574.79, Lmax=-99.07
22:32:43 [ultranest] [DEBUG] iteration=104, ncalls=1707, regioncalls=4280, ndraw=40, logz=-3568.62, remainder_fraction=100.0000%, Lmin=-3519.60, Lmax=-99.07
22:32:43 [ultranest] [DEBUG] iteration=107, ncalls=1711, regioncalls=4440, ndraw=40, logz=-3507.36, remainder_fraction=100.0000%, Lmin=-3458.14, Lmax=-99.07
22:32:43 [ultranest] [DEBUG] iteration=109, ncalls=1713, regioncalls=4520, ndraw=40, logz=-3464.15, remainder_fraction=100.0000%, Lmin=-3431.78, Lmax=-99.07
22:32:44 [ultranest] [DEBUG] iteration=110, ncalls=1714, regioncalls=4560, ndraw=40, logz=-3439.23, remainder_fraction=100.0000%, Lmin=-3358.49, Lmax=-99.07
22:32:44 [ultranest] [DEBUG] iteration=111, ncalls=1715, regioncalls=4600, ndraw=40, logz=-3365.93, remainder_fraction=100.0000%, Lmin=-3351.02, Lmax=-99.07
22:32:44 [ultranest] [DEBUG] iteration=112, ncalls=1716, regioncalls=4640, ndraw=40, logz=-3358.47, remainder_fraction=100.0000%, Lmin=-3317.70, Lmax=-99.07
22:32:44 [ultranest] [DEBUG] iteration=113, ncalls=1717, regioncalls=4680, ndraw=40, logz=-3325.15, remainder_fraction=100.0000%, Lmin=-3298.73, Lmax=-99.07
22:32:44 [ultranest] [DEBUG] iteration=115, ncalls=1719, regioncalls=4760, ndraw=40, logz=-3289.35, remainder_fraction=100.0000%, Lmin=-3262.79, Lmax=-99.07
22:32:44 [ultranest] [DEBUG] iteration=118, ncalls=1722, regioncalls=4880, ndraw=40, logz=-3179.40, remainder_fraction=100.0000%, Lmin=-3171.33, Lmax=-99.07
22:32:44 [ultranest] [DEBUG] iteration=120, ncalls=1724, regioncalls=4960, ndraw=40, logz=-3126.06, remainder_fraction=100.0000%, Lmin=-3112.77, Lmax=-99.07
22:32:44 [ultranest] [DEBUG] iteration=122, ncalls=1726, regioncalls=5040, ndraw=40, logz=-3083.20, remainder_fraction=100.0000%, Lmin=-3072.69, Lmax=-99.07
22:32:45 [ultranest] [DEBUG] iteration=124, ncalls=1728, regioncalls=5120, ndraw=40, logz=-3063.24, remainder_fraction=100.0000%, Lmin=-3044.33, Lmax=-99.07
22:32:45 [ultranest] [DEBUG] iteration=126, ncalls=1730, regioncalls=5200, ndraw=40, logz=-3037.89, remainder_fraction=100.0000%, Lmin=-3024.70, Lmax=-99.07
22:32:45 [ultranest] [DEBUG] iteration=127, ncalls=1731, regioncalls=5240, ndraw=40, logz=-3032.15, remainder_fraction=100.0000%, Lmin=-3010.85, Lmax=-99.07
22:32:45 [ultranest] [DEBUG] iteration=128, ncalls=1732, regioncalls=5280, ndraw=40, logz=-3018.30, remainder_fraction=100.0000%, Lmin=-2993.77, Lmax=-99.07
22:32:45 [ultranest] [DEBUG] iteration=129, ncalls=1733, regioncalls=5320, ndraw=40, logz=-3001.23, remainder_fraction=100.0000%, Lmin=-2971.70, Lmax=-99.07
22:32:46 [ultranest] [DEBUG] iteration=130, ncalls=1734, regioncalls=5360, ndraw=40, logz=-2979.16, remainder_fraction=100.0000%, Lmin=-2962.57, Lmax=-99.07
22:32:46 [ultranest] [DEBUG] iteration=131, ncalls=1735, regioncalls=5400, ndraw=40, logz=-2970.03, remainder_fraction=100.0000%, Lmin=-2948.14, Lmax=-99.07
22:32:46 [ultranest] [DEBUG] iteration=132, ncalls=1736, regioncalls=5440, ndraw=40, logz=-2955.60, remainder_fraction=100.0000%, Lmin=-2921.69, Lmax=-99.07
22:32:46 [ultranest] [DEBUG] iteration=133, ncalls=1737, regioncalls=5480, ndraw=40, logz=-2929.15, remainder_fraction=100.0000%, Lmin=-2887.48, Lmax=-99.07
22:32:46 [ultranest] [DEBUG] iteration=134, ncalls=1738, regioncalls=5520, ndraw=40, logz=-2894.94, remainder_fraction=100.0000%, Lmin=-2885.00, Lmax=-99.07
22:32:47 [ultranest] [DEBUG] iteration=135, ncalls=1739, regioncalls=5560, ndraw=40, logz=-2892.38, remainder_fraction=100.0000%, Lmin=-2875.47, Lmax=-99.07
22:32:47 [ultranest] [DEBUG] iteration=136, ncalls=1740, regioncalls=5600, ndraw=40, logz=-2882.93, remainder_fraction=100.0000%, Lmin=-2854.61, Lmax=-99.07
22:32:47 [ultranest] [DEBUG] iteration=137, ncalls=1741, regioncalls=5640, ndraw=40, logz=-2862.08, remainder_fraction=100.0000%, Lmin=-2848.04, Lmax=-99.07
22:32:47 [ultranest] [DEBUG] iteration=138, ncalls=1742, regioncalls=5680, ndraw=40, logz=-2855.51, remainder_fraction=100.0000%, Lmin=-2820.72, Lmax=-99.07
22:32:47 [ultranest] [DEBUG] iteration=139, ncalls=1743, regioncalls=5720, ndraw=40, logz=-2828.18, remainder_fraction=100.0000%, Lmin=-2791.49, Lmax=-99.07
22:32:48 [ultranest] [DEBUG] iteration=140, ncalls=1745, regioncalls=5800, ndraw=40, logz=-2798.95, remainder_fraction=100.0000%, Lmin=-2779.82, Lmax=-99.07
22:32:48 [ultranest] [DEBUG] iteration=141, ncalls=1746, regioncalls=5840, ndraw=40, logz=-2787.29, remainder_fraction=100.0000%, Lmin=-2755.64, Lmax=-99.07
22:32:48 [ultranest] [DEBUG] iteration=142, ncalls=1747, regioncalls=5880, ndraw=40, logz=-2763.11, remainder_fraction=100.0000%, Lmin=-2751.82, Lmax=-99.07
22:32:48 [ultranest] [DEBUG] iteration=143, ncalls=1748, regioncalls=5920, ndraw=40, logz=-2759.26, remainder_fraction=100.0000%, Lmin=-2747.84, Lmax=-99.07
22:32:48 [ultranest] [DEBUG] iteration=144, ncalls=1749, regioncalls=5960, ndraw=40, logz=-2755.29, remainder_fraction=100.0000%, Lmin=-2716.86, Lmax=-99.07
22:32:48 [ultranest] [DEBUG] iteration=145, ncalls=1750, regioncalls=6000, ndraw=40, logz=-2724.33, remainder_fraction=100.0000%, Lmin=-2712.42, Lmax=-99.07
22:32:48 [ultranest] [DEBUG] iteration=147, ncalls=1752, regioncalls=6080, ndraw=40, logz=-2719.15, remainder_fraction=100.0000%, Lmin=-2706.41, Lmax=-99.07
22:32:49 [ultranest] [DEBUG] iteration=148, ncalls=1753, regioncalls=6120, ndraw=40, logz=-2713.87, remainder_fraction=100.0000%, Lmin=-2668.37, Lmax=-99.07
22:32:49 [ultranest] [DEBUG] iteration=149, ncalls=1754, regioncalls=6160, ndraw=40, logz=-2675.84, remainder_fraction=100.0000%, Lmin=-2656.14, Lmax=-99.07
22:32:49 [ultranest] [DEBUG] iteration=151, ncalls=1756, regioncalls=6240, ndraw=40, logz=-2628.28, remainder_fraction=100.0000%, Lmin=-2619.22, Lmax=-99.07
22:32:49 [ultranest] [DEBUG] iteration=152, ncalls=1757, regioncalls=6280, ndraw=40, logz=-2626.51, remainder_fraction=100.0000%, Lmin=-2606.94, Lmax=-99.07
22:32:49 [ultranest] [DEBUG] iteration=154, ncalls=1759, regioncalls=6360, ndraw=40, logz=-2612.96, remainder_fraction=100.0000%, Lmin=-2603.73, Lmax=-99.07
22:32:49 [ultranest] [DEBUG] iteration=156, ncalls=1762, regioncalls=6480, ndraw=40, logz=-2610.36, remainder_fraction=100.0000%, Lmin=-2603.12, Lmax=-99.07
22:32:49 [ultranest] [DEBUG] iteration=159, ncalls=1765, regioncalls=6600, ndraw=40, logz=-2587.88, remainder_fraction=100.0000%, Lmin=-2560.88, Lmax=-99.07
22:32:50 [ultranest] [DEBUG] iteration=160, ncalls=1766, regioncalls=6640, ndraw=40, logz=-2568.35, remainder_fraction=100.0000%, Lmin=-2533.21, Lmax=-99.07
22:32:50 [ultranest] [DEBUG] iteration=162, ncalls=1768, regioncalls=6720, ndraw=40, logz=-2521.43, remainder_fraction=100.0000%, Lmin=-2512.06, Lmax=-99.07
22:32:50 [ultranest] [DEBUG] iteration=164, ncalls=1770, regioncalls=6800, ndraw=40, logz=-2487.89, remainder_fraction=100.0000%, Lmin=-2468.97, Lmax=-99.07
22:32:50 [ultranest] [DEBUG] iteration=166, ncalls=1772, regioncalls=6880, ndraw=40, logz=-2451.30, remainder_fraction=100.0000%, Lmin=-2432.98, Lmax=-99.07
22:32:50 [ultranest] [DEBUG] iteration=167, ncalls=1774, regioncalls=6960, ndraw=40, logz=-2440.46, remainder_fraction=100.0000%, Lmin=-2410.96, Lmax=-99.07
22:32:50 [ultranest] [DEBUG] iteration=169, ncalls=1776, regioncalls=7040, ndraw=40, logz=-2405.25, remainder_fraction=100.0000%, Lmin=-2371.09, Lmax=-99.07
22:32:50 [ultranest] [DEBUG] iteration=171, ncalls=1778, regioncalls=7120, ndraw=40, logz=-2374.26, remainder_fraction=100.0000%, Lmin=-2355.68, Lmax=-99.07
22:32:50 [ultranest] [DEBUG] iteration=173, ncalls=1780, regioncalls=7200, ndraw=40, logz=-2357.10, remainder_fraction=100.0000%, Lmin=-2347.24, Lmax=-99.07
22:32:51 [ultranest] [DEBUG] iteration=174, ncalls=1782, regioncalls=7280, ndraw=40, logz=-2354.64, remainder_fraction=100.0000%, Lmin=-2342.58, Lmax=-99.07
22:32:51 [ultranest] [DEBUG] iteration=176, ncalls=1784, regioncalls=7360, ndraw=40, logz=-2342.29, remainder_fraction=100.0000%, Lmin=-2323.17, Lmax=-99.07
22:32:51 [ultranest] [DEBUG] iteration=178, ncalls=1786, regioncalls=7440, ndraw=40, logz=-2329.48, remainder_fraction=100.0000%, Lmin=-2301.44, Lmax=-99.07
22:32:51 [ultranest] [DEBUG] iteration=179, ncalls=1787, regioncalls=7480, ndraw=40, logz=-2308.93, remainder_fraction=100.0000%, Lmin=-2300.85, Lmax=-99.07
22:32:51 [ultranest] [DEBUG] iteration=181, ncalls=1790, regioncalls=7600, ndraw=40, logz=-2307.15, remainder_fraction=100.0000%, Lmin=-2297.06, Lmax=-99.07
22:32:51 [ultranest] [DEBUG] iteration=182, ncalls=1792, regioncalls=7680, ndraw=40, logz=-2304.48, remainder_fraction=100.0000%, Lmin=-2295.02, Lmax=-99.07
22:32:51 [ultranest] [DEBUG] iteration=184, ncalls=1794, regioncalls=7760, ndraw=40, logz=-2296.60, remainder_fraction=100.0000%, Lmin=-2288.81, Lmax=-99.07
22:32:52 [ultranest] [DEBUG] iteration=186, ncalls=1796, regioncalls=7840, ndraw=40, logz=-2294.86, remainder_fraction=100.0000%, Lmin=-2287.82, Lmax=-99.07
22:32:52 [ultranest] [DEBUG] iteration=187, ncalls=1797, regioncalls=7880, ndraw=40, logz=-2294.37, remainder_fraction=100.0000%, Lmin=-2276.03, Lmax=-99.07
22:32:52 [ultranest] [DEBUG] iteration=189, ncalls=1799, regioncalls=7960, ndraw=40, logz=-2278.82, remainder_fraction=100.0000%, Lmin=-2265.44, Lmax=-99.07
22:32:52 [ultranest] [DEBUG] iteration=191, ncalls=1801, regioncalls=8040, ndraw=40, logz=-2272.00, remainder_fraction=100.0000%, Lmin=-2236.78, Lmax=-99.07
22:32:52 [ultranest] [DEBUG] iteration=193, ncalls=1803, regioncalls=8120, ndraw=40, logz=-2241.73, remainder_fraction=100.0000%, Lmin=-2196.01, Lmax=-99.07
22:32:52 [ultranest] [DEBUG] iteration=195, ncalls=1805, regioncalls=8200, ndraw=40, logz=-2202.78, remainder_fraction=100.0000%, Lmin=-2167.01, Lmax=-99.07
22:32:52 [ultranest] [DEBUG] iteration=197, ncalls=1807, regioncalls=8280, ndraw=40, logz=-2167.42, remainder_fraction=100.0000%, Lmin=-2151.48, Lmax=-99.07
22:32:52 [ultranest] [DEBUG] iteration=199, ncalls=1809, regioncalls=8360, ndraw=40, logz=-2156.09, remainder_fraction=100.0000%, Lmin=-2145.11, Lmax=-99.07
22:32:53 [ultranest] [DEBUG] iteration=201, ncalls=1812, regioncalls=8480, ndraw=40, logz=-2149.45, remainder_fraction=100.0000%, Lmin=-2141.94, Lmax=-99.07
22:32:53 [ultranest] [DEBUG] iteration=204, ncalls=1815, regioncalls=8600, ndraw=40, logz=-2136.76, remainder_fraction=100.0000%, Lmin=-2123.79, Lmax=-99.07
22:32:53 [ultranest] [DEBUG] iteration=206, ncalls=1817, regioncalls=8680, ndraw=40, logz=-2129.37, remainder_fraction=100.0000%, Lmin=-2111.27, Lmax=-99.07
22:32:53 [ultranest] [DEBUG] iteration=207, ncalls=1818, regioncalls=8720, ndraw=40, logz=-2118.78, remainder_fraction=100.0000%, Lmin=-2109.17, Lmax=-99.07
22:32:53 [ultranest] [DEBUG] iteration=210, ncalls=1822, regioncalls=8880, ndraw=40, logz=-2082.23, remainder_fraction=100.0000%, Lmin=-2058.63, Lmax=-99.07
22:32:53 [ultranest] [DEBUG] iteration=212, ncalls=1824, regioncalls=8960, ndraw=40, logz=-2065.41, remainder_fraction=100.0000%, Lmin=-2044.85, Lmax=-99.07
22:32:53 [ultranest] [DEBUG] iteration=215, ncalls=1828, regioncalls=9120, ndraw=40, logz=-2034.12, remainder_fraction=100.0000%, Lmin=-2022.84, Lmax=-99.07
22:32:53 [ultranest] [DEBUG] iteration=217, ncalls=1830, regioncalls=9200, ndraw=40, logz=-2027.55, remainder_fraction=100.0000%, Lmin=-2016.02, Lmax=-99.07
22:32:54 [ultranest] [DEBUG] iteration=220, ncalls=1833, regioncalls=9320, ndraw=40, logz=-2011.84, remainder_fraction=100.0000%, Lmin=-2002.96, Lmax=-99.07
22:32:54 [ultranest] [DEBUG] iteration=223, ncalls=1837, regioncalls=9480, ndraw=40, logz=-2002.21, remainder_fraction=100.0000%, Lmin=-1987.33, Lmax=-99.07
22:32:54 [ultranest] [DEBUG] iteration=225, ncalls=1840, regioncalls=9600, ndraw=40, logz=-1991.83, remainder_fraction=100.0000%, Lmin=-1976.43, Lmax=-99.07
22:32:54 [ultranest] [DEBUG] iteration=227, ncalls=1842, regioncalls=9680, ndraw=40, logz=-1979.38, remainder_fraction=100.0000%, Lmin=-1968.53, Lmax=-99.07
22:32:54 [ultranest] [DEBUG] iteration=229, ncalls=1845, regioncalls=9800, ndraw=40, logz=-1972.47, remainder_fraction=100.0000%, Lmin=-1960.61, Lmax=-99.07
22:32:54 [ultranest] [DEBUG] iteration=232, ncalls=1849, regioncalls=9960, ndraw=40, logz=-1961.12, remainder_fraction=100.0000%, Lmin=-1949.94, Lmax=-99.07
22:32:54 [ultranest] [DEBUG] iteration=235, ncalls=1852, regioncalls=10080, ndraw=40, logz=-1939.11, remainder_fraction=100.0000%, Lmin=-1928.32, Lmax=-99.07
22:32:54 [ultranest] [DEBUG] iteration=237, ncalls=1854, regioncalls=10160, ndraw=40, logz=-1931.06, remainder_fraction=100.0000%, Lmin=-1916.68, Lmax=-99.07
22:32:55 [ultranest] [DEBUG] iteration=238, ncalls=1855, regioncalls=10200, ndraw=40, logz=-1924.21, remainder_fraction=100.0000%, Lmin=-1914.93, Lmax=-99.07
22:32:55 [ultranest] [DEBUG] iteration=240, ncalls=1857, regioncalls=10280, ndraw=40, logz=-1917.69, remainder_fraction=100.0000%, Lmin=-1908.00, Lmax=-99.07
22:32:55 [ultranest] [DEBUG] iteration=243, ncalls=1861, regioncalls=10440, ndraw=40, logz=-1902.80, remainder_fraction=100.0000%, Lmin=-1888.46, Lmax=-99.07
22:32:55 [ultranest] [DEBUG] iteration=246, ncalls=1865, regioncalls=10600, ndraw=40, logz=-1887.73, remainder_fraction=100.0000%, Lmin=-1880.19, Lmax=-99.07
22:32:55 [ultranest] [DEBUG] iteration=249, ncalls=1869, regioncalls=10760, ndraw=40, logz=-1885.98, remainder_fraction=100.0000%, Lmin=-1879.37, Lmax=-99.07
22:32:55 [ultranest] [DEBUG] iteration=252, ncalls=1873, regioncalls=10920, ndraw=40, logz=-1882.04, remainder_fraction=100.0000%, Lmin=-1872.93, Lmax=-99.07
22:32:55 [ultranest] [DEBUG] iteration=256, ncalls=1878, regioncalls=11120, ndraw=40, logz=-1866.55, remainder_fraction=100.0000%, Lmin=-1858.21, Lmax=-99.07
22:32:56 [ultranest] [DEBUG] iteration=259, ncalls=1882, regioncalls=11280, ndraw=40, logz=-1859.27, remainder_fraction=100.0000%, Lmin=-1852.21, Lmax=-99.07
22:32:56 [ultranest] [DEBUG] iteration=261, ncalls=1884, regioncalls=11360, ndraw=40, logz=-1858.34, remainder_fraction=100.0000%, Lmin=-1844.20, Lmax=-99.07
22:32:56 [ultranest] [DEBUG] iteration=263, ncalls=1886, regioncalls=11440, ndraw=40, logz=-1847.04, remainder_fraction=100.0000%, Lmin=-1839.34, Lmax=-99.07
22:32:56 [ultranest] [DEBUG] iteration=265, ncalls=1888, regioncalls=11520, ndraw=40, logz=-1845.42, remainder_fraction=100.0000%, Lmin=-1837.12, Lmax=-99.07
22:32:56 [ultranest] [DEBUG] iteration=266, ncalls=1891, regioncalls=11640, ndraw=40, logz=-1844.28, remainder_fraction=100.0000%, Lmin=-1833.88, Lmax=-99.07
22:32:56 [ultranest] [DEBUG] iteration=268, ncalls=1893, regioncalls=11720, ndraw=40, logz=-1834.31, remainder_fraction=100.0000%, Lmin=-1822.12, Lmax=-99.07
22:32:56 [ultranest] [DEBUG] iteration=271, ncalls=1896, regioncalls=11840, ndraw=40, logz=-1818.73, remainder_fraction=100.0000%, Lmin=-1807.97, Lmax=-99.07
22:32:57 [ultranest] [DEBUG] iteration=274, ncalls=1899, regioncalls=11960, ndraw=40, logz=-1808.04, remainder_fraction=100.0000%, Lmin=-1793.29, Lmax=-99.07
22:32:57 [ultranest] [DEBUG] iteration=276, ncalls=1902, regioncalls=12080, ndraw=40, logz=-1800.12, remainder_fraction=100.0000%, Lmin=-1792.86, Lmax=-99.07
22:32:57 [ultranest] [DEBUG] iteration=279, ncalls=1906, regioncalls=12240, ndraw=40, logz=-1794.51, remainder_fraction=100.0000%, Lmin=-1781.33, Lmax=-99.07
22:32:57 [ultranest] [DEBUG] iteration=282, ncalls=1909, regioncalls=12360, ndraw=40, logz=-1769.55, remainder_fraction=100.0000%, Lmin=-1761.66, Lmax=-99.07
22:32:57 [ultranest] [DEBUG] iteration=283, ncalls=1914, regioncalls=12560, ndraw=40, logz=-1768.67, remainder_fraction=100.0000%, Lmin=-1759.68, Lmax=-99.07
22:32:57 [ultranest] [DEBUG] iteration=285, ncalls=1916, regioncalls=12640, ndraw=40, logz=-1765.74, remainder_fraction=100.0000%, Lmin=-1757.48, Lmax=-99.07
22:32:57 [ultranest] [DEBUG] iteration=286, ncalls=1918, regioncalls=12720, ndraw=40, logz=-1764.63, remainder_fraction=100.0000%, Lmin=-1756.88, Lmax=-99.07
22:32:58 [ultranest] [DEBUG] iteration=288, ncalls=1920, regioncalls=12800, ndraw=40, logz=-1755.31, remainder_fraction=100.0000%, Lmin=-1742.82, Lmax=-99.07
22:32:58 [ultranest] [DEBUG] iteration=289, ncalls=1922, regioncalls=12880, ndraw=40, logz=-1750.37, remainder_fraction=100.0000%, Lmin=-1741.73, Lmax=-99.07
22:32:58 [ultranest] [DEBUG] iteration=291, ncalls=1924, regioncalls=12960, ndraw=40, logz=-1748.04, remainder_fraction=100.0000%, Lmin=-1731.21, Lmax=-99.07
22:32:58 [ultranest] [DEBUG] iteration=292, ncalls=1926, regioncalls=13040, ndraw=40, logz=-1738.77, remainder_fraction=100.0000%, Lmin=-1719.97, Lmax=-99.07
22:32:58 [ultranest] [DEBUG] iteration=293, ncalls=1927, regioncalls=13080, ndraw=40, logz=-1727.53, remainder_fraction=100.0000%, Lmin=-1719.57, Lmax=-99.07
22:32:58 [ultranest] [DEBUG] iteration=295, ncalls=1929, regioncalls=13160, ndraw=40, logz=-1724.90, remainder_fraction=100.0000%, Lmin=-1716.81, Lmax=-99.07
22:32:58 [ultranest] [DEBUG] iteration=298, ncalls=1933, regioncalls=13320, ndraw=40, logz=-1717.65, remainder_fraction=100.0000%, Lmin=-1708.80, Lmax=-99.07
22:32:58 [ultranest] [DEBUG] iteration=301, ncalls=1936, regioncalls=13440, ndraw=40, logz=-1712.94, remainder_fraction=100.0000%, Lmin=-1689.70, Lmax=-99.07
23:30:28 [ultranest] [DEBUG] ReactiveNestedSampler: dims=8+0, resume=True, log_dir=/home/ljy/BettiCurveCosmo/Emulator/model-fof-rsdz/mcmc_result/nwLH-Recovery/30/combined, backend=hdf5, vectorized=False, nbootstraps=30, ndraw=128..65536
23:30:28 [ultranest] [DEBUG] Testing resume consistency: [           -inf -1.59292439e+03  0.00000000e+00  9.57505141e-01
  3.97095607e-01  4.06217110e-01  7.46788440e-01  5.07663554e-02
  6.04525894e-01  6.84341363e-01  5.74309910e-01  4.83002056e-01
  4.58838243e-02  6.62486844e-01  1.09871538e+00  6.20306542e-01
  6.04525894e-01 -8.89395182e-01  5.74309910e+01]: u=[0.95750514 0.39709561 0.40621711 0.74678844 0.05076636 0.60452589
 0.68434136 0.57430991] -> p=[ 4.83002056e-01  4.58838243e-02  6.62486844e-01  1.09871538e+00
  6.20306542e-01  6.04525894e-01 -8.89395182e-01  5.74309910e+01] -> L=-1592.9243946959664 
23:30:28 [ultranest] [INFO] Resuming from 1600 stored points
23:30:28 [ultranest] [DEBUG] run_iter dlogz=0.5, dKL=0.5, frac_remain=0.10, Lepsilon=0.0010, min_ess=400
23:30:28 [ultranest] [DEBUG] max_iters=-1, max_ncalls=-1, max_num_improvement_loops=-1, min_num_live_points=1600, cluster_num_live_points=40
23:30:29 [ultranest] [DEBUG] minimal_widths_sequence: [(-inf, 1600.0), (inf, 1600.0)]
23:30:29 [ultranest] [DEBUG] iteration=0, ncalls=2, regioncalls=40, ndraw=40, logz=-inf, remainder_fraction=100.0000%, Lmin=-43469.37, Lmax=-99.07
23:30:29 [ultranest] [DEBUG] iteration=7, ncalls=9, regioncalls=320, ndraw=40, logz=-22820.68, remainder_fraction=100.0000%, Lmin=-20768.59, Lmax=-99.07
23:30:30 [ultranest] [DEBUG] iteration=14, ncalls=16, regioncalls=600, ndraw=40, logz=-18246.20, remainder_fraction=100.0000%, Lmin=-18161.11, Lmax=-99.07
23:30:30 [ultranest] [DEBUG] iteration=21, ncalls=23, regioncalls=880, ndraw=40, logz=-15871.30, remainder_fraction=100.0000%, Lmin=-15105.25, Lmax=-99.07
23:30:30 [ultranest] [DEBUG] iteration=28, ncalls=30, regioncalls=1160, ndraw=40, logz=-13236.20, remainder_fraction=100.0000%, Lmin=-12926.24, Lmax=-99.07
23:30:30 [ultranest] [DEBUG] iteration=36, ncalls=38, regioncalls=1480, ndraw=40, logz=-10384.30, remainder_fraction=100.0000%, Lmin=-10366.83, Lmax=-99.07
23:30:30 [ultranest] [DEBUG] iteration=44, ncalls=47, regioncalls=1840, ndraw=40, logz=-9091.45, remainder_fraction=100.0000%, Lmin=-8977.46, Lmax=-99.07
23:30:30 [ultranest] [DEBUG] iteration=53, ncalls=56, regioncalls=2200, ndraw=40, logz=-7053.27, remainder_fraction=100.0000%, Lmin=-6217.37, Lmax=-99.07
23:30:30 [ultranest] [DEBUG] iteration=61, ncalls=65, regioncalls=2560, ndraw=40, logz=-5807.62, remainder_fraction=100.0000%, Lmin=-5756.17, Lmax=-99.07
23:30:30 [ultranest] [DEBUG] iteration=69, ncalls=75, regioncalls=2960, ndraw=40, logz=-5278.86, remainder_fraction=100.0000%, Lmin=-5249.81, Lmax=-99.07
23:30:30 [ultranest] [DEBUG] iteration=76, ncalls=83, regioncalls=3280, ndraw=40, logz=-5040.34, remainder_fraction=100.0000%, Lmin=-5030.79, Lmax=-99.07
23:30:31 [ultranest] [DEBUG] iteration=84, ncalls=92, regioncalls=3640, ndraw=40, logz=-4587.29, remainder_fraction=100.0000%, Lmin=-4498.91, Lmax=-99.07
23:30:31 [ultranest] [DEBUG] iteration=90, ncalls=98, regioncalls=3880, ndraw=40, logz=-4219.67, remainder_fraction=100.0000%, Lmin=-4117.81, Lmax=-99.07
23:30:31 [ultranest] [DEBUG] iteration=94, ncalls=102, regioncalls=4040, ndraw=40, logz=-3982.11, remainder_fraction=100.0000%, Lmin=-3964.11, Lmax=-99.07
23:30:31 [ultranest] [DEBUG] iteration=97, ncalls=105, regioncalls=4160, ndraw=40, logz=-3948.64, remainder_fraction=100.0000%, Lmin=-3849.72, Lmax=-99.07
23:30:31 [ultranest] [DEBUG] iteration=102, ncalls=110, regioncalls=4360, ndraw=40, logz=-3710.79, remainder_fraction=100.0000%, Lmin=-3659.99, Lmax=-99.07
23:30:31 [ultranest] [DEBUG] iteration=104, ncalls=112, regioncalls=4440, ndraw=40, logz=-3610.60, remainder_fraction=100.0000%, Lmin=-3590.80, Lmax=-99.07
23:30:31 [ultranest] [DEBUG] iteration=107, ncalls=115, regioncalls=4560, ndraw=40, logz=-3582.23, remainder_fraction=100.0000%, Lmin=-3561.18, Lmax=-99.07
23:30:31 [ultranest] [DEBUG] iteration=110, ncalls=118, regioncalls=4680, ndraw=40, logz=-3524.66, remainder_fraction=100.0000%, Lmin=-3499.92, Lmax=-99.07
23:30:32 [ultranest] [DEBUG] iteration=112, ncalls=120, regioncalls=4760, ndraw=40, logz=-3465.59, remainder_fraction=100.0000%, Lmin=-3456.98, Lmax=-99.07
23:30:32 [ultranest] [DEBUG] iteration=115, ncalls=123, regioncalls=4880, ndraw=40, logz=-3365.94, remainder_fraction=100.0000%, Lmin=-3351.02, Lmax=-99.07
23:30:32 [ultranest] [DEBUG] iteration=118, ncalls=126, regioncalls=5000, ndraw=40, logz=-3306.19, remainder_fraction=100.0000%, Lmin=-3281.90, Lmax=-99.07
23:30:32 [ultranest] [DEBUG] iteration=122, ncalls=130, regioncalls=5160, ndraw=40, logz=-3179.40, remainder_fraction=100.0000%, Lmin=-3171.33, Lmax=-99.07
23:30:32 [ultranest] [DEBUG] iteration=126, ncalls=134, regioncalls=5320, ndraw=40, logz=-3092.96, remainder_fraction=100.0000%, Lmin=-3075.74, Lmax=-99.07
23:30:32 [ultranest] [DEBUG] iteration=130, ncalls=138, regioncalls=5480, ndraw=40, logz=-3051.78, remainder_fraction=100.0000%, Lmin=-3030.43, Lmax=-99.07
23:30:32 [ultranest] [DEBUG] iteration=134, ncalls=142, regioncalls=5640, ndraw=40, logz=-3010.01, remainder_fraction=100.0000%, Lmin=-2971.70, Lmax=-99.07
23:30:32 [ultranest] [DEBUG] iteration=139, ncalls=147, regioncalls=5840, ndraw=40, logz=-2894.95, remainder_fraction=100.0000%, Lmin=-2885.00, Lmax=-99.07
23:30:33 [ultranest] [DEBUG] iteration=141, ncalls=149, regioncalls=5920, ndraw=40, logz=-2882.94, remainder_fraction=100.0000%, Lmin=-2854.61, Lmax=-99.07
23:30:33 [ultranest] [DEBUG] iteration=143, ncalls=151, regioncalls=6000, ndraw=40, logz=-2855.51, remainder_fraction=100.0000%, Lmin=-2820.72, Lmax=-99.07
23:30:33 [ultranest] [DEBUG] iteration=145, ncalls=153, regioncalls=6080, ndraw=40, logz=-2814.38, remainder_fraction=100.0000%, Lmin=-2791.49, Lmax=-99.07
23:30:33 [ultranest] [DEBUG] iteration=147, ncalls=156, regioncalls=6200, ndraw=40, logz=-2787.29, remainder_fraction=100.0000%, Lmin=-2755.64, Lmax=-99.07
23:30:33 [ultranest] [DEBUG] iteration=150, ncalls=160, regioncalls=6360, ndraw=40, logz=-2724.33, remainder_fraction=100.0000%, Lmin=-2712.42, Lmax=-99.07
23:30:33 [ultranest] [DEBUG] iteration=153, ncalls=163, regioncalls=6480, ndraw=40, logz=-2713.88, remainder_fraction=100.0000%, Lmin=-2668.37, Lmax=-99.07
23:30:33 [ultranest] [DEBUG] iteration=156, ncalls=166, regioncalls=6600, ndraw=40, logz=-2628.28, remainder_fraction=100.0000%, Lmin=-2619.22, Lmax=-99.07
23:30:33 [ultranest] [DEBUG] iteration=158, ncalls=169, regioncalls=6720, ndraw=40, logz=-2614.41, remainder_fraction=100.0000%, Lmin=-2605.75, Lmax=-99.07
23:30:34 [ultranest] [DEBUG] iteration=160, ncalls=171, regioncalls=6800, ndraw=40, logz=-2611.05, remainder_fraction=100.0000%, Lmin=-2603.59, Lmax=-99.07
23:30:34 [ultranest] [DEBUG] iteration=161, ncalls=173, regioncalls=6880, ndraw=40, logz=-2610.37, remainder_fraction=100.0000%, Lmin=-2603.12, Lmax=-99.07
23:30:34 [ultranest] [DEBUG] iteration=162, ncalls=175, regioncalls=6960, ndraw=40, logz=-2609.78, remainder_fraction=100.0000%, Lmin=-2591.36, Lmax=-99.07
23:30:34 [ultranest] [DEBUG] iteration=164, ncalls=178, regioncalls=7080, ndraw=40, logz=-2597.19, remainder_fraction=100.0000%, Lmin=-2580.40, Lmax=-99.07
23:30:34 [ultranest] [DEBUG] iteration=167, ncalls=182, regioncalls=7240, ndraw=40, logz=-2540.69, remainder_fraction=100.0000%, Lmin=-2513.95, Lmax=-99.07
23:30:34 [ultranest] [DEBUG] iteration=170, ncalls=185, regioncalls=7360, ndraw=40, logz=-2487.89, remainder_fraction=100.0000%, Lmin=-2468.97, Lmax=-99.07
23:30:34 [ultranest] [DEBUG] iteration=173, ncalls=188, regioncalls=7480, ndraw=40, logz=-2418.44, remainder_fraction=100.0000%, Lmin=-2397.77, Lmax=-99.07
23:30:34 [ultranest] [DEBUG] iteration=177, ncalls=192, regioncalls=7640, ndraw=40, logz=-2363.17, remainder_fraction=100.0000%, Lmin=-2349.62, Lmax=-99.07
23:30:35 [ultranest] [DEBUG] iteration=181, ncalls=197, regioncalls=7840, ndraw=40, logz=-2349.89, remainder_fraction=100.0000%, Lmin=-2340.15, Lmax=-99.07
23:30:35 [ultranest] [DEBUG] iteration=184, ncalls=200, regioncalls=7960, ndraw=40, logz=-2330.66, remainder_fraction=100.0000%, Lmin=-2322.36, Lmax=-99.07
23:30:35 [ultranest] [DEBUG] iteration=187, ncalls=203, regioncalls=8080, ndraw=40, logz=-2304.54, remainder_fraction=100.0000%, Lmin=-2295.02, Lmax=-99.07
23:30:35 [ultranest] [DEBUG] iteration=190, ncalls=207, regioncalls=8240, ndraw=40, logz=-2295.06, remainder_fraction=100.0000%, Lmin=-2287.82, Lmax=-99.07
23:30:35 [ultranest] [DEBUG] iteration=193, ncalls=210, regioncalls=8360, ndraw=40, logz=-2272.94, remainder_fraction=100.0000%, Lmin=-2265.00, Lmax=-99.07
23:30:35 [ultranest] [DEBUG] iteration=196, ncalls=213, regioncalls=8480, ndraw=40, logz=-2244.28, remainder_fraction=100.0000%, Lmin=-2234.32, Lmax=-99.07
23:30:35 [ultranest] [DEBUG] iteration=199, ncalls=216, regioncalls=8600, ndraw=40, logz=-2202.78, remainder_fraction=100.0000%, Lmin=-2167.01, Lmax=-99.07
23:30:35 [ultranest] [DEBUG] iteration=203, ncalls=221, regioncalls=8800, ndraw=40, logz=-2156.10, remainder_fraction=100.0000%, Lmin=-2146.73, Lmax=-99.07
23:30:36 [ultranest] [DEBUG] iteration=206, ncalls=224, regioncalls=8920, ndraw=40, logz=-2149.01, remainder_fraction=100.0000%, Lmin=-2141.94, Lmax=-99.07
23:30:36 [ultranest] [DEBUG] iteration=208, ncalls=228, regioncalls=9080, ndraw=40, logz=-2138.13, remainder_fraction=100.0000%, Lmin=-2129.54, Lmax=-99.07
23:30:36 [ultranest] [DEBUG] iteration=211, ncalls=231, regioncalls=9200, ndraw=40, logz=-2125.67, remainder_fraction=100.0000%, Lmin=-2111.27, Lmax=-99.07
23:30:36 [ultranest] [DEBUG] iteration=214, ncalls=234, regioncalls=9320, ndraw=40, logz=-2104.09, remainder_fraction=100.0000%, Lmin=-2074.72, Lmax=-99.07
23:30:36 [ultranest] [DEBUG] iteration=218, ncalls=238, regioncalls=9480, ndraw=40, logz=-2052.36, remainder_fraction=100.0000%, Lmin=-2042.09, Lmax=-99.07
23:30:36 [ultranest] [DEBUG] iteration=221, ncalls=241, regioncalls=9600, ndraw=40, logz=-2034.12, remainder_fraction=100.0000%, Lmin=-2022.84, Lmax=-99.07
23:30:36 [ultranest] [DEBUG] iteration=225, ncalls=245, regioncalls=9760, ndraw=40, logz=-2011.84, remainder_fraction=100.0000%, Lmin=-2002.96, Lmax=-99.07
23:30:36 [ultranest] [DEBUG] iteration=229, ncalls=249, regioncalls=9920, ndraw=40, logz=-2003.89, remainder_fraction=100.0000%, Lmin=-1994.84, Lmax=-99.07
23:30:37 [ultranest] [DEBUG] iteration=232, ncalls=253, regioncalls=10080, ndraw=40, logz=-1992.10, remainder_fraction=100.0000%, Lmin=-1984.36, Lmax=-99.07
23:30:37 [ultranest] [DEBUG] iteration=234, ncalls=255, regioncalls=10160, ndraw=40, logz=-1983.95, remainder_fraction=100.0000%, Lmin=-1971.87, Lmax=-99.07
23:30:37 [ultranest] [DEBUG] iteration=236, ncalls=257, regioncalls=10240, ndraw=40, logz=-1976.02, remainder_fraction=100.0000%, Lmin=-1964.98, Lmax=-99.07
23:30:37 [ultranest] [DEBUG] iteration=239, ncalls=260, regioncalls=10360, ndraw=40, logz=-1964.95, remainder_fraction=100.0000%, Lmin=-1956.79, Lmax=-99.07
23:30:37 [ultranest] [DEBUG] iteration=241, ncalls=262, regioncalls=10440, ndraw=40, logz=-1961.35, remainder_fraction=100.0000%, Lmin=-1953.62, Lmax=-99.07
23:30:37 [ultranest] [DEBUG] iteration=245, ncalls=266, regioncalls=10600, ndraw=40, logz=-1943.34, remainder_fraction=100.0000%, Lmin=-1931.59, Lmax=-99.07
23:30:37 [ultranest] [DEBUG] iteration=249, ncalls=270, regioncalls=10760, ndraw=40, logz=-1924.22, remainder_fraction=100.0000%, Lmin=-1914.93, Lmax=-99.07
23:30:37 [ultranest] [DEBUG] iteration=251, ncalls=273, regioncalls=10880, ndraw=40, logz=-1915.54, remainder_fraction=100.0000%, Lmin=-1904.78, Lmax=-99.07
23:30:38 [ultranest] [DEBUG] iteration=254, ncalls=276, regioncalls=11000, ndraw=40, logz=-1902.80, remainder_fraction=100.0000%, Lmin=-1890.41, Lmax=-99.07
23:30:38 [ultranest] [DEBUG] iteration=257, ncalls=280, regioncalls=11160, ndraw=40, logz=-1892.93, remainder_fraction=100.0000%, Lmin=-1881.57, Lmax=-99.07
23:30:38 [ultranest] [DEBUG] iteration=261, ncalls=284, regioncalls=11320, ndraw=40, logz=-1886.33, remainder_fraction=100.0000%, Lmin=-1879.54, Lmax=-99.07
23:30:38 [ultranest] [DEBUG] iteration=265, ncalls=289, regioncalls=11520, ndraw=40, logz=-1882.05, remainder_fraction=100.0000%, Lmin=-1872.93, Lmax=-99.07
23:30:38 [ultranest] [DEBUG] iteration=269, ncalls=293, regioncalls=11680, ndraw=40, logz=-1866.56, remainder_fraction=100.0000%, Lmin=-1853.72, Lmax=-99.07
23:30:38 [ultranest] [DEBUG] iteration=271, ncalls=295, regioncalls=11760, ndraw=40, logz=-1859.88, remainder_fraction=100.0000%, Lmin=-1852.21, Lmax=-99.07
23:30:38 [ultranest] [DEBUG] iteration=274, ncalls=299, regioncalls=11920, ndraw=40, logz=-1851.75, remainder_fraction=100.0000%, Lmin=-1839.51, Lmax=-99.07
23:30:38 [ultranest] [DEBUG] iteration=277, ncalls=302, regioncalls=12040, ndraw=40, logz=-1845.42, remainder_fraction=100.0000%, Lmin=-1833.88, Lmax=-99.07
23:30:39 [ultranest] [DEBUG] iteration=281, ncalls=306, regioncalls=12200, ndraw=40, logz=-1826.51, remainder_fraction=100.0000%, Lmin=-1816.29, Lmax=-99.07
23:30:39 [ultranest] [DEBUG] iteration=284, ncalls=310, regioncalls=12360, ndraw=40, logz=-1815.49, remainder_fraction=100.0000%, Lmin=-1807.27, Lmax=-99.07
23:30:39 [ultranest] [DEBUG] iteration=287, ncalls=313, regioncalls=12480, ndraw=40, logz=-1800.84, remainder_fraction=100.0000%, Lmin=-1792.86, Lmax=-99.07
23:30:39 [ultranest] [DEBUG] iteration=290, ncalls=317, regioncalls=12640, ndraw=40, logz=-1794.52, remainder_fraction=100.0000%, Lmin=-1781.33, Lmax=-99.07
23:30:39 [ultranest] [DEBUG] iteration=293, ncalls=321, regioncalls=12800, ndraw=40, logz=-1769.55, remainder_fraction=100.0000%, Lmin=-1761.66, Lmax=-99.07
23:30:39 [ultranest] [DEBUG] iteration=295, ncalls=325, regioncalls=12960, ndraw=40, logz=-1767.03, remainder_fraction=100.0000%, Lmin=-1758.51, Lmax=-99.07
23:30:39 [ultranest] [DEBUG] iteration=297, ncalls=327, regioncalls=13040, ndraw=40, logz=-1764.64, remainder_fraction=100.0000%, Lmin=-1756.88, Lmax=-99.07
23:30:39 [ultranest] [DEBUG] iteration=300, ncalls=330, regioncalls=13160, ndraw=40, logz=-1750.38, remainder_fraction=100.0000%, Lmin=-1741.73, Lmax=-99.07
23:30:40 [ultranest] [DEBUG] iteration=303, ncalls=334, regioncalls=13320, ndraw=40, logz=-1743.47, remainder_fraction=100.0000%, Lmin=-1731.21, Lmax=-99.07
23:30:40 [ultranest] [DEBUG] iteration=306, ncalls=337, regioncalls=13440, ndraw=40, logz=-1727.14, remainder_fraction=100.0000%, Lmin=-1714.44, Lmax=-99.07
23:30:40 [ultranest] [DEBUG] iteration=309, ncalls=341, regioncalls=13600, ndraw=40, logz=-1716.35, remainder_fraction=100.0000%, Lmin=-1708.80, Lmax=-99.07
23:30:40 [ultranest] [DEBUG] iteration=311, ncalls=343, regioncalls=13680, ndraw=40, logz=-1714.80, remainder_fraction=100.0000%, Lmin=-1705.52, Lmax=-99.07
23:30:40 [ultranest] [DEBUG] iteration=314, ncalls=346, regioncalls=13800, ndraw=40, logz=-1690.51, remainder_fraction=100.0000%, Lmin=-1681.84, Lmax=-99.07
23:30:40 [ultranest] [DEBUG] iteration=317, ncalls=349, regioncalls=13920, ndraw=40, logz=-1681.50, remainder_fraction=100.0000%, Lmin=-1672.67, Lmax=-99.07
23:30:40 [ultranest] [DEBUG] iteration=320, ncalls=353, regioncalls=14080, ndraw=40, logz=-1675.21, remainder_fraction=100.0000%, Lmin=-1663.40, Lmax=-99.07
23:30:41 [ultranest] [DEBUG] iteration=322, ncalls=355, regioncalls=14160, ndraw=40, logz=-1656.63, remainder_fraction=100.0000%, Lmin=-1646.57, Lmax=-99.07
23:30:41 [ultranest] [DEBUG] iteration=324, ncalls=360, regioncalls=14360, ndraw=40, logz=-1651.28, remainder_fraction=100.0000%, Lmin=-1641.84, Lmax=-99.07
23:30:41 [ultranest] [DEBUG] iteration=326, ncalls=363, regioncalls=14480, ndraw=40, logz=-1647.90, remainder_fraction=100.0000%, Lmin=-1636.04, Lmax=-99.07
23:30:41 [ultranest] [DEBUG] iteration=328, ncalls=365, regioncalls=14560, ndraw=40, logz=-1642.92, remainder_fraction=100.0000%, Lmin=-1629.09, Lmax=-99.07
23:30:41 [ultranest] [DEBUG] iteration=331, ncalls=370, regioncalls=14760, ndraw=40, logz=-1633.44, remainder_fraction=100.0000%, Lmin=-1626.34, Lmax=-99.07
23:30:41 [ultranest] [DEBUG] iteration=335, ncalls=374, regioncalls=14920, ndraw=40, logz=-1628.85, remainder_fraction=100.0000%, Lmin=-1619.14, Lmax=-99.07
23:30:41 [ultranest] [DEBUG] iteration=338, ncalls=378, regioncalls=15080, ndraw=40, logz=-1619.72, remainder_fraction=100.0000%, Lmin=-1610.16, Lmax=-99.07
23:30:41 [ultranest] [DEBUG] iteration=340, ncalls=381, regioncalls=15200, ndraw=40, logz=-1615.65, remainder_fraction=100.0000%, Lmin=-1607.05, Lmax=-99.07
23:30:42 [ultranest] [DEBUG] iteration=343, ncalls=386, regioncalls=15400, ndraw=40, logz=-1606.77, remainder_fraction=100.0000%, Lmin=-1598.34, Lmax=-99.07
23:30:42 [ultranest] [DEBUG] iteration=346, ncalls=389, regioncalls=15520, ndraw=40, logz=-1604.08, remainder_fraction=100.0000%, Lmin=-1592.97, Lmax=-99.07
23:30:42 [ultranest] [DEBUG] iteration=349, ncalls=394, regioncalls=15720, ndraw=40, logz=-1599.13, remainder_fraction=100.0000%, Lmin=-1588.64, Lmax=-99.07
23:30:42 [ultranest] [DEBUG] iteration=350, ncalls=396, regioncalls=15800, ndraw=40, logz=-1596.18, remainder_fraction=100.0000%, Lmin=-1588.20, Lmax=-99.07
23:30:42 [ultranest] [DEBUG] iteration=352, ncalls=398, regioncalls=15880, ndraw=40, logz=-1584.90, remainder_fraction=100.0000%, Lmin=-1574.58, Lmax=-99.07
23:30:42 [ultranest] [DEBUG] iteration=355, ncalls=401, regioncalls=16000, ndraw=40, logz=-1579.33, remainder_fraction=100.0000%, Lmin=-1562.51, Lmax=-99.07
23:30:43 [ultranest] [DEBUG] iteration=358, ncalls=405, regioncalls=16160, ndraw=40, logz=-1564.42, remainder_fraction=100.0000%, Lmin=-1551.33, Lmax=-99.07
23:30:43 [ultranest] [DEBUG] iteration=360, ncalls=408, regioncalls=16280, ndraw=40, logz=-1558.09, remainder_fraction=100.0000%, Lmin=-1548.61, Lmax=-99.07
23:30:43 [ultranest] [DEBUG] iteration=364, ncalls=412, regioncalls=16440, ndraw=40, logz=-1547.48, remainder_fraction=100.0000%, Lmin=-1535.91, Lmax=-99.07
23:30:43 [ultranest] [DEBUG] iteration=367, ncalls=415, regioncalls=16560, ndraw=40, logz=-1535.17, remainder_fraction=100.0000%, Lmin=-1523.56, Lmax=-99.07
23:30:43 [ultranest] [DEBUG] iteration=369, ncalls=418, regioncalls=16680, ndraw=40, logz=-1524.08, remainder_fraction=100.0000%, Lmin=-1514.89, Lmax=-99.07
23:30:43 [ultranest] [DEBUG] iteration=373, ncalls=422, regioncalls=16840, ndraw=40, logz=-1519.59, remainder_fraction=100.0000%, Lmin=-1503.83, Lmax=-99.07
23:30:44 [ultranest] [DEBUG] iteration=376, ncalls=425, regioncalls=16960, ndraw=40, logz=-1509.02, remainder_fraction=100.0000%, Lmin=-1501.28, Lmax=-99.07
23:30:44 [ultranest] [DEBUG] iteration=379, ncalls=428, regioncalls=17080, ndraw=40, logz=-1504.15, remainder_fraction=100.0000%, Lmin=-1495.51, Lmax=-99.07
23:30:44 [ultranest] [DEBUG] iteration=381, ncalls=430, regioncalls=17160, ndraw=40, logz=-1493.13, remainder_fraction=100.0000%, Lmin=-1480.09, Lmax=-99.07
23:30:44 [ultranest] [DEBUG] iteration=384, ncalls=433, regioncalls=17280, ndraw=40, logz=-1479.38, remainder_fraction=100.0000%, Lmin=-1471.51, Lmax=-99.07
23:30:44 [ultranest] [DEBUG] iteration=385, ncalls=436, regioncalls=17400, ndraw=40, logz=-1478.55, remainder_fraction=100.0000%, Lmin=-1471.36, Lmax=-99.07
23:30:44 [ultranest] [DEBUG] iteration=387, ncalls=440, regioncalls=17560, ndraw=40, logz=-1477.71, remainder_fraction=100.0000%, Lmin=-1471.28, Lmax=-99.07
23:30:44 [ultranest] [DEBUG] iteration=390, ncalls=443, regioncalls=17680, ndraw=40, logz=-1475.87, remainder_fraction=100.0000%, Lmin=-1466.85, Lmax=-99.07
23:30:44 [ultranest] [DEBUG] iteration=393, ncalls=446, regioncalls=17800, ndraw=40, logz=-1472.31, remainder_fraction=100.0000%, Lmin=-1464.31, Lmax=-99.07
23:30:45 [ultranest] [DEBUG] iteration=397, ncalls=450, regioncalls=17960, ndraw=40, logz=-1467.75, remainder_fraction=100.0000%, Lmin=-1458.59, Lmax=-99.07
23:30:45 [ultranest] [DEBUG] iteration=400, ncalls=454, regioncalls=18120, ndraw=40, logz=-1458.42, remainder_fraction=100.0000%, Lmin=-1448.74, Lmax=-99.07
23:30:45 [ultranest] [DEBUG] iteration=402, ncalls=457, regioncalls=18240, ndraw=40, logz=-1451.50, remainder_fraction=100.0000%, Lmin=-1443.45, Lmax=-99.07
23:30:45 [ultranest] [DEBUG] iteration=404, ncalls=460, regioncalls=18360, ndraw=40, logz=-1450.05, remainder_fraction=100.0000%, Lmin=-1441.46, Lmax=-99.07
23:30:45 [ultranest] [DEBUG] iteration=405, ncalls=461, regioncalls=18400, ndraw=40, logz=-1448.77, remainder_fraction=100.0000%, Lmin=-1440.31, Lmax=-99.07
23:30:45 [ultranest] [DEBUG] iteration=407, ncalls=463, regioncalls=18480, ndraw=40, logz=-1446.49, remainder_fraction=100.0000%, Lmin=-1438.19, Lmax=-99.07
23:30:45 [ultranest] [DEBUG] iteration=408, ncalls=465, regioncalls=18560, ndraw=40, logz=-1445.41, remainder_fraction=100.0000%, Lmin=-1437.39, Lmax=-99.07
23:30:45 [ultranest] [DEBUG] iteration=410, ncalls=467, regioncalls=18640, ndraw=40, logz=-1437.04, remainder_fraction=100.0000%, Lmin=-1429.05, Lmax=-99.07
23:30:46 [ultranest] [DEBUG] iteration=411, ncalls=469, regioncalls=18720, ndraw=40, logz=-1436.15, remainder_fraction=100.0000%, Lmin=-1428.73, Lmax=-99.07
23:30:46 [ultranest] [DEBUG] iteration=413, ncalls=472, regioncalls=18840, ndraw=40, logz=-1434.33, remainder_fraction=100.0000%, Lmin=-1424.95, Lmax=-99.07
23:30:46 [ultranest] [DEBUG] iteration=415, ncalls=476, regioncalls=19000, ndraw=40, logz=-1430.96, remainder_fraction=100.0000%, Lmin=-1423.22, Lmax=-99.07
23:30:46 [ultranest] [DEBUG] iteration=417, ncalls=478, regioncalls=19080, ndraw=40, logz=-1428.20, remainder_fraction=100.0000%, Lmin=-1420.70, Lmax=-99.07
23:30:46 [ultranest] [DEBUG] iteration=418, ncalls=480, regioncalls=19160, ndraw=40, logz=-1427.57, remainder_fraction=100.0000%, Lmin=-1420.29, Lmax=-99.07
23:30:46 [ultranest] [DEBUG] iteration=421, ncalls=483, regioncalls=19280, ndraw=40, logz=-1424.46, remainder_fraction=100.0000%, Lmin=-1415.59, Lmax=-99.07
23:30:47 [ultranest] [DEBUG] iteration=424, ncalls=487, regioncalls=19440, ndraw=40, logz=-1421.48, remainder_fraction=100.0000%, Lmin=-1413.91, Lmax=-99.07
23:30:47 [ultranest] [DEBUG] iteration=427, ncalls=492, regioncalls=19640, ndraw=40, logz=-1418.29, remainder_fraction=100.0000%, Lmin=-1410.50, Lmax=-99.07
23:30:47 [ultranest] [DEBUG] iteration=429, ncalls=494, regioncalls=19720, ndraw=40, logz=-1414.65, remainder_fraction=100.0000%, Lmin=-1403.99, Lmax=-99.07
23:30:47 [ultranest] [DEBUG] iteration=430, ncalls=496, regioncalls=19800, ndraw=40, logz=-1411.59, remainder_fraction=100.0000%, Lmin=-1403.74, Lmax=-99.07
23:30:47 [ultranest] [DEBUG] iteration=433, ncalls=499, regioncalls=19920, ndraw=40, logz=-1404.67, remainder_fraction=100.0000%, Lmin=-1396.02, Lmax=-99.07
23:30:47 [ultranest] [DEBUG] iteration=436, ncalls=503, regioncalls=20080, ndraw=40, logz=-1398.83, remainder_fraction=100.0000%, Lmin=-1391.00, Lmax=-99.07
23:30:47 [ultranest] [DEBUG] iteration=439, ncalls=507, regioncalls=20240, ndraw=40, logz=-1395.23, remainder_fraction=100.0000%, Lmin=-1385.60, Lmax=-99.07
23:30:47 [ultranest] [DEBUG] iteration=443, ncalls=512, regioncalls=20440, ndraw=40, logz=-1387.74, remainder_fraction=100.0000%, Lmin=-1379.66, Lmax=-99.07
23:30:48 [ultranest] [DEBUG] iteration=447, ncalls=517, regioncalls=20640, ndraw=40, logz=-1381.95, remainder_fraction=100.0000%, Lmin=-1369.47, Lmax=-99.07
23:30:48 [ultranest] [DEBUG] iteration=451, ncalls=521, regioncalls=20800, ndraw=40, logz=-1373.48, remainder_fraction=100.0000%, Lmin=-1364.25, Lmax=-99.07
23:30:48 [ultranest] [DEBUG] iteration=454, ncalls=524, regioncalls=20920, ndraw=40, logz=-1369.40, remainder_fraction=100.0000%, Lmin=-1359.01, Lmax=-99.07
23:30:48 [ultranest] [DEBUG] iteration=456, ncalls=528, regioncalls=21080, ndraw=40, logz=-1365.70, remainder_fraction=100.0000%, Lmin=-1358.43, Lmax=-99.07
23:30:48 [ultranest] [DEBUG] iteration=459, ncalls=531, regioncalls=21200, ndraw=40, logz=-1361.80, remainder_fraction=100.0000%, Lmin=-1353.10, Lmax=-99.07
23:30:48 [ultranest] [DEBUG] iteration=460, ncalls=533, regioncalls=21280, ndraw=40, logz=-1360.46, remainder_fraction=100.0000%, Lmin=-1351.14, Lmax=-99.07
23:30:48 [ultranest] [DEBUG] iteration=465, ncalls=538, regioncalls=21480, ndraw=40, logz=-1354.50, remainder_fraction=100.0000%, Lmin=-1346.46, Lmax=-99.07
23:30:48 [ultranest] [DEBUG] iteration=468, ncalls=542, regioncalls=21640, ndraw=40, logz=-1350.78, remainder_fraction=100.0000%, Lmin=-1343.42, Lmax=-99.07
23:30:49 [ultranest] [DEBUG] iteration=470, ncalls=544, regioncalls=21720, ndraw=40, logz=-1349.85, remainder_fraction=100.0000%, Lmin=-1343.22, Lmax=-99.07
23:30:49 [ultranest] [DEBUG] iteration=472, ncalls=546, regioncalls=21800, ndraw=40, logz=-1349.26, remainder_fraction=100.0000%, Lmin=-1342.74, Lmax=-99.07
23:30:49 [ultranest] [DEBUG] iteration=476, ncalls=550, regioncalls=21960, ndraw=40, logz=-1347.23, remainder_fraction=100.0000%, Lmin=-1338.36, Lmax=-99.07
23:30:49 [ultranest] [DEBUG] iteration=479, ncalls=555, regioncalls=22160, ndraw=40, logz=-1341.18, remainder_fraction=100.0000%, Lmin=-1333.94, Lmax=-99.07
23:30:49 [ultranest] [DEBUG] iteration=480, ncalls=556, regioncalls=22200, ndraw=40, logz=-1340.68, remainder_fraction=100.0000%, Lmin=-1332.21, Lmax=-99.07
23:30:49 [ultranest] [DEBUG] iteration=482, ncalls=558, regioncalls=22280, ndraw=40, logz=-1338.96, remainder_fraction=100.0000%, Lmin=-1332.06, Lmax=-99.07
23:30:49 [ultranest] [DEBUG] iteration=483, ncalls=560, regioncalls=22360, ndraw=40, logz=-1338.58, remainder_fraction=100.0000%, Lmin=-1330.58, Lmax=-99.07
23:30:49 [ultranest] [DEBUG] iteration=485, ncalls=562, regioncalls=22440, ndraw=40, logz=-1337.19, remainder_fraction=100.0000%, Lmin=-1329.57, Lmax=-99.07
23:30:50 [ultranest] [DEBUG] iteration=487, ncalls=565, regioncalls=22560, ndraw=40, logz=-1331.79, remainder_fraction=100.0000%, Lmin=-1323.79, Lmax=-99.07
23:30:50 [ultranest] [DEBUG] iteration=489, ncalls=568, regioncalls=22680, ndraw=40, logz=-1330.17, remainder_fraction=100.0000%, Lmin=-1321.14, Lmax=-99.07
23:30:50 [ultranest] [DEBUG] iteration=491, ncalls=571, regioncalls=22800, ndraw=40, logz=-1327.94, remainder_fraction=100.0000%, Lmin=-1320.75, Lmax=-99.07
23:30:50 [ultranest] [DEBUG] iteration=494, ncalls=575, regioncalls=22960, ndraw=40, logz=-1326.07, remainder_fraction=100.0000%, Lmin=-1318.19, Lmax=-99.07
23:30:50 [ultranest] [DEBUG] iteration=497, ncalls=578, regioncalls=23080, ndraw=40, logz=-1318.03, remainder_fraction=100.0000%, Lmin=-1309.64, Lmax=-99.07
23:30:50 [ultranest] [DEBUG] iteration=500, ncalls=581, regioncalls=23200, ndraw=40, logz=-1314.12, remainder_fraction=100.0000%, Lmin=-1306.55, Lmax=-99.07
23:30:51 [ultranest] [DEBUG] iteration=501, ncalls=586, regioncalls=23400, ndraw=40, logz=-1313.49, remainder_fraction=100.0000%, Lmin=-1305.16, Lmax=-99.07
23:30:51 [ultranest] [DEBUG] iteration=503, ncalls=589, regioncalls=23520, ndraw=40, logz=-1311.24, remainder_fraction=100.0000%, Lmin=-1303.59, Lmax=-99.07
23:30:51 [ultranest] [DEBUG] iteration=505, ncalls=591, regioncalls=23600, ndraw=40, logz=-1309.15, remainder_fraction=100.0000%, Lmin=-1300.90, Lmax=-99.07
23:30:51 [ultranest] [DEBUG] iteration=507, ncalls=594, regioncalls=23720, ndraw=40, logz=-1306.42, remainder_fraction=100.0000%, Lmin=-1297.28, Lmax=-99.07
23:30:51 [ultranest] [DEBUG] iteration=509, ncalls=596, regioncalls=23800, ndraw=40, logz=-1302.28, remainder_fraction=100.0000%, Lmin=-1288.76, Lmax=-99.07
23:30:51 [ultranest] [DEBUG] iteration=512, ncalls=600, regioncalls=23960, ndraw=40, logz=-1294.38, remainder_fraction=100.0000%, Lmin=-1284.14, Lmax=-99.07
23:30:52 [ultranest] [DEBUG] iteration=515, ncalls=603, regioncalls=24080, ndraw=40, logz=-1289.01, remainder_fraction=100.0000%, Lmin=-1281.51, Lmax=-99.07
23:30:52 [ultranest] [DEBUG] iteration=518, ncalls=607, regioncalls=24240, ndraw=40, logz=-1287.59, remainder_fraction=100.0000%, Lmin=-1279.70, Lmax=-99.07
23:30:52 [ultranest] [DEBUG] iteration=520, ncalls=609, regioncalls=24320, ndraw=40, logz=-1285.43, remainder_fraction=100.0000%, Lmin=-1275.51, Lmax=-99.07
23:30:52 [ultranest] [DEBUG] iteration=523, ncalls=613, regioncalls=24480, ndraw=40, logz=-1280.61, remainder_fraction=100.0000%, Lmin=-1272.00, Lmax=-99.07
23:30:52 [ultranest] [DEBUG] iteration=526, ncalls=616, regioncalls=24600, ndraw=40, logz=-1278.30, remainder_fraction=100.0000%, Lmin=-1271.63, Lmax=-99.07
23:30:52 [ultranest] [DEBUG] iteration=528, ncalls=622, regioncalls=24840, ndraw=40, logz=-1276.14, remainder_fraction=100.0000%, Lmin=-1268.19, Lmax=-99.07
23:30:52 [ultranest] [DEBUG] iteration=530, ncalls=627, regioncalls=25040, ndraw=40, logz=-1274.23, remainder_fraction=100.0000%, Lmin=-1266.46, Lmax=-99.07
23:30:53 [ultranest] [DEBUG] iteration=531, ncalls=631, regioncalls=25200, ndraw=40, logz=-1273.51, remainder_fraction=100.0000%, Lmin=-1264.30, Lmax=-99.07
23:30:53 [ultranest] [DEBUG] iteration=534, ncalls=635, regioncalls=25360, ndraw=40, logz=-1268.06, remainder_fraction=100.0000%, Lmin=-1258.89, Lmax=-99.07
23:30:53 [ultranest] [DEBUG] iteration=536, ncalls=637, regioncalls=25440, ndraw=40, logz=-1265.48, remainder_fraction=100.0000%, Lmin=-1258.28, Lmax=-99.07
23:30:53 [ultranest] [DEBUG] iteration=538, ncalls=640, regioncalls=25560, ndraw=40, logz=-1264.46, remainder_fraction=100.0000%, Lmin=-1256.91, Lmax=-99.07
23:30:53 [ultranest] [DEBUG] iteration=541, ncalls=644, regioncalls=25720, ndraw=40, logz=-1262.31, remainder_fraction=100.0000%, Lmin=-1247.70, Lmax=-99.07
23:30:53 [ultranest] [DEBUG] iteration=543, ncalls=647, regioncalls=25840, ndraw=40, logz=-1254.21, remainder_fraction=100.0000%, Lmin=-1244.36, Lmax=-99.07
23:30:53 [ultranest] [DEBUG] iteration=546, ncalls=651, regioncalls=26000, ndraw=40, logz=-1250.76, remainder_fraction=100.0000%, Lmin=-1243.73, Lmax=-99.07
23:30:53 [ultranest] [DEBUG] iteration=550, ncalls=655, regioncalls=26160, ndraw=40, logz=-1249.19, remainder_fraction=100.0000%, Lmin=-1242.36, Lmax=-99.07
23:30:54 [ultranest] [DEBUG] iteration=553, ncalls=660, regioncalls=26360, ndraw=40, logz=-1246.52, remainder_fraction=100.0000%, Lmin=-1230.86, Lmax=-99.07
23:30:54 [ultranest] [DEBUG] iteration=557, ncalls=665, regioncalls=26560, ndraw=40, logz=-1234.39, remainder_fraction=100.0000%, Lmin=-1224.79, Lmax=-99.07
23:30:54 [ultranest] [DEBUG] iteration=558, ncalls=669, regioncalls=26720, ndraw=40, logz=-1232.37, remainder_fraction=100.0000%, Lmin=-1222.49, Lmax=-99.07
23:30:54 [ultranest] [DEBUG] iteration=561, ncalls=672, regioncalls=26840, ndraw=40, logz=-1227.91, remainder_fraction=100.0000%, Lmin=-1219.57, Lmax=-99.07
23:30:54 [ultranest] [DEBUG] iteration=563, ncalls=674, regioncalls=26920, ndraw=40, logz=-1226.26, remainder_fraction=100.0000%, Lmin=-1218.76, Lmax=-99.07
23:30:54 [ultranest] [DEBUG] iteration=565, ncalls=676, regioncalls=27000, ndraw=40, logz=-1225.10, remainder_fraction=100.0000%, Lmin=-1218.06, Lmax=-99.07
23:30:54 [ultranest] [DEBUG] iteration=570, ncalls=683, regioncalls=27280, ndraw=40, logz=-1218.35, remainder_fraction=100.0000%, Lmin=-1210.29, Lmax=-99.07
23:30:55 [ultranest] [DEBUG] iteration=573, ncalls=686, regioncalls=27400, ndraw=40, logz=-1216.62, remainder_fraction=100.0000%, Lmin=-1208.87, Lmax=-99.07
23:30:55 [ultranest] [DEBUG] iteration=577, ncalls=691, regioncalls=27600, ndraw=40, logz=-1211.67, remainder_fraction=100.0000%, Lmin=-1203.70, Lmax=-99.07
23:30:55 [ultranest] [DEBUG] iteration=582, ncalls=696, regioncalls=27800, ndraw=40, logz=-1207.69, remainder_fraction=100.0000%, Lmin=-1199.93, Lmax=-99.07
23:30:55 [ultranest] [DEBUG] iteration=585, ncalls=700, regioncalls=27960, ndraw=40, logz=-1202.04, remainder_fraction=100.0000%, Lmin=-1194.51, Lmax=-99.07
23:30:55 [ultranest] [DEBUG] iteration=588, ncalls=704, regioncalls=28120, ndraw=40, logz=-1196.18, remainder_fraction=100.0000%, Lmin=-1184.65, Lmax=-99.07
23:30:55 [ultranest] [DEBUG] iteration=590, ncalls=706, regioncalls=28200, ndraw=40, logz=-1191.66, remainder_fraction=100.0000%, Lmin=-1184.12, Lmax=-99.07
23:30:56 [ultranest] [DEBUG] iteration=591, ncalls=709, regioncalls=28320, ndraw=40, logz=-1191.06, remainder_fraction=100.0000%, Lmin=-1183.91, Lmax=-99.07
23:30:56 [ultranest] [DEBUG] iteration=592, ncalls=711, regioncalls=28400, ndraw=40, logz=-1190.62, remainder_fraction=100.0000%, Lmin=-1182.82, Lmax=-99.07
23:30:56 [ultranest] [DEBUG] iteration=593, ncalls=713, regioncalls=28480, ndraw=40, logz=-1189.90, remainder_fraction=100.0000%, Lmin=-1181.44, Lmax=-99.07
23:30:56 [ultranest] [DEBUG] iteration=595, ncalls=716, regioncalls=28600, ndraw=40, logz=-1187.39, remainder_fraction=100.0000%, Lmin=-1178.58, Lmax=-99.07
23:30:56 [ultranest] [DEBUG] iteration=597, ncalls=719, regioncalls=28720, ndraw=40, logz=-1184.04, remainder_fraction=100.0000%, Lmin=-1175.37, Lmax=-99.07
23:30:56 [ultranest] [DEBUG] iteration=599, ncalls=722, regioncalls=28840, ndraw=40, logz=-1182.10, remainder_fraction=100.0000%, Lmin=-1174.58, Lmax=-99.07
23:30:56 [ultranest] [DEBUG] iteration=600, ncalls=725, regioncalls=28960, ndraw=40, logz=-1181.52, remainder_fraction=100.0000%, Lmin=-1171.81, Lmax=-99.07
23:30:57 [ultranest] [DEBUG] iteration=602, ncalls=728, regioncalls=29080, ndraw=40, logz=-1178.78, remainder_fraction=100.0000%, Lmin=-1171.64, Lmax=-99.07
23:30:57 [ultranest] [DEBUG] iteration=605, ncalls=733, regioncalls=29280, ndraw=40, logz=-1177.67, remainder_fraction=100.0000%, Lmin=-1170.75, Lmax=-99.07
23:30:57 [ultranest] [DEBUG] iteration=607, ncalls=736, regioncalls=29400, ndraw=40, logz=-1176.92, remainder_fraction=100.0000%, Lmin=-1169.63, Lmax=-99.07
23:30:57 [ultranest] [DEBUG] iteration=610, ncalls=739, regioncalls=29520, ndraw=40, logz=-1175.15, remainder_fraction=100.0000%, Lmin=-1166.73, Lmax=-99.07
23:30:57 [ultranest] [DEBUG] iteration=611, ncalls=742, regioncalls=29640, ndraw=40, logz=-1174.07, remainder_fraction=100.0000%, Lmin=-1166.37, Lmax=-99.07
23:30:57 [ultranest] [DEBUG] iteration=613, ncalls=746, regioncalls=29800, ndraw=40, logz=-1170.88, remainder_fraction=100.0000%, Lmin=-1162.13, Lmax=-99.07
23:30:57 [ultranest] [DEBUG] iteration=616, ncalls=751, regioncalls=30000, ndraw=40, logz=-1167.75, remainder_fraction=100.0000%, Lmin=-1159.22, Lmax=-99.07
23:30:58 [ultranest] [DEBUG] iteration=620, ncalls=755, regioncalls=30160, ndraw=40, logz=-1161.93, remainder_fraction=100.0000%, Lmin=-1151.25, Lmax=-99.07
23:30:58 [ultranest] [DEBUG] iteration=621, ncalls=761, regioncalls=30400, ndraw=40, logz=-1158.97, remainder_fraction=100.0000%, Lmin=-1150.68, Lmax=-99.07
23:30:58 [ultranest] [DEBUG] iteration=624, ncalls=765, regioncalls=30560, ndraw=40, logz=-1156.77, remainder_fraction=100.0000%, Lmin=-1149.02, Lmax=-99.07
23:30:58 [ultranest] [DEBUG] iteration=627, ncalls=771, regioncalls=30800, ndraw=40, logz=-1151.54, remainder_fraction=100.0000%, Lmin=-1143.67, Lmax=-99.07
23:30:58 [ultranest] [DEBUG] iteration=629, ncalls=774, regioncalls=30920, ndraw=40, logz=-1149.70, remainder_fraction=100.0000%, Lmin=-1139.80, Lmax=-99.07
23:30:58 [ultranest] [DEBUG] iteration=630, ncalls=777, regioncalls=31040, ndraw=40, logz=-1147.46, remainder_fraction=100.0000%, Lmin=-1139.53, Lmax=-99.07
23:30:58 [ultranest] [DEBUG] iteration=632, ncalls=780, regioncalls=31160, ndraw=40, logz=-1146.23, remainder_fraction=100.0000%, Lmin=-1138.83, Lmax=-99.07
23:30:59 [ultranest] [DEBUG] iteration=634, ncalls=784, regioncalls=31320, ndraw=40, logz=-1145.00, remainder_fraction=100.0000%, Lmin=-1136.47, Lmax=-99.07
23:30:59 [ultranest] [DEBUG] iteration=638, ncalls=788, regioncalls=31480, ndraw=40, logz=-1141.51, remainder_fraction=100.0000%, Lmin=-1133.95, Lmax=-99.07
23:30:59 [ultranest] [DEBUG] iteration=640, ncalls=793, regioncalls=31680, ndraw=40, logz=-1138.35, remainder_fraction=100.0000%, Lmin=-1130.48, Lmax=-99.07
23:30:59 [ultranest] [DEBUG] iteration=642, ncalls=797, regioncalls=31840, ndraw=40, logz=-1137.17, remainder_fraction=100.0000%, Lmin=-1130.34, Lmax=-99.07
23:30:59 [ultranest] [DEBUG] iteration=645, ncalls=801, regioncalls=32000, ndraw=40, logz=-1136.17, remainder_fraction=100.0000%, Lmin=-1129.30, Lmax=-99.07
23:30:59 [ultranest] [DEBUG] iteration=647, ncalls=804, regioncalls=32120, ndraw=40, logz=-1135.55, remainder_fraction=100.0000%, Lmin=-1128.48, Lmax=-99.07
23:30:59 [ultranest] [DEBUG] iteration=649, ncalls=806, regioncalls=32200, ndraw=40, logz=-1134.70, remainder_fraction=100.0000%, Lmin=-1127.09, Lmax=-99.07
23:30:59 [ultranest] [DEBUG] iteration=652, ncalls=810, regioncalls=32360, ndraw=40, logz=-1130.52, remainder_fraction=100.0000%, Lmin=-1122.28, Lmax=-99.07
23:30:59 [ultranest] [DEBUG] iteration=654, ncalls=813, regioncalls=32480, ndraw=40, logz=-1128.51, remainder_fraction=100.0000%, Lmin=-1120.97, Lmax=-99.07
23:31:00 [ultranest] [DEBUG] iteration=655, ncalls=816, regioncalls=32600, ndraw=40, logz=-1127.93, remainder_fraction=100.0000%, Lmin=-1118.51, Lmax=-99.07
23:31:00 [ultranest] [DEBUG] iteration=658, ncalls=820, regioncalls=32760, ndraw=40, logz=-1123.48, remainder_fraction=100.0000%, Lmin=-1115.62, Lmax=-99.07
23:31:00 [ultranest] [DEBUG] iteration=660, ncalls=822, regioncalls=32840, ndraw=40, logz=-1121.72, remainder_fraction=100.0000%, Lmin=-1113.44, Lmax=-99.07
23:31:00 [ultranest] [DEBUG] iteration=663, ncalls=826, regioncalls=33000, ndraw=40, logz=-1119.81, remainder_fraction=100.0000%, Lmin=-1113.08, Lmax=-99.07
23:31:00 [ultranest] [DEBUG] iteration=665, ncalls=828, regioncalls=33080, ndraw=40, logz=-1119.28, remainder_fraction=100.0000%, Lmin=-1111.56, Lmax=-99.07
23:31:00 [ultranest] [DEBUG] iteration=667, ncalls=832, regioncalls=33240, ndraw=40, logz=-1117.99, remainder_fraction=100.0000%, Lmin=-1110.30, Lmax=-99.07
23:31:00 [ultranest] [DEBUG] iteration=670, ncalls=836, regioncalls=33400, ndraw=40, logz=-1116.10, remainder_fraction=100.0000%, Lmin=-1109.23, Lmax=-99.07
23:31:00 [ultranest] [DEBUG] iteration=672, ncalls=838, regioncalls=33480, ndraw=40, logz=-1113.87, remainder_fraction=100.0000%, Lmin=-1105.48, Lmax=-99.07
23:31:01 [ultranest] [DEBUG] iteration=674, ncalls=843, regioncalls=33680, ndraw=40, logz=-1112.16, remainder_fraction=100.0000%, Lmin=-1104.34, Lmax=-99.07
23:31:01 [ultranest] [DEBUG] iteration=678, ncalls=849, regioncalls=33920, ndraw=40, logz=-1109.94, remainder_fraction=100.0000%, Lmin=-1101.20, Lmax=-99.07
23:31:01 [ultranest] [DEBUG] iteration=679, ncalls=854, regioncalls=34120, ndraw=40, logz=-1108.67, remainder_fraction=100.0000%, Lmin=-1099.47, Lmax=-99.07
23:31:01 [ultranest] [DEBUG] iteration=680, ncalls=857, regioncalls=34240, ndraw=40, logz=-1107.05, remainder_fraction=100.0000%, Lmin=-1099.17, Lmax=-99.07
23:31:01 [ultranest] [DEBUG] iteration=683, ncalls=861, regioncalls=34400, ndraw=40, logz=-1103.69, remainder_fraction=100.0000%, Lmin=-1095.81, Lmax=-99.07
23:31:01 [ultranest] [DEBUG] iteration=685, ncalls=863, regioncalls=34480, ndraw=40, logz=-1102.36, remainder_fraction=100.0000%, Lmin=-1094.81, Lmax=-99.07
23:31:01 [ultranest] [DEBUG] iteration=686, ncalls=865, regioncalls=34560, ndraw=40, logz=-1101.79, remainder_fraction=100.0000%, Lmin=-1093.67, Lmax=-99.07
23:31:01 [ultranest] [DEBUG] iteration=688, ncalls=867, regioncalls=34640, ndraw=40, logz=-1100.47, remainder_fraction=100.0000%, Lmin=-1093.42, Lmax=-99.07
23:31:02 [ultranest] [DEBUG] iteration=692, ncalls=871, regioncalls=34800, ndraw=40, logz=-1097.89, remainder_fraction=100.0000%, Lmin=-1090.54, Lmax=-99.07
23:31:02 [ultranest] [DEBUG] iteration=695, ncalls=874, regioncalls=34920, ndraw=40, logz=-1096.46, remainder_fraction=100.0000%, Lmin=-1087.53, Lmax=-99.07
23:31:02 [ultranest] [DEBUG] iteration=698, ncalls=878, regioncalls=35080, ndraw=40, logz=-1091.51, remainder_fraction=100.0000%, Lmin=-1083.43, Lmax=-99.07
23:31:02 [ultranest] [DEBUG] iteration=700, ncalls=882, regioncalls=35240, ndraw=40, logz=-1090.03, remainder_fraction=100.0000%, Lmin=-1082.49, Lmax=-99.07
23:31:02 [ultranest] [DEBUG] iteration=701, ncalls=886, regioncalls=35400, ndraw=40, logz=-1089.46, remainder_fraction=100.0000%, Lmin=-1082.30, Lmax=-99.07
23:31:02 [ultranest] [DEBUG] iteration=702, ncalls=889, regioncalls=35520, ndraw=40, logz=-1089.05, remainder_fraction=100.0000%, Lmin=-1081.93, Lmax=-99.07
23:31:02 [ultranest] [DEBUG] iteration=703, ncalls=893, regioncalls=35680, ndraw=40, logz=-1088.64, remainder_fraction=100.0000%, Lmin=-1080.13, Lmax=-99.07
23:31:03 [ultranest] [DEBUG] iteration=705, ncalls=895, regioncalls=35760, ndraw=40, logz=-1086.59, remainder_fraction=100.0000%, Lmin=-1078.66, Lmax=-99.07
23:31:03 [ultranest] [DEBUG] iteration=706, ncalls=897, regioncalls=35840, ndraw=40, logz=-1085.84, remainder_fraction=100.0000%, Lmin=-1076.67, Lmax=-99.07
23:31:03 [ultranest] [DEBUG] iteration=707, ncalls=899, regioncalls=35920, ndraw=40, logz=-1084.26, remainder_fraction=100.0000%, Lmin=-1076.49, Lmax=-99.07
23:31:03 [ultranest] [DEBUG] iteration=709, ncalls=902, regioncalls=36040, ndraw=40, logz=-1083.09, remainder_fraction=100.0000%, Lmin=-1075.95, Lmax=-99.07
23:31:03 [ultranest] [DEBUG] iteration=711, ncalls=904, regioncalls=36120, ndraw=40, logz=-1082.16, remainder_fraction=100.0000%, Lmin=-1075.18, Lmax=-99.07
23:31:03 [ultranest] [DEBUG] iteration=713, ncalls=909, regioncalls=36320, ndraw=40, logz=-1081.50, remainder_fraction=100.0000%, Lmin=-1075.01, Lmax=-99.07
23:31:03 [ultranest] [DEBUG] iteration=715, ncalls=913, regioncalls=36480, ndraw=40, logz=-1080.98, remainder_fraction=100.0000%, Lmin=-1073.33, Lmax=-99.07
23:31:04 [ultranest] [DEBUG] iteration=716, ncalls=914, regioncalls=36520, ndraw=40, logz=-1080.37, remainder_fraction=100.0000%, Lmin=-1072.80, Lmax=-99.07
23:31:04 [ultranest] [DEBUG] iteration=717, ncalls=916, regioncalls=36600, ndraw=40, logz=-1079.80, remainder_fraction=100.0000%, Lmin=-1071.88, Lmax=-99.07
23:31:05 [ultranest] [DEBUG] iteration=720, ncalls=920, regioncalls=36760, ndraw=40, logz=-1078.24, remainder_fraction=100.0000%, Lmin=-1071.58, Lmax=-99.07
23:31:05 [ultranest] [DEBUG] iteration=723, ncalls=924, regioncalls=36920, ndraw=40, logz=-1076.84, remainder_fraction=100.0000%, Lmin=-1070.00, Lmax=-99.07
23:31:05 [ultranest] [DEBUG] iteration=725, ncalls=931, regioncalls=37200, ndraw=40, logz=-1075.44, remainder_fraction=100.0000%, Lmin=-1067.62, Lmax=-99.07
23:31:05 [ultranest] [DEBUG] iteration=727, ncalls=935, regioncalls=37360, ndraw=40, logz=-1074.25, remainder_fraction=100.0000%, Lmin=-1066.99, Lmax=-99.07
23:31:05 [ultranest] [DEBUG] iteration=729, ncalls=939, regioncalls=37520, ndraw=40, logz=-1073.16, remainder_fraction=100.0000%, Lmin=-1066.01, Lmax=-99.07
23:31:05 [ultranest] [DEBUG] iteration=730, ncalls=941, regioncalls=37600, ndraw=40, logz=-1072.75, remainder_fraction=100.0000%, Lmin=-1065.26, Lmax=-99.07
23:31:06 [ultranest] [DEBUG] iteration=732, ncalls=944, regioncalls=37720, ndraw=40, logz=-1070.00, remainder_fraction=100.0000%, Lmin=-1061.06, Lmax=-99.07
23:31:06 [ultranest] [DEBUG] iteration=733, ncalls=946, regioncalls=37800, ndraw=40, logz=-1068.61, remainder_fraction=100.0000%, Lmin=-1060.79, Lmax=-99.07
23:31:06 [ultranest] [DEBUG] iteration=735, ncalls=951, regioncalls=38000, ndraw=40, logz=-1066.49, remainder_fraction=100.0000%, Lmin=-1058.75, Lmax=-99.07
23:31:06 [ultranest] [DEBUG] iteration=737, ncalls=954, regioncalls=38120, ndraw=40, logz=-1065.17, remainder_fraction=100.0000%, Lmin=-1056.56, Lmax=-99.07
23:31:06 [ultranest] [DEBUG] iteration=738, ncalls=957, regioncalls=38240, ndraw=40, logz=-1064.02, remainder_fraction=100.0000%, Lmin=-1056.20, Lmax=-99.07
23:31:07 [ultranest] [DEBUG] iteration=740, ncalls=961, regioncalls=38400, ndraw=40, logz=-1062.78, remainder_fraction=100.0000%, Lmin=-1055.26, Lmax=-99.07
23:31:07 [ultranest] [DEBUG] iteration=741, ncalls=962, regioncalls=38440, ndraw=40, logz=-1062.23, remainder_fraction=100.0000%, Lmin=-1054.84, Lmax=-99.07
23:31:07 [ultranest] [DEBUG] iteration=742, ncalls=963, regioncalls=38480, ndraw=40, logz=-1061.74, remainder_fraction=100.0000%, Lmin=-1054.45, Lmax=-99.07
23:31:07 [ultranest] [DEBUG] iteration=743, ncalls=964, regioncalls=38520, ndraw=40, logz=-1061.29, remainder_fraction=100.0000%, Lmin=-1053.59, Lmax=-99.07
23:31:07 [ultranest] [DEBUG] iteration=745, ncalls=966, regioncalls=38600, ndraw=40, logz=-1060.25, remainder_fraction=100.0000%, Lmin=-1053.30, Lmax=-99.07
23:31:07 [ultranest] [DEBUG] iteration=749, ncalls=970, regioncalls=38760, ndraw=40, logz=-1058.74, remainder_fraction=100.0000%, Lmin=-1051.42, Lmax=-99.07
23:31:07 [ultranest] [DEBUG] iteration=752, ncalls=973, regioncalls=38880, ndraw=40, logz=-1055.94, remainder_fraction=100.0000%, Lmin=-1048.82, Lmax=-99.07
23:31:07 [ultranest] [DEBUG] iteration=755, ncalls=978, regioncalls=39080, ndraw=40, logz=-1054.86, remainder_fraction=100.0000%, Lmin=-1047.95, Lmax=-99.07
23:31:08 [ultranest] [DEBUG] iteration=757, ncalls=982, regioncalls=39240, ndraw=40, logz=-1054.12, remainder_fraction=100.0000%, Lmin=-1046.93, Lmax=-99.07
23:31:08 [ultranest] [DEBUG] iteration=758, ncalls=986, regioncalls=39400, ndraw=40, logz=-1053.71, remainder_fraction=100.0000%, Lmin=-1046.84, Lmax=-99.07
23:31:08 [ultranest] [DEBUG] iteration=759, ncalls=988, regioncalls=39480, ndraw=40, logz=-1053.39, remainder_fraction=100.0000%, Lmin=-1046.76, Lmax=-99.07
23:31:08 [ultranest] [DEBUG] iteration=762, ncalls=993, regioncalls=39680, ndraw=40, logz=-1052.53, remainder_fraction=100.0000%, Lmin=-1045.73, Lmax=-99.07
23:31:08 [ultranest] [DEBUG] iteration=764, ncalls=997, regioncalls=39840, ndraw=40, logz=-1051.99, remainder_fraction=100.0000%, Lmin=-1045.55, Lmax=-99.07
23:31:08 [ultranest] [DEBUG] iteration=765, ncalls=999, regioncalls=39920, ndraw=40, logz=-1051.77, remainder_fraction=100.0000%, Lmin=-1044.16, Lmax=-99.07
23:31:09 [ultranest] [DEBUG] iteration=766, ncalls=1004, regioncalls=40120, ndraw=40, logz=-1051.19, remainder_fraction=100.0000%, Lmin=-1043.52, Lmax=-99.07
23:31:09 [ultranest] [DEBUG] iteration=767, ncalls=1007, regioncalls=40240, ndraw=40, logz=-1050.59, remainder_fraction=100.0000%, Lmin=-1042.04, Lmax=-99.07
23:31:09 [ultranest] [DEBUG] iteration=769, ncalls=1010, regioncalls=40360, ndraw=40, logz=-1048.75, remainder_fraction=100.0000%, Lmin=-1041.07, Lmax=-99.07
23:31:09 [ultranest] [DEBUG] iteration=771, ncalls=1012, regioncalls=40440, ndraw=40, logz=-1047.33, remainder_fraction=100.0000%, Lmin=-1039.92, Lmax=-99.07
23:31:09 [ultranest] [DEBUG] iteration=773, ncalls=1016, regioncalls=40600, ndraw=40, logz=-1046.48, remainder_fraction=100.0000%, Lmin=-1039.04, Lmax=-99.07
23:31:09 [ultranest] [DEBUG] iteration=774, ncalls=1018, regioncalls=40680, ndraw=40, logz=-1045.98, remainder_fraction=100.0000%, Lmin=-1038.85, Lmax=-99.07
23:31:09 [ultranest] [DEBUG] iteration=776, ncalls=1021, regioncalls=40800, ndraw=40, logz=-1045.24, remainder_fraction=100.0000%, Lmin=-1038.57, Lmax=-99.07
23:31:10 [ultranest] [DEBUG] iteration=777, ncalls=1023, regioncalls=40880, ndraw=40, logz=-1044.97, remainder_fraction=100.0000%, Lmin=-1037.53, Lmax=-99.07
23:31:10 [ultranest] [DEBUG] iteration=779, ncalls=1028, regioncalls=41080, ndraw=40, logz=-1044.09, remainder_fraction=100.0000%, Lmin=-1035.94, Lmax=-99.07
23:31:10 [ultranest] [DEBUG] iteration=781, ncalls=1030, regioncalls=41160, ndraw=40, logz=-1042.61, remainder_fraction=100.0000%, Lmin=-1034.91, Lmax=-99.07
23:31:10 [ultranest] [DEBUG] iteration=783, ncalls=1034, regioncalls=41320, ndraw=40, logz=-1040.91, remainder_fraction=100.0000%, Lmin=-1033.45, Lmax=-99.07
23:31:10 [ultranest] [DEBUG] iteration=786, ncalls=1038, regioncalls=41480, ndraw=40, logz=-1038.83, remainder_fraction=100.0000%, Lmin=-1030.69, Lmax=-99.07
23:31:10 [ultranest] [DEBUG] iteration=788, ncalls=1040, regioncalls=41560, ndraw=40, logz=-1037.39, remainder_fraction=100.0000%, Lmin=-1030.29, Lmax=-99.07
23:31:10 [ultranest] [DEBUG] iteration=789, ncalls=1041, regioncalls=41600, ndraw=40, logz=-1037.01, remainder_fraction=100.0000%, Lmin=-1030.07, Lmax=-99.07
23:31:11 [ultranest] [DEBUG] iteration=791, ncalls=1044, regioncalls=41720, ndraw=40, logz=-1036.38, remainder_fraction=100.0000%, Lmin=-1029.44, Lmax=-99.07
23:31:11 [ultranest] [DEBUG] iteration=792, ncalls=1046, regioncalls=41800, ndraw=40, logz=-1036.05, remainder_fraction=100.0000%, Lmin=-1029.03, Lmax=-99.07
23:31:11 [ultranest] [DEBUG] iteration=794, ncalls=1048, regioncalls=41880, ndraw=40, logz=-1035.19, remainder_fraction=100.0000%, Lmin=-1027.77, Lmax=-99.07
23:31:11 [ultranest] [DEBUG] iteration=796, ncalls=1052, regioncalls=42040, ndraw=40, logz=-1033.98, remainder_fraction=100.0000%, Lmin=-1025.13, Lmax=-99.07
23:31:11 [ultranest] [DEBUG] iteration=799, ncalls=1057, regioncalls=42240, ndraw=40, logz=-1031.00, remainder_fraction=100.0000%, Lmin=-1023.76, Lmax=-99.07
23:31:11 [ultranest] [DEBUG] iteration=800, ncalls=1059, regioncalls=42320, ndraw=40, logz=-1030.58, remainder_fraction=100.0000%, Lmin=-1023.62, Lmax=-99.07
23:31:12 [ultranest] [DEBUG] iteration=801, ncalls=1064, regioncalls=42520, ndraw=40, logz=-1030.24, remainder_fraction=100.0000%, Lmin=-1023.12, Lmax=-99.07
23:31:12 [ultranest] [DEBUG] iteration=804, ncalls=1068, regioncalls=42680, ndraw=40, logz=-1029.30, remainder_fraction=100.0000%, Lmin=-1022.59, Lmax=-99.07
23:31:12 [ultranest] [DEBUG] iteration=806, ncalls=1073, regioncalls=42880, ndraw=40, logz=-1028.81, remainder_fraction=100.0000%, Lmin=-1021.51, Lmax=-99.07
23:31:12 [ultranest] [DEBUG] iteration=810, ncalls=1079, regioncalls=43120, ndraw=40, logz=-1027.42, remainder_fraction=100.0000%, Lmin=-1020.75, Lmax=-99.07
23:31:12 [ultranest] [DEBUG] iteration=814, ncalls=1084, regioncalls=43320, ndraw=40, logz=-1025.47, remainder_fraction=100.0000%, Lmin=-1017.77, Lmax=-99.07
23:31:12 [ultranest] [DEBUG] iteration=817, ncalls=1090, regioncalls=43560, ndraw=40, logz=-1023.88, remainder_fraction=100.0000%, Lmin=-1016.97, Lmax=-99.07
23:31:13 [ultranest] [DEBUG] iteration=820, ncalls=1096, regioncalls=43800, ndraw=40, logz=-1021.53, remainder_fraction=100.0000%, Lmin=-1012.90, Lmax=-99.07
23:31:13 [ultranest] [DEBUG] iteration=824, ncalls=1102, regioncalls=44040, ndraw=40, logz=-1018.71, remainder_fraction=100.0000%, Lmin=-1011.46, Lmax=-99.07
23:31:13 [ultranest] [DEBUG] iteration=826, ncalls=1106, regioncalls=44200, ndraw=40, logz=-1017.90, remainder_fraction=100.0000%, Lmin=-1011.05, Lmax=-99.07
23:31:13 [ultranest] [DEBUG] iteration=827, ncalls=1109, regioncalls=44320, ndraw=40, logz=-1017.60, remainder_fraction=100.0000%, Lmin=-1010.98, Lmax=-99.07
23:31:13 [ultranest] [DEBUG] iteration=829, ncalls=1114, regioncalls=44520, ndraw=40, logz=-1017.10, remainder_fraction=100.0000%, Lmin=-1009.06, Lmax=-99.07
23:31:13 [ultranest] [DEBUG] iteration=832, ncalls=1118, regioncalls=44680, ndraw=40, logz=-1014.65, remainder_fraction=100.0000%, Lmin=-1007.38, Lmax=-99.07
23:31:14 [ultranest] [DEBUG] iteration=833, ncalls=1121, regioncalls=44800, ndraw=40, logz=-1014.22, remainder_fraction=100.0000%, Lmin=-1007.19, Lmax=-99.07
23:31:14 [ultranest] [DEBUG] iteration=835, ncalls=1127, regioncalls=45040, ndraw=40, logz=-1013.44, remainder_fraction=100.0000%, Lmin=-1006.42, Lmax=-99.07
23:31:14 [ultranest] [DEBUG] iteration=837, ncalls=1131, regioncalls=45200, ndraw=40, logz=-1012.71, remainder_fraction=100.0000%, Lmin=-1005.24, Lmax=-99.07
23:31:14 [ultranest] [DEBUG] iteration=838, ncalls=1133, regioncalls=45280, ndraw=40, logz=-1012.21, remainder_fraction=100.0000%, Lmin=-1004.78, Lmax=-99.07
23:31:14 [ultranest] [DEBUG] iteration=839, ncalls=1134, regioncalls=45320, ndraw=40, logz=-1011.72, remainder_fraction=100.0000%, Lmin=-1003.87, Lmax=-99.07
23:31:14 [ultranest] [DEBUG] iteration=840, ncalls=1138, regioncalls=45480, ndraw=40, logz=-1011.06, remainder_fraction=100.0000%, Lmin=-1003.80, Lmax=-99.07
23:31:14 [ultranest] [DEBUG] iteration=842, ncalls=1140, regioncalls=45560, ndraw=40, logz=-1010.21, remainder_fraction=100.0000%, Lmin=-1002.54, Lmax=-99.07
23:31:15 [ultranest] [DEBUG] iteration=843, ncalls=1142, regioncalls=45640, ndraw=40, logz=-1009.63, remainder_fraction=100.0000%, Lmin=-1002.28, Lmax=-99.07
23:31:15 [ultranest] [DEBUG] iteration=845, ncalls=1144, regioncalls=45720, ndraw=40, logz=-1008.45, remainder_fraction=100.0000%, Lmin=-1001.11, Lmax=-99.07
23:31:15 [ultranest] [DEBUG] iteration=846, ncalls=1146, regioncalls=45800, ndraw=40, logz=-1008.00, remainder_fraction=100.0000%, Lmin=-1000.79, Lmax=-99.07
23:31:15 [ultranest] [DEBUG] iteration=848, ncalls=1148, regioncalls=45880, ndraw=40, logz=-1006.61, remainder_fraction=100.0000%, Lmin=-998.73, Lmax=-99.07
23:31:15 [ultranest] [DEBUG] iteration=849, ncalls=1149, regioncalls=45920, ndraw=40, logz=-1005.93, remainder_fraction=100.0000%, Lmin=-997.68, Lmax=-99.07
23:31:15 [ultranest] [DEBUG] iteration=851, ncalls=1151, regioncalls=46000, ndraw=40, logz=-1004.51, remainder_fraction=100.0000%, Lmin=-995.65, Lmax=-99.07
23:31:15 [ultranest] [DEBUG] iteration=852, ncalls=1153, regioncalls=46080, ndraw=40, logz=-1003.23, remainder_fraction=100.0000%, Lmin=-995.37, Lmax=-99.07
23:31:16 [ultranest] [DEBUG] iteration=853, ncalls=1155, regioncalls=46160, ndraw=40, logz=-1002.56, remainder_fraction=100.0000%, Lmin=-995.12, Lmax=-99.07
23:31:16 [ultranest] [DEBUG] iteration=856, ncalls=1158, regioncalls=46280, ndraw=40, logz=-1000.80, remainder_fraction=100.0000%, Lmin=-993.56, Lmax=-99.07
23:31:16 [ultranest] [DEBUG] iteration=858, ncalls=1162, regioncalls=46440, ndraw=40, logz=-999.97, remainder_fraction=100.0000%, Lmin=-992.53, Lmax=-99.07
23:31:16 [ultranest] [DEBUG] iteration=860, ncalls=1166, regioncalls=46600, ndraw=40, logz=-998.68, remainder_fraction=100.0000%, Lmin=-991.23, Lmax=-99.07
23:31:16 [ultranest] [DEBUG] iteration=862, ncalls=1171, regioncalls=46800, ndraw=40, logz=-997.77, remainder_fraction=100.0000%, Lmin=-989.60, Lmax=-99.07
23:31:16 [ultranest] [DEBUG] iteration=864, ncalls=1176, regioncalls=47000, ndraw=40, logz=-996.32, remainder_fraction=100.0000%, Lmin=-988.52, Lmax=-99.07
23:31:16 [ultranest] [DEBUG] iteration=866, ncalls=1179, regioncalls=47120, ndraw=40, logz=-995.30, remainder_fraction=100.0000%, Lmin=-988.22, Lmax=-99.07
23:31:17 [ultranest] [DEBUG] iteration=868, ncalls=1188, regioncalls=47480, ndraw=40, logz=-994.52, remainder_fraction=100.0000%, Lmin=-986.28, Lmax=-99.07
23:31:17 [ultranest] [DEBUG] iteration=870, ncalls=1190, regioncalls=47560, ndraw=40, logz=-992.97, remainder_fraction=100.0000%, Lmin=-985.55, Lmax=-99.07
23:31:17 [ultranest] [DEBUG] iteration=872, ncalls=1195, regioncalls=47760, ndraw=40, logz=-992.10, remainder_fraction=100.0000%, Lmin=-984.91, Lmax=-99.07
23:31:17 [ultranest] [DEBUG] iteration=873, ncalls=1197, regioncalls=47840, ndraw=40, logz=-991.71, remainder_fraction=100.0000%, Lmin=-983.88, Lmax=-99.07
23:31:17 [ultranest] [DEBUG] iteration=875, ncalls=1199, regioncalls=47920, ndraw=40, logz=-990.66, remainder_fraction=100.0000%, Lmin=-983.25, Lmax=-99.07
23:31:17 [ultranest] [DEBUG] iteration=876, ncalls=1201, regioncalls=48000, ndraw=40, logz=-990.19, remainder_fraction=100.0000%, Lmin=-982.81, Lmax=-99.07
23:31:17 [ultranest] [DEBUG] iteration=877, ncalls=1203, regioncalls=48080, ndraw=40, logz=-989.73, remainder_fraction=100.0000%, Lmin=-982.57, Lmax=-99.07
23:31:18 [ultranest] [DEBUG] iteration=880, ncalls=1208, regioncalls=48280, ndraw=40, logz=-988.84, remainder_fraction=100.0000%, Lmin=-982.45, Lmax=-99.07
23:31:18 [ultranest] [DEBUG] iteration=883, ncalls=1212, regioncalls=48440, ndraw=40, logz=-988.06, remainder_fraction=100.0000%, Lmin=-981.03, Lmax=-99.07
23:31:18 [ultranest] [DEBUG] iteration=884, ncalls=1215, regioncalls=48560, ndraw=40, logz=-987.72, remainder_fraction=100.0000%, Lmin=-979.74, Lmax=-99.07
23:31:18 [ultranest] [DEBUG] iteration=887, ncalls=1222, regioncalls=48840, ndraw=40, logz=-986.09, remainder_fraction=100.0000%, Lmin=-978.47, Lmax=-99.07
23:31:18 [ultranest] [DEBUG] iteration=890, ncalls=1225, regioncalls=48960, ndraw=40, logz=-984.79, remainder_fraction=100.0000%, Lmin=-977.82, Lmax=-99.07
23:31:18 [ultranest] [DEBUG] iteration=892, ncalls=1227, regioncalls=49040, ndraw=40, logz=-984.04, remainder_fraction=100.0000%, Lmin=-976.92, Lmax=-99.07
23:31:19 [ultranest] [DEBUG] iteration=893, ncalls=1230, regioncalls=49160, ndraw=40, logz=-983.67, remainder_fraction=100.0000%, Lmin=-975.95, Lmax=-99.07
23:31:19 [ultranest] [DEBUG] iteration=895, ncalls=1236, regioncalls=49400, ndraw=40, logz=-982.49, remainder_fraction=100.0000%, Lmin=-975.12, Lmax=-99.07
23:31:19 [ultranest] [DEBUG] iteration=897, ncalls=1239, regioncalls=49520, ndraw=40, logz=-981.70, remainder_fraction=100.0000%, Lmin=-974.26, Lmax=-99.07
23:31:19 [ultranest] [DEBUG] iteration=900, ncalls=1246, regioncalls=49800, ndraw=40, logz=-980.30, remainder_fraction=100.0000%, Lmin=-973.38, Lmax=-99.07
23:31:19 [ultranest] [DEBUG] iteration=903, ncalls=1251, regioncalls=50000, ndraw=40, logz=-979.35, remainder_fraction=100.0000%, Lmin=-972.51, Lmax=-99.07
23:31:19 [ultranest] [DEBUG] iteration=904, ncalls=1253, regioncalls=50080, ndraw=40, logz=-979.07, remainder_fraction=100.0000%, Lmin=-972.51, Lmax=-99.07
23:31:19 [ultranest] [DEBUG] iteration=907, ncalls=1256, regioncalls=50200, ndraw=40, logz=-978.47, remainder_fraction=100.0000%, Lmin=-972.10, Lmax=-99.07
23:31:19 [ultranest] [DEBUG] iteration=909, ncalls=1260, regioncalls=50360, ndraw=40, logz=-978.10, remainder_fraction=100.0000%, Lmin=-971.88, Lmax=-99.07
23:31:20 [ultranest] [DEBUG] iteration=911, ncalls=1264, regioncalls=50520, ndraw=40, logz=-977.75, remainder_fraction=100.0000%, Lmin=-971.02, Lmax=-99.07
23:31:20 [ultranest] [DEBUG] iteration=913, ncalls=1268, regioncalls=50680, ndraw=40, logz=-977.25, remainder_fraction=100.0000%, Lmin=-970.74, Lmax=-99.07
23:31:20 [ultranest] [DEBUG] iteration=917, ncalls=1272, regioncalls=50840, ndraw=40, logz=-976.10, remainder_fraction=100.0000%, Lmin=-968.55, Lmax=-99.07
23:31:20 [ultranest] [DEBUG] iteration=920, ncalls=1276, regioncalls=51000, ndraw=40, logz=-974.84, remainder_fraction=100.0000%, Lmin=-968.03, Lmax=-99.07
23:31:20 [ultranest] [DEBUG] iteration=922, ncalls=1281, regioncalls=51200, ndraw=40, logz=-974.32, remainder_fraction=100.0000%, Lmin=-967.54, Lmax=-99.07
23:31:20 [ultranest] [DEBUG] iteration=923, ncalls=1282, regioncalls=51240, ndraw=40, logz=-974.05, remainder_fraction=100.0000%, Lmin=-967.48, Lmax=-99.07
23:31:20 [ultranest] [DEBUG] iteration=924, ncalls=1283, regioncalls=51280, ndraw=40, logz=-973.83, remainder_fraction=100.0000%, Lmin=-967.37, Lmax=-99.07
23:31:20 [ultranest] [DEBUG] iteration=925, ncalls=1284, regioncalls=51320, ndraw=40, logz=-973.63, remainder_fraction=100.0000%, Lmin=-966.89, Lmax=-99.07
23:31:21 [ultranest] [DEBUG] iteration=927, ncalls=1287, regioncalls=51440, ndraw=40, logz=-973.09, remainder_fraction=100.0000%, Lmin=-965.90, Lmax=-99.07
23:31:21 [ultranest] [DEBUG] iteration=928, ncalls=1291, regioncalls=51600, ndraw=40, logz=-972.71, remainder_fraction=100.0000%, Lmin=-965.83, Lmax=-99.07
23:31:21 [ultranest] [DEBUG] iteration=929, ncalls=1295, regioncalls=51760, ndraw=40, logz=-972.42, remainder_fraction=100.0000%, Lmin=-965.07, Lmax=-99.07
23:31:21 [ultranest] [DEBUG] iteration=931, ncalls=1298, regioncalls=51880, ndraw=40, logz=-971.67, remainder_fraction=100.0000%, Lmin=-964.51, Lmax=-99.07
23:31:21 [ultranest] [DEBUG] iteration=934, ncalls=1302, regioncalls=52040, ndraw=40, logz=-970.63, remainder_fraction=100.0000%, Lmin=-963.92, Lmax=-99.07
23:31:21 [ultranest] [DEBUG] iteration=937, ncalls=1305, regioncalls=52160, ndraw=40, logz=-969.91, remainder_fraction=100.0000%, Lmin=-963.52, Lmax=-99.07
23:31:21 [ultranest] [DEBUG] iteration=938, ncalls=1306, regioncalls=52200, ndraw=40, logz=-969.72, remainder_fraction=100.0000%, Lmin=-962.43, Lmax=-99.07
23:31:22 [ultranest] [DEBUG] iteration=941, ncalls=1310, regioncalls=52360, ndraw=40, logz=-968.48, remainder_fraction=100.0000%, Lmin=-961.00, Lmax=-99.07
23:31:22 [ultranest] [DEBUG] iteration=942, ncalls=1315, regioncalls=52560, ndraw=40, logz=-968.00, remainder_fraction=100.0000%, Lmin=-960.60, Lmax=-99.07
23:31:22 [ultranest] [DEBUG] iteration=943, ncalls=1317, regioncalls=52640, ndraw=40, logz=-967.55, remainder_fraction=100.0000%, Lmin=-960.44, Lmax=-99.07
23:31:22 [ultranest] [DEBUG] iteration=946, ncalls=1320, regioncalls=52760, ndraw=40, logz=-966.63, remainder_fraction=100.0000%, Lmin=-959.94, Lmax=-99.07
23:31:22 [ultranest] [DEBUG] iteration=948, ncalls=1323, regioncalls=52880, ndraw=40, logz=-966.09, remainder_fraction=100.0000%, Lmin=-958.63, Lmax=-99.07
23:31:22 [ultranest] [DEBUG] iteration=951, ncalls=1329, regioncalls=53120, ndraw=40, logz=-964.47, remainder_fraction=100.0000%, Lmin=-956.87, Lmax=-99.07
23:31:23 [ultranest] [DEBUG] iteration=952, ncalls=1335, regioncalls=53360, ndraw=40, logz=-963.94, remainder_fraction=100.0000%, Lmin=-956.59, Lmax=-99.07
23:31:23 [ultranest] [DEBUG] iteration=954, ncalls=1339, regioncalls=53520, ndraw=40, logz=-962.98, remainder_fraction=100.0000%, Lmin=-954.67, Lmax=-99.07
23:31:23 [ultranest] [DEBUG] iteration=956, ncalls=1344, regioncalls=53720, ndraw=40, logz=-961.25, remainder_fraction=100.0000%, Lmin=-953.59, Lmax=-99.07
23:31:23 [ultranest] [DEBUG] iteration=958, ncalls=1348, regioncalls=53880, ndraw=40, logz=-960.29, remainder_fraction=100.0000%, Lmin=-953.16, Lmax=-99.07
23:31:23 [ultranest] [DEBUG] iteration=960, ncalls=1356, regioncalls=54200, ndraw=40, logz=-959.62, remainder_fraction=100.0000%, Lmin=-952.47, Lmax=-99.07
23:31:23 [ultranest] [DEBUG] iteration=964, ncalls=1361, regioncalls=54400, ndraw=40, logz=-958.01, remainder_fraction=100.0000%, Lmin=-951.28, Lmax=-99.07
23:31:23 [ultranest] [DEBUG] iteration=966, ncalls=1364, regioncalls=54520, ndraw=40, logz=-957.50, remainder_fraction=100.0000%, Lmin=-950.95, Lmax=-99.07
23:31:24 [ultranest] [DEBUG] iteration=968, ncalls=1369, regioncalls=54720, ndraw=40, logz=-956.98, remainder_fraction=100.0000%, Lmin=-950.00, Lmax=-99.07
23:31:24 [ultranest] [DEBUG] iteration=969, ncalls=1372, regioncalls=54840, ndraw=40, logz=-956.66, remainder_fraction=100.0000%, Lmin=-949.12, Lmax=-99.07
23:31:24 [ultranest] [DEBUG] iteration=970, ncalls=1374, regioncalls=54920, ndraw=40, logz=-956.17, remainder_fraction=100.0000%, Lmin=-949.03, Lmax=-99.07
23:31:24 [ultranest] [DEBUG] iteration=972, ncalls=1381, regioncalls=55200, ndraw=40, logz=-955.50, remainder_fraction=100.0000%, Lmin=-948.59, Lmax=-99.07
23:31:25 [ultranest] [DEBUG] iteration=975, ncalls=1385, regioncalls=55360, ndraw=40, logz=-954.38, remainder_fraction=100.0000%, Lmin=-947.02, Lmax=-99.07
23:31:25 [ultranest] [DEBUG] iteration=978, ncalls=1388, regioncalls=55480, ndraw=40, logz=-952.27, remainder_fraction=100.0000%, Lmin=-944.77, Lmax=-99.07
23:31:25 [ultranest] [DEBUG] iteration=981, ncalls=1391, regioncalls=55600, ndraw=40, logz=-951.08, remainder_fraction=100.0000%, Lmin=-944.41, Lmax=-99.07
23:31:25 [ultranest] [DEBUG] iteration=983, ncalls=1393, regioncalls=55680, ndraw=40, logz=-950.53, remainder_fraction=100.0000%, Lmin=-943.76, Lmax=-99.07
23:31:25 [ultranest] [DEBUG] iteration=984, ncalls=1395, regioncalls=55760, ndraw=40, logz=-950.28, remainder_fraction=100.0000%, Lmin=-943.45, Lmax=-99.07
23:31:25 [ultranest] [DEBUG] iteration=986, ncalls=1400, regioncalls=55960, ndraw=40, logz=-949.79, remainder_fraction=100.0000%, Lmin=-942.94, Lmax=-99.07
23:31:25 [ultranest] [DEBUG] iteration=988, ncalls=1402, regioncalls=56040, ndraw=40, logz=-949.27, remainder_fraction=100.0000%, Lmin=-942.51, Lmax=-99.07
23:31:26 [ultranest] [DEBUG] iteration=990, ncalls=1407, regioncalls=56240, ndraw=40, logz=-948.80, remainder_fraction=100.0000%, Lmin=-942.43, Lmax=-99.07
23:31:26 [ultranest] [DEBUG] iteration=991, ncalls=1409, regioncalls=56320, ndraw=40, logz=-948.62, remainder_fraction=100.0000%, Lmin=-942.20, Lmax=-99.07
23:31:26 [ultranest] [DEBUG] iteration=992, ncalls=1412, regioncalls=56440, ndraw=40, logz=-948.43, remainder_fraction=100.0000%, Lmin=-941.87, Lmax=-99.07
23:31:26 [ultranest] [DEBUG] iteration=994, ncalls=1417, regioncalls=56640, ndraw=40, logz=-947.85, remainder_fraction=100.0000%, Lmin=-940.87, Lmax=-99.07
23:31:26 [ultranest] [DEBUG] iteration=996, ncalls=1420, regioncalls=56760, ndraw=40, logz=-947.15, remainder_fraction=100.0000%, Lmin=-939.75, Lmax=-99.07
23:31:26 [ultranest] [DEBUG] iteration=999, ncalls=1425, regioncalls=56960, ndraw=40, logz=-945.89, remainder_fraction=100.0000%, Lmin=-938.74, Lmax=-99.07
23:31:26 [ultranest] [DEBUG] iteration=1001, ncalls=1428, regioncalls=57080, ndraw=40, logz=-945.27, remainder_fraction=100.0000%, Lmin=-938.16, Lmax=-99.07
23:31:27 [ultranest] [DEBUG] iteration=1002, ncalls=1431, regioncalls=57200, ndraw=40, logz=-944.92, remainder_fraction=100.0000%, Lmin=-938.07, Lmax=-99.07
23:31:27 [ultranest] [DEBUG] iteration=1004, ncalls=1434, regioncalls=57320, ndraw=40, logz=-944.39, remainder_fraction=100.0000%, Lmin=-937.72, Lmax=-99.07
23:31:27 [ultranest] [DEBUG] iteration=1005, ncalls=1438, regioncalls=57480, ndraw=40, logz=-944.15, remainder_fraction=100.0000%, Lmin=-937.65, Lmax=-99.07
23:31:27 [ultranest] [DEBUG] iteration=1008, ncalls=1443, regioncalls=57680, ndraw=40, logz=-943.41, remainder_fraction=100.0000%, Lmin=-936.42, Lmax=-99.07
23:31:27 [ultranest] [DEBUG] iteration=1011, ncalls=1450, regioncalls=57960, ndraw=40, logz=-942.60, remainder_fraction=100.0000%, Lmin=-936.15, Lmax=-99.07
23:31:27 [ultranest] [DEBUG] iteration=1013, ncalls=1454, regioncalls=58120, ndraw=40, logz=-942.23, remainder_fraction=100.0000%, Lmin=-936.02, Lmax=-99.07
23:31:27 [ultranest] [DEBUG] iteration=1015, ncalls=1457, regioncalls=58240, ndraw=40, logz=-941.82, remainder_fraction=100.0000%, Lmin=-935.18, Lmax=-99.07
23:31:28 [ultranest] [DEBUG] iteration=1017, ncalls=1460, regioncalls=58360, ndraw=40, logz=-941.33, remainder_fraction=100.0000%, Lmin=-934.64, Lmax=-99.07
23:31:28 [ultranest] [DEBUG] iteration=1019, ncalls=1464, regioncalls=58520, ndraw=40, logz=-940.90, remainder_fraction=100.0000%, Lmin=-934.59, Lmax=-99.07
23:31:28 [ultranest] [DEBUG] iteration=1021, ncalls=1469, regioncalls=58720, ndraw=40, logz=-940.52, remainder_fraction=100.0000%, Lmin=-933.14, Lmax=-99.07
23:31:28 [ultranest] [DEBUG] iteration=1023, ncalls=1475, regioncalls=58960, ndraw=40, logz=-939.79, remainder_fraction=100.0000%, Lmin=-932.75, Lmax=-99.07
23:31:28 [ultranest] [DEBUG] iteration=1025, ncalls=1477, regioncalls=59040, ndraw=40, logz=-939.21, remainder_fraction=100.0000%, Lmin=-932.65, Lmax=-99.07
23:31:28 [ultranest] [DEBUG] iteration=1028, ncalls=1481, regioncalls=59200, ndraw=40, logz=-938.47, remainder_fraction=100.0000%, Lmin=-931.83, Lmax=-99.07
23:31:29 [ultranest] [DEBUG] iteration=1029, ncalls=1484, regioncalls=59320, ndraw=40, logz=-938.25, remainder_fraction=100.0000%, Lmin=-931.27, Lmax=-99.07
23:31:29 [ultranest] [DEBUG] iteration=1031, ncalls=1487, regioncalls=59440, ndraw=40, logz=-937.59, remainder_fraction=100.0000%, Lmin=-930.73, Lmax=-99.07
23:31:29 [ultranest] [DEBUG] iteration=1033, ncalls=1490, regioncalls=59560, ndraw=40, logz=-937.04, remainder_fraction=100.0000%, Lmin=-930.15, Lmax=-99.07
23:31:29 [ultranest] [DEBUG] iteration=1037, ncalls=1498, regioncalls=59880, ndraw=40, logz=-935.86, remainder_fraction=100.0000%, Lmin=-929.44, Lmax=-99.07
23:31:29 [ultranest] [DEBUG] iteration=1041, ncalls=1503, regioncalls=60080, ndraw=40, logz=-935.19, remainder_fraction=100.0000%, Lmin=-928.33, Lmax=-99.07
23:31:29 [ultranest] [DEBUG] iteration=1043, ncalls=1505, regioncalls=60160, ndraw=40, logz=-934.69, remainder_fraction=100.0000%, Lmin=-928.11, Lmax=-99.07
23:31:30 [ultranest] [DEBUG] iteration=1045, ncalls=1510, regioncalls=60360, ndraw=40, logz=-934.25, remainder_fraction=100.0000%, Lmin=-927.66, Lmax=-99.07
23:31:30 [ultranest] [DEBUG] iteration=1047, ncalls=1516, regioncalls=60600, ndraw=40, logz=-933.85, remainder_fraction=100.0000%, Lmin=-927.17, Lmax=-99.07
23:31:30 [ultranest] [DEBUG] iteration=1049, ncalls=1520, regioncalls=60760, ndraw=40, logz=-933.42, remainder_fraction=100.0000%, Lmin=-927.11, Lmax=-99.07
23:31:30 [ultranest] [DEBUG] iteration=1051, ncalls=1524, regioncalls=60920, ndraw=40, logz=-933.09, remainder_fraction=100.0000%, Lmin=-926.65, Lmax=-99.07
23:31:30 [ultranest] [DEBUG] iteration=1055, ncalls=1528, regioncalls=61080, ndraw=40, logz=-932.27, remainder_fraction=100.0000%, Lmin=-925.67, Lmax=-99.07
23:31:30 [ultranest] [DEBUG] iteration=1057, ncalls=1530, regioncalls=61160, ndraw=40, logz=-931.87, remainder_fraction=100.0000%, Lmin=-925.30, Lmax=-99.07
23:31:30 [ultranest] [DEBUG] iteration=1060, ncalls=1533, regioncalls=61280, ndraw=40, logz=-931.12, remainder_fraction=100.0000%, Lmin=-924.48, Lmax=-99.07
23:31:30 [ultranest] [DEBUG] iteration=1063, ncalls=1537, regioncalls=61440, ndraw=40, logz=-930.38, remainder_fraction=100.0000%, Lmin=-923.49, Lmax=-99.07
23:31:31 [ultranest] [DEBUG] iteration=1066, ncalls=1544, regioncalls=61720, ndraw=40, logz=-928.90, remainder_fraction=100.0000%, Lmin=-921.66, Lmax=-99.07
23:31:31 [ultranest] [DEBUG] iteration=1068, ncalls=1553, regioncalls=62080, ndraw=40, logz=-928.24, remainder_fraction=100.0000%, Lmin=-920.81, Lmax=-99.07
23:31:31 [ultranest] [DEBUG] iteration=1070, ncalls=1557, regioncalls=62240, ndraw=40, logz=-927.20, remainder_fraction=100.0000%, Lmin=-919.86, Lmax=-99.07
23:31:31 [ultranest] [DEBUG] iteration=1072, ncalls=1561, regioncalls=62400, ndraw=40, logz=-926.48, remainder_fraction=100.0000%, Lmin=-919.69, Lmax=-99.07
23:31:31 [ultranest] [DEBUG] iteration=1073, ncalls=1563, regioncalls=62480, ndraw=40, logz=-926.23, remainder_fraction=100.0000%, Lmin=-919.20, Lmax=-99.07
23:31:32 [ultranest] [DEBUG] iteration=1074, ncalls=1564, regioncalls=62520, ndraw=40, logz=-925.92, remainder_fraction=100.0000%, Lmin=-919.00, Lmax=-99.07
23:31:32 [ultranest] [DEBUG] iteration=1076, ncalls=1566, regioncalls=62600, ndraw=40, logz=-925.41, remainder_fraction=100.0000%, Lmin=-918.80, Lmax=-99.07
23:31:33 [ultranest] [DEBUG] iteration=1077, ncalls=1568, regioncalls=62680, ndraw=40, logz=-925.20, remainder_fraction=100.0000%, Lmin=-918.60, Lmax=-99.07
23:31:33 [ultranest] [DEBUG] iteration=1078, ncalls=1572, regioncalls=62840, ndraw=40, logz=-924.99, remainder_fraction=100.0000%, Lmin=-918.13, Lmax=-99.07
23:31:33 [ultranest] [DEBUG] iteration=1081, ncalls=1577, regioncalls=63040, ndraw=40, logz=-923.89, remainder_fraction=100.0000%, Lmin=-916.72, Lmax=-99.07
23:31:33 [ultranest] [DEBUG] iteration=1083, ncalls=1580, regioncalls=63160, ndraw=40, logz=-923.29, remainder_fraction=100.0000%, Lmin=-916.39, Lmax=-99.07
23:31:33 [ultranest] [DEBUG] iteration=1084, ncalls=1583, regioncalls=63280, ndraw=40, logz=-923.01, remainder_fraction=100.0000%, Lmin=-916.28, Lmax=-99.07
23:31:33 [ultranest] [DEBUG] iteration=1086, ncalls=1587, regioncalls=63440, ndraw=40, logz=-922.41, remainder_fraction=100.0000%, Lmin=-915.22, Lmax=-99.07
23:31:34 [ultranest] [DEBUG] iteration=1087, ncalls=1588, regioncalls=63480, ndraw=40, logz=-922.06, remainder_fraction=100.0000%, Lmin=-915.18, Lmax=-99.07
23:31:34 [ultranest] [DEBUG] iteration=1088, ncalls=1590, regioncalls=63560, ndraw=40, logz=-921.79, remainder_fraction=100.0000%, Lmin=-915.16, Lmax=-99.07
23:31:34 [ultranest] [DEBUG] iteration=1091, ncalls=1594, regioncalls=63720, ndraw=40, logz=-921.11, remainder_fraction=100.0000%, Lmin=-914.65, Lmax=-99.07
23:31:34 [ultranest] [DEBUG] iteration=1094, ncalls=1597, regioncalls=63840, ndraw=40, logz=-920.48, remainder_fraction=100.0000%, Lmin=-913.39, Lmax=-99.07
23:31:34 [ultranest] [DEBUG] iteration=1096, ncalls=1601, regioncalls=64000, ndraw=40, logz=-919.79, remainder_fraction=100.0000%, Lmin=-912.83, Lmax=-99.07
23:31:34 [ultranest] [DEBUG] iteration=1097, ncalls=1603, regioncalls=64080, ndraw=40, logz=-919.50, remainder_fraction=100.0000%, Lmin=-912.71, Lmax=-99.07
23:31:35 [ultranest] [DEBUG] iteration=1099, ncalls=1607, regioncalls=64240, ndraw=40, logz=-919.04, remainder_fraction=100.0000%, Lmin=-912.20, Lmax=-99.07
23:31:35 [ultranest] [DEBUG] iteration=1102, ncalls=1614, regioncalls=64520, ndraw=40, logz=-918.30, remainder_fraction=100.0000%, Lmin=-911.71, Lmax=-99.07
23:31:35 [ultranest] [DEBUG] iteration=1103, ncalls=1615, regioncalls=64560, ndraw=40, logz=-918.09, remainder_fraction=100.0000%, Lmin=-911.60, Lmax=-99.07
23:31:35 [ultranest] [DEBUG] iteration=1105, ncalls=1618, regioncalls=64680, ndraw=40, logz=-917.73, remainder_fraction=100.0000%, Lmin=-911.41, Lmax=-99.07
23:31:35 [ultranest] [DEBUG] iteration=1106, ncalls=1619, regioncalls=64720, ndraw=40, logz=-917.57, remainder_fraction=100.0000%, Lmin=-911.36, Lmax=-99.07
23:31:36 [ultranest] [DEBUG] iteration=1107, ncalls=1620, regioncalls=64760, ndraw=40, logz=-917.42, remainder_fraction=100.0000%, Lmin=-911.33, Lmax=-99.07
23:31:36 [ultranest] [DEBUG] iteration=1109, ncalls=1624, regioncalls=64920, ndraw=40, logz=-917.13, remainder_fraction=100.0000%, Lmin=-910.90, Lmax=-99.07
23:31:36 [ultranest] [DEBUG] iteration=1110, ncalls=1626, regioncalls=65000, ndraw=40, logz=-916.98, remainder_fraction=100.0000%, Lmin=-910.85, Lmax=-99.07
23:31:36 [ultranest] [DEBUG] iteration=1114, ncalls=1630, regioncalls=65160, ndraw=40, logz=-916.34, remainder_fraction=100.0000%, Lmin=-908.42, Lmax=-99.07
23:31:36 [ultranest] [DEBUG] iteration=1115, ncalls=1634, regioncalls=65320, ndraw=40, logz=-915.72, remainder_fraction=100.0000%, Lmin=-908.42, Lmax=-99.07
23:31:36 [ultranest] [DEBUG] iteration=1117, ncalls=1636, regioncalls=65400, ndraw=40, logz=-915.04, remainder_fraction=100.0000%, Lmin=-907.89, Lmax=-99.07
23:31:37 [ultranest] [DEBUG] iteration=1119, ncalls=1639, regioncalls=65520, ndraw=40, logz=-914.42, remainder_fraction=100.0000%, Lmin=-906.78, Lmax=-99.07
23:31:37 [ultranest] [DEBUG] iteration=1120, ncalls=1642, regioncalls=65640, ndraw=40, logz=-913.92, remainder_fraction=100.0000%, Lmin=-906.53, Lmax=-99.07
23:31:37 [ultranest] [DEBUG] iteration=1122, ncalls=1645, regioncalls=65760, ndraw=40, logz=-913.02, remainder_fraction=100.0000%, Lmin=-905.80, Lmax=-99.07
23:31:37 [ultranest] [DEBUG] iteration=1124, ncalls=1649, regioncalls=65920, ndraw=40, logz=-912.27, remainder_fraction=100.0000%, Lmin=-905.25, Lmax=-99.07
23:31:37 [ultranest] [DEBUG] iteration=1127, ncalls=1653, regioncalls=66080, ndraw=40, logz=-911.48, remainder_fraction=100.0000%, Lmin=-904.87, Lmax=-99.07
23:31:37 [ultranest] [DEBUG] iteration=1129, ncalls=1661, regioncalls=66400, ndraw=40, logz=-911.00, remainder_fraction=100.0000%, Lmin=-904.07, Lmax=-99.07
23:31:37 [ultranest] [DEBUG] iteration=1132, ncalls=1666, regioncalls=66600, ndraw=40, logz=-910.32, remainder_fraction=100.0000%, Lmin=-903.52, Lmax=-99.07
23:31:38 [ultranest] [DEBUG] iteration=1134, ncalls=1670, regioncalls=66760, ndraw=40, logz=-909.86, remainder_fraction=100.0000%, Lmin=-903.34, Lmax=-99.07
23:31:38 [ultranest] [DEBUG] iteration=1137, ncalls=1675, regioncalls=66960, ndraw=40, logz=-908.98, remainder_fraction=100.0000%, Lmin=-901.82, Lmax=-99.07
23:31:38 [ultranest] [DEBUG] iteration=1140, ncalls=1683, regioncalls=67280, ndraw=40, logz=-908.05, remainder_fraction=100.0000%, Lmin=-900.94, Lmax=-99.07
23:31:38 [ultranest] [DEBUG] iteration=1141, ncalls=1688, regioncalls=67480, ndraw=40, logz=-907.73, remainder_fraction=100.0000%, Lmin=-900.75, Lmax=-99.07
23:31:38 [ultranest] [DEBUG] iteration=1143, ncalls=1691, regioncalls=67600, ndraw=40, logz=-907.21, remainder_fraction=100.0000%, Lmin=-900.29, Lmax=-99.07
23:31:39 [ultranest] [DEBUG] iteration=1145, ncalls=1696, regioncalls=67800, ndraw=40, logz=-906.73, remainder_fraction=100.0000%, Lmin=-899.98, Lmax=-99.07
23:31:39 [ultranest] [DEBUG] iteration=1147, ncalls=1699, regioncalls=67920, ndraw=40, logz=-906.29, remainder_fraction=100.0000%, Lmin=-899.65, Lmax=-99.07
23:31:39 [ultranest] [DEBUG] iteration=1149, ncalls=1701, regioncalls=68000, ndraw=40, logz=-905.90, remainder_fraction=100.0000%, Lmin=-899.58, Lmax=-99.07
23:31:39 [ultranest] [DEBUG] iteration=1151, ncalls=1704, regioncalls=68120, ndraw=40, logz=-905.58, remainder_fraction=100.0000%, Lmin=-899.17, Lmax=-99.07
23:31:39 [ultranest] [DEBUG] iteration=1152, ncalls=1706, regioncalls=68200, ndraw=40, logz=-905.41, remainder_fraction=100.0000%, Lmin=-899.08, Lmax=-99.07
23:31:39 [ultranest] [DEBUG] iteration=1154, ncalls=1710, regioncalls=68360, ndraw=40, logz=-905.12, remainder_fraction=100.0000%, Lmin=-898.84, Lmax=-99.07
23:31:40 [ultranest] [DEBUG] iteration=1157, ncalls=1713, regioncalls=68480, ndraw=40, logz=-904.52, remainder_fraction=100.0000%, Lmin=-897.70, Lmax=-99.07
23:31:40 [ultranest] [DEBUG] iteration=1160, ncalls=1722, regioncalls=68840, ndraw=40, logz=-903.88, remainder_fraction=100.0000%, Lmin=-897.40, Lmax=-99.07
23:31:40 [ultranest] [DEBUG] iteration=1162, ncalls=1725, regioncalls=68960, ndraw=40, logz=-903.46, remainder_fraction=100.0000%, Lmin=-896.33, Lmax=-99.07
23:31:40 [ultranest] [DEBUG] iteration=1164, ncalls=1727, regioncalls=69040, ndraw=40, logz=-902.89, remainder_fraction=100.0000%, Lmin=-895.43, Lmax=-99.07
23:31:40 [ultranest] [DEBUG] iteration=1166, ncalls=1731, regioncalls=69200, ndraw=40, logz=-902.16, remainder_fraction=100.0000%, Lmin=-895.31, Lmax=-99.07
23:31:41 [ultranest] [DEBUG] iteration=1167, ncalls=1734, regioncalls=69320, ndraw=40, logz=-901.91, remainder_fraction=100.0000%, Lmin=-895.29, Lmax=-99.07
23:31:41 [ultranest] [DEBUG] iteration=1168, ncalls=1737, regioncalls=69440, ndraw=40, logz=-901.70, remainder_fraction=100.0000%, Lmin=-895.14, Lmax=-99.07
23:31:41 [ultranest] [DEBUG] iteration=1170, ncalls=1740, regioncalls=69560, ndraw=40, logz=-901.35, remainder_fraction=100.0000%, Lmin=-894.91, Lmax=-99.07
23:31:41 [ultranest] [DEBUG] iteration=1171, ncalls=1742, regioncalls=69640, ndraw=40, logz=-901.17, remainder_fraction=100.0000%, Lmin=-894.82, Lmax=-99.07
23:31:41 [ultranest] [DEBUG] iteration=1172, ncalls=1745, regioncalls=69760, ndraw=40, logz=-901.01, remainder_fraction=100.0000%, Lmin=-894.75, Lmax=-99.07
23:31:41 [ultranest] [DEBUG] iteration=1176, ncalls=1749, regioncalls=69920, ndraw=40, logz=-900.31, remainder_fraction=100.0000%, Lmin=-893.77, Lmax=-99.07
23:31:41 [ultranest] [DEBUG] iteration=1179, ncalls=1755, regioncalls=70160, ndraw=40, logz=-899.81, remainder_fraction=100.0000%, Lmin=-893.31, Lmax=-99.07
23:31:42 [ultranest] [DEBUG] iteration=1181, ncalls=1758, regioncalls=70280, ndraw=40, logz=-899.45, remainder_fraction=100.0000%, Lmin=-892.97, Lmax=-99.07
23:31:42 [ultranest] [DEBUG] iteration=1183, ncalls=1763, regioncalls=70480, ndraw=40, logz=-899.11, remainder_fraction=100.0000%, Lmin=-892.88, Lmax=-99.07
23:31:42 [ultranest] [DEBUG] iteration=1186, ncalls=1769, regioncalls=70720, ndraw=40, logz=-898.66, remainder_fraction=100.0000%, Lmin=-892.09, Lmax=-99.07
23:31:42 [ultranest] [DEBUG] iteration=1189, ncalls=1773, regioncalls=70880, ndraw=40, logz=-898.12, remainder_fraction=100.0000%, Lmin=-891.70, Lmax=-99.07
23:31:42 [ultranest] [DEBUG] iteration=1191, ncalls=1780, regioncalls=71160, ndraw=40, logz=-897.80, remainder_fraction=100.0000%, Lmin=-891.54, Lmax=-99.07
23:31:42 [ultranest] [DEBUG] iteration=1192, ncalls=1781, regioncalls=71200, ndraw=40, logz=-897.66, remainder_fraction=100.0000%, Lmin=-891.41, Lmax=-99.07
23:31:43 [ultranest] [DEBUG] iteration=1194, ncalls=1787, regioncalls=71440, ndraw=40, logz=-897.35, remainder_fraction=100.0000%, Lmin=-891.11, Lmax=-99.07
23:31:43 [ultranest] [DEBUG] iteration=1197, ncalls=1790, regioncalls=71560, ndraw=40, logz=-896.84, remainder_fraction=100.0000%, Lmin=-890.26, Lmax=-99.07
23:31:43 [ultranest] [DEBUG] iteration=1199, ncalls=1792, regioncalls=71640, ndraw=40, logz=-896.45, remainder_fraction=100.0000%, Lmin=-890.05, Lmax=-99.07
23:31:43 [ultranest] [DEBUG] iteration=1201, ncalls=1799, regioncalls=71920, ndraw=40, logz=-896.14, remainder_fraction=100.0000%, Lmin=-889.87, Lmax=-99.07
23:31:43 [ultranest] [DEBUG] iteration=1202, ncalls=1801, regioncalls=72000, ndraw=40, logz=-895.99, remainder_fraction=100.0000%, Lmin=-889.81, Lmax=-99.07
23:31:43 [ultranest] [DEBUG] iteration=1204, ncalls=1805, regioncalls=72160, ndraw=40, logz=-895.73, remainder_fraction=100.0000%, Lmin=-889.66, Lmax=-99.07
23:31:44 [ultranest] [DEBUG] iteration=1206, ncalls=1808, regioncalls=72280, ndraw=40, logz=-895.50, remainder_fraction=100.0000%, Lmin=-889.48, Lmax=-99.07
23:31:44 [ultranest] [DEBUG] iteration=1208, ncalls=1813, regioncalls=72480, ndraw=40, logz=-895.28, remainder_fraction=100.0000%, Lmin=-889.40, Lmax=-99.07
23:31:44 [ultranest] [DEBUG] iteration=1211, ncalls=1822, regioncalls=72840, ndraw=40, logz=-894.96, remainder_fraction=100.0000%, Lmin=-888.91, Lmax=-99.07
23:31:44 [ultranest] [DEBUG] iteration=1214, ncalls=1828, regioncalls=73080, ndraw=40, logz=-894.60, remainder_fraction=100.0000%, Lmin=-888.57, Lmax=-99.07
23:31:44 [ultranest] [DEBUG] iteration=1217, ncalls=1833, regioncalls=73280, ndraw=40, logz=-894.28, remainder_fraction=100.0000%, Lmin=-888.41, Lmax=-99.07
23:31:44 [ultranest] [DEBUG] iteration=1220, ncalls=1836, regioncalls=73400, ndraw=40, logz=-893.89, remainder_fraction=100.0000%, Lmin=-887.68, Lmax=-99.07
23:31:45 [ultranest] [DEBUG] iteration=1223, ncalls=1841, regioncalls=73600, ndraw=40, logz=-893.45, remainder_fraction=100.0000%, Lmin=-887.08, Lmax=-99.07
23:31:45 [ultranest] [DEBUG] iteration=1225, ncalls=1845, regioncalls=73760, ndraw=40, logz=-893.10, remainder_fraction=100.0000%, Lmin=-886.55, Lmax=-99.07
23:31:45 [ultranest] [DEBUG] iteration=1228, ncalls=1849, regioncalls=73920, ndraw=40, logz=-892.59, remainder_fraction=100.0000%, Lmin=-885.96, Lmax=-99.07
23:31:45 [ultranest] [DEBUG] iteration=1232, ncalls=1856, regioncalls=74200, ndraw=40, logz=-891.75, remainder_fraction=100.0000%, Lmin=-885.20, Lmax=-99.07
23:31:45 [ultranest] [DEBUG] iteration=1234, ncalls=1860, regioncalls=74360, ndraw=40, logz=-891.40, remainder_fraction=100.0000%, Lmin=-884.88, Lmax=-99.07
23:31:45 [ultranest] [DEBUG] iteration=1236, ncalls=1865, regioncalls=74560, ndraw=40, logz=-891.07, remainder_fraction=100.0000%, Lmin=-884.49, Lmax=-99.07
23:31:46 [ultranest] [DEBUG] iteration=1238, ncalls=1870, regioncalls=74760, ndraw=40, logz=-890.72, remainder_fraction=100.0000%, Lmin=-884.07, Lmax=-99.07
23:31:46 [ultranest] [DEBUG] iteration=1239, ncalls=1871, regioncalls=74800, ndraw=40, logz=-890.52, remainder_fraction=100.0000%, Lmin=-884.03, Lmax=-99.07
23:31:46 [ultranest] [DEBUG] iteration=1241, ncalls=1874, regioncalls=74920, ndraw=40, logz=-890.19, remainder_fraction=100.0000%, Lmin=-883.92, Lmax=-99.07
23:31:46 [ultranest] [DEBUG] iteration=1242, ncalls=1880, regioncalls=75160, ndraw=40, logz=-890.05, remainder_fraction=100.0000%, Lmin=-883.73, Lmax=-99.07
23:31:46 [ultranest] [DEBUG] iteration=1244, ncalls=1886, regioncalls=75400, ndraw=40, logz=-889.72, remainder_fraction=100.0000%, Lmin=-883.35, Lmax=-99.07
23:31:47 [ultranest] [DEBUG] iteration=1247, ncalls=1892, regioncalls=75640, ndraw=40, logz=-889.17, remainder_fraction=100.0000%, Lmin=-882.40, Lmax=-99.07
23:31:47 [ultranest] [DEBUG] iteration=1250, ncalls=1897, regioncalls=75840, ndraw=40, logz=-888.56, remainder_fraction=100.0000%, Lmin=-882.05, Lmax=-99.07
23:31:47 [ultranest] [DEBUG] iteration=1254, ncalls=1902, regioncalls=76040, ndraw=40, logz=-887.84, remainder_fraction=100.0000%, Lmin=-881.44, Lmax=-99.07
23:31:47 [ultranest] [DEBUG] iteration=1257, ncalls=1906, regioncalls=76200, ndraw=40, logz=-887.32, remainder_fraction=100.0000%, Lmin=-880.73, Lmax=-99.07
23:31:47 [ultranest] [DEBUG] iteration=1259, ncalls=1912, regioncalls=76440, ndraw=40, logz=-886.93, remainder_fraction=100.0000%, Lmin=-880.27, Lmax=-99.07
23:31:47 [ultranest] [DEBUG] iteration=1261, ncalls=1916, regioncalls=76600, ndraw=40, logz=-886.51, remainder_fraction=100.0000%, Lmin=-879.86, Lmax=-99.07
23:31:47 [ultranest] [DEBUG] iteration=1262, ncalls=1920, regioncalls=76760, ndraw=40, logz=-886.31, remainder_fraction=100.0000%, Lmin=-879.84, Lmax=-99.07
23:31:48 [ultranest] [DEBUG] iteration=1264, ncalls=1925, regioncalls=76960, ndraw=40, logz=-886.00, remainder_fraction=100.0000%, Lmin=-879.77, Lmax=-99.07
23:31:48 [ultranest] [DEBUG] iteration=1267, ncalls=1930, regioncalls=77160, ndraw=40, logz=-885.62, remainder_fraction=100.0000%, Lmin=-879.50, Lmax=-99.07
23:31:48 [ultranest] [DEBUG] iteration=1271, ncalls=1934, regioncalls=77320, ndraw=40, logz=-885.18, remainder_fraction=100.0000%, Lmin=-879.33, Lmax=-99.07
23:31:48 [ultranest] [DEBUG] iteration=1273, ncalls=1936, regioncalls=77400, ndraw=40, logz=-885.00, remainder_fraction=100.0000%, Lmin=-878.19, Lmax=-99.07
23:31:48 [ultranest] [DEBUG] iteration=1275, ncalls=1940, regioncalls=77560, ndraw=40, logz=-884.38, remainder_fraction=100.0000%, Lmin=-877.20, Lmax=-99.07
23:31:48 [ultranest] [DEBUG] iteration=1276, ncalls=1944, regioncalls=77720, ndraw=40, logz=-884.07, remainder_fraction=100.0000%, Lmin=-877.04, Lmax=-99.07
23:31:49 [ultranest] [DEBUG] iteration=1277, ncalls=1946, regioncalls=77800, ndraw=40, logz=-883.79, remainder_fraction=100.0000%, Lmin=-876.71, Lmax=-99.07
23:31:49 [ultranest] [DEBUG] iteration=1279, ncalls=1952, regioncalls=78040, ndraw=40, logz=-883.28, remainder_fraction=100.0000%, Lmin=-876.61, Lmax=-99.07
23:31:49 [ultranest] [DEBUG] iteration=1280, ncalls=1953, regioncalls=78080, ndraw=40, logz=-883.08, remainder_fraction=100.0000%, Lmin=-876.37, Lmax=-99.07
23:31:49 [ultranest] [DEBUG] iteration=1282, ncalls=1956, regioncalls=78200, ndraw=40, logz=-882.59, remainder_fraction=100.0000%, Lmin=-875.76, Lmax=-99.07
23:31:49 [ultranest] [DEBUG] iteration=1283, ncalls=1962, regioncalls=78440, ndraw=40, logz=-882.36, remainder_fraction=100.0000%, Lmin=-875.57, Lmax=-99.07
23:31:49 [ultranest] [DEBUG] iteration=1286, ncalls=1965, regioncalls=78560, ndraw=40, logz=-881.78, remainder_fraction=100.0000%, Lmin=-875.43, Lmax=-99.07
23:31:50 [ultranest] [DEBUG] iteration=1289, ncalls=1971, regioncalls=78800, ndraw=40, logz=-881.34, remainder_fraction=100.0000%, Lmin=-874.52, Lmax=-99.07
23:31:50 [ultranest] [DEBUG] iteration=1291, ncalls=1974, regioncalls=78920, ndraw=40, logz=-880.71, remainder_fraction=100.0000%, Lmin=-873.43, Lmax=-99.07
23:31:50 [ultranest] [DEBUG] iteration=1293, ncalls=1977, regioncalls=79040, ndraw=40, logz=-879.90, remainder_fraction=100.0000%, Lmin=-872.33, Lmax=-99.07
23:31:50 [ultranest] [DEBUG] iteration=1294, ncalls=1987, regioncalls=79440, ndraw=40, logz=-879.47, remainder_fraction=100.0000%, Lmin=-871.80, Lmax=-99.07
23:31:51 [ultranest] [DEBUG] iteration=1298, ncalls=1991, regioncalls=79600, ndraw=40, logz=-878.17, remainder_fraction=100.0000%, Lmin=-871.34, Lmax=-99.07
23:31:51 [ultranest] [DEBUG] iteration=1301, ncalls=1996, regioncalls=79800, ndraw=40, logz=-877.55, remainder_fraction=100.0000%, Lmin=-871.10, Lmax=-99.07
23:31:51 [ultranest] [DEBUG] iteration=1303, ncalls=2002, regioncalls=80040, ndraw=40, logz=-877.25, remainder_fraction=100.0000%, Lmin=-870.89, Lmax=-99.07
23:31:51 [ultranest] [DEBUG] iteration=1304, ncalls=2006, regioncalls=80200, ndraw=40, logz=-877.10, remainder_fraction=100.0000%, Lmin=-870.64, Lmax=-99.07
23:31:51 [ultranest] [DEBUG] iteration=1306, ncalls=2009, regioncalls=80320, ndraw=40, logz=-876.79, remainder_fraction=100.0000%, Lmin=-870.36, Lmax=-99.07
23:31:51 [ultranest] [DEBUG] iteration=1308, ncalls=2011, regioncalls=80400, ndraw=40, logz=-876.48, remainder_fraction=100.0000%, Lmin=-870.19, Lmax=-99.07
23:31:51 [ultranest] [DEBUG] iteration=1309, ncalls=2014, regioncalls=80520, ndraw=40, logz=-876.34, remainder_fraction=100.0000%, Lmin=-870.16, Lmax=-99.07
23:31:52 [ultranest] [DEBUG] iteration=1310, ncalls=2016, regioncalls=80600, ndraw=40, logz=-876.21, remainder_fraction=100.0000%, Lmin=-870.15, Lmax=-99.07
23:31:52 [ultranest] [DEBUG] iteration=1311, ncalls=2022, regioncalls=80840, ndraw=40, logz=-876.10, remainder_fraction=100.0000%, Lmin=-870.10, Lmax=-99.07
23:31:52 [ultranest] [DEBUG] iteration=1313, ncalls=2025, regioncalls=80960, ndraw=40, logz=-875.89, remainder_fraction=100.0000%, Lmin=-869.99, Lmax=-99.07
23:31:52 [ultranest] [DEBUG] iteration=1315, ncalls=2030, regioncalls=81160, ndraw=40, logz=-875.71, remainder_fraction=100.0000%, Lmin=-869.91, Lmax=-99.07
23:31:52 [ultranest] [DEBUG] iteration=1317, ncalls=2034, regioncalls=81320, ndraw=40, logz=-875.53, remainder_fraction=100.0000%, Lmin=-869.77, Lmax=-99.07
23:31:52 [ultranest] [DEBUG] iteration=1318, ncalls=2038, regioncalls=81480, ndraw=40, logz=-875.45, remainder_fraction=100.0000%, Lmin=-869.52, Lmax=-99.07
23:31:52 [ultranest] [DEBUG] iteration=1321, ncalls=2041, regioncalls=81600, ndraw=40, logz=-875.15, remainder_fraction=100.0000%, Lmin=-869.12, Lmax=-99.07
23:31:53 [ultranest] [DEBUG] iteration=1322, ncalls=2044, regioncalls=81720, ndraw=40, logz=-875.04, remainder_fraction=100.0000%, Lmin=-869.06, Lmax=-99.07
23:31:53 [ultranest] [DEBUG] iteration=1323, ncalls=2049, regioncalls=81920, ndraw=40, logz=-874.94, remainder_fraction=100.0000%, Lmin=-868.96, Lmax=-99.07
23:31:53 [ultranest] [DEBUG] iteration=1324, ncalls=2053, regioncalls=82080, ndraw=40, logz=-874.83, remainder_fraction=100.0000%, Lmin=-868.91, Lmax=-99.07
23:31:53 [ultranest] [DEBUG] iteration=1325, ncalls=2056, regioncalls=82200, ndraw=40, logz=-874.74, remainder_fraction=100.0000%, Lmin=-868.91, Lmax=-99.07
23:31:53 [ultranest] [DEBUG] iteration=1327, ncalls=2058, regioncalls=82280, ndraw=40, logz=-874.56, remainder_fraction=100.0000%, Lmin=-868.76, Lmax=-99.07
23:31:53 [ultranest] [DEBUG] iteration=1330, ncalls=2062, regioncalls=82440, ndraw=40, logz=-874.24, remainder_fraction=100.0000%, Lmin=-868.19, Lmax=-99.07
23:31:54 [ultranest] [DEBUG] iteration=1331, ncalls=2064, regioncalls=82520, ndraw=40, logz=-874.13, remainder_fraction=100.0000%, Lmin=-868.14, Lmax=-99.07
23:31:54 [ultranest] [DEBUG] iteration=1333, ncalls=2066, regioncalls=82600, ndraw=40, logz=-873.93, remainder_fraction=100.0000%, Lmin=-867.68, Lmax=-99.07
23:31:54 [ultranest] [DEBUG] iteration=1336, ncalls=2073, regioncalls=82880, ndraw=40, logz=-873.57, remainder_fraction=100.0000%, Lmin=-867.26, Lmax=-99.07
23:31:54 [ultranest] [DEBUG] iteration=1337, ncalls=2076, regioncalls=83000, ndraw=40, logz=-873.43, remainder_fraction=100.0000%, Lmin=-867.13, Lmax=-99.07
23:31:54 [ultranest] [DEBUG] iteration=1338, ncalls=2078, regioncalls=83080, ndraw=40, logz=-873.29, remainder_fraction=100.0000%, Lmin=-866.83, Lmax=-99.07
23:31:55 [ultranest] [DEBUG] iteration=1339, ncalls=2089, regioncalls=83520, ndraw=40, logz=-873.13, remainder_fraction=100.0000%, Lmin=-866.54, Lmax=-99.07
23:31:55 [ultranest] [DEBUG] iteration=1340, ncalls=2095, regioncalls=83760, ndraw=40, logz=-872.95, remainder_fraction=100.0000%, Lmin=-866.29, Lmax=-99.07
23:31:55 [ultranest] [DEBUG] iteration=1342, ncalls=2097, regioncalls=83840, ndraw=40, logz=-872.49, remainder_fraction=100.0000%, Lmin=-865.62, Lmax=-99.07
23:31:55 [ultranest] [DEBUG] iteration=1344, ncalls=2102, regioncalls=84040, ndraw=40, logz=-872.06, remainder_fraction=100.0000%, Lmin=-865.40, Lmax=-99.07
23:31:55 [ultranest] [DEBUG] iteration=1346, ncalls=2105, regioncalls=84160, ndraw=40, logz=-871.69, remainder_fraction=100.0000%, Lmin=-865.27, Lmax=-99.07
23:31:55 [ultranest] [DEBUG] iteration=1348, ncalls=2108, regioncalls=84280, ndraw=40, logz=-871.40, remainder_fraction=100.0000%, Lmin=-865.10, Lmax=-99.07
23:31:56 [ultranest] [DEBUG] iteration=1350, ncalls=2112, regioncalls=84440, ndraw=40, logz=-871.14, remainder_fraction=100.0000%, Lmin=-864.95, Lmax=-99.07
23:31:56 [ultranest] [DEBUG] iteration=1353, ncalls=2117, regioncalls=84640, ndraw=40, logz=-870.79, remainder_fraction=100.0000%, Lmin=-864.64, Lmax=-99.07
23:31:56 [ultranest] [DEBUG] iteration=1354, ncalls=2120, regioncalls=84760, ndraw=40, logz=-870.67, remainder_fraction=100.0000%, Lmin=-864.42, Lmax=-99.07
23:31:56 [ultranest] [DEBUG] iteration=1356, ncalls=2127, regioncalls=85040, ndraw=40, logz=-870.42, remainder_fraction=100.0000%, Lmin=-864.36, Lmax=-99.07
23:31:56 [ultranest] [DEBUG] iteration=1358, ncalls=2132, regioncalls=85240, ndraw=40, logz=-870.20, remainder_fraction=100.0000%, Lmin=-864.20, Lmax=-99.07
23:31:56 [ultranest] [DEBUG] iteration=1360, ncalls=2138, regioncalls=85480, ndraw=40, logz=-870.00, remainder_fraction=100.0000%, Lmin=-864.05, Lmax=-99.07
23:31:56 [ultranest] [DEBUG] iteration=1363, ncalls=2142, regioncalls=85640, ndraw=40, logz=-869.69, remainder_fraction=100.0000%, Lmin=-863.60, Lmax=-99.07
23:31:57 [ultranest] [DEBUG] iteration=1367, ncalls=2152, regioncalls=86040, ndraw=40, logz=-869.25, remainder_fraction=100.0000%, Lmin=-863.26, Lmax=-99.07
23:31:57 [ultranest] [DEBUG] iteration=1368, ncalls=2154, regioncalls=86120, ndraw=40, logz=-869.15, remainder_fraction=100.0000%, Lmin=-863.24, Lmax=-99.07
23:31:57 [ultranest] [DEBUG] iteration=1370, ncalls=2158, regioncalls=86280, ndraw=40, logz=-868.97, remainder_fraction=100.0000%, Lmin=-863.13, Lmax=-99.07
23:31:57 [ultranest] [DEBUG] iteration=1372, ncalls=2160, regioncalls=86360, ndraw=40, logz=-868.78, remainder_fraction=100.0000%, Lmin=-862.89, Lmax=-99.07
23:31:57 [ultranest] [DEBUG] iteration=1373, ncalls=2162, regioncalls=86440, ndraw=40, logz=-868.69, remainder_fraction=100.0000%, Lmin=-862.67, Lmax=-99.07
23:31:58 [ultranest] [DEBUG] iteration=1375, ncalls=2165, regioncalls=86560, ndraw=40, logz=-868.49, remainder_fraction=100.0000%, Lmin=-862.57, Lmax=-99.07
23:31:58 [ultranest] [DEBUG] iteration=1377, ncalls=2173, regioncalls=86880, ndraw=40, logz=-868.30, remainder_fraction=100.0000%, Lmin=-862.47, Lmax=-99.07
23:31:58 [ultranest] [DEBUG] iteration=1380, ncalls=2178, regioncalls=87080, ndraw=40, logz=-867.99, remainder_fraction=100.0000%, Lmin=-861.39, Lmax=-99.07
23:31:58 [ultranest] [DEBUG] iteration=1382, ncalls=2182, regioncalls=87240, ndraw=40, logz=-867.64, remainder_fraction=100.0000%, Lmin=-861.23, Lmax=-99.07
23:31:58 [ultranest] [DEBUG] iteration=1384, ncalls=2186, regioncalls=87400, ndraw=40, logz=-867.35, remainder_fraction=100.0000%, Lmin=-861.03, Lmax=-99.07
23:31:58 [ultranest] [DEBUG] iteration=1387, ncalls=2191, regioncalls=87600, ndraw=40, logz=-866.96, remainder_fraction=100.0000%, Lmin=-860.87, Lmax=-99.07
23:31:59 [ultranest] [DEBUG] iteration=1388, ncalls=2194, regioncalls=87720, ndraw=40, logz=-866.85, remainder_fraction=100.0000%, Lmin=-860.85, Lmax=-99.07
23:31:59 [ultranest] [DEBUG] iteration=1389, ncalls=2197, regioncalls=87840, ndraw=40, logz=-866.75, remainder_fraction=100.0000%, Lmin=-860.78, Lmax=-99.07
23:31:59 [ultranest] [DEBUG] iteration=1391, ncalls=2201, regioncalls=88000, ndraw=40, logz=-866.55, remainder_fraction=100.0000%, Lmin=-860.55, Lmax=-99.07
23:31:59 [ultranest] [DEBUG] iteration=1393, ncalls=2204, regioncalls=88120, ndraw=40, logz=-866.35, remainder_fraction=100.0000%, Lmin=-860.41, Lmax=-99.07
23:32:00 [ultranest] [DEBUG] iteration=1395, ncalls=2210, regioncalls=88360, ndraw=40, logz=-866.16, remainder_fraction=100.0000%, Lmin=-860.21, Lmax=-99.07
23:32:00 [ultranest] [DEBUG] iteration=1396, ncalls=2214, regioncalls=88520, ndraw=40, logz=-866.07, remainder_fraction=100.0000%, Lmin=-860.11, Lmax=-99.07
23:32:00 [ultranest] [DEBUG] iteration=1398, ncalls=2216, regioncalls=88600, ndraw=40, logz=-865.86, remainder_fraction=100.0000%, Lmin=-859.76, Lmax=-99.07
23:32:00 [ultranest] [DEBUG] iteration=1399, ncalls=2219, regioncalls=88720, ndraw=40, logz=-865.75, remainder_fraction=100.0000%, Lmin=-859.73, Lmax=-99.07
23:32:00 [ultranest] [DEBUG] iteration=1402, ncalls=2222, regioncalls=88840, ndraw=40, logz=-865.36, remainder_fraction=100.0000%, Lmin=-859.02, Lmax=-99.07
23:32:01 [ultranest] [DEBUG] iteration=1404, ncalls=2227, regioncalls=89040, ndraw=40, logz=-865.10, remainder_fraction=100.0000%, Lmin=-858.86, Lmax=-99.07
23:32:01 [ultranest] [DEBUG] iteration=1405, ncalls=2229, regioncalls=89120, ndraw=40, logz=-864.97, remainder_fraction=100.0000%, Lmin=-858.75, Lmax=-99.07
23:32:01 [ultranest] [DEBUG] iteration=1407, ncalls=2233, regioncalls=89280, ndraw=40, logz=-864.73, remainder_fraction=100.0000%, Lmin=-858.64, Lmax=-99.07
23:32:01 [ultranest] [DEBUG] iteration=1409, ncalls=2237, regioncalls=89440, ndraw=40, logz=-864.53, remainder_fraction=100.0000%, Lmin=-858.10, Lmax=-99.07
23:32:01 [ultranest] [DEBUG] iteration=1410, ncalls=2238, regioncalls=89480, ndraw=40, logz=-864.38, remainder_fraction=100.0000%, Lmin=-858.08, Lmax=-99.07
23:32:01 [ultranest] [DEBUG] iteration=1412, ncalls=2240, regioncalls=89560, ndraw=40, logz=-864.10, remainder_fraction=100.0000%, Lmin=-857.82, Lmax=-99.07
23:32:02 [ultranest] [DEBUG] iteration=1415, ncalls=2246, regioncalls=89800, ndraw=40, logz=-863.74, remainder_fraction=100.0000%, Lmin=-857.69, Lmax=-99.07
23:32:02 [ultranest] [DEBUG] iteration=1418, ncalls=2250, regioncalls=89960, ndraw=40, logz=-863.43, remainder_fraction=100.0000%, Lmin=-857.24, Lmax=-99.07
23:32:02 [ultranest] [DEBUG] iteration=1421, ncalls=2253, regioncalls=90080, ndraw=40, logz=-863.10, remainder_fraction=100.0000%, Lmin=-857.17, Lmax=-99.07
23:32:02 [ultranest] [DEBUG] iteration=1422, ncalls=2257, regioncalls=90240, ndraw=40, logz=-863.01, remainder_fraction=100.0000%, Lmin=-857.13, Lmax=-99.07
23:32:02 [ultranest] [DEBUG] iteration=1424, ncalls=2260, regioncalls=90360, ndraw=40, logz=-862.83, remainder_fraction=100.0000%, Lmin=-856.89, Lmax=-99.07
23:32:02 [ultranest] [DEBUG] iteration=1426, ncalls=2263, regioncalls=90480, ndraw=40, logz=-862.63, remainder_fraction=100.0000%, Lmin=-856.43, Lmax=-99.07
23:32:02 [ultranest] [DEBUG] iteration=1428, ncalls=2268, regioncalls=90680, ndraw=40, logz=-862.41, remainder_fraction=100.0000%, Lmin=-856.29, Lmax=-99.07
23:32:03 [ultranest] [DEBUG] iteration=1431, ncalls=2273, regioncalls=90880, ndraw=40, logz=-862.09, remainder_fraction=100.0000%, Lmin=-856.08, Lmax=-99.07
23:32:03 [ultranest] [DEBUG] iteration=1432, ncalls=2274, regioncalls=90920, ndraw=40, logz=-861.99, remainder_fraction=100.0000%, Lmin=-856.03, Lmax=-99.07
23:32:03 [ultranest] [DEBUG] iteration=1433, ncalls=2277, regioncalls=91040, ndraw=40, logz=-861.90, remainder_fraction=100.0000%, Lmin=-855.83, Lmax=-99.07
23:32:03 [ultranest] [DEBUG] iteration=1436, ncalls=2281, regioncalls=91200, ndraw=40, logz=-861.61, remainder_fraction=100.0000%, Lmin=-855.75, Lmax=-99.07
23:32:03 [ultranest] [DEBUG] iteration=1438, ncalls=2284, regioncalls=91320, ndraw=40, logz=-861.44, remainder_fraction=100.0000%, Lmin=-855.36, Lmax=-99.07
23:32:04 [ultranest] [DEBUG] iteration=1440, ncalls=2289, regioncalls=91520, ndraw=40, logz=-861.23, remainder_fraction=100.0000%, Lmin=-855.31, Lmax=-99.07
23:32:04 [ultranest] [DEBUG] iteration=1442, ncalls=2291, regioncalls=91600, ndraw=40, logz=-861.04, remainder_fraction=100.0000%, Lmin=-854.99, Lmax=-99.07
23:32:04 [ultranest] [DEBUG] iteration=1444, ncalls=2296, regioncalls=91800, ndraw=40, logz=-860.84, remainder_fraction=100.0000%, Lmin=-854.84, Lmax=-99.07
23:32:04 [ultranest] [DEBUG] iteration=1445, ncalls=2297, regioncalls=91840, ndraw=40, logz=-860.74, remainder_fraction=100.0000%, Lmin=-854.51, Lmax=-99.07
23:32:04 [ultranest] [DEBUG] iteration=1447, ncalls=2300, regioncalls=91960, ndraw=40, logz=-860.48, remainder_fraction=100.0000%, Lmin=-854.11, Lmax=-99.07
23:32:05 [ultranest] [DEBUG] iteration=1448, ncalls=2306, regioncalls=92200, ndraw=40, logz=-860.35, remainder_fraction=100.0000%, Lmin=-853.76, Lmax=-99.07
23:32:05 [ultranest] [DEBUG] iteration=1449, ncalls=2308, regioncalls=92280, ndraw=40, logz=-860.18, remainder_fraction=100.0000%, Lmin=-853.57, Lmax=-99.07
23:32:05 [ultranest] [DEBUG] iteration=1451, ncalls=2319, regioncalls=92720, ndraw=40, logz=-859.80, remainder_fraction=100.0000%, Lmin=-853.10, Lmax=-99.07
23:32:05 [ultranest] [DEBUG] iteration=1452, ncalls=2321, regioncalls=92800, ndraw=40, logz=-859.61, remainder_fraction=100.0000%, Lmin=-852.95, Lmax=-99.07
23:32:05 [ultranest] [DEBUG] iteration=1453, ncalls=2324, regioncalls=92920, ndraw=40, logz=-859.43, remainder_fraction=100.0000%, Lmin=-852.76, Lmax=-99.07
23:32:06 [ultranest] [DEBUG] iteration=1456, ncalls=2328, regioncalls=93080, ndraw=40, logz=-858.94, remainder_fraction=100.0000%, Lmin=-852.50, Lmax=-99.07
23:32:06 [ultranest] [DEBUG] iteration=1457, ncalls=2334, regioncalls=93320, ndraw=40, logz=-858.79, remainder_fraction=100.0000%, Lmin=-852.47, Lmax=-99.07
23:32:06 [ultranest] [DEBUG] iteration=1458, ncalls=2340, regioncalls=93560, ndraw=40, logz=-858.66, remainder_fraction=100.0000%, Lmin=-852.18, Lmax=-99.07
23:32:06 [ultranest] [DEBUG] iteration=1460, ncalls=2344, regioncalls=93720, ndraw=40, logz=-858.33, remainder_fraction=100.0000%, Lmin=-851.72, Lmax=-99.07
23:32:06 [ultranest] [DEBUG] iteration=1461, ncalls=2346, regioncalls=93800, ndraw=40, logz=-858.16, remainder_fraction=100.0000%, Lmin=-851.71, Lmax=-99.07
23:32:07 [ultranest] [DEBUG] iteration=1462, ncalls=2351, regioncalls=94000, ndraw=40, logz=-858.01, remainder_fraction=100.0000%, Lmin=-851.60, Lmax=-99.07
23:32:07 [ultranest] [DEBUG] iteration=1464, ncalls=2355, regioncalls=94160, ndraw=40, logz=-857.74, remainder_fraction=100.0000%, Lmin=-851.45, Lmax=-99.07
23:32:07 [ultranest] [DEBUG] iteration=1466, ncalls=2360, regioncalls=94360, ndraw=40, logz=-857.49, remainder_fraction=100.0000%, Lmin=-851.24, Lmax=-99.07
23:32:07 [ultranest] [DEBUG] iteration=1467, ncalls=2365, regioncalls=94560, ndraw=40, logz=-857.37, remainder_fraction=100.0000%, Lmin=-851.17, Lmax=-99.07
23:32:07 [ultranest] [DEBUG] iteration=1468, ncalls=2368, regioncalls=94680, ndraw=40, logz=-857.26, remainder_fraction=100.0000%, Lmin=-851.16, Lmax=-99.07
23:32:07 [ultranest] [DEBUG] iteration=1471, ncalls=2372, regioncalls=94840, ndraw=40, logz=-856.96, remainder_fraction=100.0000%, Lmin=-850.98, Lmax=-99.07
23:32:08 [ultranest] [DEBUG] iteration=1472, ncalls=2379, regioncalls=95120, ndraw=40, logz=-856.86, remainder_fraction=100.0000%, Lmin=-850.94, Lmax=-99.07
23:32:08 [ultranest] [DEBUG] iteration=1473, ncalls=2383, regioncalls=95280, ndraw=40, logz=-856.78, remainder_fraction=100.0000%, Lmin=-850.66, Lmax=-99.07
23:32:08 [ultranest] [DEBUG] iteration=1475, ncalls=2390, regioncalls=95560, ndraw=40, logz=-856.57, remainder_fraction=100.0000%, Lmin=-850.49, Lmax=-99.07
23:32:08 [ultranest] [DEBUG] iteration=1478, ncalls=2399, regioncalls=95920, ndraw=40, logz=-856.28, remainder_fraction=100.0000%, Lmin=-850.07, Lmax=-99.07
23:32:08 [ultranest] [DEBUG] iteration=1481, ncalls=2402, regioncalls=96040, ndraw=40, logz=-855.89, remainder_fraction=100.0000%, Lmin=-849.49, Lmax=-99.07
23:32:08 [ultranest] [DEBUG] iteration=1483, ncalls=2406, regioncalls=96200, ndraw=40, logz=-855.60, remainder_fraction=100.0000%, Lmin=-849.06, Lmax=-99.07
23:32:08 [ultranest] [DEBUG] iteration=1485, ncalls=2410, regioncalls=96360, ndraw=40, logz=-855.29, remainder_fraction=100.0000%, Lmin=-848.70, Lmax=-99.07
23:32:09 [ultranest] [DEBUG] iteration=1488, ncalls=2415, regioncalls=96560, ndraw=40, logz=-854.84, remainder_fraction=100.0000%, Lmin=-848.48, Lmax=-99.07
23:32:09 [ultranest] [DEBUG] iteration=1489, ncalls=2421, regioncalls=96800, ndraw=40, logz=-854.71, remainder_fraction=100.0000%, Lmin=-848.40, Lmax=-99.07
23:32:09 [ultranest] [DEBUG] iteration=1491, ncalls=2429, regioncalls=97120, ndraw=40, logz=-854.47, remainder_fraction=100.0000%, Lmin=-848.34, Lmax=-99.07
23:32:09 [ultranest] [DEBUG] iteration=1492, ncalls=2435, regioncalls=97360, ndraw=40, logz=-854.36, remainder_fraction=100.0000%, Lmin=-848.15, Lmax=-99.07
23:32:09 [ultranest] [DEBUG] iteration=1495, ncalls=2439, regioncalls=97520, ndraw=40, logz=-854.02, remainder_fraction=100.0000%, Lmin=-847.91, Lmax=-99.07
23:32:10 [ultranest] [DEBUG] iteration=1497, ncalls=2446, regioncalls=97800, ndraw=40, logz=-853.81, remainder_fraction=100.0000%, Lmin=-847.74, Lmax=-99.07
23:32:10 [ultranest] [DEBUG] iteration=1499, ncalls=2451, regioncalls=98000, ndraw=40, logz=-853.61, remainder_fraction=100.0000%, Lmin=-847.55, Lmax=-99.07
23:32:10 [ultranest] [DEBUG] iteration=1501, ncalls=2460, regioncalls=98360, ndraw=40, logz=-853.37, remainder_fraction=100.0000%, Lmin=-847.06, Lmax=-99.07
23:32:10 [ultranest] [DEBUG] iteration=1504, ncalls=2464, regioncalls=98520, ndraw=40, logz=-853.02, remainder_fraction=100.0000%, Lmin=-846.79, Lmax=-99.07
23:32:10 [ultranest] [DEBUG] iteration=1506, ncalls=2469, regioncalls=98720, ndraw=40, logz=-852.76, remainder_fraction=100.0000%, Lmin=-846.40, Lmax=-99.07
23:32:10 [ultranest] [DEBUG] iteration=1510, ncalls=2473, regioncalls=98880, ndraw=40, logz=-852.29, remainder_fraction=100.0000%, Lmin=-846.03, Lmax=-99.07
23:32:10 [ultranest] [DEBUG] iteration=1511, ncalls=2478, regioncalls=99080, ndraw=40, logz=-852.17, remainder_fraction=100.0000%, Lmin=-846.01, Lmax=-99.07
23:32:11 [ultranest] [DEBUG] iteration=1513, ncalls=2482, regioncalls=99240, ndraw=40, logz=-851.96, remainder_fraction=100.0000%, Lmin=-845.96, Lmax=-99.07
23:32:11 [ultranest] [DEBUG] iteration=1515, ncalls=2496, regioncalls=99800, ndraw=40, logz=-851.77, remainder_fraction=100.0000%, Lmin=-845.78, Lmax=-99.07
23:32:11 [ultranest] [DEBUG] iteration=1517, ncalls=2500, regioncalls=99960, ndraw=40, logz=-851.59, remainder_fraction=100.0000%, Lmin=-845.60, Lmax=-99.07
23:32:12 [ultranest] [DEBUG] iteration=1518, ncalls=2522, regioncalls=100840, ndraw=40, logz=-851.50, remainder_fraction=100.0000%, Lmin=-845.53, Lmax=-99.07
23:32:12 [ultranest] [DEBUG] iteration=1521, ncalls=2525, regioncalls=100960, ndraw=40, logz=-851.24, remainder_fraction=100.0000%, Lmin=-845.46, Lmax=-99.07
23:32:12 [ultranest] [DEBUG] iteration=1523, ncalls=2529, regioncalls=101120, ndraw=40, logz=-851.08, remainder_fraction=100.0000%, Lmin=-845.23, Lmax=-99.07
23:32:12 [ultranest] [DEBUG] iteration=1526, ncalls=2533, regioncalls=101280, ndraw=40, logz=-850.81, remainder_fraction=100.0000%, Lmin=-844.89, Lmax=-99.07
23:32:12 [ultranest] [DEBUG] iteration=1528, ncalls=2536, regioncalls=101400, ndraw=40, logz=-850.64, remainder_fraction=100.0000%, Lmin=-844.78, Lmax=-99.07
23:32:12 [ultranest] [DEBUG] iteration=1530, ncalls=2543, regioncalls=101680, ndraw=40, logz=-850.47, remainder_fraction=100.0000%, Lmin=-844.34, Lmax=-99.07
23:32:13 [ultranest] [DEBUG] iteration=1531, ncalls=2549, regioncalls=101920, ndraw=40, logz=-850.37, remainder_fraction=100.0000%, Lmin=-844.28, Lmax=-99.07
23:32:13 [ultranest] [DEBUG] iteration=1533, ncalls=2552, regioncalls=102040, ndraw=40, logz=-850.18, remainder_fraction=100.0000%, Lmin=-844.26, Lmax=-99.07
23:32:13 [ultranest] [DEBUG] iteration=1534, ncalls=2555, regioncalls=102160, ndraw=40, logz=-850.09, remainder_fraction=100.0000%, Lmin=-844.22, Lmax=-99.07
23:32:13 [ultranest] [DEBUG] iteration=1535, ncalls=2563, regioncalls=102480, ndraw=40, logz=-850.01, remainder_fraction=100.0000%, Lmin=-844.21, Lmax=-99.07
23:32:14 [ultranest] [DEBUG] iteration=1536, ncalls=2569, regioncalls=102720, ndraw=40, logz=-849.93, remainder_fraction=100.0000%, Lmin=-844.20, Lmax=-99.07
23:32:14 [ultranest] [DEBUG] iteration=1538, ncalls=2575, regioncalls=102960, ndraw=40, logz=-849.78, remainder_fraction=100.0000%, Lmin=-843.90, Lmax=-99.07
23:32:14 [ultranest] [DEBUG] iteration=1540, ncalls=2580, regioncalls=103160, ndraw=40, logz=-849.62, remainder_fraction=100.0000%, Lmin=-843.71, Lmax=-99.07
23:32:14 [ultranest] [DEBUG] iteration=1542, ncalls=2589, regioncalls=103520, ndraw=40, logz=-849.46, remainder_fraction=100.0000%, Lmin=-843.62, Lmax=-99.07
23:32:14 [ultranest] [DEBUG] iteration=1544, ncalls=2593, regioncalls=103680, ndraw=40, logz=-849.31, remainder_fraction=100.0000%, Lmin=-843.55, Lmax=-99.07
23:32:14 [ultranest] [DEBUG] iteration=1545, ncalls=2596, regioncalls=103800, ndraw=40, logz=-849.23, remainder_fraction=100.0000%, Lmin=-843.49, Lmax=-99.07
23:32:14 [ultranest] [DEBUG] iteration=1547, ncalls=2601, regioncalls=104000, ndraw=40, logz=-849.10, remainder_fraction=100.0000%, Lmin=-843.48, Lmax=-99.07
23:32:15 [ultranest] [DEBUG] iteration=1549, ncalls=2608, regioncalls=104280, ndraw=40, logz=-848.97, remainder_fraction=100.0000%, Lmin=-843.32, Lmax=-99.07
23:32:15 [ultranest] [DEBUG] iteration=1551, ncalls=2612, regioncalls=104440, ndraw=40, logz=-848.83, remainder_fraction=100.0000%, Lmin=-843.15, Lmax=-99.07
23:32:15 [ultranest] [DEBUG] iteration=1554, ncalls=2619, regioncalls=104720, ndraw=40, logz=-848.64, remainder_fraction=100.0000%, Lmin=-842.87, Lmax=-99.07
23:32:15 [ultranest] [DEBUG] iteration=1555, ncalls=2625, regioncalls=104960, ndraw=40, logz=-848.57, remainder_fraction=100.0000%, Lmin=-842.82, Lmax=-99.07
23:32:15 [ultranest] [DEBUG] iteration=1557, ncalls=2631, regioncalls=105200, ndraw=40, logz=-848.43, remainder_fraction=100.0000%, Lmin=-842.41, Lmax=-99.07
23:32:16 [ultranest] [DEBUG] iteration=1559, ncalls=2638, regioncalls=105480, ndraw=40, logz=-848.24, remainder_fraction=100.0000%, Lmin=-842.30, Lmax=-99.07
23:32:16 [ultranest] [DEBUG] iteration=1562, ncalls=2645, regioncalls=105760, ndraw=40, logz=-848.00, remainder_fraction=100.0000%, Lmin=-842.26, Lmax=-99.07
23:32:16 [ultranest] [DEBUG] iteration=1565, ncalls=2651, regioncalls=106000, ndraw=40, logz=-847.78, remainder_fraction=100.0000%, Lmin=-841.98, Lmax=-99.07
23:32:16 [ultranest] [DEBUG] iteration=1567, ncalls=2653, regioncalls=106080, ndraw=40, logz=-847.64, remainder_fraction=100.0000%, Lmin=-841.91, Lmax=-99.07
23:32:16 [ultranest] [DEBUG] iteration=1569, ncalls=2657, regioncalls=106240, ndraw=40, logz=-847.49, remainder_fraction=100.0000%, Lmin=-841.73, Lmax=-99.07
23:32:16 [ultranest] [DEBUG] iteration=1570, ncalls=2662, regioncalls=106440, ndraw=40, logz=-847.42, remainder_fraction=100.0000%, Lmin=-841.39, Lmax=-99.07
23:32:17 [ultranest] [DEBUG] iteration=1573, ncalls=2667, regioncalls=106640, ndraw=40, logz=-847.15, remainder_fraction=100.0000%, Lmin=-840.96, Lmax=-99.07
23:32:17 [ultranest] [DEBUG] iteration=1574, ncalls=2669, regioncalls=106720, ndraw=40, logz=-847.04, remainder_fraction=100.0000%, Lmin=-840.95, Lmax=-99.07
23:32:17 [ultranest] [DEBUG] iteration=1576, ncalls=2672, regioncalls=106840, ndraw=40, logz=-846.85, remainder_fraction=100.0000%, Lmin=-840.76, Lmax=-99.07
23:32:17 [ultranest] [DEBUG] iteration=1577, ncalls=2674, regioncalls=106920, ndraw=40, logz=-846.75, remainder_fraction=100.0000%, Lmin=-840.76, Lmax=-99.07
23:32:17 [ultranest] [DEBUG] iteration=1579, ncalls=2677, regioncalls=107040, ndraw=40, logz=-846.57, remainder_fraction=100.0000%, Lmin=-840.52, Lmax=-99.07
23:32:17 [ultranest] [DEBUG] iteration=1580, ncalls=2684, regioncalls=107320, ndraw=40, logz=-846.47, remainder_fraction=100.0000%, Lmin=-840.51, Lmax=-99.07
23:32:17 [ultranest] [DEBUG] iteration=1582, ncalls=2687, regioncalls=107440, ndraw=40, logz=-846.29, remainder_fraction=100.0000%, Lmin=-840.31, Lmax=-99.07
23:32:18 [ultranest] [DEBUG] iteration=1585, ncalls=2690, regioncalls=107560, ndraw=40, logz=-846.04, remainder_fraction=100.0000%, Lmin=-840.05, Lmax=-99.07
23:32:18 [ultranest] [DEBUG] iteration=1586, ncalls=2694, regioncalls=107720, ndraw=40, logz=-845.95, remainder_fraction=100.0000%, Lmin=-839.88, Lmax=-99.07
23:32:18 [ultranest] [DEBUG] iteration=1587, ncalls=2698, regioncalls=107880, ndraw=40, logz=-845.86, remainder_fraction=100.0000%, Lmin=-839.84, Lmax=-99.07
23:32:18 [ultranest] [DEBUG] iteration=1590, ncalls=2705, regioncalls=108160, ndraw=40, logz=-845.60, remainder_fraction=100.0000%, Lmin=-839.78, Lmax=-99.07
23:32:19 [ultranest] [DEBUG] iteration=1592, ncalls=2707, regioncalls=108240, ndraw=40, logz=-845.44, remainder_fraction=100.0000%, Lmin=-839.50, Lmax=-99.07
23:32:19 [ultranest] [DEBUG] iteration=1594, ncalls=2712, regioncalls=108440, ndraw=40, logz=-845.27, remainder_fraction=100.0000%, Lmin=-839.16, Lmax=-99.07
23:32:19 [ultranest] [DEBUG] iteration=1595, ncalls=2717, regioncalls=108640, ndraw=40, logz=-845.17, remainder_fraction=100.0000%, Lmin=-839.11, Lmax=-99.07
23:32:19 [ultranest] [DEBUG] iteration=1598, ncalls=2727, regioncalls=109040, ndraw=40, logz=-844.89, remainder_fraction=100.0000%, Lmin=-838.92, Lmax=-99.07
23:32:19 [ultranest] [DEBUG] iteration=1600, ncalls=2731, regioncalls=109200, ndraw=40, logz=-844.70, remainder_fraction=100.0000%, Lmin=-838.46, Lmax=-99.07
23:32:19 [ultranest] [DEBUG] iteration=1602, ncalls=2737, regioncalls=109440, ndraw=40, logz=-844.48, remainder_fraction=100.0000%, Lmin=-838.37, Lmax=-99.07
23:32:20 [ultranest] [DEBUG] iteration=1604, ncalls=2740, regioncalls=109560, ndraw=40, logz=-844.28, remainder_fraction=100.0000%, Lmin=-838.18, Lmax=-99.07
23:32:20 [ultranest] [DEBUG] iteration=1606, ncalls=2748, regioncalls=109880, ndraw=40, logz=-844.10, remainder_fraction=100.0000%, Lmin=-837.98, Lmax=-99.07
23:32:20 [ultranest] [DEBUG] iteration=1608, ncalls=2756, regioncalls=110200, ndraw=40, logz=-843.90, remainder_fraction=100.0000%, Lmin=-837.92, Lmax=-99.07
23:32:20 [ultranest] [DEBUG] iteration=1611, ncalls=2762, regioncalls=110440, ndraw=40, logz=-843.64, remainder_fraction=100.0000%, Lmin=-837.65, Lmax=-99.07
23:32:20 [ultranest] [DEBUG] iteration=1613, ncalls=2764, regioncalls=110520, ndraw=40, logz=-843.47, remainder_fraction=100.0000%, Lmin=-837.62, Lmax=-99.07
23:32:20 [ultranest] [DEBUG] iteration=1616, ncalls=2769, regioncalls=110720, ndraw=40, logz=-843.26, remainder_fraction=100.0000%, Lmin=-837.41, Lmax=-99.07
23:32:21 [ultranest] [DEBUG] iteration=1617, ncalls=2771, regioncalls=110800, ndraw=40, logz=-843.18, remainder_fraction=100.0000%, Lmin=-837.37, Lmax=-99.07
23:32:21 [ultranest] [DEBUG] iteration=1619, ncalls=2774, regioncalls=110920, ndraw=40, logz=-843.04, remainder_fraction=100.0000%, Lmin=-837.22, Lmax=-99.07
23:32:21 [ultranest] [DEBUG] iteration=1620, ncalls=2776, regioncalls=111000, ndraw=40, logz=-842.96, remainder_fraction=100.0000%, Lmin=-837.21, Lmax=-99.07
23:32:21 [ultranest] [DEBUG] iteration=1621, ncalls=2777, regioncalls=111040, ndraw=40, logz=-842.89, remainder_fraction=100.0000%, Lmin=-837.21, Lmax=-99.07
23:32:21 [ultranest] [DEBUG] iteration=1622, ncalls=2781, regioncalls=111200, ndraw=40, logz=-842.83, remainder_fraction=100.0000%, Lmin=-836.96, Lmax=-99.07
23:32:21 [ultranest] [DEBUG] iteration=1624, ncalls=2787, regioncalls=111440, ndraw=40, logz=-842.68, remainder_fraction=100.0000%, Lmin=-836.88, Lmax=-99.07
23:32:22 [ultranest] [DEBUG] iteration=1625, ncalls=2790, regioncalls=111560, ndraw=40, logz=-842.61, remainder_fraction=100.0000%, Lmin=-836.80, Lmax=-99.07
23:32:22 [ultranest] [DEBUG] iteration=1627, ncalls=2795, regioncalls=111760, ndraw=40, logz=-842.47, remainder_fraction=100.0000%, Lmin=-836.78, Lmax=-99.07
23:32:22 [ultranest] [DEBUG] iteration=1628, ncalls=2800, regioncalls=111960, ndraw=40, logz=-842.40, remainder_fraction=100.0000%, Lmin=-836.74, Lmax=-99.07
23:32:22 [ultranest] [DEBUG] iteration=1629, ncalls=2803, regioncalls=112080, ndraw=40, logz=-842.34, remainder_fraction=100.0000%, Lmin=-836.57, Lmax=-99.07
23:32:22 [ultranest] [DEBUG] iteration=1631, ncalls=2807, regioncalls=112240, ndraw=40, logz=-842.20, remainder_fraction=100.0000%, Lmin=-836.42, Lmax=-99.07
23:32:22 [ultranest] [DEBUG] iteration=1632, ncalls=2809, regioncalls=112320, ndraw=40, logz=-842.13, remainder_fraction=100.0000%, Lmin=-836.24, Lmax=-99.07
23:32:23 [ultranest] [DEBUG] iteration=1633, ncalls=2812, regioncalls=112440, ndraw=40, logz=-842.05, remainder_fraction=100.0000%, Lmin=-836.22, Lmax=-99.07
23:32:23 [ultranest] [DEBUG] iteration=1635, ncalls=2815, regioncalls=112560, ndraw=40, logz=-841.90, remainder_fraction=100.0000%, Lmin=-836.01, Lmax=-99.07
23:32:23 [ultranest] [DEBUG] iteration=1636, ncalls=2821, regioncalls=112800, ndraw=40, logz=-841.82, remainder_fraction=100.0000%, Lmin=-835.99, Lmax=-99.07
23:32:24 [ultranest] [DEBUG] iteration=1637, ncalls=2831, regioncalls=113200, ndraw=40, logz=-841.75, remainder_fraction=100.0000%, Lmin=-835.97, Lmax=-99.07
23:32:24 [ultranest] [DEBUG] iteration=1638, ncalls=2834, regioncalls=113320, ndraw=40, logz=-841.68, remainder_fraction=100.0000%, Lmin=-835.93, Lmax=-99.07
23:32:24 [ultranest] [DEBUG] iteration=1641, ncalls=2844, regioncalls=113720, ndraw=40, logz=-841.48, remainder_fraction=100.0000%, Lmin=-835.88, Lmax=-99.07
23:32:24 [ultranest] [DEBUG] iteration=1645, ncalls=2850, regioncalls=113960, ndraw=40, logz=-841.26, remainder_fraction=100.0000%, Lmin=-835.79, Lmax=-99.07
23:32:24 [ultranest] [DEBUG] iteration=1648, ncalls=2853, regioncalls=114080, ndraw=40, logz=-841.11, remainder_fraction=100.0000%, Lmin=-835.67, Lmax=-99.07
23:32:24 [ultranest] [DEBUG] iteration=1650, ncalls=2857, regioncalls=114240, ndraw=40, logz=-841.01, remainder_fraction=100.0000%, Lmin=-835.60, Lmax=-99.07
23:32:25 [ultranest] [DEBUG] iteration=1653, ncalls=2865, regioncalls=114560, ndraw=40, logz=-840.86, remainder_fraction=100.0000%, Lmin=-835.35, Lmax=-99.07
23:32:25 [ultranest] [DEBUG] iteration=1654, ncalls=2866, regioncalls=114600, ndraw=40, logz=-840.80, remainder_fraction=100.0000%, Lmin=-835.35, Lmax=-99.07
23:32:25 [ultranest] [DEBUG] iteration=1656, ncalls=2869, regioncalls=114720, ndraw=40, logz=-840.70, remainder_fraction=100.0000%, Lmin=-835.23, Lmax=-99.07
23:32:25 [ultranest] [DEBUG] iteration=1657, ncalls=2872, regioncalls=114840, ndraw=40, logz=-840.65, remainder_fraction=100.0000%, Lmin=-835.22, Lmax=-99.07
23:32:25 [ultranest] [DEBUG] iteration=1658, ncalls=2878, regioncalls=115080, ndraw=40, logz=-840.60, remainder_fraction=100.0000%, Lmin=-835.03, Lmax=-99.07
23:32:25 [ultranest] [DEBUG] iteration=1659, ncalls=2882, regioncalls=115240, ndraw=40, logz=-840.54, remainder_fraction=100.0000%, Lmin=-834.98, Lmax=-99.07
23:32:26 [ultranest] [DEBUG] iteration=1661, ncalls=2890, regioncalls=115560, ndraw=40, logz=-840.43, remainder_fraction=100.0000%, Lmin=-834.84, Lmax=-99.07
23:32:26 [ultranest] [DEBUG] iteration=1665, ncalls=2901, regioncalls=116000, ndraw=40, logz=-840.20, remainder_fraction=100.0000%, Lmin=-834.61, Lmax=-99.07
23:32:26 [ultranest] [DEBUG] iteration=1668, ncalls=2906, regioncalls=116200, ndraw=40, logz=-840.03, remainder_fraction=100.0000%, Lmin=-834.45, Lmax=-99.07
23:32:26 [ultranest] [DEBUG] iteration=1669, ncalls=2910, regioncalls=116360, ndraw=40, logz=-839.97, remainder_fraction=100.0000%, Lmin=-834.30, Lmax=-99.07
23:32:26 [ultranest] [DEBUG] iteration=1670, ncalls=2918, regioncalls=116680, ndraw=40, logz=-839.91, remainder_fraction=100.0000%, Lmin=-834.27, Lmax=-99.07
23:32:27 [ultranest] [DEBUG] iteration=1672, ncalls=2921, regioncalls=116800, ndraw=40, logz=-839.79, remainder_fraction=100.0000%, Lmin=-834.11, Lmax=-99.07
23:32:27 [ultranest] [DEBUG] iteration=1675, ncalls=2926, regioncalls=117000, ndraw=40, logz=-839.60, remainder_fraction=100.0000%, Lmin=-833.87, Lmax=-99.07
23:32:27 [ultranest] [DEBUG] iteration=1676, ncalls=2928, regioncalls=117080, ndraw=40, logz=-839.53, remainder_fraction=100.0000%, Lmin=-833.86, Lmax=-99.07
23:32:27 [ultranest] [DEBUG] iteration=1678, ncalls=2940, regioncalls=117560, ndraw=40, logz=-839.41, remainder_fraction=100.0000%, Lmin=-833.81, Lmax=-99.07
23:32:27 [ultranest] [DEBUG] iteration=1680, ncalls=2946, regioncalls=117800, ndraw=40, logz=-839.30, remainder_fraction=100.0000%, Lmin=-833.68, Lmax=-99.07
23:32:28 [ultranest] [DEBUG] iteration=1682, ncalls=2953, regioncalls=118080, ndraw=40, logz=-839.17, remainder_fraction=100.0000%, Lmin=-833.47, Lmax=-99.07
23:32:28 [ultranest] [DEBUG] iteration=1683, ncalls=2958, regioncalls=118280, ndraw=40, logz=-839.11, remainder_fraction=100.0000%, Lmin=-833.44, Lmax=-99.07
23:32:28 [ultranest] [DEBUG] iteration=1687, ncalls=2963, regioncalls=118480, ndraw=40, logz=-838.86, remainder_fraction=100.0000%, Lmin=-833.14, Lmax=-99.07
23:32:28 [ultranest] [DEBUG] iteration=1688, ncalls=2968, regioncalls=118680, ndraw=40, logz=-838.80, remainder_fraction=100.0000%, Lmin=-833.10, Lmax=-99.07
23:32:28 [ultranest] [DEBUG] iteration=1690, ncalls=2972, regioncalls=118840, ndraw=40, logz=-838.67, remainder_fraction=100.0000%, Lmin=-833.00, Lmax=-99.07
23:32:28 [ultranest] [DEBUG] iteration=1691, ncalls=2973, regioncalls=118880, ndraw=40, logz=-838.61, remainder_fraction=100.0000%, Lmin=-832.98, Lmax=-99.07
23:32:29 [ultranest] [DEBUG] iteration=1692, ncalls=2981, regioncalls=119200, ndraw=40, logz=-838.55, remainder_fraction=100.0000%, Lmin=-832.88, Lmax=-99.07
23:32:29 [ultranest] [DEBUG] iteration=1693, ncalls=2987, regioncalls=119440, ndraw=40, logz=-838.49, remainder_fraction=100.0000%, Lmin=-832.86, Lmax=-99.07
23:32:29 [ultranest] [DEBUG] iteration=1696, ncalls=2990, regioncalls=119560, ndraw=40, logz=-838.32, remainder_fraction=100.0000%, Lmin=-832.77, Lmax=-99.07
23:32:29 [ultranest] [DEBUG] iteration=1698, ncalls=2995, regioncalls=119760, ndraw=40, logz=-838.21, remainder_fraction=100.0000%, Lmin=-832.72, Lmax=-99.07
23:32:29 [ultranest] [DEBUG] iteration=1700, ncalls=3001, regioncalls=120000, ndraw=40, logz=-838.10, remainder_fraction=100.0000%, Lmin=-832.59, Lmax=-99.07
23:32:30 [ultranest] [DEBUG] iteration=1702, ncalls=3012, regioncalls=120440, ndraw=40, logz=-838.00, remainder_fraction=100.0000%, Lmin=-832.39, Lmax=-99.07
23:32:30 [ultranest] [DEBUG] iteration=1704, ncalls=3015, regioncalls=120560, ndraw=40, logz=-837.88, remainder_fraction=100.0000%, Lmin=-832.09, Lmax=-99.07
23:32:30 [ultranest] [DEBUG] iteration=1705, ncalls=3022, regioncalls=120840, ndraw=40, logz=-837.81, remainder_fraction=100.0000%, Lmin=-832.04, Lmax=-99.07
23:32:31 [ultranest] [DEBUG] iteration=1706, ncalls=3025, regioncalls=120960, ndraw=40, logz=-837.74, remainder_fraction=100.0000%, Lmin=-832.02, Lmax=-99.07
23:32:31 [ultranest] [DEBUG] iteration=1707, ncalls=3027, regioncalls=121040, ndraw=40, logz=-837.68, remainder_fraction=100.0000%, Lmin=-831.98, Lmax=-99.07
23:32:31 [ultranest] [DEBUG] iteration=1710, ncalls=3041, regioncalls=121600, ndraw=40, logz=-837.50, remainder_fraction=100.0000%, Lmin=-831.93, Lmax=-99.07
23:32:31 [ultranest] [DEBUG] iteration=1714, ncalls=3047, regioncalls=121840, ndraw=40, logz=-837.27, remainder_fraction=100.0000%, Lmin=-831.65, Lmax=-99.07
23:32:31 [ultranest] [DEBUG] iteration=1718, ncalls=3056, regioncalls=122200, ndraw=40, logz=-837.05, remainder_fraction=100.0000%, Lmin=-831.50, Lmax=-99.07
23:32:31 [ultranest] [DEBUG] iteration=1722, ncalls=3063, regioncalls=122480, ndraw=40, logz=-836.83, remainder_fraction=100.0000%, Lmin=-831.30, Lmax=-99.07
23:32:31 [ultranest] [DEBUG] iteration=1727, ncalls=3074, regioncalls=122920, ndraw=40, logz=-836.58, remainder_fraction=100.0000%, Lmin=-831.11, Lmax=-99.07
23:32:31 [ultranest] [DEBUG] iteration=1730, ncalls=3080, regioncalls=123160, ndraw=40, logz=-836.43, remainder_fraction=100.0000%, Lmin=-830.92, Lmax=-99.07
23:32:32 [ultranest] [DEBUG] iteration=1731, ncalls=3083, regioncalls=123280, ndraw=40, logz=-836.38, remainder_fraction=100.0000%, Lmin=-830.89, Lmax=-99.07
23:32:32 [ultranest] [DEBUG] iteration=1733, ncalls=3088, regioncalls=123480, ndraw=40, logz=-836.28, remainder_fraction=100.0000%, Lmin=-830.78, Lmax=-99.07
23:32:32 [ultranest] [DEBUG] iteration=1734, ncalls=3091, regioncalls=123600, ndraw=40, logz=-836.23, remainder_fraction=100.0000%, Lmin=-830.73, Lmax=-99.07
23:32:32 [ultranest] [DEBUG] iteration=1736, ncalls=3094, regioncalls=123720, ndraw=40, logz=-836.12, remainder_fraction=100.0000%, Lmin=-830.40, Lmax=-99.07
23:32:32 [ultranest] [DEBUG] iteration=1738, ncalls=3098, regioncalls=123880, ndraw=40, logz=-836.00, remainder_fraction=100.0000%, Lmin=-830.05, Lmax=-99.07
23:32:32 [ultranest] [DEBUG] iteration=1739, ncalls=3103, regioncalls=124080, ndraw=40, logz=-835.92, remainder_fraction=100.0000%, Lmin=-829.98, Lmax=-99.07
23:32:33 [ultranest] [DEBUG] iteration=1740, ncalls=3112, regioncalls=124440, ndraw=40, logz=-835.84, remainder_fraction=100.0000%, Lmin=-829.88, Lmax=-99.07
23:32:33 [ultranest] [DEBUG] iteration=1743, ncalls=3118, regioncalls=124680, ndraw=40, logz=-835.61, remainder_fraction=100.0000%, Lmin=-829.69, Lmax=-99.07
23:32:33 [ultranest] [DEBUG] iteration=1744, ncalls=3125, regioncalls=124960, ndraw=40, logz=-835.53, remainder_fraction=100.0000%, Lmin=-829.63, Lmax=-99.07
23:32:33 [ultranest] [DEBUG] iteration=1745, ncalls=3130, regioncalls=125160, ndraw=40, logz=-835.46, remainder_fraction=100.0000%, Lmin=-829.62, Lmax=-99.07
23:32:33 [ultranest] [DEBUG] iteration=1747, ncalls=3135, regioncalls=125360, ndraw=40, logz=-835.32, remainder_fraction=100.0000%, Lmin=-829.53, Lmax=-99.07
23:32:34 [ultranest] [DEBUG] iteration=1748, ncalls=3137, regioncalls=125440, ndraw=40, logz=-835.26, remainder_fraction=100.0000%, Lmin=-829.50, Lmax=-99.07
23:32:34 [ultranest] [DEBUG] iteration=1749, ncalls=3140, regioncalls=125560, ndraw=40, logz=-835.19, remainder_fraction=100.0000%, Lmin=-829.47, Lmax=-99.07
23:32:34 [ultranest] [DEBUG] iteration=1751, ncalls=3144, regioncalls=125720, ndraw=40, logz=-835.07, remainder_fraction=100.0000%, Lmin=-829.42, Lmax=-99.07
23:32:34 [ultranest] [DEBUG] iteration=1754, ncalls=3149, regioncalls=125920, ndraw=40, logz=-834.90, remainder_fraction=100.0000%, Lmin=-829.24, Lmax=-99.07
23:32:34 [ultranest] [DEBUG] iteration=1755, ncalls=3154, regioncalls=126120, ndraw=40, logz=-834.84, remainder_fraction=100.0000%, Lmin=-829.20, Lmax=-99.07
23:32:34 [ultranest] [DEBUG] iteration=1756, ncalls=3158, regioncalls=126280, ndraw=40, logz=-834.78, remainder_fraction=100.0000%, Lmin=-829.19, Lmax=-99.07
23:32:34 [ultranest] [DEBUG] iteration=1758, ncalls=3162, regioncalls=126440, ndraw=40, logz=-834.68, remainder_fraction=100.0000%, Lmin=-829.18, Lmax=-99.07
23:32:35 [ultranest] [DEBUG] iteration=1760, ncalls=3171, regioncalls=126800, ndraw=40, logz=-834.58, remainder_fraction=100.0000%, Lmin=-829.17, Lmax=-99.07
23:32:35 [ultranest] [DEBUG] iteration=1763, ncalls=3175, regioncalls=126960, ndraw=40, logz=-834.45, remainder_fraction=100.0000%, Lmin=-829.11, Lmax=-99.07
23:32:35 [ultranest] [DEBUG] iteration=1764, ncalls=3181, regioncalls=127200, ndraw=40, logz=-834.40, remainder_fraction=100.0000%, Lmin=-829.04, Lmax=-99.07
23:32:35 [ultranest] [DEBUG] iteration=1765, ncalls=3188, regioncalls=127480, ndraw=40, logz=-834.36, remainder_fraction=100.0000%, Lmin=-829.00, Lmax=-99.07
23:32:36 [ultranest] [DEBUG] iteration=1766, ncalls=3195, regioncalls=127760, ndraw=40, logz=-834.32, remainder_fraction=100.0000%, Lmin=-828.98, Lmax=-99.07
23:32:36 [ultranest] [DEBUG] iteration=1767, ncalls=3203, regioncalls=128080, ndraw=40, logz=-834.27, remainder_fraction=100.0000%, Lmin=-828.96, Lmax=-99.07
23:32:36 [ultranest] [DEBUG] iteration=1768, ncalls=3206, regioncalls=128200, ndraw=40, logz=-834.23, remainder_fraction=100.0000%, Lmin=-828.93, Lmax=-99.07
23:32:36 [ultranest] [DEBUG] iteration=1770, ncalls=3212, regioncalls=128440, ndraw=40, logz=-834.15, remainder_fraction=100.0000%, Lmin=-828.76, Lmax=-99.07
23:32:36 [ultranest] [DEBUG] iteration=1771, ncalls=3218, regioncalls=128680, ndraw=40, logz=-834.10, remainder_fraction=100.0000%, Lmin=-828.75, Lmax=-99.07
23:32:37 [ultranest] [DEBUG] iteration=1772, ncalls=3220, regioncalls=128760, ndraw=40, logz=-834.06, remainder_fraction=100.0000%, Lmin=-828.72, Lmax=-99.07
23:32:37 [ultranest] [DEBUG] iteration=1773, ncalls=3227, regioncalls=129040, ndraw=40, logz=-834.02, remainder_fraction=100.0000%, Lmin=-828.70, Lmax=-99.07
23:32:37 [ultranest] [DEBUG] iteration=1774, ncalls=3230, regioncalls=129160, ndraw=40, logz=-833.98, remainder_fraction=100.0000%, Lmin=-828.66, Lmax=-99.07
23:32:37 [ultranest] [DEBUG] iteration=1776, ncalls=3242, regioncalls=129640, ndraw=40, logz=-833.89, remainder_fraction=100.0000%, Lmin=-828.41, Lmax=-99.07
23:32:38 [ultranest] [DEBUG] iteration=1778, ncalls=3251, regioncalls=130000, ndraw=40, logz=-833.79, remainder_fraction=100.0000%, Lmin=-828.27, Lmax=-99.07
23:32:38 [ultranest] [DEBUG] iteration=1780, ncalls=3256, regioncalls=130200, ndraw=40, logz=-833.69, remainder_fraction=100.0000%, Lmin=-828.14, Lmax=-99.07
23:32:38 [ultranest] [DEBUG] iteration=1782, ncalls=3261, regioncalls=130400, ndraw=40, logz=-833.59, remainder_fraction=100.0000%, Lmin=-827.99, Lmax=-99.07
23:32:38 [ultranest] [DEBUG] iteration=1785, ncalls=3267, regioncalls=130640, ndraw=40, logz=-833.42, remainder_fraction=100.0000%, Lmin=-827.77, Lmax=-99.07
23:32:39 [ultranest] [DEBUG] iteration=1788, ncalls=3273, regioncalls=130880, ndraw=40, logz=-833.25, remainder_fraction=100.0000%, Lmin=-827.66, Lmax=-99.07
23:32:39 [ultranest] [DEBUG] iteration=1790, ncalls=3278, regioncalls=131080, ndraw=40, logz=-833.15, remainder_fraction=100.0000%, Lmin=-827.56, Lmax=-99.07
23:32:39 [ultranest] [DEBUG] iteration=1792, ncalls=3282, regioncalls=131240, ndraw=40, logz=-833.04, remainder_fraction=100.0000%, Lmin=-827.41, Lmax=-99.07
23:32:40 [ultranest] [DEBUG] iteration=1793, ncalls=3296, regioncalls=131800, ndraw=40, logz=-832.98, remainder_fraction=100.0000%, Lmin=-827.35, Lmax=-99.07
23:32:40 [ultranest] [DEBUG] iteration=1795, ncalls=3299, regioncalls=131920, ndraw=40, logz=-832.87, remainder_fraction=100.0000%, Lmin=-827.25, Lmax=-99.07
23:32:40 [ultranest] [DEBUG] iteration=1797, ncalls=3304, regioncalls=132120, ndraw=40, logz=-832.76, remainder_fraction=100.0000%, Lmin=-827.13, Lmax=-99.07
23:32:40 [ultranest] [DEBUG] iteration=1799, ncalls=3309, regioncalls=132320, ndraw=40, logz=-832.65, remainder_fraction=100.0000%, Lmin=-827.10, Lmax=-99.07
23:32:40 [ultranest] [DEBUG] iteration=1803, ncalls=3315, regioncalls=132560, ndraw=40, logz=-832.45, remainder_fraction=100.0000%, Lmin=-826.93, Lmax=-99.07
23:32:40 [ultranest] [DEBUG] iteration=1804, ncalls=3320, regioncalls=132760, ndraw=40, logz=-832.40, remainder_fraction=100.0000%, Lmin=-826.85, Lmax=-99.07
23:32:41 [ultranest] [DEBUG] iteration=1806, ncalls=3324, regioncalls=132920, ndraw=40, logz=-832.30, remainder_fraction=100.0000%, Lmin=-826.78, Lmax=-99.07
23:32:41 [ultranest] [DEBUG] iteration=1809, ncalls=3329, regioncalls=133120, ndraw=40, logz=-832.16, remainder_fraction=100.0000%, Lmin=-826.63, Lmax=-99.07
23:32:41 [ultranest] [DEBUG] iteration=1810, ncalls=3332, regioncalls=133240, ndraw=40, logz=-832.11, remainder_fraction=100.0000%, Lmin=-826.63, Lmax=-99.07
23:32:41 [ultranest] [DEBUG] iteration=1812, ncalls=3335, regioncalls=133360, ndraw=40, logz=-832.01, remainder_fraction=100.0000%, Lmin=-826.62, Lmax=-99.07
23:32:41 [ultranest] [DEBUG] iteration=1813, ncalls=3336, regioncalls=133400, ndraw=40, logz=-831.97, remainder_fraction=100.0000%, Lmin=-826.59, Lmax=-99.07
23:32:41 [ultranest] [DEBUG] iteration=1815, ncalls=3341, regioncalls=133600, ndraw=40, logz=-831.89, remainder_fraction=100.0000%, Lmin=-826.52, Lmax=-99.07
23:32:42 [ultranest] [DEBUG] iteration=1816, ncalls=3345, regioncalls=133760, ndraw=40, logz=-831.84, remainder_fraction=100.0000%, Lmin=-826.49, Lmax=-99.07
23:32:42 [ultranest] [DEBUG] iteration=1817, ncalls=3347, regioncalls=133840, ndraw=40, logz=-831.80, remainder_fraction=100.0000%, Lmin=-826.46, Lmax=-99.07
23:32:42 [ultranest] [DEBUG] iteration=1820, ncalls=3356, regioncalls=134200, ndraw=40, logz=-831.68, remainder_fraction=100.0000%, Lmin=-826.37, Lmax=-99.07
23:32:42 [ultranest] [DEBUG] iteration=1821, ncalls=3357, regioncalls=134240, ndraw=40, logz=-831.64, remainder_fraction=100.0000%, Lmin=-826.36, Lmax=-99.07
09:29:35 [ultranest] [DEBUG] ReactiveNestedSampler: dims=8+0, resume=True, log_dir=/home/ljy/BettiCurveCosmo/Emulator/model-fof-rsdz/mcmc_result/nwLH-Recovery/30/combined, backend=hdf5, vectorized=False, nbootstraps=30, ndraw=128..65536
09:29:36 [ultranest] [DEBUG] Testing resume consistency: [-8.27601413e+02 -7.74313972e+02  0.00000000e+00  4.95305164e-01
  6.62212084e-01  3.02514971e-02  3.49812455e-01  9.27995876e-01
  8.17111519e-01  5.95767822e-01  7.59212774e-01  2.98122065e-01
  5.64884834e-02  5.12100599e-01  9.39924982e-01  9.71198350e-01
  8.17111519e-01 -9.42539307e-01  7.59212774e+01]: u=[0.49530516 0.66221208 0.0302515  0.34981245 0.92799588 0.81711152
 0.59576782 0.75921277] -> p=[ 2.98122065e-01  5.64884834e-02  5.12100599e-01  9.39924982e-01
  9.71198350e-01  8.17111519e-01 -9.42539307e-01  7.59212774e+01] -> L=-774.3139716217928 
09:29:36 [ultranest] [INFO] Resuming from 3390 stored points
09:29:36 [ultranest] [DEBUG] run_iter dlogz=0.5, dKL=0.5, frac_remain=0.10, Lepsilon=0.0010, min_ess=400
09:29:36 [ultranest] [DEBUG] max_iters=-1, max_ncalls=-1, max_num_improvement_loops=-1, min_num_live_points=1600, cluster_num_live_points=40
09:29:36 [ultranest] [DEBUG] minimal_widths_sequence: [(-inf, 1600.0), (inf, 1600.0)]
09:29:37 [ultranest] [DEBUG] iteration=0, ncalls=3275, regioncalls=0, ndraw=40, logz=-inf, remainder_fraction=100.0000%, Lmin=-43469.37, Lmax=-99.07
09:29:37 [ultranest] [DEBUG] iteration=32, ncalls=3275, regioncalls=0, ndraw=40, logz=-12223.46, remainder_fraction=100.0000%, Lmin=-11839.44, Lmax=-99.07
09:29:37 [ultranest] [DEBUG] iteration=64, ncalls=3275, regioncalls=0, ndraw=40, logz=-5640.23, remainder_fraction=100.0000%, Lmin=-5564.76, Lmax=-99.07
09:29:37 [ultranest] [DEBUG] iteration=97, ncalls=3275, regioncalls=0, ndraw=40, logz=-3948.64, remainder_fraction=100.0000%, Lmin=-3849.72, Lmax=-99.07
09:29:37 [ultranest] [DEBUG] iteration=130, ncalls=3275, regioncalls=0, ndraw=40, logz=-3051.78, remainder_fraction=100.0000%, Lmin=-3030.43, Lmax=-99.07
09:29:37 [ultranest] [DEBUG] iteration=160, ncalls=3275, regioncalls=0, ndraw=40, logz=-2611.05, remainder_fraction=100.0000%, Lmin=-2603.59, Lmax=-99.07
09:29:37 [ultranest] [DEBUG] iteration=193, ncalls=3275, regioncalls=0, ndraw=40, logz=-2272.94, remainder_fraction=100.0000%, Lmin=-2265.00, Lmax=-99.07
09:29:38 [ultranest] [DEBUG] iteration=226, ncalls=3275, regioncalls=0, ndraw=40, logz=-2010.25, remainder_fraction=100.0000%, Lmin=-2001.87, Lmax=-99.07
09:29:38 [ultranest] [DEBUG] iteration=259, ncalls=3275, regioncalls=0, ndraw=40, logz=-1887.51, remainder_fraction=100.0000%, Lmin=-1880.19, Lmax=-99.07
09:29:38 [ultranest] [DEBUG] iteration=293, ncalls=3275, regioncalls=0, ndraw=40, logz=-1769.55, remainder_fraction=100.0000%, Lmin=-1761.66, Lmax=-99.07
09:29:38 [ultranest] [DEBUG] iteration=320, ncalls=3275, regioncalls=0, ndraw=40, logz=-1675.21, remainder_fraction=100.0000%, Lmin=-1663.40, Lmax=-99.07
09:29:38 [ultranest] [DEBUG] iteration=354, ncalls=3275, regioncalls=0, ndraw=40, logz=-1580.68, remainder_fraction=100.0000%, Lmin=-1572.03, Lmax=-99.07
09:29:38 [ultranest] [DEBUG] iteration=358, ncalls=3275, regioncalls=0, ndraw=40, logz=-1564.42, remainder_fraction=100.0000%, Lmin=-1551.33, Lmax=-99.07
09:29:38 [ultranest] [DEBUG] iteration=392, ncalls=3275, regioncalls=0, ndraw=40, logz=-1473.07, remainder_fraction=100.0000%, Lmin=-1465.31, Lmax=-99.07
09:29:38 [ultranest] [DEBUG] iteration=426, ncalls=3275, regioncalls=0, ndraw=40, logz=-1420.28, remainder_fraction=100.0000%, Lmin=-1410.79, Lmax=-99.07
09:29:39 [ultranest] [DEBUG] iteration=460, ncalls=3275, regioncalls=0, ndraw=40, logz=-1360.46, remainder_fraction=100.0000%, Lmin=-1351.14, Lmax=-99.07
09:29:39 [ultranest] [DEBUG] iteration=480, ncalls=3275, regioncalls=0, ndraw=40, logz=-1340.68, remainder_fraction=100.0000%, Lmin=-1332.21, Lmax=-99.07
09:29:39 [ultranest] [DEBUG] iteration=515, ncalls=3275, regioncalls=0, ndraw=40, logz=-1289.01, remainder_fraction=100.0000%, Lmin=-1281.51, Lmax=-99.07
09:29:39 [ultranest] [DEBUG] iteration=550, ncalls=3275, regioncalls=0, ndraw=40, logz=-1249.19, remainder_fraction=100.0000%, Lmin=-1242.36, Lmax=-99.07
09:29:39 [ultranest] [DEBUG] iteration=585, ncalls=3275, regioncalls=0, ndraw=40, logz=-1202.04, remainder_fraction=100.0000%, Lmin=-1194.51, Lmax=-99.07
09:29:39 [ultranest] [DEBUG] iteration=620, ncalls=3275, regioncalls=0, ndraw=40, logz=-1161.93, remainder_fraction=100.0000%, Lmin=-1151.25, Lmax=-99.07
09:29:39 [ultranest] [DEBUG] iteration=640, ncalls=3275, regioncalls=0, ndraw=40, logz=-1138.35, remainder_fraction=100.0000%, Lmin=-1130.48, Lmax=-99.07
09:29:39 [ultranest] [DEBUG] iteration=675, ncalls=3275, regioncalls=0, ndraw=40, logz=-1111.46, remainder_fraction=100.0000%, Lmin=-1103.99, Lmax=-99.07
09:29:39 [ultranest] [DEBUG] iteration=710, ncalls=3275, regioncalls=0, ndraw=40, logz=-1082.68, remainder_fraction=100.0000%, Lmin=-1075.23, Lmax=-99.07
09:29:40 [ultranest] [DEBUG] iteration=716, ncalls=3275, regioncalls=0, ndraw=40, logz=-1080.37, remainder_fraction=100.0000%, Lmin=-1072.80, Lmax=-99.07
09:29:40 [ultranest] [DEBUG] iteration=750, ncalls=3275, regioncalls=0, ndraw=40, logz=-1058.28, remainder_fraction=100.0000%, Lmin=-1048.96, Lmax=-99.07
09:29:40 [ultranest] [DEBUG] iteration=785, ncalls=3275, regioncalls=0, ndraw=40, logz=-1039.68, remainder_fraction=100.0000%, Lmin=-1031.52, Lmax=-99.07
09:29:40 [ultranest] [DEBUG] iteration=800, ncalls=3275, regioncalls=0, ndraw=40, logz=-1030.58, remainder_fraction=100.0000%, Lmin=-1023.62, Lmax=-99.07
09:29:40 [ultranest] [DEBUG] iteration=835, ncalls=3275, regioncalls=0, ndraw=40, logz=-1013.44, remainder_fraction=100.0000%, Lmin=-1006.42, Lmax=-99.07
09:29:40 [ultranest] [DEBUG] iteration=870, ncalls=3275, regioncalls=0, ndraw=40, logz=-992.97, remainder_fraction=100.0000%, Lmin=-985.55, Lmax=-99.07
09:29:40 [ultranest] [DEBUG] iteration=903, ncalls=3275, regioncalls=0, ndraw=40, logz=-979.35, remainder_fraction=100.0000%, Lmin=-972.51, Lmax=-99.07
09:29:40 [ultranest] [DEBUG] iteration=937, ncalls=3275, regioncalls=0, ndraw=40, logz=-969.91, remainder_fraction=100.0000%, Lmin=-963.52, Lmax=-99.07
09:29:40 [ultranest] [DEBUG] iteration=960, ncalls=3275, regioncalls=0, ndraw=40, logz=-959.62, remainder_fraction=100.0000%, Lmin=-952.47, Lmax=-99.07
09:29:40 [ultranest] [DEBUG] iteration=995, ncalls=3275, regioncalls=0, ndraw=40, logz=-947.55, remainder_fraction=100.0000%, Lmin=-940.26, Lmax=-99.07
09:29:41 [ultranest] [DEBUG] iteration=1037, ncalls=3275, regioncalls=0, ndraw=40, logz=-935.86, remainder_fraction=100.0000%, Lmin=-929.44, Lmax=-99.07
09:29:41 [ultranest] [DEBUG] iteration=1074, ncalls=3275, regioncalls=0, ndraw=40, logz=-925.92, remainder_fraction=100.0000%, Lmin=-919.00, Lmax=-99.07
09:29:41 [ultranest] [DEBUG] iteration=1120, ncalls=3275, regioncalls=0, ndraw=40, logz=-913.92, remainder_fraction=100.0000%, Lmin=-906.53, Lmax=-99.07
09:29:41 [ultranest] [DEBUG] iteration=1169, ncalls=3275, regioncalls=0, ndraw=40, logz=-901.51, remainder_fraction=100.0000%, Lmin=-895.12, Lmax=-99.07
09:29:41 [ultranest] [DEBUG] iteration=1218, ncalls=3275, regioncalls=0, ndraw=40, logz=-894.18, remainder_fraction=100.0000%, Lmin=-887.95, Lmax=-99.07
09:29:41 [ultranest] [DEBUG] iteration=1267, ncalls=3275, regioncalls=0, ndraw=40, logz=-885.62, remainder_fraction=100.0000%, Lmin=-879.50, Lmax=-99.07
09:29:41 [ultranest] [DEBUG] iteration=1280, ncalls=3275, regioncalls=0, ndraw=40, logz=-883.08, remainder_fraction=100.0000%, Lmin=-876.37, Lmax=-99.07
09:29:41 [ultranest] [DEBUG] iteration=1316, ncalls=3275, regioncalls=0, ndraw=40, logz=-875.62, remainder_fraction=100.0000%, Lmin=-869.82, Lmax=-99.07
09:29:41 [ultranest] [DEBUG] iteration=1352, ncalls=3275, regioncalls=0, ndraw=40, logz=-870.90, remainder_fraction=100.0000%, Lmin=-864.81, Lmax=-99.07
09:29:42 [ultranest] [DEBUG] iteration=1388, ncalls=3275, regioncalls=0, ndraw=40, logz=-866.85, remainder_fraction=100.0000%, Lmin=-860.85, Lmax=-99.07
09:29:42 [ultranest] [DEBUG] iteration=1424, ncalls=3275, regioncalls=0, ndraw=40, logz=-862.83, remainder_fraction=100.0000%, Lmin=-856.89, Lmax=-99.07
09:29:42 [ultranest] [DEBUG] iteration=1432, ncalls=3275, regioncalls=0, ndraw=40, logz=-861.99, remainder_fraction=100.0000%, Lmin=-856.03, Lmax=-99.07
09:29:42 [ultranest] [DEBUG] iteration=1440, ncalls=3275, regioncalls=0, ndraw=40, logz=-861.23, remainder_fraction=100.0000%, Lmin=-855.31, Lmax=-99.07
09:29:42 [ultranest] [DEBUG] iteration=1490, ncalls=3275, regioncalls=0, ndraw=40, logz=-854.58, remainder_fraction=100.0000%, Lmin=-848.35, Lmax=-99.07
09:29:42 [ultranest] [DEBUG] iteration=1532, ncalls=3275, regioncalls=0, ndraw=40, logz=-850.27, remainder_fraction=100.0000%, Lmin=-844.27, Lmax=-99.07
09:29:42 [ultranest] [DEBUG] iteration=1568, ncalls=3275, regioncalls=0, ndraw=40, logz=-847.57, remainder_fraction=100.0000%, Lmin=-841.78, Lmax=-99.07
09:29:42 [ultranest] [DEBUG] iteration=1600, ncalls=3275, regioncalls=0, ndraw=40, logz=-844.70, remainder_fraction=100.0000%, Lmin=-838.46, Lmax=-99.07
09:29:42 [ultranest] [DEBUG] iteration=1636, ncalls=3275, regioncalls=0, ndraw=40, logz=-841.82, remainder_fraction=100.0000%, Lmin=-835.99, Lmax=-99.07
09:29:43 [ultranest] [DEBUG] iteration=1672, ncalls=3275, regioncalls=0, ndraw=40, logz=-839.79, remainder_fraction=100.0000%, Lmin=-834.11, Lmax=-99.07
09:29:43 [ultranest] [DEBUG] iteration=1708, ncalls=3275, regioncalls=0, ndraw=40, logz=-837.62, remainder_fraction=100.0000%, Lmin=-831.95, Lmax=-99.07
09:29:43 [ultranest] [DEBUG] iteration=1744, ncalls=3275, regioncalls=0, ndraw=40, logz=-835.53, remainder_fraction=100.0000%, Lmin=-829.63, Lmax=-99.07
09:29:43 [ultranest] [DEBUG] iteration=1760, ncalls=3275, regioncalls=0, ndraw=40, logz=-834.58, remainder_fraction=100.0000%, Lmin=-829.17, Lmax=-99.07
09:29:43 [ultranest] [DEBUG] iteration=1790, ncalls=3277, regioncalls=80, ndraw=40, logz=-833.15, remainder_fraction=100.0000%, Lmin=-827.56, Lmax=-99.07
09:29:43 [ultranest] [DEBUG] iteration=1793, ncalls=3285, regioncalls=400, ndraw=40, logz=-832.98, remainder_fraction=100.0000%, Lmin=-827.35, Lmax=-99.07
09:29:44 [ultranest] [DEBUG] iteration=1797, ncalls=3294, regioncalls=760, ndraw=40, logz=-832.76, remainder_fraction=100.0000%, Lmin=-827.13, Lmax=-99.07
09:29:44 [ultranest] [DEBUG] iteration=1800, ncalls=3304, regioncalls=1160, ndraw=40, logz=-832.60, remainder_fraction=100.0000%, Lmin=-827.06, Lmax=-99.07
09:29:44 [ultranest] [DEBUG] iteration=1804, ncalls=3313, regioncalls=1520, ndraw=40, logz=-832.40, remainder_fraction=100.0000%, Lmin=-826.85, Lmax=-99.07
09:29:44 [ultranest] [DEBUG] iteration=1806, ncalls=3322, regioncalls=1880, ndraw=40, logz=-832.30, remainder_fraction=100.0000%, Lmin=-826.78, Lmax=-99.07
09:29:44 [ultranest] [DEBUG] iteration=1809, ncalls=3331, regioncalls=2240, ndraw=40, logz=-832.16, remainder_fraction=100.0000%, Lmin=-826.63, Lmax=-99.07
09:29:44 [ultranest] [DEBUG] iteration=1813, ncalls=3342, regioncalls=2680, ndraw=40, logz=-831.97, remainder_fraction=100.0000%, Lmin=-826.59, Lmax=-99.07
09:29:44 [ultranest] [DEBUG] iteration=1816, ncalls=3352, regioncalls=3080, ndraw=40, logz=-831.84, remainder_fraction=100.0000%, Lmin=-826.49, Lmax=-99.07
09:29:44 [ultranest] [DEBUG] iteration=1819, ncalls=3361, regioncalls=3440, ndraw=40, logz=-831.72, remainder_fraction=100.0000%, Lmin=-826.43, Lmax=-99.07
09:29:44 [ultranest] [DEBUG] iteration=1821, ncalls=3375, regioncalls=4000, ndraw=40, logz=-831.64, remainder_fraction=100.0000%, Lmin=-826.36, Lmax=-99.07
09:29:45 [ultranest] [DEBUG] iteration=1824, ncalls=3385, regioncalls=4400, ndraw=40, logz=-831.53, remainder_fraction=100.0000%, Lmin=-826.28, Lmax=-99.07
09:29:45 [ultranest] [DEBUG] iteration=1826, ncalls=3397, regioncalls=4880, ndraw=40, logz=-831.45, remainder_fraction=100.0000%, Lmin=-826.25, Lmax=-99.07
09:29:45 [ultranest] [DEBUG] iteration=1829, ncalls=3409, regioncalls=5360, ndraw=40, logz=-831.34, remainder_fraction=100.0000%, Lmin=-826.06, Lmax=-99.07
09:29:45 [ultranest] [DEBUG] iteration=1832, ncalls=3419, regioncalls=5760, ndraw=40, logz=-831.23, remainder_fraction=100.0000%, Lmin=-826.01, Lmax=-99.07
09:29:45 [ultranest] [DEBUG] iteration=1835, ncalls=3429, regioncalls=6160, ndraw=40, logz=-831.12, remainder_fraction=100.0000%, Lmin=-825.86, Lmax=-99.07
09:29:45 [ultranest] [DEBUG] iteration=1837, ncalls=3440, regioncalls=6600, ndraw=40, logz=-831.05, remainder_fraction=100.0000%, Lmin=-825.81, Lmax=-99.07
09:29:45 [ultranest] [DEBUG] iteration=1840, ncalls=3455, regioncalls=7200, ndraw=40, logz=-830.94, remainder_fraction=100.0000%, Lmin=-825.79, Lmax=-99.07
09:29:45 [ultranest] [DEBUG] iteration=1842, ncalls=3464, regioncalls=7560, ndraw=40, logz=-830.87, remainder_fraction=100.0000%, Lmin=-825.75, Lmax=-99.07
09:29:46 [ultranest] [DEBUG] iteration=1849, ncalls=3472, regioncalls=7880, ndraw=40, logz=-830.64, remainder_fraction=100.0000%, Lmin=-825.54, Lmax=-99.07
09:29:46 [ultranest] [DEBUG] iteration=1851, ncalls=3489, regioncalls=8560, ndraw=40, logz=-830.58, remainder_fraction=100.0000%, Lmin=-825.48, Lmax=-99.07
09:29:46 [ultranest] [DEBUG] iteration=1856, ncalls=3498, regioncalls=8920, ndraw=40, logz=-830.42, remainder_fraction=100.0000%, Lmin=-825.35, Lmax=-99.07
09:29:46 [ultranest] [DEBUG] iteration=1859, ncalls=3509, regioncalls=9360, ndraw=40, logz=-830.33, remainder_fraction=100.0000%, Lmin=-825.23, Lmax=-97.50
09:29:46 [ultranest] [DEBUG] iteration=1861, ncalls=3518, regioncalls=9720, ndraw=40, logz=-830.27, remainder_fraction=100.0000%, Lmin=-825.23, Lmax=-97.50
09:29:46 [ultranest] [DEBUG] iteration=1864, ncalls=3527, regioncalls=10080, ndraw=40, logz=-830.18, remainder_fraction=100.0000%, Lmin=-825.12, Lmax=-97.50
09:29:46 [ultranest] [DEBUG] iteration=1869, ncalls=3536, regioncalls=10440, ndraw=40, logz=-830.03, remainder_fraction=100.0000%, Lmin=-825.06, Lmax=-97.50
09:29:46 [ultranest] [DEBUG] iteration=1872, ncalls=3545, regioncalls=10800, ndraw=40, logz=-829.95, remainder_fraction=100.0000%, Lmin=-824.94, Lmax=-97.50
09:29:47 [ultranest] [DEBUG] iteration=1874, ncalls=3554, regioncalls=11160, ndraw=40, logz=-829.89, remainder_fraction=100.0000%, Lmin=-824.91, Lmax=-97.50
09:29:47 [ultranest] [DEBUG] iteration=1878, ncalls=3567, regioncalls=11680, ndraw=40, logz=-829.78, remainder_fraction=100.0000%, Lmin=-824.76, Lmax=-97.50
09:29:47 [ultranest] [DEBUG] iteration=1883, ncalls=3578, regioncalls=12120, ndraw=40, logz=-829.64, remainder_fraction=100.0000%, Lmin=-824.66, Lmax=-97.50
09:29:47 [ultranest] [DEBUG] iteration=1887, ncalls=3587, regioncalls=12480, ndraw=40, logz=-829.53, remainder_fraction=100.0000%, Lmin=-824.61, Lmax=-97.50
09:29:47 [ultranest] [DEBUG] iteration=1890, ncalls=3599, regioncalls=12960, ndraw=40, logz=-829.45, remainder_fraction=100.0000%, Lmin=-824.60, Lmax=-97.50
09:29:47 [ultranest] [DEBUG] iteration=1893, ncalls=3608, regioncalls=13320, ndraw=40, logz=-829.38, remainder_fraction=100.0000%, Lmin=-824.47, Lmax=-97.50
09:29:47 [ultranest] [DEBUG] iteration=1896, ncalls=3632, regioncalls=14280, ndraw=40, logz=-829.30, remainder_fraction=100.0000%, Lmin=-824.37, Lmax=-97.50
09:29:48 [ultranest] [DEBUG] iteration=1900, ncalls=3642, regioncalls=14680, ndraw=40, logz=-829.20, remainder_fraction=100.0000%, Lmin=-824.32, Lmax=-97.50
09:29:48 [ultranest] [DEBUG] iteration=1901, ncalls=3655, regioncalls=15200, ndraw=40, logz=-829.17, remainder_fraction=100.0000%, Lmin=-824.29, Lmax=-97.50
09:29:48 [ultranest] [DEBUG] iteration=1906, ncalls=3663, regioncalls=15520, ndraw=40, logz=-829.05, remainder_fraction=100.0000%, Lmin=-824.20, Lmax=-97.50
09:29:48 [ultranest] [DEBUG] iteration=1909, ncalls=3675, regioncalls=16000, ndraw=40, logz=-828.98, remainder_fraction=100.0000%, Lmin=-824.10, Lmax=-97.50
09:29:48 [ultranest] [DEBUG] iteration=1913, ncalls=3691, regioncalls=16640, ndraw=40, logz=-828.88, remainder_fraction=100.0000%, Lmin=-823.95, Lmax=-97.50
09:29:48 [ultranest] [DEBUG] iteration=1915, ncalls=3704, regioncalls=17160, ndraw=40, logz=-828.82, remainder_fraction=100.0000%, Lmin=-823.82, Lmax=-97.50
09:29:48 [ultranest] [DEBUG] iteration=1919, ncalls=3714, regioncalls=17560, ndraw=40, logz=-828.71, remainder_fraction=100.0000%, Lmin=-823.74, Lmax=-97.50
09:29:48 [ultranest] [DEBUG] iteration=1920, ncalls=3715, regioncalls=17600, ndraw=40, logz=-828.69, remainder_fraction=100.0000%, Lmin=-823.72, Lmax=-97.50
09:29:48 [ultranest] [DEBUG] iteration=1923, ncalls=3726, regioncalls=18040, ndraw=40, logz=-828.61, remainder_fraction=100.0000%, Lmin=-823.68, Lmax=-97.50
09:29:49 [ultranest] [DEBUG] iteration=1927, ncalls=3737, regioncalls=18480, ndraw=40, logz=-828.51, remainder_fraction=100.0000%, Lmin=-823.65, Lmax=-97.50
09:29:49 [ultranest] [DEBUG] iteration=1931, ncalls=3750, regioncalls=19000, ndraw=40, logz=-828.41, remainder_fraction=100.0000%, Lmin=-823.58, Lmax=-97.50
09:29:49 [ultranest] [DEBUG] iteration=1932, ncalls=3761, regioncalls=19440, ndraw=40, logz=-828.39, remainder_fraction=100.0000%, Lmin=-823.57, Lmax=-97.50
09:29:49 [ultranest] [DEBUG] iteration=1935, ncalls=3772, regioncalls=19880, ndraw=40, logz=-828.32, remainder_fraction=100.0000%, Lmin=-823.53, Lmax=-97.50
09:29:49 [ultranest] [DEBUG] iteration=1938, ncalls=3783, regioncalls=20320, ndraw=40, logz=-828.26, remainder_fraction=100.0000%, Lmin=-823.51, Lmax=-97.50
09:29:49 [ultranest] [DEBUG] iteration=1943, ncalls=3795, regioncalls=20800, ndraw=40, logz=-828.15, remainder_fraction=100.0000%, Lmin=-823.45, Lmax=-97.50
09:29:49 [ultranest] [DEBUG] iteration=1946, ncalls=3806, regioncalls=21240, ndraw=40, logz=-828.09, remainder_fraction=100.0000%, Lmin=-823.43, Lmax=-97.50
09:29:50 [ultranest] [DEBUG] iteration=1948, ncalls=3816, regioncalls=21640, ndraw=40, logz=-828.05, remainder_fraction=100.0000%, Lmin=-823.41, Lmax=-97.50
09:29:50 [ultranest] [DEBUG] iteration=1952, ncalls=3825, regioncalls=22000, ndraw=40, logz=-827.98, remainder_fraction=100.0000%, Lmin=-823.38, Lmax=-97.50
09:29:50 [ultranest] [DEBUG] iteration=1955, ncalls=3837, regioncalls=22480, ndraw=40, logz=-827.92, remainder_fraction=100.0000%, Lmin=-823.36, Lmax=-97.50
09:29:50 [ultranest] [DEBUG] iteration=1958, ncalls=3855, regioncalls=23200, ndraw=40, logz=-827.87, remainder_fraction=100.0000%, Lmin=-823.33, Lmax=-97.50
09:29:50 [ultranest] [DEBUG] iteration=1960, ncalls=3864, regioncalls=23560, ndraw=40, logz=-827.84, remainder_fraction=100.0000%, Lmin=-823.31, Lmax=-97.50
09:29:50 [ultranest] [DEBUG] iteration=1965, ncalls=3875, regioncalls=24000, ndraw=40, logz=-827.75, remainder_fraction=100.0000%, Lmin=-823.25, Lmax=-97.50
09:29:50 [ultranest] [DEBUG] iteration=1968, ncalls=3887, regioncalls=24480, ndraw=40, logz=-827.71, remainder_fraction=100.0000%, Lmin=-823.22, Lmax=-97.50
09:29:50 [ultranest] [DEBUG] iteration=1971, ncalls=3900, regioncalls=25000, ndraw=40, logz=-827.66, remainder_fraction=100.0000%, Lmin=-823.22, Lmax=-97.50
09:29:51 [ultranest] [DEBUG] iteration=1974, ncalls=3907, regioncalls=25280, ndraw=40, logz=-827.61, remainder_fraction=100.0000%, Lmin=-823.17, Lmax=-97.50
09:29:51 [ultranest] [DEBUG] iteration=1979, ncalls=3914, regioncalls=25560, ndraw=40, logz=-827.54, remainder_fraction=100.0000%, Lmin=-823.13, Lmax=-97.50
09:29:51 [ultranest] [DEBUG] iteration=1983, ncalls=3922, regioncalls=25880, ndraw=40, logz=-827.48, remainder_fraction=100.0000%, Lmin=-823.13, Lmax=-97.50
09:29:51 [ultranest] [DEBUG] iteration=1986, ncalls=3937, regioncalls=26480, ndraw=40, logz=-827.44, remainder_fraction=100.0000%, Lmin=-823.11, Lmax=-97.50
09:29:51 [ultranest] [DEBUG] iteration=1990, ncalls=3947, regioncalls=26880, ndraw=40, logz=-827.38, remainder_fraction=100.0000%, Lmin=-823.09, Lmax=-97.50
09:29:51 [ultranest] [DEBUG] iteration=1994, ncalls=3955, regioncalls=27200, ndraw=40, logz=-827.33, remainder_fraction=100.0000%, Lmin=-823.08, Lmax=-97.50
09:29:51 [ultranest] [DEBUG] iteration=1997, ncalls=3968, regioncalls=27720, ndraw=40, logz=-827.30, remainder_fraction=100.0000%, Lmin=-823.08, Lmax=-97.50
09:29:52 [ultranest] [DEBUG] iteration=1999, ncalls=3979, regioncalls=28160, ndraw=40, logz=-827.27, remainder_fraction=100.0000%, Lmin=-823.07, Lmax=-97.50
09:29:52 [ultranest] [DEBUG] iteration=2001, ncalls=3988, regioncalls=28520, ndraw=40, logz=-827.25, remainder_fraction=100.0000%, Lmin=-823.07, Lmax=-97.50
09:29:52 [ultranest] [DEBUG] iteration=2003, ncalls=4005, regioncalls=29200, ndraw=40, logz=-827.22, remainder_fraction=100.0000%, Lmin=-823.07, Lmax=-97.50
09:29:52 [ultranest] [DEBUG] iteration=2006, ncalls=4018, regioncalls=29720, ndraw=40, logz=-827.19, remainder_fraction=100.0000%, Lmin=-823.07, Lmax=-97.50
09:29:52 [ultranest] [DEBUG] iteration=2011, ncalls=4028, regioncalls=30120, ndraw=40, logz=-827.14, remainder_fraction=100.0000%, Lmin=-823.06, Lmax=-97.50
09:29:52 [ultranest] [DEBUG] iteration=2013, ncalls=4039, regioncalls=30560, ndraw=40, logz=-827.12, remainder_fraction=100.0000%, Lmin=-823.06, Lmax=-97.50
09:29:53 [ultranest] [DEBUG] iteration=2016, ncalls=4065, regioncalls=31600, ndraw=40, logz=-827.09, remainder_fraction=100.0000%, Lmin=-823.05, Lmax=-97.50
09:29:53 [ultranest] [DEBUG] iteration=2020, ncalls=4074, regioncalls=31960, ndraw=40, logz=-827.05, remainder_fraction=100.0000%, Lmin=-823.04, Lmax=-97.50
09:29:53 [ultranest] [DEBUG] iteration=2024, ncalls=4088, regioncalls=32520, ndraw=40, logz=-827.01, remainder_fraction=100.0000%, Lmin=-823.01, Lmax=-97.50
09:29:53 [ultranest] [DEBUG] iteration=2028, ncalls=4096, regioncalls=32840, ndraw=40, logz=-826.97, remainder_fraction=100.0000%, Lmin=-822.99, Lmax=-97.50
09:29:53 [ultranest] [DEBUG] iteration=2030, ncalls=4106, regioncalls=33240, ndraw=40, logz=-826.95, remainder_fraction=100.0000%, Lmin=-822.98, Lmax=-97.50
09:29:53 [ultranest] [DEBUG] iteration=2033, ncalls=4118, regioncalls=33720, ndraw=40, logz=-826.92, remainder_fraction=100.0000%, Lmin=-822.96, Lmax=-97.50
09:29:53 [ultranest] [DEBUG] iteration=2038, ncalls=4130, regioncalls=34200, ndraw=40, logz=-826.88, remainder_fraction=100.0000%, Lmin=-822.92, Lmax=-97.50
09:29:53 [ultranest] [DEBUG] iteration=2040, ncalls=4142, regioncalls=34680, ndraw=40, logz=-826.86, remainder_fraction=100.0000%, Lmin=-822.90, Lmax=-97.50
09:29:53 [ultranest] [DEBUG] iteration=2042, ncalls=4157, regioncalls=35280, ndraw=40, logz=-826.84, remainder_fraction=100.0000%, Lmin=-822.89, Lmax=-97.50
09:29:54 [ultranest] [DEBUG] iteration=2045, ncalls=4165, regioncalls=35600, ndraw=40, logz=-826.82, remainder_fraction=100.0000%, Lmin=-822.89, Lmax=-97.50
09:29:54 [ultranest] [DEBUG] iteration=2049, ncalls=4173, regioncalls=35920, ndraw=40, logz=-826.78, remainder_fraction=100.0000%, Lmin=-822.86, Lmax=-97.50
09:29:54 [ultranest] [DEBUG] iteration=2052, ncalls=4183, regioncalls=36320, ndraw=40, logz=-826.75, remainder_fraction=100.0000%, Lmin=-822.83, Lmax=-97.50
09:29:54 [ultranest] [DEBUG] iteration=2055, ncalls=4194, regioncalls=36760, ndraw=40, logz=-826.73, remainder_fraction=100.0000%, Lmin=-822.80, Lmax=-97.50
09:29:54 [ultranest] [DEBUG] iteration=2059, ncalls=4208, regioncalls=37320, ndraw=40, logz=-826.69, remainder_fraction=100.0000%, Lmin=-822.79, Lmax=-97.50
09:29:54 [ultranest] [DEBUG] iteration=2063, ncalls=4220, regioncalls=37800, ndraw=40, logz=-826.66, remainder_fraction=100.0000%, Lmin=-822.72, Lmax=-97.50
09:29:54 [ultranest] [DEBUG] iteration=2067, ncalls=4233, regioncalls=38320, ndraw=40, logz=-826.62, remainder_fraction=100.0000%, Lmin=-822.68, Lmax=-97.50
09:29:54 [ultranest] [DEBUG] iteration=2071, ncalls=4243, regioncalls=38720, ndraw=40, logz=-826.59, remainder_fraction=100.0000%, Lmin=-822.65, Lmax=-97.50
09:29:55 [ultranest] [DEBUG] iteration=2073, ncalls=4253, regioncalls=39120, ndraw=40, logz=-826.57, remainder_fraction=100.0000%, Lmin=-822.63, Lmax=-97.50
09:29:55 [ultranest] [DEBUG] iteration=2076, ncalls=4261, regioncalls=39440, ndraw=40, logz=-826.54, remainder_fraction=100.0000%, Lmin=-822.56, Lmax=-97.50
09:29:55 [ultranest] [DEBUG] iteration=2079, ncalls=4272, regioncalls=39880, ndraw=40, logz=-826.52, remainder_fraction=100.0000%, Lmin=-822.52, Lmax=-97.50
09:29:55 [ultranest] [DEBUG] iteration=2080, ncalls=4273, regioncalls=39920, ndraw=40, logz=-826.51, remainder_fraction=100.0000%, Lmin=-822.52, Lmax=-97.50
09:29:55 [ultranest] [DEBUG] iteration=2083, ncalls=4280, regioncalls=40200, ndraw=40, logz=-826.48, remainder_fraction=100.0000%, Lmin=-822.48, Lmax=-97.50
09:29:55 [ultranest] [DEBUG] iteration=2086, ncalls=4289, regioncalls=40560, ndraw=40, logz=-826.45, remainder_fraction=100.0000%, Lmin=-822.42, Lmax=-97.50
09:29:55 [ultranest] [DEBUG] iteration=2090, ncalls=4296, regioncalls=40840, ndraw=40, logz=-826.41, remainder_fraction=100.0000%, Lmin=-822.39, Lmax=-97.50
09:29:55 [ultranest] [DEBUG] iteration=2093, ncalls=4303, regioncalls=41120, ndraw=40, logz=-826.39, remainder_fraction=100.0000%, Lmin=-822.37, Lmax=-97.50
09:29:55 [ultranest] [DEBUG] iteration=2096, ncalls=4310, regioncalls=41400, ndraw=40, logz=-826.36, remainder_fraction=100.0000%, Lmin=-822.34, Lmax=-97.50
09:29:56 [ultranest] [DEBUG] iteration=2100, ncalls=4317, regioncalls=41680, ndraw=40, logz=-826.32, remainder_fraction=100.0000%, Lmin=-822.31, Lmax=-97.50
09:29:56 [ultranest] [DEBUG] iteration=2103, ncalls=4328, regioncalls=42120, ndraw=40, logz=-826.29, remainder_fraction=100.0000%, Lmin=-822.29, Lmax=-97.50
09:29:56 [ultranest] [DEBUG] iteration=2106, ncalls=4337, regioncalls=42480, ndraw=40, logz=-826.27, remainder_fraction=100.0000%, Lmin=-822.18, Lmax=-97.50
09:29:56 [ultranest] [DEBUG] iteration=2108, ncalls=4344, regioncalls=42760, ndraw=40, logz=-826.25, remainder_fraction=100.0000%, Lmin=-822.14, Lmax=-97.50
09:29:56 [ultranest] [DEBUG] iteration=2111, ncalls=4356, regioncalls=43240, ndraw=40, logz=-826.22, remainder_fraction=100.0000%, Lmin=-822.11, Lmax=-97.50
09:29:56 [ultranest] [DEBUG] iteration=2115, ncalls=4366, regioncalls=43640, ndraw=40, logz=-826.17, remainder_fraction=100.0000%, Lmin=-822.01, Lmax=-97.50
09:29:56 [ultranest] [DEBUG] iteration=2118, ncalls=4374, regioncalls=43960, ndraw=40, logz=-826.14, remainder_fraction=100.0000%, Lmin=-821.94, Lmax=-97.50
09:29:56 [ultranest] [DEBUG] iteration=2121, ncalls=4382, regioncalls=44280, ndraw=40, logz=-826.11, remainder_fraction=100.0000%, Lmin=-821.88, Lmax=-97.50
09:29:56 [ultranest] [DEBUG] iteration=2123, ncalls=4392, regioncalls=44680, ndraw=40, logz=-826.09, remainder_fraction=100.0000%, Lmin=-821.84, Lmax=-97.50
09:29:57 [ultranest] [DEBUG] iteration=2128, ncalls=4411, regioncalls=45440, ndraw=40, logz=-826.03, remainder_fraction=100.0000%, Lmin=-821.75, Lmax=-97.50
09:29:57 [ultranest] [DEBUG] iteration=2131, ncalls=4421, regioncalls=45840, ndraw=40, logz=-825.99, remainder_fraction=100.0000%, Lmin=-821.71, Lmax=-97.50
09:29:57 [ultranest] [DEBUG] iteration=2134, ncalls=4432, regioncalls=46280, ndraw=40, logz=-825.96, remainder_fraction=100.0000%, Lmin=-821.69, Lmax=-97.50
09:29:57 [ultranest] [DEBUG] iteration=2137, ncalls=4443, regioncalls=46720, ndraw=40, logz=-825.92, remainder_fraction=100.0000%, Lmin=-821.62, Lmax=-97.50
09:29:57 [ultranest] [DEBUG] iteration=2140, ncalls=4454, regioncalls=47160, ndraw=40, logz=-825.89, remainder_fraction=100.0000%, Lmin=-821.59, Lmax=-97.50
09:29:57 [ultranest] [DEBUG] iteration=2145, ncalls=4465, regioncalls=47600, ndraw=40, logz=-825.82, remainder_fraction=100.0000%, Lmin=-821.34, Lmax=-97.50
09:29:58 [ultranest] [DEBUG] iteration=2148, ncalls=4472, regioncalls=47880, ndraw=40, logz=-825.78, remainder_fraction=100.0000%, Lmin=-821.25, Lmax=-97.50
09:29:58 [ultranest] [DEBUG] iteration=2151, ncalls=4480, regioncalls=48200, ndraw=40, logz=-825.73, remainder_fraction=100.0000%, Lmin=-821.18, Lmax=-97.50
09:29:58 [ultranest] [DEBUG] iteration=2154, ncalls=4489, regioncalls=48560, ndraw=40, logz=-825.69, remainder_fraction=100.0000%, Lmin=-821.14, Lmax=-97.50
09:29:58 [ultranest] [DEBUG] iteration=2157, ncalls=4498, regioncalls=48920, ndraw=40, logz=-825.64, remainder_fraction=100.0000%, Lmin=-821.07, Lmax=-97.50
09:29:58 [ultranest] [DEBUG] iteration=2160, ncalls=4515, regioncalls=49600, ndraw=40, logz=-825.59, remainder_fraction=100.0000%, Lmin=-820.97, Lmax=-97.50
09:29:58 [ultranest] [DEBUG] iteration=2163, ncalls=4529, regioncalls=50160, ndraw=40, logz=-825.54, remainder_fraction=100.0000%, Lmin=-820.91, Lmax=-97.50
09:29:59 [ultranest] [DEBUG] iteration=2165, ncalls=4541, regioncalls=50640, ndraw=40, logz=-825.51, remainder_fraction=100.0000%, Lmin=-820.88, Lmax=-97.50
09:29:59 [ultranest] [DEBUG] iteration=2167, ncalls=4557, regioncalls=51280, ndraw=40, logz=-825.48, remainder_fraction=100.0000%, Lmin=-820.82, Lmax=-97.50
09:29:59 [ultranest] [DEBUG] iteration=2170, ncalls=4578, regioncalls=52120, ndraw=40, logz=-825.42, remainder_fraction=100.0000%, Lmin=-820.70, Lmax=-97.50
09:29:59 [ultranest] [DEBUG] iteration=2173, ncalls=4586, regioncalls=52440, ndraw=40, logz=-825.37, remainder_fraction=100.0000%, Lmin=-820.63, Lmax=-97.50
09:29:59 [ultranest] [DEBUG] iteration=2176, ncalls=4597, regioncalls=52880, ndraw=40, logz=-825.32, remainder_fraction=100.0000%, Lmin=-820.58, Lmax=-97.50
09:29:59 [ultranest] [DEBUG] iteration=2177, ncalls=4606, regioncalls=53240, ndraw=40, logz=-825.30, remainder_fraction=100.0000%, Lmin=-820.57, Lmax=-97.50
09:30:00 [ultranest] [DEBUG] iteration=2179, ncalls=4620, regioncalls=53800, ndraw=40, logz=-825.26, remainder_fraction=100.0000%, Lmin=-820.44, Lmax=-97.50
09:30:00 [ultranest] [DEBUG] iteration=2182, ncalls=4629, regioncalls=54160, ndraw=40, logz=-825.20, remainder_fraction=100.0000%, Lmin=-820.29, Lmax=-97.50
09:30:00 [ultranest] [DEBUG] iteration=2185, ncalls=4639, regioncalls=54560, ndraw=40, logz=-825.14, remainder_fraction=100.0000%, Lmin=-820.27, Lmax=-97.50
09:30:00 [ultranest] [DEBUG] iteration=2188, ncalls=4647, regioncalls=54880, ndraw=40, logz=-825.08, remainder_fraction=100.0000%, Lmin=-820.24, Lmax=-97.50
09:30:00 [ultranest] [DEBUG] iteration=2190, ncalls=4660, regioncalls=55400, ndraw=40, logz=-825.04, remainder_fraction=100.0000%, Lmin=-820.16, Lmax=-97.50
09:30:00 [ultranest] [DEBUG] iteration=2193, ncalls=4669, regioncalls=55760, ndraw=40, logz=-824.98, remainder_fraction=100.0000%, Lmin=-820.09, Lmax=-97.50
09:30:00 [ultranest] [DEBUG] iteration=2195, ncalls=4681, regioncalls=56240, ndraw=40, logz=-824.93, remainder_fraction=100.0000%, Lmin=-820.07, Lmax=-97.50
09:30:00 [ultranest] [DEBUG] iteration=2197, ncalls=4691, regioncalls=56640, ndraw=40, logz=-824.89, remainder_fraction=100.0000%, Lmin=-820.01, Lmax=-97.50
09:30:00 [ultranest] [DEBUG] iteration=2200, ncalls=4701, regioncalls=57040, ndraw=40, logz=-824.83, remainder_fraction=100.0000%, Lmin=-819.97, Lmax=-97.50
09:30:01 [ultranest] [DEBUG] iteration=2204, ncalls=4711, regioncalls=57440, ndraw=40, logz=-824.75, remainder_fraction=100.0000%, Lmin=-819.87, Lmax=-97.50
09:30:01 [ultranest] [DEBUG] iteration=2206, ncalls=4722, regioncalls=57880, ndraw=40, logz=-824.71, remainder_fraction=100.0000%, Lmin=-819.79, Lmax=-97.50
09:30:01 [ultranest] [DEBUG] iteration=2210, ncalls=4731, regioncalls=58240, ndraw=40, logz=-824.62, remainder_fraction=100.0000%, Lmin=-819.53, Lmax=-97.50
09:30:01 [ultranest] [DEBUG] iteration=2215, ncalls=4742, regioncalls=58680, ndraw=40, logz=-824.50, remainder_fraction=100.0000%, Lmin=-819.45, Lmax=-97.50
09:30:01 [ultranest] [DEBUG] iteration=2218, ncalls=4750, regioncalls=59000, ndraw=40, logz=-824.43, remainder_fraction=100.0000%, Lmin=-819.39, Lmax=-97.50
09:30:01 [ultranest] [DEBUG] iteration=2221, ncalls=4761, regioncalls=59440, ndraw=40, logz=-824.36, remainder_fraction=100.0000%, Lmin=-819.31, Lmax=-97.50
09:30:01 [ultranest] [DEBUG] iteration=2224, ncalls=4771, regioncalls=59840, ndraw=40, logz=-824.28, remainder_fraction=100.0000%, Lmin=-819.24, Lmax=-97.50
09:30:01 [ultranest] [DEBUG] iteration=2226, ncalls=4782, regioncalls=60280, ndraw=40, logz=-824.24, remainder_fraction=100.0000%, Lmin=-819.17, Lmax=-97.50
09:30:02 [ultranest] [DEBUG] iteration=2229, ncalls=4791, regioncalls=60640, ndraw=40, logz=-824.16, remainder_fraction=100.0000%, Lmin=-819.04, Lmax=-97.50
09:30:02 [ultranest] [DEBUG] iteration=2232, ncalls=4800, regioncalls=61000, ndraw=40, logz=-824.09, remainder_fraction=100.0000%, Lmin=-818.99, Lmax=-97.50
09:30:02 [ultranest] [DEBUG] iteration=2235, ncalls=4808, regioncalls=61320, ndraw=40, logz=-824.01, remainder_fraction=100.0000%, Lmin=-818.80, Lmax=-97.50
09:30:02 [ultranest] [DEBUG] iteration=2238, ncalls=4821, regioncalls=61840, ndraw=40, logz=-823.93, remainder_fraction=100.0000%, Lmin=-818.71, Lmax=-97.50
09:30:02 [ultranest] [DEBUG] iteration=2240, ncalls=4826, regioncalls=62040, ndraw=40, logz=-823.87, remainder_fraction=100.0000%, Lmin=-818.69, Lmax=-97.50
09:30:02 [ultranest] [DEBUG] iteration=2242, ncalls=4849, regioncalls=62960, ndraw=40, logz=-823.82, remainder_fraction=100.0000%, Lmin=-818.62, Lmax=-97.50
09:30:02 [ultranest] [DEBUG] iteration=2244, ncalls=4858, regioncalls=63320, ndraw=40, logz=-823.76, remainder_fraction=100.0000%, Lmin=-818.57, Lmax=-97.50
09:30:03 [ultranest] [DEBUG] iteration=2249, ncalls=4869, regioncalls=63760, ndraw=40, logz=-823.63, remainder_fraction=100.0000%, Lmin=-818.44, Lmax=-97.50
09:30:03 [ultranest] [DEBUG] iteration=2252, ncalls=4881, regioncalls=64240, ndraw=40, logz=-823.54, remainder_fraction=100.0000%, Lmin=-818.21, Lmax=-97.50
09:30:03 [ultranest] [DEBUG] iteration=2254, ncalls=4904, regioncalls=65160, ndraw=40, logz=-823.48, remainder_fraction=100.0000%, Lmin=-818.19, Lmax=-97.50
09:30:03 [ultranest] [DEBUG] iteration=2256, ncalls=4920, regioncalls=65800, ndraw=40, logz=-823.42, remainder_fraction=100.0000%, Lmin=-818.11, Lmax=-97.50
09:30:03 [ultranest] [DEBUG] iteration=2258, ncalls=4930, regioncalls=66200, ndraw=40, logz=-823.36, remainder_fraction=100.0000%, Lmin=-818.11, Lmax=-97.50
09:30:03 [ultranest] [DEBUG] iteration=2262, ncalls=4939, regioncalls=66560, ndraw=40, logz=-823.24, remainder_fraction=100.0000%, Lmin=-817.90, Lmax=-97.50
09:30:04 [ultranest] [DEBUG] iteration=2266, ncalls=4957, regioncalls=67280, ndraw=40, logz=-823.11, remainder_fraction=100.0000%, Lmin=-817.76, Lmax=-97.50
09:30:04 [ultranest] [DEBUG] iteration=2271, ncalls=4968, regioncalls=67720, ndraw=40, logz=-822.96, remainder_fraction=100.0000%, Lmin=-817.72, Lmax=-97.50
09:30:04 [ultranest] [DEBUG] iteration=2272, ncalls=4981, regioncalls=68240, ndraw=40, logz=-822.94, remainder_fraction=100.0000%, Lmin=-817.69, Lmax=-97.50
09:30:04 [ultranest] [DEBUG] iteration=2276, ncalls=5000, regioncalls=69000, ndraw=40, logz=-822.82, remainder_fraction=100.0000%, Lmin=-817.60, Lmax=-97.50
09:30:04 [ultranest] [DEBUG] iteration=2278, ncalls=5013, regioncalls=69520, ndraw=40, logz=-822.77, remainder_fraction=100.0000%, Lmin=-817.54, Lmax=-97.50
09:30:04 [ultranest] [DEBUG] iteration=2281, ncalls=5026, regioncalls=70040, ndraw=40, logz=-822.68, remainder_fraction=100.0000%, Lmin=-817.39, Lmax=-97.50
09:30:04 [ultranest] [DEBUG] iteration=2286, ncalls=5041, regioncalls=70640, ndraw=40, logz=-822.54, remainder_fraction=100.0000%, Lmin=-817.29, Lmax=-97.50
09:30:04 [ultranest] [DEBUG] iteration=2291, ncalls=5055, regioncalls=71200, ndraw=40, logz=-822.40, remainder_fraction=100.0000%, Lmin=-817.11, Lmax=-97.50
09:30:05 [ultranest] [DEBUG] iteration=2294, ncalls=5069, regioncalls=71760, ndraw=40, logz=-822.31, remainder_fraction=100.0000%, Lmin=-817.01, Lmax=-97.50
09:30:05 [ultranest] [DEBUG] iteration=2295, ncalls=5083, regioncalls=72320, ndraw=40, logz=-822.28, remainder_fraction=100.0000%, Lmin=-816.92, Lmax=-97.50
09:30:05 [ultranest] [DEBUG] iteration=2299, ncalls=5103, regioncalls=73120, ndraw=40, logz=-822.16, remainder_fraction=100.0000%, Lmin=-816.86, Lmax=-97.50
09:30:05 [ultranest] [DEBUG] iteration=2301, ncalls=5118, regioncalls=73720, ndraw=40, logz=-822.10, remainder_fraction=100.0000%, Lmin=-816.82, Lmax=-97.50
09:30:05 [ultranest] [DEBUG] iteration=2304, ncalls=5129, regioncalls=74160, ndraw=40, logz=-822.01, remainder_fraction=100.0000%, Lmin=-816.79, Lmax=-97.50
09:30:05 [ultranest] [DEBUG] iteration=2306, ncalls=5141, regioncalls=74640, ndraw=40, logz=-821.96, remainder_fraction=100.0000%, Lmin=-816.78, Lmax=-97.50
09:30:05 [ultranest] [DEBUG] iteration=2308, ncalls=5162, regioncalls=75480, ndraw=40, logz=-821.91, remainder_fraction=100.0000%, Lmin=-816.77, Lmax=-97.50
09:30:06 [ultranest] [DEBUG] iteration=2313, ncalls=5170, regioncalls=75800, ndraw=40, logz=-821.79, remainder_fraction=100.0000%, Lmin=-816.71, Lmax=-97.50
09:30:06 [ultranest] [DEBUG] iteration=2315, ncalls=5181, regioncalls=76240, ndraw=40, logz=-821.74, remainder_fraction=100.0000%, Lmin=-816.62, Lmax=-97.50
09:30:06 [ultranest] [DEBUG] iteration=2318, ncalls=5195, regioncalls=76800, ndraw=40, logz=-821.67, remainder_fraction=100.0000%, Lmin=-816.55, Lmax=-97.50
09:30:06 [ultranest] [DEBUG] iteration=2321, ncalls=5204, regioncalls=77160, ndraw=40, logz=-821.59, remainder_fraction=100.0000%, Lmin=-816.44, Lmax=-97.50
09:30:06 [ultranest] [DEBUG] iteration=2324, ncalls=5218, regioncalls=77720, ndraw=40, logz=-821.52, remainder_fraction=100.0000%, Lmin=-816.24, Lmax=-97.50
09:30:06 [ultranest] [DEBUG] iteration=2327, ncalls=5229, regioncalls=78160, ndraw=40, logz=-821.43, remainder_fraction=100.0000%, Lmin=-816.17, Lmax=-97.50
09:30:06 [ultranest] [DEBUG] iteration=2328, ncalls=5241, regioncalls=78640, ndraw=40, logz=-821.40, remainder_fraction=100.0000%, Lmin=-816.11, Lmax=-97.50
09:30:06 [ultranest] [DEBUG] iteration=2331, ncalls=5252, regioncalls=79080, ndraw=40, logz=-821.32, remainder_fraction=100.0000%, Lmin=-815.98, Lmax=-97.50
09:30:07 [ultranest] [DEBUG] iteration=2335, ncalls=5260, regioncalls=79400, ndraw=40, logz=-821.20, remainder_fraction=100.0000%, Lmin=-815.85, Lmax=-97.50
09:30:07 [ultranest] [DEBUG] iteration=2337, ncalls=5268, regioncalls=79720, ndraw=40, logz=-821.14, remainder_fraction=100.0000%, Lmin=-815.77, Lmax=-97.50
09:30:07 [ultranest] [DEBUG] iteration=2340, ncalls=5283, regioncalls=80320, ndraw=40, logz=-821.05, remainder_fraction=100.0000%, Lmin=-815.70, Lmax=-97.50
09:30:07 [ultranest] [DEBUG] iteration=2342, ncalls=5294, regioncalls=80760, ndraw=40, logz=-820.99, remainder_fraction=100.0000%, Lmin=-815.67, Lmax=-97.50
09:30:07 [ultranest] [DEBUG] iteration=2344, ncalls=5312, regioncalls=81480, ndraw=40, logz=-820.93, remainder_fraction=100.0000%, Lmin=-815.61, Lmax=-97.50
09:30:07 [ultranest] [DEBUG] iteration=2347, ncalls=5327, regioncalls=82080, ndraw=40, logz=-820.84, remainder_fraction=100.0000%, Lmin=-815.52, Lmax=-97.50
09:30:08 [ultranest] [DEBUG] iteration=2348, ncalls=5338, regioncalls=82520, ndraw=40, logz=-820.81, remainder_fraction=100.0000%, Lmin=-815.46, Lmax=-97.50
09:30:08 [ultranest] [DEBUG] iteration=2351, ncalls=5347, regioncalls=82880, ndraw=40, logz=-820.73, remainder_fraction=100.0000%, Lmin=-815.42, Lmax=-97.50
09:30:08 [ultranest] [DEBUG] iteration=2355, ncalls=5356, regioncalls=83240, ndraw=40, logz=-820.61, remainder_fraction=100.0000%, Lmin=-815.25, Lmax=-97.50
09:30:08 [ultranest] [DEBUG] iteration=2358, ncalls=5371, regioncalls=83840, ndraw=40, logz=-820.52, remainder_fraction=100.0000%, Lmin=-815.19, Lmax=-97.50
09:30:08 [ultranest] [DEBUG] iteration=2360, ncalls=5382, regioncalls=84280, ndraw=40, logz=-820.46, remainder_fraction=100.0000%, Lmin=-814.94, Lmax=-97.50
09:30:08 [ultranest] [DEBUG] iteration=2366, ncalls=5394, regioncalls=84760, ndraw=40, logz=-820.25, remainder_fraction=100.0000%, Lmin=-814.73, Lmax=-97.50
09:30:08 [ultranest] [DEBUG] iteration=2368, ncalls=5406, regioncalls=85240, ndraw=40, logz=-820.18, remainder_fraction=100.0000%, Lmin=-814.62, Lmax=-97.50
09:30:09 [ultranest] [DEBUG] iteration=2369, ncalls=5415, regioncalls=85600, ndraw=40, logz=-820.14, remainder_fraction=100.0000%, Lmin=-814.53, Lmax=-97.50
09:30:09 [ultranest] [DEBUG] iteration=2373, ncalls=5424, regioncalls=85960, ndraw=40, logz=-819.99, remainder_fraction=100.0000%, Lmin=-814.46, Lmax=-97.50
09:30:09 [ultranest] [DEBUG] iteration=2378, ncalls=5436, regioncalls=86440, ndraw=40, logz=-819.82, remainder_fraction=100.0000%, Lmin=-814.31, Lmax=-97.50
09:30:09 [ultranest] [DEBUG] iteration=2379, ncalls=5448, regioncalls=86920, ndraw=40, logz=-819.78, remainder_fraction=100.0000%, Lmin=-814.25, Lmax=-97.50
09:30:09 [ultranest] [DEBUG] iteration=2381, ncalls=5459, regioncalls=87360, ndraw=40, logz=-819.71, remainder_fraction=100.0000%, Lmin=-814.18, Lmax=-97.50
09:30:09 [ultranest] [DEBUG] iteration=2384, ncalls=5467, regioncalls=87680, ndraw=40, logz=-819.61, remainder_fraction=100.0000%, Lmin=-814.10, Lmax=-97.50
09:30:09 [ultranest] [DEBUG] iteration=2387, ncalls=5477, regioncalls=88080, ndraw=40, logz=-819.51, remainder_fraction=100.0000%, Lmin=-813.96, Lmax=-97.50
09:30:09 [ultranest] [DEBUG] iteration=2391, ncalls=5489, regioncalls=88560, ndraw=40, logz=-819.37, remainder_fraction=100.0000%, Lmin=-813.77, Lmax=-97.50
09:30:10 [ultranest] [DEBUG] iteration=2393, ncalls=5502, regioncalls=89080, ndraw=40, logz=-819.29, remainder_fraction=100.0000%, Lmin=-813.75, Lmax=-97.50
09:30:10 [ultranest] [DEBUG] iteration=2396, ncalls=5512, regioncalls=89480, ndraw=40, logz=-819.19, remainder_fraction=100.0000%, Lmin=-813.68, Lmax=-97.50
09:30:10 [ultranest] [DEBUG] iteration=2399, ncalls=5526, regioncalls=90040, ndraw=40, logz=-819.09, remainder_fraction=100.0000%, Lmin=-813.64, Lmax=-97.50
09:30:10 [ultranest] [DEBUG] iteration=2400, ncalls=5528, regioncalls=90120, ndraw=40, logz=-819.06, remainder_fraction=100.0000%, Lmin=-813.61, Lmax=-97.50
09:30:10 [ultranest] [DEBUG] iteration=2403, ncalls=5539, regioncalls=90560, ndraw=40, logz=-818.95, remainder_fraction=100.0000%, Lmin=-813.32, Lmax=-97.50
09:30:10 [ultranest] [DEBUG] iteration=2407, ncalls=5551, regioncalls=91040, ndraw=40, logz=-818.79, remainder_fraction=100.0000%, Lmin=-813.01, Lmax=-97.50
09:30:10 [ultranest] [DEBUG] iteration=2411, ncalls=5566, regioncalls=91640, ndraw=40, logz=-818.62, remainder_fraction=100.0000%, Lmin=-812.78, Lmax=-97.50
09:30:11 [ultranest] [DEBUG] iteration=2414, ncalls=5578, regioncalls=92120, ndraw=40, logz=-818.48, remainder_fraction=100.0000%, Lmin=-812.67, Lmax=-97.50
09:30:11 [ultranest] [DEBUG] iteration=2417, ncalls=5591, regioncalls=92640, ndraw=40, logz=-818.35, remainder_fraction=100.0000%, Lmin=-812.61, Lmax=-97.50
09:30:11 [ultranest] [DEBUG] iteration=2419, ncalls=5600, regioncalls=93000, ndraw=40, logz=-818.27, remainder_fraction=100.0000%, Lmin=-812.60, Lmax=-97.50
09:30:11 [ultranest] [DEBUG] iteration=2421, ncalls=5610, regioncalls=93400, ndraw=40, logz=-818.19, remainder_fraction=100.0000%, Lmin=-812.41, Lmax=-97.50
09:30:11 [ultranest] [DEBUG] iteration=2424, ncalls=5621, regioncalls=93840, ndraw=40, logz=-818.06, remainder_fraction=100.0000%, Lmin=-812.30, Lmax=-97.50
09:30:11 [ultranest] [DEBUG] iteration=2428, ncalls=5630, regioncalls=94200, ndraw=40, logz=-817.89, remainder_fraction=100.0000%, Lmin=-812.12, Lmax=-97.50
09:30:11 [ultranest] [DEBUG] iteration=2429, ncalls=5649, regioncalls=94960, ndraw=40, logz=-817.84, remainder_fraction=100.0000%, Lmin=-812.11, Lmax=-97.50
09:30:12 [ultranest] [DEBUG] iteration=2431, ncalls=5665, regioncalls=95600, ndraw=40, logz=-817.76, remainder_fraction=100.0000%, Lmin=-812.06, Lmax=-97.50
09:30:12 [ultranest] [DEBUG] iteration=2434, ncalls=5675, regioncalls=96000, ndraw=40, logz=-817.64, remainder_fraction=100.0000%, Lmin=-811.86, Lmax=-97.50
09:30:12 [ultranest] [DEBUG] iteration=2438, ncalls=5687, regioncalls=96480, ndraw=40, logz=-817.47, remainder_fraction=100.0000%, Lmin=-811.72, Lmax=-97.50
09:30:12 [ultranest] [DEBUG] iteration=2440, ncalls=5700, regioncalls=97000, ndraw=40, logz=-817.39, remainder_fraction=100.0000%, Lmin=-811.69, Lmax=-97.50
09:30:12 [ultranest] [DEBUG] iteration=2443, ncalls=5713, regioncalls=97520, ndraw=40, logz=-817.27, remainder_fraction=100.0000%, Lmin=-811.67, Lmax=-97.50
09:30:12 [ultranest] [DEBUG] iteration=2447, ncalls=5721, regioncalls=97840, ndraw=40, logz=-817.14, remainder_fraction=100.0000%, Lmin=-811.59, Lmax=-97.50
09:30:12 [ultranest] [DEBUG] iteration=2450, ncalls=5736, regioncalls=98440, ndraw=40, logz=-817.04, remainder_fraction=100.0000%, Lmin=-811.52, Lmax=-97.50
09:30:13 [ultranest] [DEBUG] iteration=2453, ncalls=5748, regioncalls=98920, ndraw=40, logz=-816.94, remainder_fraction=100.0000%, Lmin=-811.42, Lmax=-97.50
09:30:13 [ultranest] [DEBUG] iteration=2455, ncalls=5764, regioncalls=99560, ndraw=40, logz=-816.87, remainder_fraction=100.0000%, Lmin=-811.30, Lmax=-97.50
09:30:13 [ultranest] [DEBUG] iteration=2456, ncalls=5776, regioncalls=100040, ndraw=40, logz=-816.83, remainder_fraction=100.0000%, Lmin=-811.29, Lmax=-97.50
09:30:13 [ultranest] [DEBUG] iteration=2460, ncalls=5785, regioncalls=100400, ndraw=40, logz=-816.70, remainder_fraction=100.0000%, Lmin=-811.16, Lmax=-97.50
09:30:13 [ultranest] [DEBUG] iteration=2463, ncalls=5802, regioncalls=101080, ndraw=40, logz=-816.60, remainder_fraction=100.0000%, Lmin=-811.09, Lmax=-97.50
09:30:13 [ultranest] [DEBUG] iteration=2464, ncalls=5811, regioncalls=101440, ndraw=40, logz=-816.57, remainder_fraction=100.0000%, Lmin=-810.98, Lmax=-97.50
09:30:13 [ultranest] [DEBUG] iteration=2468, ncalls=5822, regioncalls=101880, ndraw=40, logz=-816.43, remainder_fraction=100.0000%, Lmin=-810.88, Lmax=-97.50
09:30:14 [ultranest] [DEBUG] iteration=2471, ncalls=5842, regioncalls=102680, ndraw=40, logz=-816.32, remainder_fraction=100.0000%, Lmin=-810.73, Lmax=-97.50
09:30:14 [ultranest] [DEBUG] iteration=2474, ncalls=5854, regioncalls=103160, ndraw=40, logz=-816.22, remainder_fraction=100.0000%, Lmin=-810.61, Lmax=-97.50
09:30:14 [ultranest] [DEBUG] iteration=2476, ncalls=5863, regioncalls=103520, ndraw=40, logz=-816.15, remainder_fraction=100.0000%, Lmin=-810.55, Lmax=-97.50
09:30:14 [ultranest] [DEBUG] iteration=2480, ncalls=5872, regioncalls=103880, ndraw=40, logz=-816.01, remainder_fraction=100.0000%, Lmin=-810.45, Lmax=-97.50
09:30:14 [ultranest] [DEBUG] iteration=2485, ncalls=5880, regioncalls=104200, ndraw=40, logz=-815.84, remainder_fraction=100.0000%, Lmin=-810.19, Lmax=-97.50
09:30:14 [ultranest] [DEBUG] iteration=2487, ncalls=5891, regioncalls=104640, ndraw=40, logz=-815.77, remainder_fraction=100.0000%, Lmin=-810.14, Lmax=-97.50
09:30:14 [ultranest] [DEBUG] iteration=2490, ncalls=5902, regioncalls=105080, ndraw=40, logz=-815.66, remainder_fraction=100.0000%, Lmin=-810.09, Lmax=-97.50
09:30:14 [ultranest] [DEBUG] iteration=2491, ncalls=5911, regioncalls=105440, ndraw=40, logz=-815.63, remainder_fraction=100.0000%, Lmin=-810.09, Lmax=-97.50
09:30:15 [ultranest] [DEBUG] iteration=2493, ncalls=5921, regioncalls=105840, ndraw=40, logz=-815.56, remainder_fraction=100.0000%, Lmin=-809.99, Lmax=-97.50
09:30:15 [ultranest] [DEBUG] iteration=2495, ncalls=5934, regioncalls=106360, ndraw=40, logz=-815.49, remainder_fraction=100.0000%, Lmin=-809.85, Lmax=-97.50
09:30:15 [ultranest] [DEBUG] iteration=2498, ncalls=5944, regioncalls=106760, ndraw=40, logz=-815.38, remainder_fraction=100.0000%, Lmin=-809.72, Lmax=-97.50
09:30:15 [ultranest] [DEBUG] iteration=2502, ncalls=5953, regioncalls=107120, ndraw=40, logz=-815.24, remainder_fraction=100.0000%, Lmin=-809.64, Lmax=-97.50
09:30:15 [ultranest] [DEBUG] iteration=2504, ncalls=5966, regioncalls=107640, ndraw=40, logz=-815.17, remainder_fraction=100.0000%, Lmin=-809.53, Lmax=-97.50
09:30:15 [ultranest] [DEBUG] iteration=2506, ncalls=5970, regioncalls=107800, ndraw=40, logz=-815.10, remainder_fraction=100.0000%, Lmin=-809.46, Lmax=-97.50
09:30:16 [ultranest] [DEBUG] iteration=2511, ncalls=5989, regioncalls=108560, ndraw=40, logz=-814.92, remainder_fraction=100.0000%, Lmin=-809.30, Lmax=-97.50
09:30:16 [ultranest] [DEBUG] iteration=2512, ncalls=6002, regioncalls=109080, ndraw=40, logz=-814.88, remainder_fraction=100.0000%, Lmin=-809.27, Lmax=-97.50
09:30:16 [ultranest] [DEBUG] iteration=2516, ncalls=6011, regioncalls=109440, ndraw=40, logz=-814.74, remainder_fraction=100.0000%, Lmin=-809.13, Lmax=-97.50
09:30:16 [ultranest] [DEBUG] iteration=2519, ncalls=6021, regioncalls=109840, ndraw=40, logz=-814.64, remainder_fraction=100.0000%, Lmin=-809.04, Lmax=-97.50
09:30:16 [ultranest] [DEBUG] iteration=2522, ncalls=6033, regioncalls=110320, ndraw=40, logz=-814.54, remainder_fraction=100.0000%, Lmin=-808.92, Lmax=-97.50
09:30:16 [ultranest] [DEBUG] iteration=2523, ncalls=6044, regioncalls=110760, ndraw=40, logz=-814.50, remainder_fraction=100.0000%, Lmin=-808.87, Lmax=-97.50
09:30:16 [ultranest] [DEBUG] iteration=2526, ncalls=6054, regioncalls=111160, ndraw=40, logz=-814.39, remainder_fraction=100.0000%, Lmin=-808.79, Lmax=-97.50
09:30:17 [ultranest] [DEBUG] iteration=2528, ncalls=6076, regioncalls=112040, ndraw=40, logz=-814.33, remainder_fraction=100.0000%, Lmin=-808.75, Lmax=-97.50
09:30:17 [ultranest] [DEBUG] iteration=2532, ncalls=6094, regioncalls=112760, ndraw=40, logz=-814.20, remainder_fraction=100.0000%, Lmin=-808.67, Lmax=-97.50
09:30:17 [ultranest] [DEBUG] iteration=2534, ncalls=6105, regioncalls=113200, ndraw=40, logz=-814.13, remainder_fraction=100.0000%, Lmin=-808.63, Lmax=-97.50
09:30:17 [ultranest] [DEBUG] iteration=2537, ncalls=6119, regioncalls=113760, ndraw=40, logz=-814.04, remainder_fraction=100.0000%, Lmin=-808.57, Lmax=-97.50
09:30:17 [ultranest] [DEBUG] iteration=2541, ncalls=6131, regioncalls=114240, ndraw=40, logz=-813.93, remainder_fraction=100.0000%, Lmin=-808.51, Lmax=-97.50
09:30:17 [ultranest] [DEBUG] iteration=2542, ncalls=6141, regioncalls=114640, ndraw=40, logz=-813.90, remainder_fraction=100.0000%, Lmin=-808.43, Lmax=-97.50
09:30:17 [ultranest] [DEBUG] iteration=2544, ncalls=6151, regioncalls=115040, ndraw=40, logz=-813.84, remainder_fraction=100.0000%, Lmin=-808.39, Lmax=-97.50
09:30:18 [ultranest] [DEBUG] iteration=2547, ncalls=6173, regioncalls=115920, ndraw=40, logz=-813.75, remainder_fraction=100.0000%, Lmin=-808.34, Lmax=-97.50
09:30:18 [ultranest] [DEBUG] iteration=2552, ncalls=6186, regioncalls=116440, ndraw=40, logz=-813.61, remainder_fraction=100.0000%, Lmin=-808.25, Lmax=-97.50
09:30:18 [ultranest] [DEBUG] iteration=2556, ncalls=6196, regioncalls=116840, ndraw=40, logz=-813.51, remainder_fraction=100.0000%, Lmin=-808.15, Lmax=-97.50
09:30:18 [ultranest] [DEBUG] iteration=2557, ncalls=6210, regioncalls=117400, ndraw=40, logz=-813.48, remainder_fraction=100.0000%, Lmin=-808.14, Lmax=-97.50
09:30:18 [ultranest] [DEBUG] iteration=2560, ncalls=6214, regioncalls=117560, ndraw=40, logz=-813.40, remainder_fraction=100.0000%, Lmin=-808.07, Lmax=-97.50
09:30:18 [ultranest] [DEBUG] iteration=2562, ncalls=6224, regioncalls=117960, ndraw=40, logz=-813.35, remainder_fraction=100.0000%, Lmin=-808.00, Lmax=-97.50
09:30:18 [ultranest] [DEBUG] iteration=2565, ncalls=6233, regioncalls=118320, ndraw=40, logz=-813.27, remainder_fraction=100.0000%, Lmin=-807.90, Lmax=-97.50
09:30:19 [ultranest] [DEBUG] iteration=2568, ncalls=6255, regioncalls=119200, ndraw=40, logz=-813.19, remainder_fraction=100.0000%, Lmin=-807.83, Lmax=-97.50
09:30:19 [ultranest] [DEBUG] iteration=2574, ncalls=6273, regioncalls=119920, ndraw=40, logz=-813.04, remainder_fraction=100.0000%, Lmin=-807.72, Lmax=-97.50
09:30:19 [ultranest] [DEBUG] iteration=2576, ncalls=6296, regioncalls=120840, ndraw=40, logz=-812.99, remainder_fraction=100.0000%, Lmin=-807.69, Lmax=-97.50
09:30:19 [ultranest] [DEBUG] iteration=2577, ncalls=6306, regioncalls=121240, ndraw=40, logz=-812.96, remainder_fraction=100.0000%, Lmin=-807.62, Lmax=-97.50
09:30:19 [ultranest] [DEBUG] iteration=2580, ncalls=6319, regioncalls=121760, ndraw=40, logz=-812.88, remainder_fraction=100.0000%, Lmin=-807.53, Lmax=-97.50
09:30:19 [ultranest] [DEBUG] iteration=2584, ncalls=6328, regioncalls=122120, ndraw=40, logz=-812.77, remainder_fraction=100.0000%, Lmin=-807.27, Lmax=-97.50
09:30:20 [ultranest] [DEBUG] iteration=2588, ncalls=6340, regioncalls=122600, ndraw=40, logz=-812.65, remainder_fraction=100.0000%, Lmin=-807.11, Lmax=-97.50
09:30:20 [ultranest] [DEBUG] iteration=2590, ncalls=6352, regioncalls=123080, ndraw=40, logz=-812.59, remainder_fraction=100.0000%, Lmin=-806.98, Lmax=-97.50
09:30:20 [ultranest] [DEBUG] iteration=2593, ncalls=6362, regioncalls=123480, ndraw=40, logz=-812.49, remainder_fraction=100.0000%, Lmin=-806.94, Lmax=-97.50
09:30:20 [ultranest] [DEBUG] iteration=2596, ncalls=6377, regioncalls=124080, ndraw=40, logz=-812.39, remainder_fraction=100.0000%, Lmin=-806.77, Lmax=-97.50
09:30:20 [ultranest] [DEBUG] iteration=2599, ncalls=6386, regioncalls=124440, ndraw=40, logz=-812.29, remainder_fraction=100.0000%, Lmin=-806.69, Lmax=-97.50
09:30:20 [ultranest] [DEBUG] iteration=2602, ncalls=6395, regioncalls=124800, ndraw=40, logz=-812.19, remainder_fraction=100.0000%, Lmin=-806.60, Lmax=-97.50
09:30:20 [ultranest] [DEBUG] iteration=2607, ncalls=6406, regioncalls=125240, ndraw=40, logz=-812.03, remainder_fraction=100.0000%, Lmin=-806.49, Lmax=-97.50
09:30:21 [ultranest] [DEBUG] iteration=2608, ncalls=6427, regioncalls=126080, ndraw=40, logz=-812.00, remainder_fraction=100.0000%, Lmin=-806.33, Lmax=-97.50
09:30:21 [ultranest] [DEBUG] iteration=2609, ncalls=6439, regioncalls=126560, ndraw=40, logz=-811.97, remainder_fraction=100.0000%, Lmin=-806.24, Lmax=-97.50
09:30:21 [ultranest] [DEBUG] iteration=2614, ncalls=6454, regioncalls=127160, ndraw=40, logz=-811.74, remainder_fraction=100.0000%, Lmin=-805.79, Lmax=-97.50
09:30:21 [ultranest] [DEBUG] iteration=2616, ncalls=6464, regioncalls=127560, ndraw=40, logz=-811.65, remainder_fraction=100.0000%, Lmin=-805.69, Lmax=-97.50
09:30:21 [ultranest] [DEBUG] iteration=2619, ncalls=6480, regioncalls=128200, ndraw=40, logz=-811.51, remainder_fraction=100.0000%, Lmin=-805.54, Lmax=-97.50
09:30:21 [ultranest] [DEBUG] iteration=2621, ncalls=6494, regioncalls=128760, ndraw=40, logz=-811.42, remainder_fraction=100.0000%, Lmin=-805.48, Lmax=-97.50
09:30:21 [ultranest] [DEBUG] iteration=2626, ncalls=6506, regioncalls=129240, ndraw=40, logz=-811.19, remainder_fraction=100.0000%, Lmin=-805.29, Lmax=-97.50
09:30:22 [ultranest] [DEBUG] iteration=2628, ncalls=6524, regioncalls=129960, ndraw=40, logz=-811.11, remainder_fraction=100.0000%, Lmin=-805.28, Lmax=-97.50
09:30:22 [ultranest] [DEBUG] iteration=2631, ncalls=6533, regioncalls=130320, ndraw=40, logz=-810.99, remainder_fraction=100.0000%, Lmin=-805.26, Lmax=-97.50
09:30:22 [ultranest] [DEBUG] iteration=2635, ncalls=6549, regioncalls=130960, ndraw=40, logz=-810.84, remainder_fraction=100.0000%, Lmin=-805.08, Lmax=-97.50
09:30:22 [ultranest] [DEBUG] iteration=2637, ncalls=6559, regioncalls=131360, ndraw=40, logz=-810.76, remainder_fraction=100.0000%, Lmin=-804.88, Lmax=-97.50
09:30:22 [ultranest] [DEBUG] iteration=2642, ncalls=6575, regioncalls=132000, ndraw=40, logz=-810.56, remainder_fraction=100.0000%, Lmin=-804.69, Lmax=-97.50
09:30:22 [ultranest] [DEBUG] iteration=2645, ncalls=6589, regioncalls=132560, ndraw=40, logz=-810.44, remainder_fraction=100.0000%, Lmin=-804.63, Lmax=-97.50
09:30:22 [ultranest] [DEBUG] iteration=2647, ncalls=6608, regioncalls=133320, ndraw=40, logz=-810.36, remainder_fraction=100.0000%, Lmin=-804.55, Lmax=-97.50
09:30:23 [ultranest] [DEBUG] iteration=2653, ncalls=6618, regioncalls=133720, ndraw=40, logz=-810.13, remainder_fraction=100.0000%, Lmin=-804.45, Lmax=-97.50
09:30:23 [ultranest] [DEBUG] iteration=2654, ncalls=6630, regioncalls=134200, ndraw=40, logz=-810.10, remainder_fraction=100.0000%, Lmin=-804.44, Lmax=-97.50
09:30:23 [ultranest] [DEBUG] iteration=2658, ncalls=6644, regioncalls=134760, ndraw=40, logz=-809.96, remainder_fraction=100.0000%, Lmin=-804.30, Lmax=-97.50
09:30:23 [ultranest] [DEBUG] iteration=2663, ncalls=6656, regioncalls=135240, ndraw=40, logz=-809.79, remainder_fraction=100.0000%, Lmin=-804.05, Lmax=-97.50
09:30:23 [ultranest] [DEBUG] iteration=2666, ncalls=6670, regioncalls=135800, ndraw=40, logz=-809.68, remainder_fraction=100.0000%, Lmin=-803.90, Lmax=-97.50
09:30:23 [ultranest] [DEBUG] iteration=2671, ncalls=6679, regioncalls=136160, ndraw=40, logz=-809.50, remainder_fraction=100.0000%, Lmin=-803.77, Lmax=-97.50
09:30:23 [ultranest] [DEBUG] iteration=2674, ncalls=6694, regioncalls=136760, ndraw=40, logz=-809.38, remainder_fraction=100.0000%, Lmin=-803.56, Lmax=-97.50
09:30:24 [ultranest] [DEBUG] iteration=2676, ncalls=6705, regioncalls=137200, ndraw=40, logz=-809.30, remainder_fraction=100.0000%, Lmin=-803.43, Lmax=-97.50
09:30:24 [ultranest] [DEBUG] iteration=2679, ncalls=6723, regioncalls=137920, ndraw=40, logz=-809.18, remainder_fraction=100.0000%, Lmin=-803.35, Lmax=-97.50
09:30:24 [ultranest] [DEBUG] iteration=2681, ncalls=6738, regioncalls=138520, ndraw=40, logz=-809.11, remainder_fraction=100.0000%, Lmin=-803.34, Lmax=-97.50
09:30:24 [ultranest] [DEBUG] iteration=2684, ncalls=6750, regioncalls=139000, ndraw=40, logz=-809.00, remainder_fraction=100.0000%, Lmin=-803.30, Lmax=-97.50
09:30:24 [ultranest] [DEBUG] iteration=2686, ncalls=6766, regioncalls=139640, ndraw=40, logz=-808.93, remainder_fraction=100.0000%, Lmin=-803.23, Lmax=-97.50
09:30:24 [ultranest] [DEBUG] iteration=2688, ncalls=6781, regioncalls=140240, ndraw=40, logz=-808.86, remainder_fraction=100.0000%, Lmin=-803.16, Lmax=-97.50
09:30:24 [ultranest] [DEBUG] iteration=2691, ncalls=6790, regioncalls=140600, ndraw=40, logz=-808.76, remainder_fraction=100.0000%, Lmin=-803.02, Lmax=-97.50
09:30:25 [ultranest] [DEBUG] iteration=2693, ncalls=6800, regioncalls=141000, ndraw=40, logz=-808.68, remainder_fraction=100.0000%, Lmin=-802.91, Lmax=-97.50
09:30:25 [ultranest] [DEBUG] iteration=2695, ncalls=6811, regioncalls=141440, ndraw=40, logz=-808.61, remainder_fraction=100.0000%, Lmin=-802.78, Lmax=-97.50
09:30:25 [ultranest] [DEBUG] iteration=2697, ncalls=6821, regioncalls=141840, ndraw=40, logz=-808.53, remainder_fraction=100.0000%, Lmin=-802.67, Lmax=-97.50
09:30:25 [ultranest] [DEBUG] iteration=2698, ncalls=6833, regioncalls=142320, ndraw=40, logz=-808.49, remainder_fraction=100.0000%, Lmin=-802.66, Lmax=-97.50
09:30:25 [ultranest] [DEBUG] iteration=2699, ncalls=6852, regioncalls=143080, ndraw=40, logz=-808.45, remainder_fraction=100.0000%, Lmin=-802.65, Lmax=-97.50
09:30:25 [ultranest] [DEBUG] iteration=2702, ncalls=6861, regioncalls=143440, ndraw=40, logz=-808.34, remainder_fraction=100.0000%, Lmin=-802.54, Lmax=-97.50
09:30:25 [ultranest] [DEBUG] iteration=2705, ncalls=6873, regioncalls=143920, ndraw=40, logz=-808.22, remainder_fraction=100.0000%, Lmin=-802.35, Lmax=-97.50
09:30:25 [ultranest] [DEBUG] iteration=2708, ncalls=6884, regioncalls=144360, ndraw=40, logz=-808.10, remainder_fraction=100.0000%, Lmin=-802.31, Lmax=-97.50
09:30:26 [ultranest] [DEBUG] iteration=2710, ncalls=6894, regioncalls=144760, ndraw=40, logz=-808.03, remainder_fraction=100.0000%, Lmin=-802.24, Lmax=-97.50
09:30:26 [ultranest] [DEBUG] iteration=2713, ncalls=6909, regioncalls=145360, ndraw=40, logz=-807.92, remainder_fraction=100.0000%, Lmin=-802.18, Lmax=-97.50
09:30:26 [ultranest] [DEBUG] iteration=2717, ncalls=6932, regioncalls=146280, ndraw=40, logz=-807.78, remainder_fraction=100.0000%, Lmin=-802.14, Lmax=-97.50
09:30:26 [ultranest] [DEBUG] iteration=2720, ncalls=6942, regioncalls=146680, ndraw=40, logz=-807.69, remainder_fraction=100.0000%, Lmin=-802.10, Lmax=-25.82
09:30:26 [ultranest] [DEBUG] iteration=2723, ncalls=6956, regioncalls=147240, ndraw=40, logz=-807.60, remainder_fraction=100.0000%, Lmin=-801.87, Lmax=-25.82
09:30:26 [ultranest] [DEBUG] iteration=2726, ncalls=6969, regioncalls=147760, ndraw=40, logz=-807.49, remainder_fraction=100.0000%, Lmin=-801.75, Lmax=-25.82
09:30:27 [ultranest] [DEBUG] iteration=2728, ncalls=6987, regioncalls=148480, ndraw=40, logz=-807.42, remainder_fraction=100.0000%, Lmin=-801.69, Lmax=-25.82
09:30:27 [ultranest] [DEBUG] iteration=2731, ncalls=6999, regioncalls=148960, ndraw=40, logz=-807.32, remainder_fraction=100.0000%, Lmin=-801.59, Lmax=-25.82
09:30:27 [ultranest] [DEBUG] iteration=2733, ncalls=7012, regioncalls=149480, ndraw=40, logz=-807.25, remainder_fraction=100.0000%, Lmin=-801.49, Lmax=-25.82
09:30:27 [ultranest] [DEBUG] iteration=2737, ncalls=7022, regioncalls=149880, ndraw=40, logz=-807.11, remainder_fraction=100.0000%, Lmin=-801.42, Lmax=-25.82
09:30:27 [ultranest] [DEBUG] iteration=2741, ncalls=7033, regioncalls=150320, ndraw=40, logz=-806.98, remainder_fraction=100.0000%, Lmin=-801.30, Lmax=-25.82
09:30:27 [ultranest] [DEBUG] iteration=2743, ncalls=7044, regioncalls=150760, ndraw=40, logz=-806.92, remainder_fraction=100.0000%, Lmin=-801.27, Lmax=-25.82
09:30:27 [ultranest] [DEBUG] iteration=2747, ncalls=7055, regioncalls=151200, ndraw=40, logz=-806.79, remainder_fraction=100.0000%, Lmin=-801.06, Lmax=-25.82
09:30:27 [ultranest] [DEBUG] iteration=2749, ncalls=7065, regioncalls=151600, ndraw=40, logz=-806.72, remainder_fraction=100.0000%, Lmin=-800.98, Lmax=-25.82
09:30:28 [ultranest] [DEBUG] iteration=2752, ncalls=7078, regioncalls=152120, ndraw=40, logz=-806.61, remainder_fraction=100.0000%, Lmin=-800.82, Lmax=-25.82
09:30:28 [ultranest] [DEBUG] iteration=2754, ncalls=7091, regioncalls=152640, ndraw=40, logz=-806.54, remainder_fraction=100.0000%, Lmin=-800.77, Lmax=-25.82
09:30:28 [ultranest] [DEBUG] iteration=2757, ncalls=7101, regioncalls=153040, ndraw=40, logz=-806.44, remainder_fraction=100.0000%, Lmin=-800.69, Lmax=-25.82
09:30:28 [ultranest] [DEBUG] iteration=2759, ncalls=7116, regioncalls=153640, ndraw=40, logz=-806.37, remainder_fraction=100.0000%, Lmin=-800.58, Lmax=-25.82
09:30:28 [ultranest] [DEBUG] iteration=2762, ncalls=7132, regioncalls=154280, ndraw=40, logz=-806.26, remainder_fraction=100.0000%, Lmin=-800.47, Lmax=-25.82
09:30:28 [ultranest] [DEBUG] iteration=2765, ncalls=7141, regioncalls=154640, ndraw=40, logz=-806.15, remainder_fraction=100.0000%, Lmin=-800.31, Lmax=-25.82
09:30:28 [ultranest] [DEBUG] iteration=2767, ncalls=7155, regioncalls=155200, ndraw=40, logz=-806.07, remainder_fraction=100.0000%, Lmin=-800.13, Lmax=-25.82
09:30:29 [ultranest] [DEBUG] iteration=2770, ncalls=7165, regioncalls=155600, ndraw=40, logz=-805.95, remainder_fraction=100.0000%, Lmin=-800.10, Lmax=-25.82
09:30:29 [ultranest] [DEBUG] iteration=2773, ncalls=7176, regioncalls=156040, ndraw=40, logz=-805.84, remainder_fraction=100.0000%, Lmin=-800.03, Lmax=-25.82
09:30:29 [ultranest] [DEBUG] iteration=2777, ncalls=7185, regioncalls=156400, ndraw=40, logz=-805.70, remainder_fraction=100.0000%, Lmin=-799.87, Lmax=-25.82
09:30:29 [ultranest] [DEBUG] iteration=2781, ncalls=7196, regioncalls=156840, ndraw=40, logz=-805.55, remainder_fraction=100.0000%, Lmin=-799.71, Lmax=-25.82
09:30:29 [ultranest] [DEBUG] iteration=2785, ncalls=7205, regioncalls=157200, ndraw=40, logz=-805.40, remainder_fraction=100.0000%, Lmin=-799.49, Lmax=-25.82
09:30:29 [ultranest] [DEBUG] iteration=2786, ncalls=7217, regioncalls=157680, ndraw=40, logz=-805.36, remainder_fraction=100.0000%, Lmin=-799.46, Lmax=-25.82
09:30:29 [ultranest] [DEBUG] iteration=2787, ncalls=7229, regioncalls=158160, ndraw=40, logz=-805.32, remainder_fraction=100.0000%, Lmin=-799.46, Lmax=-25.82
09:30:30 [ultranest] [DEBUG] iteration=2790, ncalls=7248, regioncalls=158920, ndraw=40, logz=-805.21, remainder_fraction=100.0000%, Lmin=-799.33, Lmax=-25.82
09:30:30 [ultranest] [DEBUG] iteration=2791, ncalls=7258, regioncalls=159320, ndraw=40, logz=-805.17, remainder_fraction=100.0000%, Lmin=-799.31, Lmax=-25.82
09:30:30 [ultranest] [DEBUG] iteration=2793, ncalls=7270, regioncalls=159800, ndraw=40, logz=-805.09, remainder_fraction=100.0000%, Lmin=-799.20, Lmax=-25.82
09:30:30 [ultranest] [DEBUG] iteration=2797, ncalls=7283, regioncalls=160320, ndraw=40, logz=-804.94, remainder_fraction=100.0000%, Lmin=-799.14, Lmax=-25.82
09:30:30 [ultranest] [DEBUG] iteration=2799, ncalls=7296, regioncalls=160840, ndraw=40, logz=-804.87, remainder_fraction=100.0000%, Lmin=-799.08, Lmax=-25.82
09:30:30 [ultranest] [DEBUG] iteration=2804, ncalls=7305, regioncalls=161200, ndraw=40, logz=-804.70, remainder_fraction=100.0000%, Lmin=-798.86, Lmax=-25.82
09:30:30 [ultranest] [DEBUG] iteration=2806, ncalls=7318, regioncalls=161720, ndraw=40, logz=-804.63, remainder_fraction=100.0000%, Lmin=-798.83, Lmax=-25.82
09:30:30 [ultranest] [DEBUG] iteration=2810, ncalls=7331, regioncalls=162240, ndraw=40, logz=-804.49, remainder_fraction=100.0000%, Lmin=-798.81, Lmax=-25.82
09:30:31 [ultranest] [DEBUG] iteration=2811, ncalls=7357, regioncalls=163280, ndraw=40, logz=-804.46, remainder_fraction=100.0000%, Lmin=-798.74, Lmax=-25.82
09:30:31 [ultranest] [DEBUG] iteration=2812, ncalls=7379, regioncalls=164160, ndraw=40, logz=-804.43, remainder_fraction=100.0000%, Lmin=-798.73, Lmax=-25.82
09:30:31 [ultranest] [DEBUG] iteration=2814, ncalls=7390, regioncalls=164600, ndraw=40, logz=-804.37, remainder_fraction=100.0000%, Lmin=-798.68, Lmax=-25.82
09:30:31 [ultranest] [DEBUG] iteration=2816, ncalls=7403, regioncalls=165120, ndraw=40, logz=-804.30, remainder_fraction=100.0000%, Lmin=-798.49, Lmax=-25.82
09:30:31 [ultranest] [DEBUG] iteration=2819, ncalls=7413, regioncalls=165520, ndraw=40, logz=-804.20, remainder_fraction=100.0000%, Lmin=-798.31, Lmax=-25.82
09:30:31 [ultranest] [DEBUG] iteration=2823, ncalls=7423, regioncalls=165920, ndraw=40, logz=-804.04, remainder_fraction=100.0000%, Lmin=-798.15, Lmax=-25.82
09:30:32 [ultranest] [DEBUG] iteration=2824, ncalls=7434, regioncalls=166360, ndraw=40, logz=-804.00, remainder_fraction=100.0000%, Lmin=-798.14, Lmax=-25.82
09:30:32 [ultranest] [DEBUG] iteration=2826, ncalls=7445, regioncalls=166800, ndraw=40, logz=-803.93, remainder_fraction=100.0000%, Lmin=-798.08, Lmax=-25.82
09:30:32 [ultranest] [DEBUG] iteration=2831, ncalls=7469, regioncalls=167760, ndraw=40, logz=-803.74, remainder_fraction=100.0000%, Lmin=-797.85, Lmax=-25.82
09:30:32 [ultranest] [DEBUG] iteration=2833, ncalls=7482, regioncalls=168280, ndraw=40, logz=-803.66, remainder_fraction=100.0000%, Lmin=-797.79, Lmax=-25.82
09:30:32 [ultranest] [DEBUG] iteration=2835, ncalls=7494, regioncalls=168760, ndraw=40, logz=-803.59, remainder_fraction=100.0000%, Lmin=-797.78, Lmax=-25.82
09:30:32 [ultranest] [DEBUG] iteration=2836, ncalls=7509, regioncalls=169360, ndraw=40, logz=-803.56, remainder_fraction=100.0000%, Lmin=-797.76, Lmax=-25.82
09:30:33 [ultranest] [DEBUG] iteration=2839, ncalls=7527, regioncalls=170080, ndraw=40, logz=-803.45, remainder_fraction=100.0000%, Lmin=-797.67, Lmax=-25.82
09:30:33 [ultranest] [DEBUG] iteration=2841, ncalls=7540, regioncalls=170600, ndraw=40, logz=-803.38, remainder_fraction=100.0000%, Lmin=-797.55, Lmax=-25.82
09:30:33 [ultranest] [DEBUG] iteration=2843, ncalls=7551, regioncalls=171040, ndraw=40, logz=-803.31, remainder_fraction=100.0000%, Lmin=-797.50, Lmax=-25.82
09:30:33 [ultranest] [DEBUG] iteration=2845, ncalls=7564, regioncalls=171560, ndraw=40, logz=-803.24, remainder_fraction=100.0000%, Lmin=-797.45, Lmax=-25.82
09:30:33 [ultranest] [DEBUG] iteration=2849, ncalls=7573, regioncalls=171920, ndraw=40, logz=-803.11, remainder_fraction=100.0000%, Lmin=-797.41, Lmax=-25.82
09:30:33 [ultranest] [DEBUG] iteration=2851, ncalls=7583, regioncalls=172320, ndraw=40, logz=-803.05, remainder_fraction=100.0000%, Lmin=-797.40, Lmax=-25.82
09:30:33 [ultranest] [DEBUG] iteration=2853, ncalls=7594, regioncalls=172760, ndraw=40, logz=-802.99, remainder_fraction=100.0000%, Lmin=-797.37, Lmax=-25.82
09:30:33 [ultranest] [DEBUG] iteration=2855, ncalls=7607, regioncalls=173280, ndraw=40, logz=-802.94, remainder_fraction=100.0000%, Lmin=-797.36, Lmax=-25.82
09:30:34 [ultranest] [DEBUG] iteration=2859, ncalls=7622, regioncalls=173880, ndraw=40, logz=-802.83, remainder_fraction=100.0000%, Lmin=-797.22, Lmax=-25.82
09:30:34 [ultranest] [DEBUG] iteration=2863, ncalls=7637, regioncalls=174480, ndraw=40, logz=-802.71, remainder_fraction=100.0000%, Lmin=-797.07, Lmax=-25.82
09:30:34 [ultranest] [DEBUG] iteration=2864, ncalls=7643, regioncalls=174720, ndraw=40, logz=-802.68, remainder_fraction=100.0000%, Lmin=-797.03, Lmax=-25.82
09:30:34 [ultranest] [DEBUG] iteration=2866, ncalls=7659, regioncalls=175360, ndraw=40, logz=-802.63, remainder_fraction=100.0000%, Lmin=-796.85, Lmax=-25.82
09:30:34 [ultranest] [DEBUG] iteration=2869, ncalls=7671, regioncalls=175840, ndraw=40, logz=-802.53, remainder_fraction=100.0000%, Lmin=-796.78, Lmax=-25.82
09:30:35 [ultranest] [DEBUG] iteration=2871, ncalls=7685, regioncalls=176400, ndraw=40, logz=-802.46, remainder_fraction=100.0000%, Lmin=-796.73, Lmax=-25.82
09:30:35 [ultranest] [DEBUG] iteration=2875, ncalls=7697, regioncalls=176880, ndraw=40, logz=-802.33, remainder_fraction=100.0000%, Lmin=-796.53, Lmax=-25.82
09:30:35 [ultranest] [DEBUG] iteration=2878, ncalls=7710, regioncalls=177400, ndraw=40, logz=-802.23, remainder_fraction=100.0000%, Lmin=-796.34, Lmax=-25.82
09:30:35 [ultranest] [DEBUG] iteration=2880, ncalls=7717, regioncalls=177680, ndraw=40, logz=-802.15, remainder_fraction=100.0000%, Lmin=-796.27, Lmax=-25.82
09:30:35 [ultranest] [DEBUG] iteration=2882, ncalls=7732, regioncalls=178280, ndraw=40, logz=-802.08, remainder_fraction=100.0000%, Lmin=-796.20, Lmax=-25.82
09:30:35 [ultranest] [DEBUG] iteration=2885, ncalls=7754, regioncalls=179160, ndraw=40, logz=-801.97, remainder_fraction=100.0000%, Lmin=-796.10, Lmax=-25.82
09:30:35 [ultranest] [DEBUG] iteration=2888, ncalls=7764, regioncalls=179560, ndraw=40, logz=-801.86, remainder_fraction=100.0000%, Lmin=-796.05, Lmax=-25.82
09:30:36 [ultranest] [DEBUG] iteration=2892, ncalls=7773, regioncalls=179920, ndraw=40, logz=-801.73, remainder_fraction=100.0000%, Lmin=-795.91, Lmax=-25.82
09:30:36 [ultranest] [DEBUG] iteration=2894, ncalls=7785, regioncalls=180400, ndraw=40, logz=-801.66, remainder_fraction=100.0000%, Lmin=-795.88, Lmax=-25.82
09:30:36 [ultranest] [DEBUG] iteration=2899, ncalls=7801, regioncalls=181040, ndraw=40, logz=-801.51, remainder_fraction=100.0000%, Lmin=-795.74, Lmax=-25.82
09:30:36 [ultranest] [DEBUG] iteration=2904, ncalls=7810, regioncalls=181400, ndraw=40, logz=-801.34, remainder_fraction=100.0000%, Lmin=-795.48, Lmax=-25.82
09:30:36 [ultranest] [DEBUG] iteration=2905, ncalls=7822, regioncalls=181880, ndraw=40, logz=-801.31, remainder_fraction=100.0000%, Lmin=-795.48, Lmax=-25.82
09:30:36 [ultranest] [DEBUG] iteration=2907, ncalls=7837, regioncalls=182480, ndraw=40, logz=-801.24, remainder_fraction=100.0000%, Lmin=-795.42, Lmax=-25.82
09:30:36 [ultranest] [DEBUG] iteration=2909, ncalls=7856, regioncalls=183240, ndraw=40, logz=-801.17, remainder_fraction=100.0000%, Lmin=-795.40, Lmax=-25.82
09:30:37 [ultranest] [DEBUG] iteration=2913, ncalls=7868, regioncalls=183720, ndraw=40, logz=-801.05, remainder_fraction=100.0000%, Lmin=-795.30, Lmax=-25.82
09:30:37 [ultranest] [DEBUG] iteration=2915, ncalls=7882, regioncalls=184280, ndraw=40, logz=-800.99, remainder_fraction=100.0000%, Lmin=-795.23, Lmax=-25.82
09:30:37 [ultranest] [DEBUG] iteration=2918, ncalls=7892, regioncalls=184680, ndraw=40, logz=-800.89, remainder_fraction=100.0000%, Lmin=-795.18, Lmax=-25.82
09:30:37 [ultranest] [DEBUG] iteration=2921, ncalls=7902, regioncalls=185080, ndraw=40, logz=-800.80, remainder_fraction=100.0000%, Lmin=-795.10, Lmax=-25.82
09:30:37 [ultranest] [DEBUG] iteration=2925, ncalls=7911, regioncalls=185440, ndraw=40, logz=-800.68, remainder_fraction=100.0000%, Lmin=-794.94, Lmax=-25.82
09:30:37 [ultranest] [DEBUG] iteration=2929, ncalls=7923, regioncalls=185920, ndraw=40, logz=-800.56, remainder_fraction=100.0000%, Lmin=-794.88, Lmax=-25.82
09:30:37 [ultranest] [DEBUG] iteration=2933, ncalls=7935, regioncalls=186400, ndraw=40, logz=-800.45, remainder_fraction=100.0000%, Lmin=-794.82, Lmax=-25.82
09:30:37 [ultranest] [DEBUG] iteration=2935, ncalls=7945, regioncalls=186800, ndraw=40, logz=-800.39, remainder_fraction=100.0000%, Lmin=-794.79, Lmax=-25.82
09:30:38 [ultranest] [DEBUG] iteration=2938, ncalls=7954, regioncalls=187160, ndraw=40, logz=-800.31, remainder_fraction=100.0000%, Lmin=-794.74, Lmax=-25.82
09:30:38 [ultranest] [DEBUG] iteration=2940, ncalls=7975, regioncalls=188000, ndraw=40, logz=-800.26, remainder_fraction=100.0000%, Lmin=-794.73, Lmax=-25.82
09:30:38 [ultranest] [DEBUG] iteration=2942, ncalls=7987, regioncalls=188480, ndraw=40, logz=-800.21, remainder_fraction=100.0000%, Lmin=-794.71, Lmax=-25.82
09:30:38 [ultranest] [DEBUG] iteration=2946, ncalls=7996, regioncalls=188840, ndraw=40, logz=-800.11, remainder_fraction=100.0000%, Lmin=-794.53, Lmax=-25.82
09:30:38 [ultranest] [DEBUG] iteration=2947, ncalls=8006, regioncalls=189240, ndraw=40, logz=-800.08, remainder_fraction=100.0000%, Lmin=-794.52, Lmax=-25.82
09:30:38 [ultranest] [DEBUG] iteration=2949, ncalls=8021, regioncalls=189840, ndraw=40, logz=-800.03, remainder_fraction=100.0000%, Lmin=-794.45, Lmax=-25.82
09:30:38 [ultranest] [DEBUG] iteration=2950, ncalls=8041, regioncalls=190640, ndraw=40, logz=-800.01, remainder_fraction=100.0000%, Lmin=-794.43, Lmax=-25.82
09:30:39 [ultranest] [DEBUG] iteration=2953, ncalls=8051, regioncalls=191040, ndraw=40, logz=-799.93, remainder_fraction=100.0000%, Lmin=-794.36, Lmax=-25.82
09:30:39 [ultranest] [DEBUG] iteration=2954, ncalls=8061, regioncalls=191440, ndraw=40, logz=-799.90, remainder_fraction=100.0000%, Lmin=-794.33, Lmax=-25.82
09:30:39 [ultranest] [DEBUG] iteration=2957, ncalls=8075, regioncalls=192000, ndraw=40, logz=-799.83, remainder_fraction=100.0000%, Lmin=-794.23, Lmax=-25.82
09:30:39 [ultranest] [DEBUG] iteration=2959, ncalls=8085, regioncalls=192400, ndraw=40, logz=-799.77, remainder_fraction=100.0000%, Lmin=-794.12, Lmax=-25.82
09:30:39 [ultranest] [DEBUG] iteration=2962, ncalls=8097, regioncalls=192880, ndraw=40, logz=-799.69, remainder_fraction=100.0000%, Lmin=-794.08, Lmax=-25.82
09:30:39 [ultranest] [DEBUG] iteration=2964, ncalls=8111, regioncalls=193440, ndraw=40, logz=-799.64, remainder_fraction=100.0000%, Lmin=-794.04, Lmax=-25.82
09:30:39 [ultranest] [DEBUG] iteration=2967, ncalls=8121, regioncalls=193840, ndraw=40, logz=-799.56, remainder_fraction=100.0000%, Lmin=-794.01, Lmax=-25.82
09:30:39 [ultranest] [DEBUG] iteration=2970, ncalls=8132, regioncalls=194280, ndraw=40, logz=-799.49, remainder_fraction=100.0000%, Lmin=-793.96, Lmax=-25.82
09:30:40 [ultranest] [DEBUG] iteration=2972, ncalls=8146, regioncalls=194840, ndraw=40, logz=-799.44, remainder_fraction=100.0000%, Lmin=-793.91, Lmax=-25.82
09:30:40 [ultranest] [DEBUG] iteration=2975, ncalls=8160, regioncalls=195400, ndraw=40, logz=-799.37, remainder_fraction=100.0000%, Lmin=-793.78, Lmax=-25.82
09:30:40 [ultranest] [DEBUG] iteration=2978, ncalls=8172, regioncalls=195880, ndraw=40, logz=-799.29, remainder_fraction=100.0000%, Lmin=-793.66, Lmax=-25.82
09:30:40 [ultranest] [DEBUG] iteration=2980, ncalls=8195, regioncalls=196800, ndraw=40, logz=-799.24, remainder_fraction=100.0000%, Lmin=-793.61, Lmax=-25.82
09:30:40 [ultranest] [DEBUG] iteration=2983, ncalls=8204, regioncalls=197160, ndraw=40, logz=-799.16, remainder_fraction=100.0000%, Lmin=-793.55, Lmax=-25.82
09:30:40 [ultranest] [DEBUG] iteration=2988, ncalls=8214, regioncalls=197560, ndraw=40, logz=-799.03, remainder_fraction=100.0000%, Lmin=-793.44, Lmax=-25.82
09:30:41 [ultranest] [DEBUG] iteration=2989, ncalls=8227, regioncalls=198080, ndraw=40, logz=-799.00, remainder_fraction=100.0000%, Lmin=-793.41, Lmax=-25.82
09:30:41 [ultranest] [DEBUG] iteration=2992, ncalls=8241, regioncalls=198640, ndraw=40, logz=-798.92, remainder_fraction=100.0000%, Lmin=-793.13, Lmax=-25.82
09:30:41 [ultranest] [DEBUG] iteration=2995, ncalls=8252, regioncalls=199080, ndraw=40, logz=-798.83, remainder_fraction=100.0000%, Lmin=-793.01, Lmax=-25.82
09:30:41 [ultranest] [DEBUG] iteration=3000, ncalls=8262, regioncalls=199480, ndraw=40, logz=-798.66, remainder_fraction=100.0000%, Lmin=-792.78, Lmax=-25.82
09:30:41 [ultranest] [DEBUG] iteration=3002, ncalls=8276, regioncalls=200040, ndraw=40, logz=-798.59, remainder_fraction=100.0000%, Lmin=-792.67, Lmax=-25.82
09:30:41 [ultranest] [DEBUG] iteration=3010, ncalls=8291, regioncalls=200640, ndraw=40, logz=-798.31, remainder_fraction=100.0000%, Lmin=-792.42, Lmax=-25.82
09:30:41 [ultranest] [DEBUG] iteration=3013, ncalls=8301, regioncalls=201040, ndraw=40, logz=-798.21, remainder_fraction=100.0000%, Lmin=-792.33, Lmax=-25.82
09:30:41 [ultranest] [DEBUG] iteration=3016, ncalls=8311, regioncalls=201440, ndraw=40, logz=-798.11, remainder_fraction=100.0000%, Lmin=-792.26, Lmax=-25.82
09:30:42 [ultranest] [DEBUG] iteration=3019, ncalls=8322, regioncalls=201880, ndraw=40, logz=-798.01, remainder_fraction=100.0000%, Lmin=-792.07, Lmax=-25.82
09:30:42 [ultranest] [DEBUG] iteration=3022, ncalls=8333, regioncalls=202320, ndraw=40, logz=-797.90, remainder_fraction=100.0000%, Lmin=-792.00, Lmax=-25.82
09:30:42 [ultranest] [DEBUG] iteration=3027, ncalls=8352, regioncalls=203080, ndraw=40, logz=-797.73, remainder_fraction=100.0000%, Lmin=-791.86, Lmax=-25.82
09:30:42 [ultranest] [DEBUG] iteration=3029, ncalls=8365, regioncalls=203600, ndraw=40, logz=-797.67, remainder_fraction=100.0000%, Lmin=-791.83, Lmax=-25.82
09:30:42 [ultranest] [DEBUG] iteration=3033, ncalls=8374, regioncalls=203960, ndraw=40, logz=-797.54, remainder_fraction=100.0000%, Lmin=-791.73, Lmax=-25.82
09:30:42 [ultranest] [DEBUG] iteration=3036, ncalls=8387, regioncalls=204480, ndraw=40, logz=-797.45, remainder_fraction=100.0000%, Lmin=-791.65, Lmax=-25.82
09:30:42 [ultranest] [DEBUG] iteration=3039, ncalls=8397, regioncalls=204880, ndraw=40, logz=-797.36, remainder_fraction=100.0000%, Lmin=-791.58, Lmax=-25.82
09:30:43 [ultranest] [DEBUG] iteration=3040, ncalls=8405, regioncalls=205200, ndraw=40, logz=-797.33, remainder_fraction=100.0000%, Lmin=-791.57, Lmax=-25.82
09:30:43 [ultranest] [DEBUG] iteration=3041, ncalls=8416, regioncalls=205640, ndraw=40, logz=-797.30, remainder_fraction=100.0000%, Lmin=-791.52, Lmax=-25.82
09:30:43 [ultranest] [DEBUG] iteration=3043, ncalls=8429, regioncalls=206160, ndraw=40, logz=-797.24, remainder_fraction=100.0000%, Lmin=-791.46, Lmax=-25.82
09:30:43 [ultranest] [DEBUG] iteration=3045, ncalls=8440, regioncalls=206600, ndraw=40, logz=-797.18, remainder_fraction=100.0000%, Lmin=-791.43, Lmax=-25.82
09:30:43 [ultranest] [DEBUG] iteration=3047, ncalls=8455, regioncalls=207200, ndraw=40, logz=-797.12, remainder_fraction=100.0000%, Lmin=-791.38, Lmax=-25.82
09:30:43 [ultranest] [DEBUG] iteration=3051, ncalls=8470, regioncalls=207800, ndraw=40, logz=-797.01, remainder_fraction=100.0000%, Lmin=-791.30, Lmax=-25.82
09:30:43 [ultranest] [DEBUG] iteration=3055, ncalls=8481, regioncalls=208240, ndraw=40, logz=-796.90, remainder_fraction=100.0000%, Lmin=-791.16, Lmax=-25.82
09:30:44 [ultranest] [DEBUG] iteration=3062, ncalls=8495, regioncalls=208800, ndraw=40, logz=-796.71, remainder_fraction=100.0000%, Lmin=-791.07, Lmax=-25.82
09:30:44 [ultranest] [DEBUG] iteration=3063, ncalls=8506, regioncalls=209240, ndraw=40, logz=-796.68, remainder_fraction=100.0000%, Lmin=-791.07, Lmax=-25.82
09:30:44 [ultranest] [DEBUG] iteration=3066, ncalls=8521, regioncalls=209840, ndraw=40, logz=-796.61, remainder_fraction=100.0000%, Lmin=-791.01, Lmax=-25.82
09:30:44 [ultranest] [DEBUG] iteration=3069, ncalls=8536, regioncalls=210440, ndraw=40, logz=-796.53, remainder_fraction=100.0000%, Lmin=-790.97, Lmax=-25.82
09:30:44 [ultranest] [DEBUG] iteration=3074, ncalls=8545, regioncalls=210800, ndraw=40, logz=-796.42, remainder_fraction=100.0000%, Lmin=-790.85, Lmax=-25.82
09:30:44 [ultranest] [DEBUG] iteration=3077, ncalls=8554, regioncalls=211160, ndraw=40, logz=-796.35, remainder_fraction=100.0000%, Lmin=-790.78, Lmax=-25.82
09:30:44 [ultranest] [DEBUG] iteration=3079, ncalls=8567, regioncalls=211680, ndraw=40, logz=-796.30, remainder_fraction=100.0000%, Lmin=-790.71, Lmax=-25.82
09:30:45 [ultranest] [DEBUG] iteration=3083, ncalls=8581, regioncalls=212240, ndraw=40, logz=-796.20, remainder_fraction=100.0000%, Lmin=-790.60, Lmax=-25.82
09:30:45 [ultranest] [DEBUG] iteration=3087, ncalls=8592, regioncalls=212680, ndraw=40, logz=-796.11, remainder_fraction=100.0000%, Lmin=-790.49, Lmax=-25.82
09:30:45 [ultranest] [DEBUG] iteration=3090, ncalls=8603, regioncalls=213120, ndraw=40, logz=-796.03, remainder_fraction=100.0000%, Lmin=-790.39, Lmax=-25.82
09:30:45 [ultranest] [DEBUG] iteration=3093, ncalls=8615, regioncalls=213600, ndraw=40, logz=-795.95, remainder_fraction=100.0000%, Lmin=-790.25, Lmax=-25.82
09:30:45 [ultranest] [DEBUG] iteration=3095, ncalls=8631, regioncalls=214240, ndraw=40, logz=-795.90, remainder_fraction=100.0000%, Lmin=-790.22, Lmax=-25.82
09:30:45 [ultranest] [DEBUG] iteration=3098, ncalls=8644, regioncalls=214760, ndraw=40, logz=-795.82, remainder_fraction=100.0000%, Lmin=-790.16, Lmax=-25.82
09:30:45 [ultranest] [DEBUG] iteration=3100, ncalls=8658, regioncalls=215320, ndraw=40, logz=-795.77, remainder_fraction=100.0000%, Lmin=-790.11, Lmax=-25.82
09:30:45 [ultranest] [DEBUG] iteration=3103, ncalls=8667, regioncalls=215680, ndraw=40, logz=-795.70, remainder_fraction=100.0000%, Lmin=-790.05, Lmax=-25.82
09:30:46 [ultranest] [DEBUG] iteration=3104, ncalls=8677, regioncalls=216080, ndraw=40, logz=-795.67, remainder_fraction=100.0000%, Lmin=-790.04, Lmax=-25.82
09:30:46 [ultranest] [DEBUG] iteration=3107, ncalls=8692, regioncalls=216680, ndraw=40, logz=-795.60, remainder_fraction=100.0000%, Lmin=-790.01, Lmax=-25.82
09:30:46 [ultranest] [DEBUG] iteration=3110, ncalls=8702, regioncalls=217080, ndraw=40, logz=-795.53, remainder_fraction=100.0000%, Lmin=-789.96, Lmax=-25.82
09:30:46 [ultranest] [DEBUG] iteration=3113, ncalls=8711, regioncalls=217440, ndraw=40, logz=-795.46, remainder_fraction=100.0000%, Lmin=-789.89, Lmax=-25.82
09:30:46 [ultranest] [DEBUG] iteration=3116, ncalls=8725, regioncalls=218000, ndraw=40, logz=-795.39, remainder_fraction=100.0000%, Lmin=-789.78, Lmax=-25.82
09:30:46 [ultranest] [DEBUG] iteration=3119, ncalls=8735, regioncalls=218400, ndraw=40, logz=-795.32, remainder_fraction=100.0000%, Lmin=-789.70, Lmax=-25.82
09:30:46 [ultranest] [DEBUG] iteration=3122, ncalls=8746, regioncalls=218840, ndraw=40, logz=-795.24, remainder_fraction=100.0000%, Lmin=-789.63, Lmax=-25.82
09:30:46 [ultranest] [DEBUG] iteration=3124, ncalls=8758, regioncalls=219320, ndraw=40, logz=-795.20, remainder_fraction=100.0000%, Lmin=-789.58, Lmax=-25.82
09:30:47 [ultranest] [DEBUG] iteration=3127, ncalls=8768, regioncalls=219720, ndraw=40, logz=-795.12, remainder_fraction=100.0000%, Lmin=-789.49, Lmax=-25.82
09:30:47 [ultranest] [DEBUG] iteration=3131, ncalls=8785, regioncalls=220400, ndraw=40, logz=-795.03, remainder_fraction=100.0000%, Lmin=-789.40, Lmax=-25.82
09:30:47 [ultranest] [DEBUG] iteration=3134, ncalls=8796, regioncalls=220840, ndraw=40, logz=-794.95, remainder_fraction=100.0000%, Lmin=-789.36, Lmax=-25.82
09:30:47 [ultranest] [DEBUG] iteration=3137, ncalls=8810, regioncalls=221400, ndraw=40, logz=-794.88, remainder_fraction=100.0000%, Lmin=-789.28, Lmax=-25.82
09:30:47 [ultranest] [DEBUG] iteration=3139, ncalls=8827, regioncalls=222080, ndraw=40, logz=-794.84, remainder_fraction=100.0000%, Lmin=-789.25, Lmax=-25.82
09:30:47 [ultranest] [DEBUG] iteration=3141, ncalls=8840, regioncalls=222600, ndraw=40, logz=-794.79, remainder_fraction=100.0000%, Lmin=-789.17, Lmax=-25.82
09:30:47 [ultranest] [DEBUG] iteration=3144, ncalls=8851, regioncalls=223040, ndraw=40, logz=-794.72, remainder_fraction=100.0000%, Lmin=-789.08, Lmax=-25.82
09:30:48 [ultranest] [DEBUG] iteration=3148, ncalls=8862, regioncalls=223480, ndraw=40, logz=-794.62, remainder_fraction=100.0000%, Lmin=-789.03, Lmax=-25.82
09:30:48 [ultranest] [DEBUG] iteration=3150, ncalls=8872, regioncalls=223880, ndraw=40, logz=-794.58, remainder_fraction=100.0000%, Lmin=-789.02, Lmax=-25.82
09:30:48 [ultranest] [DEBUG] iteration=3152, ncalls=8885, regioncalls=224400, ndraw=40, logz=-794.53, remainder_fraction=100.0000%, Lmin=-788.91, Lmax=-25.82
09:30:48 [ultranest] [DEBUG] iteration=3155, ncalls=8896, regioncalls=224840, ndraw=40, logz=-794.46, remainder_fraction=100.0000%, Lmin=-788.80, Lmax=-25.82
09:30:48 [ultranest] [DEBUG] iteration=3156, ncalls=8907, regioncalls=225280, ndraw=40, logz=-794.43, remainder_fraction=100.0000%, Lmin=-788.72, Lmax=-25.82
09:30:48 [ultranest] [DEBUG] iteration=3161, ncalls=8916, regioncalls=225640, ndraw=40, logz=-794.30, remainder_fraction=100.0000%, Lmin=-788.61, Lmax=-25.82
09:30:48 [ultranest] [DEBUG] iteration=3165, ncalls=8930, regioncalls=226200, ndraw=40, logz=-794.20, remainder_fraction=100.0000%, Lmin=-788.48, Lmax=-25.82
09:30:49 [ultranest] [DEBUG] iteration=3168, ncalls=8950, regioncalls=227000, ndraw=40, logz=-794.12, remainder_fraction=100.0000%, Lmin=-788.38, Lmax=-25.82
09:30:49 [ultranest] [DEBUG] iteration=3169, ncalls=8960, regioncalls=227400, ndraw=40, logz=-794.09, remainder_fraction=100.0000%, Lmin=-788.37, Lmax=-25.82
09:30:49 [ultranest] [DEBUG] iteration=3172, ncalls=8971, regioncalls=227840, ndraw=40, logz=-794.02, remainder_fraction=100.0000%, Lmin=-788.29, Lmax=-25.82
09:30:49 [ultranest] [DEBUG] iteration=3173, ncalls=8983, regioncalls=228320, ndraw=40, logz=-793.99, remainder_fraction=100.0000%, Lmin=-788.29, Lmax=-25.82
09:30:49 [ultranest] [DEBUG] iteration=3176, ncalls=8994, regioncalls=228760, ndraw=40, logz=-793.92, remainder_fraction=100.0000%, Lmin=-788.25, Lmax=-25.82
09:30:49 [ultranest] [DEBUG] iteration=3179, ncalls=9004, regioncalls=229160, ndraw=40, logz=-793.84, remainder_fraction=100.0000%, Lmin=-788.18, Lmax=-25.82
09:30:49 [ultranest] [DEBUG] iteration=3182, ncalls=9018, regioncalls=229720, ndraw=40, logz=-793.77, remainder_fraction=100.0000%, Lmin=-788.06, Lmax=-25.82
09:30:49 [ultranest] [DEBUG] iteration=3184, ncalls=9035, regioncalls=230400, ndraw=40, logz=-793.72, remainder_fraction=100.0000%, Lmin=-788.00, Lmax=-25.82
09:30:50 [ultranest] [DEBUG] iteration=3186, ncalls=9058, regioncalls=231320, ndraw=40, logz=-793.66, remainder_fraction=100.0000%, Lmin=-787.95, Lmax=-25.82
09:30:50 [ultranest] [DEBUG] iteration=3187, ncalls=9070, regioncalls=231800, ndraw=40, logz=-793.64, remainder_fraction=100.0000%, Lmin=-787.93, Lmax=-25.82
09:30:50 [ultranest] [DEBUG] iteration=3191, ncalls=9085, regioncalls=232400, ndraw=40, logz=-793.54, remainder_fraction=100.0000%, Lmin=-787.88, Lmax=-25.82
09:30:50 [ultranest] [DEBUG] iteration=3195, ncalls=9094, regioncalls=232760, ndraw=40, logz=-793.44, remainder_fraction=100.0000%, Lmin=-787.85, Lmax=-25.82
09:30:50 [ultranest] [DEBUG] iteration=3197, ncalls=9103, regioncalls=233120, ndraw=40, logz=-793.40, remainder_fraction=100.0000%, Lmin=-787.83, Lmax=-25.82
09:30:50 [ultranest] [DEBUG] iteration=3200, ncalls=9113, regioncalls=233520, ndraw=40, logz=-793.33, remainder_fraction=100.0000%, Lmin=-787.71, Lmax=-25.82
09:30:50 [ultranest] [DEBUG] iteration=3202, ncalls=9124, regioncalls=233960, ndraw=40, logz=-793.29, remainder_fraction=100.0000%, Lmin=-787.64, Lmax=-25.82
09:30:51 [ultranest] [DEBUG] iteration=3203, ncalls=9145, regioncalls=234800, ndraw=40, logz=-793.26, remainder_fraction=100.0000%, Lmin=-787.63, Lmax=-25.82
09:30:51 [ultranest] [DEBUG] iteration=3206, ncalls=9165, regioncalls=235600, ndraw=40, logz=-793.19, remainder_fraction=100.0000%, Lmin=-787.50, Lmax=-25.82
09:30:51 [ultranest] [DEBUG] iteration=3209, ncalls=9179, regioncalls=236160, ndraw=40, logz=-793.12, remainder_fraction=100.0000%, Lmin=-787.45, Lmax=-25.82
09:30:51 [ultranest] [DEBUG] iteration=3210, ncalls=9191, regioncalls=236640, ndraw=40, logz=-793.10, remainder_fraction=100.0000%, Lmin=-787.45, Lmax=-25.82
09:30:51 [ultranest] [DEBUG] iteration=3213, ncalls=9202, regioncalls=237080, ndraw=40, logz=-793.03, remainder_fraction=100.0000%, Lmin=-787.40, Lmax=-25.82
09:30:51 [ultranest] [DEBUG] iteration=3216, ncalls=9214, regioncalls=237560, ndraw=40, logz=-792.96, remainder_fraction=100.0000%, Lmin=-787.37, Lmax=-25.82
09:30:52 [ultranest] [DEBUG] iteration=3217, ncalls=9224, regioncalls=237960, ndraw=40, logz=-792.93, remainder_fraction=100.0000%, Lmin=-787.37, Lmax=-25.82
09:30:52 [ultranest] [DEBUG] iteration=3220, ncalls=9236, regioncalls=238440, ndraw=40, logz=-792.87, remainder_fraction=100.0000%, Lmin=-787.25, Lmax=-25.82
09:30:52 [ultranest] [DEBUG] iteration=3222, ncalls=9244, regioncalls=238760, ndraw=40, logz=-792.82, remainder_fraction=100.0000%, Lmin=-787.19, Lmax=-25.82
09:30:52 [ultranest] [DEBUG] iteration=3223, ncalls=9256, regioncalls=239240, ndraw=40, logz=-792.80, remainder_fraction=100.0000%, Lmin=-787.18, Lmax=-25.82
09:30:52 [ultranest] [DEBUG] iteration=3226, ncalls=9273, regioncalls=239920, ndraw=40, logz=-792.73, remainder_fraction=100.0000%, Lmin=-787.14, Lmax=-25.82
09:30:53 [ultranest] [DEBUG] iteration=3228, ncalls=9282, regioncalls=240280, ndraw=40, logz=-792.69, remainder_fraction=100.0000%, Lmin=-787.10, Lmax=-25.82
09:30:53 [ultranest] [DEBUG] iteration=3230, ncalls=9300, regioncalls=241000, ndraw=40, logz=-792.64, remainder_fraction=100.0000%, Lmin=-787.04, Lmax=-25.82
09:30:53 [ultranest] [DEBUG] iteration=3235, ncalls=9316, regioncalls=241640, ndraw=40, logz=-792.53, remainder_fraction=100.0000%, Lmin=-786.99, Lmax=-25.82
09:30:53 [ultranest] [DEBUG] iteration=3240, ncalls=9324, regioncalls=241960, ndraw=40, logz=-792.43, remainder_fraction=100.0000%, Lmin=-786.86, Lmax=-25.82
09:30:53 [ultranest] [DEBUG] iteration=3241, ncalls=9336, regioncalls=242440, ndraw=40, logz=-792.41, remainder_fraction=100.0000%, Lmin=-786.85, Lmax=-25.82
09:30:53 [ultranest] [DEBUG] iteration=3245, ncalls=9345, regioncalls=242800, ndraw=40, logz=-792.32, remainder_fraction=100.0000%, Lmin=-786.80, Lmax=-25.82
09:30:53 [ultranest] [DEBUG] iteration=3248, ncalls=9356, regioncalls=243240, ndraw=40, logz=-792.26, remainder_fraction=100.0000%, Lmin=-786.75, Lmax=-25.82
09:30:53 [ultranest] [DEBUG] iteration=3250, ncalls=9365, regioncalls=243600, ndraw=40, logz=-792.22, remainder_fraction=100.0000%, Lmin=-786.72, Lmax=-25.82
09:30:54 [ultranest] [DEBUG] iteration=3253, ncalls=9377, regioncalls=244080, ndraw=40, logz=-792.16, remainder_fraction=100.0000%, Lmin=-786.67, Lmax=-25.82
09:30:54 [ultranest] [DEBUG] iteration=3254, ncalls=9390, regioncalls=244600, ndraw=40, logz=-792.14, remainder_fraction=100.0000%, Lmin=-786.60, Lmax=-25.82
09:30:54 [ultranest] [DEBUG] iteration=3255, ncalls=9415, regioncalls=245600, ndraw=40, logz=-792.12, remainder_fraction=100.0000%, Lmin=-786.58, Lmax=-25.82
09:30:54 [ultranest] [DEBUG] iteration=3257, ncalls=9433, regioncalls=246320, ndraw=40, logz=-792.08, remainder_fraction=100.0000%, Lmin=-786.48, Lmax=-25.82
09:30:54 [ultranest] [DEBUG] iteration=3259, ncalls=9447, regioncalls=246880, ndraw=40, logz=-792.04, remainder_fraction=100.0000%, Lmin=-786.44, Lmax=-25.82
09:30:54 [ultranest] [DEBUG] iteration=3260, ncalls=9459, regioncalls=247360, ndraw=40, logz=-792.02, remainder_fraction=100.0000%, Lmin=-786.41, Lmax=-25.82
09:30:55 [ultranest] [DEBUG] iteration=3262, ncalls=9476, regioncalls=248040, ndraw=40, logz=-791.97, remainder_fraction=100.0000%, Lmin=-786.41, Lmax=-25.82
09:30:55 [ultranest] [DEBUG] iteration=3266, ncalls=9495, regioncalls=248800, ndraw=40, logz=-791.89, remainder_fraction=100.0000%, Lmin=-786.34, Lmax=-25.82
09:30:55 [ultranest] [DEBUG] iteration=3269, ncalls=9507, regioncalls=249280, ndraw=40, logz=-791.83, remainder_fraction=100.0000%, Lmin=-786.28, Lmax=-25.82
09:30:55 [ultranest] [DEBUG] iteration=3273, ncalls=9516, regioncalls=249640, ndraw=40, logz=-791.74, remainder_fraction=100.0000%, Lmin=-786.14, Lmax=-25.82
09:30:55 [ultranest] [DEBUG] iteration=3275, ncalls=9528, regioncalls=250120, ndraw=40, logz=-791.70, remainder_fraction=100.0000%, Lmin=-786.13, Lmax=-25.82
09:30:55 [ultranest] [DEBUG] iteration=3276, ncalls=9546, regioncalls=250840, ndraw=40, logz=-791.68, remainder_fraction=100.0000%, Lmin=-786.10, Lmax=-25.82
09:30:56 [ultranest] [DEBUG] iteration=3278, ncalls=9561, regioncalls=251440, ndraw=40, logz=-791.64, remainder_fraction=100.0000%, Lmin=-786.09, Lmax=-25.82
09:30:56 [ultranest] [DEBUG] iteration=3283, ncalls=9586, regioncalls=252440, ndraw=40, logz=-791.54, remainder_fraction=100.0000%, Lmin=-786.05, Lmax=-25.82
09:30:56 [ultranest] [DEBUG] iteration=3284, ncalls=9597, regioncalls=252880, ndraw=40, logz=-791.52, remainder_fraction=100.0000%, Lmin=-786.04, Lmax=-25.82
09:30:56 [ultranest] [DEBUG] iteration=3288, ncalls=9606, regioncalls=253240, ndraw=40, logz=-791.44, remainder_fraction=100.0000%, Lmin=-785.97, Lmax=-25.82
09:30:56 [ultranest] [DEBUG] iteration=3290, ncalls=9617, regioncalls=253680, ndraw=40, logz=-791.41, remainder_fraction=100.0000%, Lmin=-785.94, Lmax=-25.82
09:30:56 [ultranest] [DEBUG] iteration=3292, ncalls=9632, regioncalls=254280, ndraw=40, logz=-791.37, remainder_fraction=100.0000%, Lmin=-785.93, Lmax=-25.82
09:30:56 [ultranest] [DEBUG] iteration=3294, ncalls=9646, regioncalls=254840, ndraw=40, logz=-791.33, remainder_fraction=100.0000%, Lmin=-785.90, Lmax=-25.82
09:30:57 [ultranest] [DEBUG] iteration=3298, ncalls=9657, regioncalls=255280, ndraw=40, logz=-791.26, remainder_fraction=100.0000%, Lmin=-785.85, Lmax=-25.82
09:30:57 [ultranest] [DEBUG] iteration=3300, ncalls=9677, regioncalls=256080, ndraw=40, logz=-791.23, remainder_fraction=100.0000%, Lmin=-785.82, Lmax=-25.82
09:30:57 [ultranest] [DEBUG] iteration=3302, ncalls=9686, regioncalls=256440, ndraw=40, logz=-791.19, remainder_fraction=100.0000%, Lmin=-785.80, Lmax=-25.82
09:30:57 [ultranest] [DEBUG] iteration=3304, ncalls=9698, regioncalls=256920, ndraw=40, logz=-791.16, remainder_fraction=100.0000%, Lmin=-785.76, Lmax=-25.82
09:30:57 [ultranest] [DEBUG] iteration=3307, ncalls=9709, regioncalls=257360, ndraw=40, logz=-791.10, remainder_fraction=100.0000%, Lmin=-785.70, Lmax=-25.82
09:30:57 [ultranest] [DEBUG] iteration=3310, ncalls=9723, regioncalls=257920, ndraw=40, logz=-791.05, remainder_fraction=100.0000%, Lmin=-785.61, Lmax=-25.82
09:30:57 [ultranest] [DEBUG] iteration=3312, ncalls=9733, regioncalls=258320, ndraw=40, logz=-791.02, remainder_fraction=100.0000%, Lmin=-785.57, Lmax=-25.82
09:30:58 [ultranest] [DEBUG] iteration=3315, ncalls=9745, regioncalls=258800, ndraw=40, logz=-790.96, remainder_fraction=100.0000%, Lmin=-785.48, Lmax=-25.82
09:30:58 [ultranest] [DEBUG] iteration=3317, ncalls=9765, regioncalls=259600, ndraw=40, logz=-790.92, remainder_fraction=100.0000%, Lmin=-785.36, Lmax=-25.82
09:30:58 [ultranest] [DEBUG] iteration=3319, ncalls=9784, regioncalls=260360, ndraw=40, logz=-790.88, remainder_fraction=100.0000%, Lmin=-785.33, Lmax=-25.82
09:30:58 [ultranest] [DEBUG] iteration=3320, ncalls=9794, regioncalls=260760, ndraw=40, logz=-790.86, remainder_fraction=100.0000%, Lmin=-785.32, Lmax=-25.82
09:30:58 [ultranest] [DEBUG] iteration=3322, ncalls=9807, regioncalls=261280, ndraw=40, logz=-790.82, remainder_fraction=100.0000%, Lmin=-785.30, Lmax=-25.82
09:30:58 [ultranest] [DEBUG] iteration=3325, ncalls=9823, regioncalls=261920, ndraw=40, logz=-790.77, remainder_fraction=100.0000%, Lmin=-785.29, Lmax=-25.82
09:30:59 [ultranest] [DEBUG] iteration=3326, ncalls=9836, regioncalls=262440, ndraw=40, logz=-790.75, remainder_fraction=100.0000%, Lmin=-785.18, Lmax=-25.82
09:30:59 [ultranest] [DEBUG] iteration=3327, ncalls=9852, regioncalls=263080, ndraw=40, logz=-790.73, remainder_fraction=100.0000%, Lmin=-785.16, Lmax=-25.82
09:30:59 [ultranest] [DEBUG] iteration=3329, ncalls=9862, regioncalls=263480, ndraw=40, logz=-790.69, remainder_fraction=100.0000%, Lmin=-785.15, Lmax=-25.82
09:30:59 [ultranest] [DEBUG] iteration=3331, ncalls=9886, regioncalls=264440, ndraw=40, logz=-790.65, remainder_fraction=100.0000%, Lmin=-785.12, Lmax=-25.82
09:30:59 [ultranest] [DEBUG] iteration=3334, ncalls=9896, regioncalls=264840, ndraw=40, logz=-790.59, remainder_fraction=100.0000%, Lmin=-785.04, Lmax=-25.82
09:30:59 [ultranest] [DEBUG] iteration=3338, ncalls=9912, regioncalls=265480, ndraw=40, logz=-790.51, remainder_fraction=100.0000%, Lmin=-784.96, Lmax=-25.82
09:30:59 [ultranest] [DEBUG] iteration=3341, ncalls=9922, regioncalls=265880, ndraw=40, logz=-790.45, remainder_fraction=100.0000%, Lmin=-784.92, Lmax=-25.82
09:31:00 [ultranest] [DEBUG] iteration=3343, ncalls=9938, regioncalls=266520, ndraw=40, logz=-790.41, remainder_fraction=100.0000%, Lmin=-784.82, Lmax=-25.82
09:31:00 [ultranest] [DEBUG] iteration=3345, ncalls=9985, regioncalls=268400, ndraw=40, logz=-790.37, remainder_fraction=100.0000%, Lmin=-784.78, Lmax=-25.82
09:31:00 [ultranest] [DEBUG] iteration=3346, ncalls=9995, regioncalls=268800, ndraw=40, logz=-790.35, remainder_fraction=100.0000%, Lmin=-784.77, Lmax=-25.82
09:31:00 [ultranest] [DEBUG] iteration=3348, ncalls=10007, regioncalls=269280, ndraw=40, logz=-790.31, remainder_fraction=100.0000%, Lmin=-784.76, Lmax=-25.82
09:31:01 [ultranest] [DEBUG] iteration=3350, ncalls=10021, regioncalls=269840, ndraw=40, logz=-790.27, remainder_fraction=100.0000%, Lmin=-784.71, Lmax=-25.82
09:31:01 [ultranest] [DEBUG] iteration=3353, ncalls=10037, regioncalls=270480, ndraw=40, logz=-790.21, remainder_fraction=100.0000%, Lmin=-784.66, Lmax=-25.82
09:31:01 [ultranest] [DEBUG] iteration=3354, ncalls=10048, regioncalls=270920, ndraw=40, logz=-790.19, remainder_fraction=100.0000%, Lmin=-784.64, Lmax=-25.82
09:31:01 [ultranest] [DEBUG] iteration=3355, ncalls=10059, regioncalls=271360, ndraw=40, logz=-790.17, remainder_fraction=100.0000%, Lmin=-784.64, Lmax=-25.82
09:31:01 [ultranest] [DEBUG] iteration=3359, ncalls=10070, regioncalls=271800, ndraw=40, logz=-790.10, remainder_fraction=100.0000%, Lmin=-784.56, Lmax=-25.82
09:31:01 [ultranest] [DEBUG] iteration=3360, ncalls=10073, regioncalls=271920, ndraw=40, logz=-790.08, remainder_fraction=100.0000%, Lmin=-784.56, Lmax=-25.82
09:31:01 [ultranest] [DEBUG] iteration=3362, ncalls=10083, regioncalls=272320, ndraw=40, logz=-790.04, remainder_fraction=100.0000%, Lmin=-784.50, Lmax=-25.82
09:31:01 [ultranest] [DEBUG] iteration=3365, ncalls=10094, regioncalls=272760, ndraw=40, logz=-789.98, remainder_fraction=100.0000%, Lmin=-784.42, Lmax=-25.82
09:31:02 [ultranest] [DEBUG] iteration=3367, ncalls=10111, regioncalls=273440, ndraw=40, logz=-789.94, remainder_fraction=100.0000%, Lmin=-784.41, Lmax=-25.82
09:31:02 [ultranest] [DEBUG] iteration=3369, ncalls=10130, regioncalls=274200, ndraw=40, logz=-789.91, remainder_fraction=100.0000%, Lmin=-784.37, Lmax=-25.82
09:31:02 [ultranest] [DEBUG] iteration=3370, ncalls=10142, regioncalls=274680, ndraw=40, logz=-789.89, remainder_fraction=100.0000%, Lmin=-784.37, Lmax=-25.82
09:31:02 [ultranest] [DEBUG] iteration=3372, ncalls=10152, regioncalls=275080, ndraw=40, logz=-789.85, remainder_fraction=100.0000%, Lmin=-784.34, Lmax=-25.82
09:31:02 [ultranest] [DEBUG] iteration=3374, ncalls=10168, regioncalls=275720, ndraw=40, logz=-789.81, remainder_fraction=100.0000%, Lmin=-784.31, Lmax=-25.82
09:31:02 [ultranest] [DEBUG] iteration=3376, ncalls=10184, regioncalls=276360, ndraw=40, logz=-789.78, remainder_fraction=100.0000%, Lmin=-784.29, Lmax=-25.82
09:31:02 [ultranest] [DEBUG] iteration=3377, ncalls=10195, regioncalls=276800, ndraw=40, logz=-789.76, remainder_fraction=100.0000%, Lmin=-784.23, Lmax=-25.82
09:31:03 [ultranest] [DEBUG] iteration=3380, ncalls=10209, regioncalls=277360, ndraw=40, logz=-789.70, remainder_fraction=100.0000%, Lmin=-784.14, Lmax=-25.82
09:31:03 [ultranest] [DEBUG] iteration=3383, ncalls=10222, regioncalls=277880, ndraw=40, logz=-789.64, remainder_fraction=100.0000%, Lmin=-784.10, Lmax=-25.82
09:31:03 [ultranest] [DEBUG] iteration=3386, ncalls=10233, regioncalls=278320, ndraw=40, logz=-789.58, remainder_fraction=100.0000%, Lmin=-784.01, Lmax=-25.82
09:31:03 [ultranest] [DEBUG] iteration=3389, ncalls=10244, regioncalls=278760, ndraw=40, logz=-789.53, remainder_fraction=100.0000%, Lmin=-783.96, Lmax=-25.82
09:31:03 [ultranest] [DEBUG] iteration=3390, ncalls=10266, regioncalls=279640, ndraw=40, logz=-789.51, remainder_fraction=100.0000%, Lmin=-783.96, Lmax=-25.82
09:31:04 [ultranest] [DEBUG] iteration=3393, ncalls=10309, regioncalls=281360, ndraw=40, logz=-789.45, remainder_fraction=100.0000%, Lmin=-783.94, Lmax=-25.82
09:31:04 [ultranest] [DEBUG] iteration=3397, ncalls=10336, regioncalls=282440, ndraw=40, logz=-789.37, remainder_fraction=100.0000%, Lmin=-783.77, Lmax=-25.82
09:31:04 [ultranest] [DEBUG] iteration=3399, ncalls=10352, regioncalls=283080, ndraw=40, logz=-789.33, remainder_fraction=100.0000%, Lmin=-783.71, Lmax=-25.82
09:31:04 [ultranest] [DEBUG] iteration=3403, ncalls=10369, regioncalls=283760, ndraw=40, logz=-789.25, remainder_fraction=100.0000%, Lmin=-783.53, Lmax=-25.82
09:31:04 [ultranest] [DEBUG] iteration=3405, ncalls=10380, regioncalls=284200, ndraw=40, logz=-789.20, remainder_fraction=100.0000%, Lmin=-783.51, Lmax=-25.82
09:31:05 [ultranest] [DEBUG] iteration=3407, ncalls=10405, regioncalls=285200, ndraw=40, logz=-789.16, remainder_fraction=100.0000%, Lmin=-783.48, Lmax=-25.82
09:31:05 [ultranest] [DEBUG] iteration=3410, ncalls=10415, regioncalls=285600, ndraw=40, logz=-789.10, remainder_fraction=100.0000%, Lmin=-783.45, Lmax=-25.82
09:31:05 [ultranest] [DEBUG] iteration=3412, ncalls=10440, regioncalls=286600, ndraw=40, logz=-789.05, remainder_fraction=100.0000%, Lmin=-783.37, Lmax=-25.82
09:31:05 [ultranest] [DEBUG] iteration=3415, ncalls=10466, regioncalls=287640, ndraw=40, logz=-788.99, remainder_fraction=100.0000%, Lmin=-783.24, Lmax=-25.82
09:31:05 [ultranest] [DEBUG] iteration=3416, ncalls=10482, regioncalls=288280, ndraw=40, logz=-788.96, remainder_fraction=100.0000%, Lmin=-783.23, Lmax=-25.82
09:31:06 [ultranest] [DEBUG] iteration=3419, ncalls=10493, regioncalls=288720, ndraw=40, logz=-788.90, remainder_fraction=100.0000%, Lmin=-783.16, Lmax=-25.82
09:31:06 [ultranest] [DEBUG] iteration=3421, ncalls=10505, regioncalls=289200, ndraw=40, logz=-788.85, remainder_fraction=100.0000%, Lmin=-783.12, Lmax=-25.82
09:31:06 [ultranest] [DEBUG] iteration=3425, ncalls=10520, regioncalls=289800, ndraw=40, logz=-788.75, remainder_fraction=100.0000%, Lmin=-782.94, Lmax=-25.82
09:31:06 [ultranest] [DEBUG] iteration=3429, ncalls=10548, regioncalls=290920, ndraw=40, logz=-788.66, remainder_fraction=100.0000%, Lmin=-782.78, Lmax=-25.82
09:31:06 [ultranest] [DEBUG] iteration=3432, ncalls=10564, regioncalls=291560, ndraw=40, logz=-788.58, remainder_fraction=100.0000%, Lmin=-782.65, Lmax=-25.82
09:31:06 [ultranest] [DEBUG] iteration=3433, ncalls=10575, regioncalls=292000, ndraw=40, logz=-788.55, remainder_fraction=100.0000%, Lmin=-782.64, Lmax=-25.82
09:31:07 [ultranest] [DEBUG] iteration=3434, ncalls=10586, regioncalls=292440, ndraw=40, logz=-788.52, remainder_fraction=100.0000%, Lmin=-782.58, Lmax=-25.82
09:31:07 [ultranest] [DEBUG] iteration=3436, ncalls=10597, regioncalls=292880, ndraw=40, logz=-788.47, remainder_fraction=100.0000%, Lmin=-782.52, Lmax=-25.82
09:31:07 [ultranest] [DEBUG] iteration=3437, ncalls=10611, regioncalls=293440, ndraw=40, logz=-788.44, remainder_fraction=100.0000%, Lmin=-782.51, Lmax=-25.82
09:31:07 [ultranest] [DEBUG] iteration=3438, ncalls=10629, regioncalls=294160, ndraw=40, logz=-788.41, remainder_fraction=100.0000%, Lmin=-782.51, Lmax=-25.82
09:31:07 [ultranest] [DEBUG] iteration=3443, ncalls=10641, regioncalls=294640, ndraw=40, logz=-788.28, remainder_fraction=100.0000%, Lmin=-782.39, Lmax=-25.82
09:31:07 [ultranest] [DEBUG] iteration=3445, ncalls=10662, regioncalls=295480, ndraw=40, logz=-788.23, remainder_fraction=100.0000%, Lmin=-782.35, Lmax=-25.82
09:31:08 [ultranest] [DEBUG] iteration=3446, ncalls=10679, regioncalls=296160, ndraw=40, logz=-788.20, remainder_fraction=100.0000%, Lmin=-782.32, Lmax=-25.82
09:31:08 [ultranest] [DEBUG] iteration=3448, ncalls=10692, regioncalls=296680, ndraw=40, logz=-788.15, remainder_fraction=100.0000%, Lmin=-782.26, Lmax=-25.82
09:31:08 [ultranest] [DEBUG] iteration=3450, ncalls=10705, regioncalls=297200, ndraw=40, logz=-788.10, remainder_fraction=100.0000%, Lmin=-782.23, Lmax=-25.82
09:31:08 [ultranest] [DEBUG] iteration=3451, ncalls=10715, regioncalls=297600, ndraw=40, logz=-788.08, remainder_fraction=100.0000%, Lmin=-782.23, Lmax=-25.82
09:31:08 [ultranest] [DEBUG] iteration=3454, ncalls=10727, regioncalls=298080, ndraw=40, logz=-788.00, remainder_fraction=100.0000%, Lmin=-782.16, Lmax=-25.82
09:31:08 [ultranest] [DEBUG] iteration=3457, ncalls=10743, regioncalls=298720, ndraw=40, logz=-787.93, remainder_fraction=100.0000%, Lmin=-782.10, Lmax=-25.82
09:31:08 [ultranest] [DEBUG] iteration=3460, ncalls=10756, regioncalls=299240, ndraw=40, logz=-787.86, remainder_fraction=100.0000%, Lmin=-782.05, Lmax=-25.82
09:31:08 [ultranest] [DEBUG] iteration=3461, ncalls=10767, regioncalls=299680, ndraw=40, logz=-787.83, remainder_fraction=100.0000%, Lmin=-782.03, Lmax=-25.82
09:31:09 [ultranest] [DEBUG] iteration=3463, ncalls=10778, regioncalls=300120, ndraw=40, logz=-787.79, remainder_fraction=100.0000%, Lmin=-782.01, Lmax=-25.82
09:31:09 [ultranest] [DEBUG] iteration=3464, ncalls=10791, regioncalls=300640, ndraw=40, logz=-787.76, remainder_fraction=100.0000%, Lmin=-781.99, Lmax=-25.82
09:31:09 [ultranest] [DEBUG] iteration=3466, ncalls=10809, regioncalls=301360, ndraw=40, logz=-787.72, remainder_fraction=100.0000%, Lmin=-781.99, Lmax=-25.82
09:31:09 [ultranest] [DEBUG] iteration=3467, ncalls=10822, regioncalls=301880, ndraw=40, logz=-787.70, remainder_fraction=100.0000%, Lmin=-781.98, Lmax=-25.82
09:31:09 [ultranest] [DEBUG] iteration=3469, ncalls=10845, regioncalls=302800, ndraw=40, logz=-787.65, remainder_fraction=100.0000%, Lmin=-781.92, Lmax=-25.82
09:31:09 [ultranest] [DEBUG] iteration=3471, ncalls=10861, regioncalls=303440, ndraw=40, logz=-787.61, remainder_fraction=100.0000%, Lmin=-781.80, Lmax=-25.82
09:31:10 [ultranest] [DEBUG] iteration=3472, ncalls=10884, regioncalls=304360, ndraw=40, logz=-787.59, remainder_fraction=100.0000%, Lmin=-781.79, Lmax=-25.82
09:31:10 [ultranest] [DEBUG] iteration=3474, ncalls=10906, regioncalls=305240, ndraw=40, logz=-787.54, remainder_fraction=100.0000%, Lmin=-781.79, Lmax=-25.82
09:31:10 [ultranest] [DEBUG] iteration=3475, ncalls=10926, regioncalls=306040, ndraw=40, logz=-787.52, remainder_fraction=100.0000%, Lmin=-781.77, Lmax=-25.82
09:31:10 [ultranest] [DEBUG] iteration=3477, ncalls=10940, regioncalls=306600, ndraw=40, logz=-787.48, remainder_fraction=100.0000%, Lmin=-781.71, Lmax=-25.82
09:31:10 [ultranest] [DEBUG] iteration=3479, ncalls=10955, regioncalls=307200, ndraw=40, logz=-787.43, remainder_fraction=100.0000%, Lmin=-781.57, Lmax=-25.82
09:31:11 [ultranest] [DEBUG] iteration=3481, ncalls=10977, regioncalls=308080, ndraw=40, logz=-787.38, remainder_fraction=100.0000%, Lmin=-781.55, Lmax=-25.82
09:31:11 [ultranest] [DEBUG] iteration=3484, ncalls=10987, regioncalls=308480, ndraw=40, logz=-787.31, remainder_fraction=100.0000%, Lmin=-781.51, Lmax=-25.82
09:31:11 [ultranest] [DEBUG] iteration=3487, ncalls=10999, regioncalls=308960, ndraw=40, logz=-787.24, remainder_fraction=100.0000%, Lmin=-781.43, Lmax=-25.82
09:31:11 [ultranest] [DEBUG] iteration=3488, ncalls=11017, regioncalls=309680, ndraw=40, logz=-787.22, remainder_fraction=100.0000%, Lmin=-781.40, Lmax=-25.82
09:31:11 [ultranest] [DEBUG] iteration=3490, ncalls=11045, regioncalls=310800, ndraw=40, logz=-787.17, remainder_fraction=100.0000%, Lmin=-781.30, Lmax=-25.82
09:31:12 [ultranest] [DEBUG] iteration=3493, ncalls=11054, regioncalls=311160, ndraw=40, logz=-787.10, remainder_fraction=100.0000%, Lmin=-781.23, Lmax=-25.82
09:31:12 [ultranest] [DEBUG] iteration=3496, ncalls=11066, regioncalls=311640, ndraw=40, logz=-787.02, remainder_fraction=100.0000%, Lmin=-781.16, Lmax=-25.82
09:31:12 [ultranest] [DEBUG] iteration=3498, ncalls=11082, regioncalls=312280, ndraw=40, logz=-786.97, remainder_fraction=100.0000%, Lmin=-781.14, Lmax=-25.82
09:31:12 [ultranest] [DEBUG] iteration=3501, ncalls=11099, regioncalls=312960, ndraw=40, logz=-786.90, remainder_fraction=100.0000%, Lmin=-781.03, Lmax=-25.82
09:31:12 [ultranest] [DEBUG] iteration=3503, ncalls=11111, regioncalls=313440, ndraw=40, logz=-786.85, remainder_fraction=100.0000%, Lmin=-781.01, Lmax=-25.82
09:31:12 [ultranest] [DEBUG] iteration=3506, ncalls=11120, regioncalls=313800, ndraw=40, logz=-786.78, remainder_fraction=100.0000%, Lmin=-780.91, Lmax=-25.82
09:31:12 [ultranest] [DEBUG] iteration=3508, ncalls=11130, regioncalls=314200, ndraw=40, logz=-786.73, remainder_fraction=100.0000%, Lmin=-780.88, Lmax=-25.82
09:31:13 [ultranest] [DEBUG] iteration=3510, ncalls=11146, regioncalls=314840, ndraw=40, logz=-786.69, remainder_fraction=100.0000%, Lmin=-780.84, Lmax=-25.82
09:31:13 [ultranest] [DEBUG] iteration=3513, ncalls=11157, regioncalls=315280, ndraw=40, logz=-786.62, remainder_fraction=100.0000%, Lmin=-780.82, Lmax=-25.82
09:31:13 [ultranest] [DEBUG] iteration=3515, ncalls=11177, regioncalls=316080, ndraw=40, logz=-786.57, remainder_fraction=100.0000%, Lmin=-780.79, Lmax=-25.82
09:31:13 [ultranest] [DEBUG] iteration=3517, ncalls=11194, regioncalls=316760, ndraw=40, logz=-786.53, remainder_fraction=100.0000%, Lmin=-780.78, Lmax=-25.82
09:31:13 [ultranest] [DEBUG] iteration=3519, ncalls=11210, regioncalls=317400, ndraw=40, logz=-786.48, remainder_fraction=100.0000%, Lmin=-780.75, Lmax=-25.82
09:31:13 [ultranest] [DEBUG] iteration=3520, ncalls=11212, regioncalls=317480, ndraw=40, logz=-786.46, remainder_fraction=100.0000%, Lmin=-780.75, Lmax=-25.82
09:31:13 [ultranest] [DEBUG] iteration=3522, ncalls=11229, regioncalls=318160, ndraw=40, logz=-786.42, remainder_fraction=100.0000%, Lmin=-780.71, Lmax=-25.82
09:31:14 [ultranest] [DEBUG] iteration=3524, ncalls=11248, regioncalls=318920, ndraw=40, logz=-786.38, remainder_fraction=100.0000%, Lmin=-780.67, Lmax=-25.82
09:31:14 [ultranest] [DEBUG] iteration=3527, ncalls=11257, regioncalls=319280, ndraw=40, logz=-786.32, remainder_fraction=100.0000%, Lmin=-780.57, Lmax=-25.82
09:31:14 [ultranest] [DEBUG] iteration=3529, ncalls=11280, regioncalls=320200, ndraw=40, logz=-786.27, remainder_fraction=100.0000%, Lmin=-780.56, Lmax=-25.82
09:31:14 [ultranest] [DEBUG] iteration=3530, ncalls=11297, regioncalls=320880, ndraw=40, logz=-786.25, remainder_fraction=100.0000%, Lmin=-780.56, Lmax=-25.82
09:31:14 [ultranest] [DEBUG] iteration=3532, ncalls=11315, regioncalls=321600, ndraw=40, logz=-786.21, remainder_fraction=100.0000%, Lmin=-780.52, Lmax=-25.82
09:31:15 [ultranest] [DEBUG] iteration=3535, ncalls=11335, regioncalls=322400, ndraw=40, logz=-786.15, remainder_fraction=100.0000%, Lmin=-780.49, Lmax=-25.82
09:31:15 [ultranest] [DEBUG] iteration=3536, ncalls=11351, regioncalls=323040, ndraw=40, logz=-786.13, remainder_fraction=100.0000%, Lmin=-780.47, Lmax=-25.82
09:31:15 [ultranest] [DEBUG] iteration=3539, ncalls=11375, regioncalls=324000, ndraw=40, logz=-786.07, remainder_fraction=100.0000%, Lmin=-780.35, Lmax=-25.82
09:31:15 [ultranest] [DEBUG] iteration=3542, ncalls=11420, regioncalls=325800, ndraw=40, logz=-786.01, remainder_fraction=100.0000%, Lmin=-780.32, Lmax=-25.82
09:31:16 [ultranest] [DEBUG] iteration=3544, ncalls=11430, regioncalls=326200, ndraw=40, logz=-785.97, remainder_fraction=100.0000%, Lmin=-780.32, Lmax=-25.82
09:31:16 [ultranest] [DEBUG] iteration=3547, ncalls=11439, regioncalls=326560, ndraw=40, logz=-785.92, remainder_fraction=100.0000%, Lmin=-780.29, Lmax=-25.82
09:31:16 [ultranest] [DEBUG] iteration=3550, ncalls=11453, regioncalls=327120, ndraw=40, logz=-785.86, remainder_fraction=100.0000%, Lmin=-780.26, Lmax=-25.82
09:31:16 [ultranest] [DEBUG] iteration=3552, ncalls=11466, regioncalls=327640, ndraw=40, logz=-785.82, remainder_fraction=100.0000%, Lmin=-780.22, Lmax=-25.82
09:31:16 [ultranest] [DEBUG] iteration=3554, ncalls=11477, regioncalls=328080, ndraw=40, logz=-785.79, remainder_fraction=100.0000%, Lmin=-780.22, Lmax=-25.82
09:31:16 [ultranest] [DEBUG] iteration=3556, ncalls=11490, regioncalls=328600, ndraw=40, logz=-785.75, remainder_fraction=100.0000%, Lmin=-780.17, Lmax=-25.82
09:31:16 [ultranest] [DEBUG] iteration=3558, ncalls=11500, regioncalls=329000, ndraw=40, logz=-785.72, remainder_fraction=100.0000%, Lmin=-780.15, Lmax=-25.82
09:31:16 [ultranest] [DEBUG] iteration=3560, ncalls=11513, regioncalls=329520, ndraw=40, logz=-785.68, remainder_fraction=100.0000%, Lmin=-780.13, Lmax=-25.82
09:31:17 [ultranest] [DEBUG] iteration=3563, ncalls=11524, regioncalls=329960, ndraw=40, logz=-785.63, remainder_fraction=100.0000%, Lmin=-780.06, Lmax=-25.82
09:31:17 [ultranest] [DEBUG] iteration=3566, ncalls=11534, regioncalls=330360, ndraw=40, logz=-785.58, remainder_fraction=100.0000%, Lmin=-780.02, Lmax=-25.82
09:31:17 [ultranest] [DEBUG] iteration=3567, ncalls=11558, regioncalls=331320, ndraw=40, logz=-785.56, remainder_fraction=100.0000%, Lmin=-779.99, Lmax=-25.82
09:31:17 [ultranest] [DEBUG] iteration=3570, ncalls=11573, regioncalls=331920, ndraw=40, logz=-785.51, remainder_fraction=100.0000%, Lmin=-779.94, Lmax=-25.82
09:31:17 [ultranest] [DEBUG] iteration=3571, ncalls=11588, regioncalls=332520, ndraw=40, logz=-785.49, remainder_fraction=100.0000%, Lmin=-779.91, Lmax=-25.82
09:31:17 [ultranest] [DEBUG] iteration=3573, ncalls=11604, regioncalls=333160, ndraw=40, logz=-785.45, remainder_fraction=100.0000%, Lmin=-779.85, Lmax=-25.82
09:31:18 [ultranest] [DEBUG] iteration=3574, ncalls=11618, regioncalls=333720, ndraw=40, logz=-785.44, remainder_fraction=100.0000%, Lmin=-779.84, Lmax=-25.82
09:31:18 [ultranest] [DEBUG] iteration=3576, ncalls=11638, regioncalls=334520, ndraw=40, logz=-785.40, remainder_fraction=100.0000%, Lmin=-779.73, Lmax=-25.82
09:31:18 [ultranest] [DEBUG] iteration=3580, ncalls=11647, regioncalls=334880, ndraw=40, logz=-785.32, remainder_fraction=100.0000%, Lmin=-779.63, Lmax=-25.82
09:31:18 [ultranest] [DEBUG] iteration=3582, ncalls=11658, regioncalls=335320, ndraw=40, logz=-785.28, remainder_fraction=100.0000%, Lmin=-779.60, Lmax=-25.82
09:31:18 [ultranest] [DEBUG] iteration=3584, ncalls=11668, regioncalls=335720, ndraw=40, logz=-785.24, remainder_fraction=100.0000%, Lmin=-779.55, Lmax=-25.82
09:31:19 [ultranest] [DEBUG] iteration=3586, ncalls=11696, regioncalls=336840, ndraw=40, logz=-785.21, remainder_fraction=100.0000%, Lmin=-779.51, Lmax=-25.82
09:57:00 [ultranest] [DEBUG] ReactiveNestedSampler: dims=8+0, resume=True, log_dir=/home/ljy/BettiCurveCosmo/Emulator/model-fof-rsdz/mcmc_result/nwLH-Recovery/30/combined, backend=hdf5, vectorized=False, nbootstraps=30, ndraw=128..65536
09:57:00 [ultranest] [DEBUG] Testing resume consistency: [-7.79640350e+02 -7.68710139e+02  0.00000000e+00  3.97188551e-01
  6.16495320e-01  5.03524993e-01  3.19441014e-01  9.02149376e-01
  5.92807117e-01  8.68102824e-01  7.33265566e-01  2.58875421e-01
  5.46598128e-02  7.01409997e-01  9.27776405e-01  9.60859750e-01
  5.92807117e-01 -7.79138306e-01  7.33265566e+01]: u=[0.39718855 0.61649532 0.50352499 0.31944101 0.90214938 0.59280712
 0.86810282 0.73326557] -> p=[ 2.58875421e-01  5.46598128e-02  7.01409997e-01  9.27776405e-01
  9.60859750e-01  5.92807117e-01 -7.79138306e-01  7.33265566e+01] -> L=-768.7101390374315 
09:57:00 [ultranest] [INFO] Resuming from 5180 stored points
09:57:00 [ultranest] [DEBUG] run_iter dlogz=0.5, dKL=0.5, frac_remain=0.10, Lepsilon=0.0010, min_ess=400
09:57:00 [ultranest] [DEBUG] max_iters=-1, max_ncalls=-1, max_num_improvement_loops=-1, min_num_live_points=1600, cluster_num_live_points=40
09:57:00 [ultranest] [DEBUG] minimal_widths_sequence: [(-inf, 1600.0), (inf, 1600.0)]
09:57:00 [ultranest] [DEBUG] iteration=0, ncalls=11645, regioncalls=0, ndraw=40, logz=-inf, remainder_fraction=100.0000%, Lmin=-43469.37, Lmax=-99.07
09:57:00 [ultranest] [DEBUG] iteration=47, ncalls=11645, regioncalls=0, ndraw=40, logz=-8233.49, remainder_fraction=100.0000%, Lmin=-8049.07, Lmax=-99.07
09:57:00 [ultranest] [DEBUG] iteration=95, ncalls=11645, regioncalls=0, ndraw=40, logz=-3971.54, remainder_fraction=100.0000%, Lmin=-3952.90, Lmax=-99.07
09:57:00 [ultranest] [DEBUG] iteration=144, ncalls=11645, regioncalls=0, ndraw=40, logz=-2828.19, remainder_fraction=100.0000%, Lmin=-2806.91, Lmax=-99.07
09:57:01 [ultranest] [DEBUG] iteration=160, ncalls=11645, regioncalls=0, ndraw=40, logz=-2611.05, remainder_fraction=100.0000%, Lmin=-2603.59, Lmax=-99.07
09:57:01 [ultranest] [DEBUG] iteration=220, ncalls=11645, regioncalls=0, ndraw=40, logz=-2040.72, remainder_fraction=100.0000%, Lmin=-2026.61, Lmax=-99.07
09:57:01 [ultranest] [DEBUG] iteration=288, ncalls=11645, regioncalls=0, ndraw=40, logz=-1799.91, remainder_fraction=100.0000%, Lmin=-1789.98, Lmax=-99.07
09:57:01 [ultranest] [DEBUG] iteration=320, ncalls=11645, regioncalls=0, ndraw=40, logz=-1675.21, remainder_fraction=100.0000%, Lmin=-1663.40, Lmax=-99.07
09:57:01 [ultranest] [DEBUG] iteration=358, ncalls=11645, regioncalls=0, ndraw=40, logz=-1564.42, remainder_fraction=100.0000%, Lmin=-1551.33, Lmax=-99.07
09:57:01 [ultranest] [DEBUG] iteration=417, ncalls=11645, regioncalls=0, ndraw=40, logz=-1428.20, remainder_fraction=100.0000%, Lmin=-1420.70, Lmax=-99.07
09:57:01 [ultranest] [DEBUG] iteration=480, ncalls=11645, regioncalls=0, ndraw=40, logz=-1340.68, remainder_fraction=100.0000%, Lmin=-1332.21, Lmax=-99.07
09:57:01 [ultranest] [DEBUG] iteration=544, ncalls=11645, regioncalls=0, ndraw=40, logz=-1251.96, remainder_fraction=100.0000%, Lmin=-1244.16, Lmax=-99.07
09:57:01 [ultranest] [DEBUG] iteration=611, ncalls=11645, regioncalls=0, ndraw=40, logz=-1174.07, remainder_fraction=100.0000%, Lmin=-1166.37, Lmax=-99.07
09:57:01 [ultranest] [DEBUG] iteration=640, ncalls=11645, regioncalls=0, ndraw=40, logz=-1138.35, remainder_fraction=100.0000%, Lmin=-1130.48, Lmax=-99.07
09:57:02 [ultranest] [DEBUG] iteration=711, ncalls=11645, regioncalls=0, ndraw=40, logz=-1082.16, remainder_fraction=100.0000%, Lmin=-1075.18, Lmax=-99.07
09:57:02 [ultranest] [DEBUG] iteration=716, ncalls=11645, regioncalls=0, ndraw=40, logz=-1080.37, remainder_fraction=100.0000%, Lmin=-1072.80, Lmax=-99.07
09:57:02 [ultranest] [DEBUG] iteration=766, ncalls=11645, regioncalls=0, ndraw=40, logz=-1051.19, remainder_fraction=100.0000%, Lmin=-1043.52, Lmax=-99.07
09:57:02 [ultranest] [DEBUG] iteration=800, ncalls=11645, regioncalls=0, ndraw=40, logz=-1030.58, remainder_fraction=100.0000%, Lmin=-1023.62, Lmax=-99.07
09:57:02 [ultranest] [DEBUG] iteration=862, ncalls=11645, regioncalls=0, ndraw=40, logz=-997.77, remainder_fraction=100.0000%, Lmin=-989.60, Lmax=-99.07
09:57:02 [ultranest] [DEBUG] iteration=925, ncalls=11645, regioncalls=0, ndraw=40, logz=-973.63, remainder_fraction=100.0000%, Lmin=-966.89, Lmax=-99.07
09:57:02 [ultranest] [DEBUG] iteration=960, ncalls=11645, regioncalls=0, ndraw=40, logz=-959.62, remainder_fraction=100.0000%, Lmin=-952.47, Lmax=-99.07
09:57:02 [ultranest] [DEBUG] iteration=1022, ncalls=11645, regioncalls=0, ndraw=40, logz=-940.10, remainder_fraction=100.0000%, Lmin=-933.11, Lmax=-99.07
09:57:02 [ultranest] [DEBUG] iteration=1074, ncalls=11645, regioncalls=0, ndraw=40, logz=-925.92, remainder_fraction=100.0000%, Lmin=-919.00, Lmax=-99.07
09:57:03 [ultranest] [DEBUG] iteration=1120, ncalls=11645, regioncalls=0, ndraw=40, logz=-913.92, remainder_fraction=100.0000%, Lmin=-906.53, Lmax=-99.07
09:57:03 [ultranest] [DEBUG] iteration=1185, ncalls=11645, regioncalls=0, ndraw=40, logz=-898.83, remainder_fraction=100.0000%, Lmin=-892.36, Lmax=-99.07
09:57:03 [ultranest] [DEBUG] iteration=1252, ncalls=11645, regioncalls=0, ndraw=40, logz=-888.18, remainder_fraction=100.0000%, Lmin=-881.62, Lmax=-99.07
09:57:03 [ultranest] [DEBUG] iteration=1280, ncalls=11645, regioncalls=0, ndraw=40, logz=-883.08, remainder_fraction=100.0000%, Lmin=-876.37, Lmax=-99.07
09:57:03 [ultranest] [DEBUG] iteration=1346, ncalls=11645, regioncalls=0, ndraw=40, logz=-871.69, remainder_fraction=100.0000%, Lmin=-865.27, Lmax=-99.07
09:57:03 [ultranest] [DEBUG] iteration=1406, ncalls=11645, regioncalls=0, ndraw=40, logz=-864.85, remainder_fraction=100.0000%, Lmin=-858.66, Lmax=-99.07
09:57:03 [ultranest] [DEBUG] iteration=1432, ncalls=11645, regioncalls=0, ndraw=40, logz=-861.99, remainder_fraction=100.0000%, Lmin=-856.03, Lmax=-99.07
09:57:03 [ultranest] [DEBUG] iteration=1440, ncalls=11645, regioncalls=0, ndraw=40, logz=-861.23, remainder_fraction=100.0000%, Lmin=-855.31, Lmax=-99.07
09:57:03 [ultranest] [DEBUG] iteration=1505, ncalls=11645, regioncalls=0, ndraw=40, logz=-852.90, remainder_fraction=100.0000%, Lmin=-846.44, Lmax=-99.07
09:57:03 [ultranest] [DEBUG] iteration=1571, ncalls=11645, regioncalls=0, ndraw=40, logz=-847.33, remainder_fraction=100.0000%, Lmin=-841.32, Lmax=-99.07
09:57:03 [ultranest] [DEBUG] iteration=1600, ncalls=11645, regioncalls=0, ndraw=40, logz=-844.70, remainder_fraction=100.0000%, Lmin=-838.46, Lmax=-99.07
09:57:04 [ultranest] [DEBUG] iteration=1667, ncalls=11645, regioncalls=0, ndraw=40, logz=-840.09, remainder_fraction=100.0000%, Lmin=-834.47, Lmax=-99.07
09:57:04 [ultranest] [DEBUG] iteration=1729, ncalls=11645, regioncalls=0, ndraw=40, logz=-836.48, remainder_fraction=100.0000%, Lmin=-831.00, Lmax=-99.07
09:57:04 [ultranest] [DEBUG] iteration=1760, ncalls=11645, regioncalls=0, ndraw=40, logz=-834.58, remainder_fraction=100.0000%, Lmin=-829.17, Lmax=-99.07
09:57:04 [ultranest] [DEBUG] iteration=1790, ncalls=11645, regioncalls=0, ndraw=40, logz=-833.15, remainder_fraction=100.0000%, Lmin=-827.56, Lmax=-99.07
09:57:04 [ultranest] [DEBUG] iteration=1859, ncalls=11645, regioncalls=0, ndraw=40, logz=-830.33, remainder_fraction=100.0000%, Lmin=-825.23, Lmax=-97.50
09:57:04 [ultranest] [DEBUG] iteration=1920, ncalls=11645, regioncalls=0, ndraw=40, logz=-828.69, remainder_fraction=100.0000%, Lmin=-823.72, Lmax=-97.50
09:57:04 [ultranest] [DEBUG] iteration=1989, ncalls=11645, regioncalls=0, ndraw=40, logz=-827.40, remainder_fraction=100.0000%, Lmin=-823.09, Lmax=-97.50
09:57:04 [ultranest] [DEBUG] iteration=2055, ncalls=11645, regioncalls=0, ndraw=40, logz=-826.73, remainder_fraction=100.0000%, Lmin=-822.80, Lmax=-97.50
09:57:04 [ultranest] [DEBUG] iteration=2080, ncalls=11645, regioncalls=0, ndraw=40, logz=-826.51, remainder_fraction=100.0000%, Lmin=-822.52, Lmax=-97.50
09:57:04 [ultranest] [DEBUG] iteration=2145, ncalls=11645, regioncalls=0, ndraw=40, logz=-825.82, remainder_fraction=100.0000%, Lmin=-821.34, Lmax=-97.50
09:57:05 [ultranest] [DEBUG] iteration=2148, ncalls=11645, regioncalls=0, ndraw=40, logz=-825.78, remainder_fraction=100.0000%, Lmin=-821.25, Lmax=-97.50
09:57:05 [ultranest] [DEBUG] iteration=2220, ncalls=11645, regioncalls=0, ndraw=40, logz=-824.38, remainder_fraction=100.0000%, Lmin=-819.35, Lmax=-97.50
09:57:05 [ultranest] [DEBUG] iteration=2240, ncalls=11645, regioncalls=0, ndraw=40, logz=-823.87, remainder_fraction=100.0000%, Lmin=-818.69, Lmax=-97.50
09:57:05 [ultranest] [DEBUG] iteration=2312, ncalls=11645, regioncalls=0, ndraw=40, logz=-821.81, remainder_fraction=100.0000%, Lmin=-816.72, Lmax=-97.50
09:57:05 [ultranest] [DEBUG] iteration=2377, ncalls=11645, regioncalls=0, ndraw=40, logz=-819.85, remainder_fraction=100.0000%, Lmin=-814.35, Lmax=-97.50
09:57:05 [ultranest] [DEBUG] iteration=2400, ncalls=11645, regioncalls=0, ndraw=40, logz=-819.06, remainder_fraction=100.0000%, Lmin=-813.61, Lmax=-97.50
09:57:05 [ultranest] [DEBUG] iteration=2456, ncalls=11645, regioncalls=0, ndraw=40, logz=-816.83, remainder_fraction=100.0000%, Lmin=-811.29, Lmax=-97.50
09:57:05 [ultranest] [DEBUG] iteration=2506, ncalls=11645, regioncalls=0, ndraw=40, logz=-815.10, remainder_fraction=100.0000%, Lmin=-809.46, Lmax=-97.50
09:57:05 [ultranest] [DEBUG] iteration=2560, ncalls=11645, regioncalls=0, ndraw=40, logz=-813.40, remainder_fraction=100.0000%, Lmin=-808.07, Lmax=-97.50
09:57:06 [ultranest] [DEBUG] iteration=2622, ncalls=11645, regioncalls=0, ndraw=40, logz=-811.37, remainder_fraction=100.0000%, Lmin=-805.39, Lmax=-97.50
09:57:06 [ultranest] [DEBUG] iteration=2679, ncalls=11645, regioncalls=0, ndraw=40, logz=-809.18, remainder_fraction=100.0000%, Lmin=-803.35, Lmax=-97.50
09:57:06 [ultranest] [DEBUG] iteration=2720, ncalls=11645, regioncalls=0, ndraw=40, logz=-807.69, remainder_fraction=100.0000%, Lmin=-802.10, Lmax=-25.82
09:57:06 [ultranest] [DEBUG] iteration=2773, ncalls=11645, regioncalls=0, ndraw=40, logz=-805.84, remainder_fraction=100.0000%, Lmin=-800.03, Lmax=-25.82
09:57:06 [ultranest] [DEBUG] iteration=2826, ncalls=11645, regioncalls=0, ndraw=40, logz=-803.93, remainder_fraction=100.0000%, Lmin=-798.08, Lmax=-25.82
09:57:06 [ultranest] [DEBUG] iteration=2864, ncalls=11645, regioncalls=0, ndraw=40, logz=-802.68, remainder_fraction=100.0000%, Lmin=-797.03, Lmax=-25.82
09:57:06 [ultranest] [DEBUG] iteration=2880, ncalls=11645, regioncalls=0, ndraw=40, logz=-802.15, remainder_fraction=100.0000%, Lmin=-796.27, Lmax=-25.82
09:57:06 [ultranest] [DEBUG] iteration=2934, ncalls=11645, regioncalls=0, ndraw=40, logz=-800.42, remainder_fraction=100.0000%, Lmin=-794.82, Lmax=-25.82
09:57:06 [ultranest] [DEBUG] iteration=2988, ncalls=11645, regioncalls=0, ndraw=40, logz=-799.03, remainder_fraction=100.0000%, Lmin=-793.44, Lmax=-25.82
09:57:06 [ultranest] [DEBUG] iteration=3039, ncalls=11645, regioncalls=0, ndraw=40, logz=-797.36, remainder_fraction=100.0000%, Lmin=-791.58, Lmax=-25.82
09:57:07 [ultranest] [DEBUG] iteration=3040, ncalls=11645, regioncalls=0, ndraw=40, logz=-797.33, remainder_fraction=100.0000%, Lmin=-791.57, Lmax=-25.82
09:57:07 [ultranest] [DEBUG] iteration=3093, ncalls=11645, regioncalls=0, ndraw=40, logz=-795.95, remainder_fraction=100.0000%, Lmin=-790.25, Lmax=-25.82
09:57:07 [ultranest] [DEBUG] iteration=3146, ncalls=11645, regioncalls=0, ndraw=40, logz=-794.67, remainder_fraction=100.0000%, Lmin=-789.07, Lmax=-25.82
09:57:07 [ultranest] [DEBUG] iteration=3196, ncalls=11645, regioncalls=0, ndraw=40, logz=-793.42, remainder_fraction=100.0000%, Lmin=-787.84, Lmax=-25.82
09:57:07 [ultranest] [DEBUG] iteration=3200, ncalls=11645, regioncalls=0, ndraw=40, logz=-793.33, remainder_fraction=100.0000%, Lmin=-787.71, Lmax=-25.82
09:57:07 [ultranest] [DEBUG] iteration=3222, ncalls=11645, regioncalls=0, ndraw=40, logz=-792.82, remainder_fraction=100.0000%, Lmin=-787.19, Lmax=-25.82
09:57:07 [ultranest] [DEBUG] iteration=3273, ncalls=11645, regioncalls=0, ndraw=40, logz=-791.74, remainder_fraction=100.0000%, Lmin=-786.14, Lmax=-25.82
09:57:07 [ultranest] [DEBUG] iteration=3324, ncalls=11645, regioncalls=0, ndraw=40, logz=-790.78, remainder_fraction=100.0000%, Lmin=-785.29, Lmax=-25.82
09:57:07 [ultranest] [DEBUG] iteration=3360, ncalls=11645, regioncalls=0, ndraw=40, logz=-790.08, remainder_fraction=100.0000%, Lmin=-784.56, Lmax=-25.82
09:57:07 [ultranest] [DEBUG] iteration=3411, ncalls=11645, regioncalls=0, ndraw=40, logz=-789.07, remainder_fraction=100.0000%, Lmin=-783.38, Lmax=-25.82
09:57:08 [ultranest] [DEBUG] iteration=3462, ncalls=11645, regioncalls=0, ndraw=40, logz=-787.81, remainder_fraction=100.0000%, Lmin=-782.02, Lmax=-25.82
09:57:08 [ultranest] [DEBUG] iteration=3513, ncalls=11645, regioncalls=0, ndraw=40, logz=-786.62, remainder_fraction=100.0000%, Lmin=-780.82, Lmax=-25.82
09:57:08 [ultranest] [DEBUG] iteration=3520, ncalls=11645, regioncalls=0, ndraw=40, logz=-786.46, remainder_fraction=100.0000%, Lmin=-780.75, Lmax=-25.82
09:57:08 [ultranest] [DEBUG] iteration=3571, ncalls=11645, regioncalls=0, ndraw=40, logz=-785.49, remainder_fraction=100.0000%, Lmin=-779.91, Lmax=-25.82
09:57:08 [ultranest] [DEBUG] iteration=3580, ncalls=11646, regioncalls=40, ndraw=40, logz=-785.32, remainder_fraction=100.0000%, Lmin=-779.63, Lmax=-25.82
09:57:08 [ultranest] [DEBUG] iteration=3581, ncalls=11670, regioncalls=1000, ndraw=40, logz=-785.30, remainder_fraction=100.0000%, Lmin=-779.63, Lmax=-25.82
09:57:08 [ultranest] [DEBUG] iteration=3583, ncalls=11688, regioncalls=1720, ndraw=40, logz=-785.26, remainder_fraction=100.0000%, Lmin=-779.57, Lmax=-25.82
09:57:08 [ultranest] [DEBUG] iteration=3584, ncalls=11702, regioncalls=2280, ndraw=40, logz=-785.24, remainder_fraction=100.0000%, Lmin=-779.55, Lmax=-25.82
09:57:09 [ultranest] [DEBUG] iteration=3587, ncalls=11713, regioncalls=2720, ndraw=40, logz=-785.19, remainder_fraction=100.0000%, Lmin=-779.50, Lmax=-25.82
09:57:09 [ultranest] [DEBUG] iteration=3590, ncalls=11730, regioncalls=3400, ndraw=40, logz=-785.13, remainder_fraction=100.0000%, Lmin=-779.49, Lmax=-25.82
09:57:09 [ultranest] [DEBUG] iteration=3592, ncalls=11757, regioncalls=4480, ndraw=40, logz=-785.09, remainder_fraction=100.0000%, Lmin=-779.44, Lmax=-25.82
09:57:09 [ultranest] [DEBUG] iteration=3594, ncalls=11767, regioncalls=4880, ndraw=40, logz=-785.05, remainder_fraction=100.0000%, Lmin=-779.37, Lmax=-25.82
09:57:09 [ultranest] [DEBUG] iteration=3595, ncalls=11778, regioncalls=5320, ndraw=40, logz=-785.03, remainder_fraction=100.0000%, Lmin=-779.36, Lmax=-25.82
09:57:10 [ultranest] [DEBUG] iteration=3598, ncalls=11805, regioncalls=6400, ndraw=40, logz=-784.98, remainder_fraction=100.0000%, Lmin=-779.31, Lmax=-25.82
09:57:10 [ultranest] [DEBUG] iteration=3601, ncalls=11821, regioncalls=7040, ndraw=40, logz=-784.92, remainder_fraction=100.0000%, Lmin=-779.22, Lmax=-25.82
09:57:10 [ultranest] [DEBUG] iteration=3603, ncalls=11839, regioncalls=7760, ndraw=40, logz=-784.88, remainder_fraction=100.0000%, Lmin=-779.15, Lmax=-25.82
09:57:10 [ultranest] [DEBUG] iteration=3606, ncalls=11858, regioncalls=8520, ndraw=40, logz=-784.82, remainder_fraction=100.0000%, Lmin=-779.05, Lmax=-25.82
09:57:10 [ultranest] [DEBUG] iteration=3608, ncalls=11875, regioncalls=9200, ndraw=40, logz=-784.78, remainder_fraction=100.0000%, Lmin=-779.00, Lmax=-25.82
09:57:11 [ultranest] [DEBUG] iteration=3609, ncalls=11917, regioncalls=10880, ndraw=40, logz=-784.76, remainder_fraction=100.0000%, Lmin=-779.00, Lmax=-25.82
09:57:11 [ultranest] [DEBUG] iteration=3610, ncalls=11933, regioncalls=11520, ndraw=40, logz=-784.74, remainder_fraction=100.0000%, Lmin=-778.95, Lmax=-25.82
09:57:11 [ultranest] [DEBUG] iteration=3612, ncalls=11948, regioncalls=12120, ndraw=40, logz=-784.70, remainder_fraction=100.0000%, Lmin=-778.94, Lmax=-25.82
09:57:11 [ultranest] [DEBUG] iteration=3615, ncalls=11962, regioncalls=12680, ndraw=40, logz=-784.63, remainder_fraction=100.0000%, Lmin=-778.91, Lmax=-25.82
09:57:11 [ultranest] [DEBUG] iteration=3617, ncalls=11983, regioncalls=13520, ndraw=40, logz=-784.60, remainder_fraction=100.0000%, Lmin=-778.91, Lmax=-25.82
09:57:12 [ultranest] [DEBUG] iteration=3620, ncalls=12009, regioncalls=14560, ndraw=40, logz=-784.54, remainder_fraction=100.0000%, Lmin=-778.87, Lmax=-25.82
09:57:12 [ultranest] [DEBUG] iteration=3626, ncalls=12019, regioncalls=14960, ndraw=40, logz=-784.43, remainder_fraction=100.0000%, Lmin=-778.74, Lmax=-25.82
09:57:12 [ultranest] [DEBUG] iteration=3627, ncalls=12032, regioncalls=15480, ndraw=40, logz=-784.41, remainder_fraction=100.0000%, Lmin=-778.74, Lmax=-25.82
09:57:12 [ultranest] [DEBUG] iteration=3628, ncalls=12044, regioncalls=15960, ndraw=40, logz=-784.39, remainder_fraction=100.0000%, Lmin=-778.73, Lmax=-25.82
09:57:12 [ultranest] [DEBUG] iteration=3630, ncalls=12055, regioncalls=16400, ndraw=40, logz=-784.35, remainder_fraction=100.0000%, Lmin=-778.67, Lmax=-25.82
09:57:12 [ultranest] [DEBUG] iteration=3632, ncalls=12067, regioncalls=16880, ndraw=40, logz=-784.31, remainder_fraction=100.0000%, Lmin=-778.66, Lmax=-25.82
09:57:12 [ultranest] [DEBUG] iteration=3633, ncalls=12077, regioncalls=17280, ndraw=40, logz=-784.29, remainder_fraction=100.0000%, Lmin=-778.66, Lmax=-25.82
09:57:13 [ultranest] [DEBUG] iteration=3636, ncalls=12089, regioncalls=17760, ndraw=40, logz=-784.24, remainder_fraction=100.0000%, Lmin=-778.63, Lmax=-25.82
09:57:13 [ultranest] [DEBUG] iteration=3638, ncalls=12101, regioncalls=18240, ndraw=40, logz=-784.21, remainder_fraction=100.0000%, Lmin=-778.57, Lmax=-25.82
09:57:13 [ultranest] [DEBUG] iteration=3641, ncalls=12120, regioncalls=19000, ndraw=40, logz=-784.15, remainder_fraction=100.0000%, Lmin=-778.56, Lmax=-25.82
09:57:13 [ultranest] [DEBUG] iteration=3644, ncalls=12136, regioncalls=19640, ndraw=40, logz=-784.10, remainder_fraction=100.0000%, Lmin=-778.54, Lmax=-25.82
09:57:14 [ultranest] [DEBUG] iteration=3645, ncalls=12187, regioncalls=21680, ndraw=40, logz=-784.09, remainder_fraction=100.0000%, Lmin=-778.54, Lmax=-25.82
09:57:14 [ultranest] [DEBUG] iteration=3648, ncalls=12197, regioncalls=22080, ndraw=40, logz=-784.04, remainder_fraction=100.0000%, Lmin=-778.49, Lmax=-25.82
09:57:14 [ultranest] [DEBUG] iteration=3650, ncalls=12213, regioncalls=22720, ndraw=40, logz=-784.00, remainder_fraction=100.0000%, Lmin=-778.45, Lmax=-25.82
09:57:14 [ultranest] [DEBUG] iteration=3653, ncalls=12223, regioncalls=23120, ndraw=40, logz=-783.96, remainder_fraction=100.0000%, Lmin=-778.42, Lmax=-25.82
09:57:14 [ultranest] [DEBUG] iteration=3656, ncalls=12238, regioncalls=23720, ndraw=40, logz=-783.91, remainder_fraction=100.0000%, Lmin=-778.40, Lmax=-25.82
09:57:14 [ultranest] [DEBUG] iteration=3659, ncalls=12257, regioncalls=24480, ndraw=40, logz=-783.86, remainder_fraction=100.0000%, Lmin=-778.38, Lmax=-25.82
09:57:14 [ultranest] [DEBUG] iteration=3662, ncalls=12266, regioncalls=24840, ndraw=40, logz=-783.82, remainder_fraction=100.0000%, Lmin=-778.35, Lmax=-25.82
09:57:15 [ultranest] [DEBUG] iteration=3663, ncalls=12278, regioncalls=25320, ndraw=40, logz=-783.80, remainder_fraction=100.0000%, Lmin=-778.33, Lmax=-25.82
09:57:15 [ultranest] [DEBUG] iteration=3665, ncalls=12298, regioncalls=26120, ndraw=40, logz=-783.77, remainder_fraction=100.0000%, Lmin=-778.30, Lmax=-25.82
09:57:15 [ultranest] [DEBUG] iteration=3666, ncalls=12316, regioncalls=26840, ndraw=40, logz=-783.76, remainder_fraction=100.0000%, Lmin=-778.29, Lmax=-25.82
09:57:15 [ultranest] [DEBUG] iteration=3669, ncalls=12327, regioncalls=27280, ndraw=40, logz=-783.71, remainder_fraction=100.0000%, Lmin=-778.23, Lmax=-25.82
09:57:15 [ultranest] [DEBUG] iteration=3671, ncalls=12339, regioncalls=27760, ndraw=40, logz=-783.68, remainder_fraction=100.0000%, Lmin=-778.20, Lmax=-25.82
09:57:15 [ultranest] [DEBUG] iteration=3672, ncalls=12351, regioncalls=28240, ndraw=40, logz=-783.67, remainder_fraction=100.0000%, Lmin=-778.19, Lmax=-25.82
09:57:16 [ultranest] [DEBUG] iteration=3673, ncalls=12363, regioncalls=28720, ndraw=40, logz=-783.65, remainder_fraction=100.0000%, Lmin=-778.18, Lmax=-25.82
09:57:16 [ultranest] [DEBUG] iteration=3675, ncalls=12384, regioncalls=29560, ndraw=40, logz=-783.62, remainder_fraction=100.0000%, Lmin=-778.18, Lmax=-25.82
09:57:16 [ultranest] [DEBUG] iteration=3678, ncalls=12395, regioncalls=30000, ndraw=40, logz=-783.58, remainder_fraction=100.0000%, Lmin=-778.14, Lmax=-25.82
09:57:16 [ultranest] [DEBUG] iteration=3680, ncalls=12414, regioncalls=30760, ndraw=40, logz=-783.55, remainder_fraction=100.0000%, Lmin=-778.13, Lmax=-25.82
09:57:16 [ultranest] [DEBUG] iteration=3682, ncalls=12436, regioncalls=31640, ndraw=40, logz=-783.52, remainder_fraction=100.0000%, Lmin=-778.10, Lmax=-25.82
09:57:16 [ultranest] [DEBUG] iteration=3686, ncalls=12453, regioncalls=32320, ndraw=40, logz=-783.47, remainder_fraction=100.0000%, Lmin=-778.06, Lmax=-25.82
09:57:17 [ultranest] [DEBUG] iteration=3688, ncalls=12477, regioncalls=33280, ndraw=40, logz=-783.44, remainder_fraction=100.0000%, Lmin=-778.02, Lmax=-25.82
09:57:17 [ultranest] [DEBUG] iteration=3690, ncalls=12487, regioncalls=33680, ndraw=40, logz=-783.41, remainder_fraction=100.0000%, Lmin=-777.96, Lmax=-25.82
09:57:17 [ultranest] [DEBUG] iteration=3692, ncalls=12522, regioncalls=35080, ndraw=40, logz=-783.38, remainder_fraction=100.0000%, Lmin=-777.93, Lmax=-25.82
09:57:17 [ultranest] [DEBUG] iteration=3694, ncalls=12547, regioncalls=36080, ndraw=40, logz=-783.35, remainder_fraction=100.0000%, Lmin=-777.90, Lmax=-25.82
09:57:18 [ultranest] [DEBUG] iteration=3697, ncalls=12560, regioncalls=36600, ndraw=40, logz=-783.31, remainder_fraction=100.0000%, Lmin=-777.81, Lmax=-25.82
09:57:18 [ultranest] [DEBUG] iteration=3700, ncalls=12580, regioncalls=37400, ndraw=40, logz=-783.26, remainder_fraction=100.0000%, Lmin=-777.78, Lmax=-25.82
09:57:18 [ultranest] [DEBUG] iteration=3702, ncalls=12592, regioncalls=37880, ndraw=40, logz=-783.23, remainder_fraction=100.0000%, Lmin=-777.68, Lmax=-25.82
09:57:18 [ultranest] [DEBUG] iteration=3704, ncalls=12603, regioncalls=38320, ndraw=40, logz=-783.20, remainder_fraction=100.0000%, Lmin=-777.60, Lmax=-25.82
09:57:18 [ultranest] [DEBUG] iteration=3707, ncalls=12612, regioncalls=38680, ndraw=40, logz=-783.15, remainder_fraction=100.0000%, Lmin=-777.57, Lmax=-25.82
09:57:18 [ultranest] [DEBUG] iteration=3709, ncalls=12630, regioncalls=39400, ndraw=40, logz=-783.12, remainder_fraction=100.0000%, Lmin=-777.56, Lmax=-25.82
09:57:19 [ultranest] [DEBUG] iteration=3711, ncalls=12644, regioncalls=39960, ndraw=40, logz=-783.09, remainder_fraction=100.0000%, Lmin=-777.54, Lmax=-25.82
09:57:19 [ultranest] [DEBUG] iteration=3713, ncalls=12657, regioncalls=40480, ndraw=40, logz=-783.06, remainder_fraction=100.0000%, Lmin=-777.51, Lmax=-25.82
09:57:19 [ultranest] [DEBUG] iteration=3716, ncalls=12673, regioncalls=41120, ndraw=40, logz=-783.01, remainder_fraction=100.0000%, Lmin=-777.47, Lmax=-25.82
09:57:19 [ultranest] [DEBUG] iteration=3717, ncalls=12686, regioncalls=41640, ndraw=40, logz=-782.99, remainder_fraction=100.0000%, Lmin=-777.44, Lmax=-25.82
09:57:19 [ultranest] [DEBUG] iteration=3721, ncalls=12699, regioncalls=42160, ndraw=40, logz=-782.93, remainder_fraction=100.0000%, Lmin=-777.29, Lmax=-25.82
09:57:19 [ultranest] [DEBUG] iteration=3724, ncalls=12717, regioncalls=42880, ndraw=40, logz=-782.88, remainder_fraction=100.0000%, Lmin=-777.26, Lmax=-25.82
09:57:19 [ultranest] [DEBUG] iteration=3728, ncalls=12726, regioncalls=43240, ndraw=40, logz=-782.81, remainder_fraction=100.0000%, Lmin=-777.23, Lmax=-25.82
09:57:20 [ultranest] [DEBUG] iteration=3729, ncalls=12740, regioncalls=43800, ndraw=40, logz=-782.80, remainder_fraction=100.0000%, Lmin=-777.23, Lmax=-25.82
09:57:20 [ultranest] [DEBUG] iteration=3731, ncalls=12760, regioncalls=44600, ndraw=40, logz=-782.76, remainder_fraction=100.0000%, Lmin=-777.20, Lmax=-25.82
09:57:20 [ultranest] [DEBUG] iteration=3734, ncalls=12776, regioncalls=45240, ndraw=40, logz=-782.72, remainder_fraction=100.0000%, Lmin=-777.13, Lmax=-25.82
09:57:20 [ultranest] [DEBUG] iteration=3736, ncalls=12788, regioncalls=45720, ndraw=40, logz=-782.69, remainder_fraction=100.0000%, Lmin=-777.10, Lmax=-25.82
09:57:20 [ultranest] [DEBUG] iteration=3739, ncalls=12806, regioncalls=46440, ndraw=40, logz=-782.64, remainder_fraction=100.0000%, Lmin=-777.08, Lmax=-25.82
09:57:20 [ultranest] [DEBUG] iteration=3740, ncalls=12816, regioncalls=46840, ndraw=40, logz=-782.62, remainder_fraction=100.0000%, Lmin=-777.06, Lmax=-25.82
09:57:21 [ultranest] [DEBUG] iteration=3741, ncalls=12843, regioncalls=47920, ndraw=40, logz=-782.61, remainder_fraction=100.0000%, Lmin=-777.05, Lmax=-25.82
09:57:21 [ultranest] [DEBUG] iteration=3743, ncalls=12855, regioncalls=48400, ndraw=40, logz=-782.58, remainder_fraction=100.0000%, Lmin=-777.04, Lmax=-25.82
09:57:21 [ultranest] [DEBUG] iteration=3744, ncalls=12881, regioncalls=49440, ndraw=40, logz=-782.56, remainder_fraction=100.0000%, Lmin=-777.03, Lmax=-25.82
09:57:21 [ultranest] [DEBUG] iteration=3745, ncalls=12892, regioncalls=49880, ndraw=40, logz=-782.55, remainder_fraction=100.0000%, Lmin=-777.03, Lmax=-25.82
09:57:21 [ultranest] [DEBUG] iteration=3748, ncalls=12902, regioncalls=50280, ndraw=40, logz=-782.50, remainder_fraction=100.0000%, Lmin=-776.96, Lmax=-25.82
09:57:21 [ultranest] [DEBUG] iteration=3749, ncalls=12919, regioncalls=50960, ndraw=40, logz=-782.49, remainder_fraction=100.0000%, Lmin=-776.93, Lmax=-25.82
09:57:22 [ultranest] [DEBUG] iteration=3750, ncalls=12929, regioncalls=51360, ndraw=40, logz=-782.47, remainder_fraction=100.0000%, Lmin=-776.93, Lmax=-25.82
09:57:22 [ultranest] [DEBUG] iteration=3753, ncalls=12945, regioncalls=52000, ndraw=40, logz=-782.42, remainder_fraction=100.0000%, Lmin=-776.79, Lmax=-25.82
09:57:22 [ultranest] [DEBUG] iteration=3756, ncalls=12957, regioncalls=52480, ndraw=40, logz=-782.37, remainder_fraction=100.0000%, Lmin=-776.77, Lmax=-25.82
09:57:22 [ultranest] [DEBUG] iteration=3759, ncalls=12974, regioncalls=53160, ndraw=40, logz=-782.32, remainder_fraction=100.0000%, Lmin=-776.75, Lmax=-25.82
09:57:22 [ultranest] [DEBUG] iteration=3760, ncalls=12984, regioncalls=53560, ndraw=40, logz=-782.31, remainder_fraction=100.0000%, Lmin=-776.73, Lmax=-25.82
09:57:22 [ultranest] [DEBUG] iteration=3761, ncalls=12994, regioncalls=53960, ndraw=40, logz=-782.29, remainder_fraction=100.0000%, Lmin=-776.73, Lmax=-25.82
09:57:22 [ultranest] [DEBUG] iteration=3762, ncalls=13009, regioncalls=54560, ndraw=40, logz=-782.28, remainder_fraction=100.0000%, Lmin=-776.72, Lmax=-25.82
09:57:23 [ultranest] [DEBUG] iteration=3764, ncalls=13020, regioncalls=55000, ndraw=40, logz=-782.25, remainder_fraction=100.0000%, Lmin=-776.70, Lmax=-25.82
09:57:23 [ultranest] [DEBUG] iteration=3765, ncalls=13034, regioncalls=55560, ndraw=40, logz=-782.23, remainder_fraction=100.0000%, Lmin=-776.68, Lmax=-25.82
09:57:23 [ultranest] [DEBUG] iteration=3766, ncalls=13061, regioncalls=56640, ndraw=40, logz=-782.22, remainder_fraction=100.0000%, Lmin=-776.66, Lmax=-25.82
09:57:23 [ultranest] [DEBUG] iteration=3768, ncalls=13083, regioncalls=57520, ndraw=40, logz=-782.19, remainder_fraction=100.0000%, Lmin=-776.63, Lmax=-25.82
09:57:23 [ultranest] [DEBUG] iteration=3769, ncalls=13094, regioncalls=57960, ndraw=40, logz=-782.17, remainder_fraction=100.0000%, Lmin=-776.63, Lmax=-25.82
09:57:24 [ultranest] [DEBUG] iteration=3771, ncalls=13117, regioncalls=58880, ndraw=40, logz=-782.14, remainder_fraction=100.0000%, Lmin=-776.60, Lmax=-25.82
09:57:24 [ultranest] [DEBUG] iteration=3773, ncalls=13126, regioncalls=59240, ndraw=40, logz=-782.11, remainder_fraction=100.0000%, Lmin=-776.59, Lmax=-25.82
09:57:24 [ultranest] [DEBUG] iteration=3776, ncalls=13146, regioncalls=60040, ndraw=40, logz=-782.07, remainder_fraction=100.0000%, Lmin=-776.56, Lmax=-25.82
09:57:24 [ultranest] [DEBUG] iteration=3778, ncalls=13175, regioncalls=61200, ndraw=40, logz=-782.04, remainder_fraction=100.0000%, Lmin=-776.55, Lmax=-25.82
09:57:24 [ultranest] [DEBUG] iteration=3783, ncalls=13191, regioncalls=61840, ndraw=40, logz=-781.97, remainder_fraction=100.0000%, Lmin=-776.50, Lmax=-25.82
09:57:25 [ultranest] [DEBUG] iteration=3786, ncalls=13206, regioncalls=62440, ndraw=40, logz=-781.93, remainder_fraction=100.0000%, Lmin=-776.47, Lmax=-25.82
09:57:25 [ultranest] [DEBUG] iteration=3787, ncalls=13220, regioncalls=63000, ndraw=40, logz=-781.91, remainder_fraction=100.0000%, Lmin=-776.46, Lmax=-25.82
09:57:25 [ultranest] [DEBUG] iteration=3789, ncalls=13245, regioncalls=64000, ndraw=40, logz=-781.89, remainder_fraction=100.0000%, Lmin=-776.42, Lmax=-25.82
09:57:25 [ultranest] [DEBUG] iteration=3791, ncalls=13259, regioncalls=64560, ndraw=40, logz=-781.86, remainder_fraction=100.0000%, Lmin=-776.38, Lmax=-25.82
09:57:25 [ultranest] [DEBUG] iteration=3794, ncalls=13276, regioncalls=65240, ndraw=40, logz=-781.82, remainder_fraction=100.0000%, Lmin=-776.33, Lmax=-25.82
09:57:25 [ultranest] [DEBUG] iteration=3795, ncalls=13287, regioncalls=65680, ndraw=40, logz=-781.80, remainder_fraction=100.0000%, Lmin=-776.31, Lmax=-25.82
09:57:26 [ultranest] [DEBUG] iteration=3797, ncalls=13302, regioncalls=66280, ndraw=40, logz=-781.78, remainder_fraction=100.0000%, Lmin=-776.30, Lmax=-25.82
09:57:26 [ultranest] [DEBUG] iteration=3799, ncalls=13319, regioncalls=66960, ndraw=40, logz=-781.75, remainder_fraction=100.0000%, Lmin=-776.25, Lmax=-25.82
09:57:26 [ultranest] [DEBUG] iteration=3801, ncalls=13328, regioncalls=67320, ndraw=40, logz=-781.72, remainder_fraction=100.0000%, Lmin=-776.22, Lmax=-25.82
09:57:26 [ultranest] [DEBUG] iteration=3804, ncalls=13337, regioncalls=67680, ndraw=40, logz=-781.68, remainder_fraction=100.0000%, Lmin=-776.18, Lmax=-25.82
09:57:26 [ultranest] [DEBUG] iteration=3805, ncalls=13348, regioncalls=68120, ndraw=40, logz=-781.66, remainder_fraction=100.0000%, Lmin=-776.17, Lmax=-25.82
09:57:26 [ultranest] [DEBUG] iteration=3807, ncalls=13382, regioncalls=69480, ndraw=40, logz=-781.64, remainder_fraction=100.0000%, Lmin=-776.16, Lmax=-25.82
09:57:27 [ultranest] [DEBUG] iteration=3809, ncalls=13404, regioncalls=70360, ndraw=40, logz=-781.61, remainder_fraction=100.0000%, Lmin=-776.14, Lmax=-25.82
09:57:27 [ultranest] [DEBUG] iteration=3810, ncalls=13419, regioncalls=70960, ndraw=40, logz=-781.59, remainder_fraction=100.0000%, Lmin=-776.13, Lmax=-25.82
09:57:27 [ultranest] [DEBUG] iteration=3811, ncalls=13439, regioncalls=71760, ndraw=40, logz=-781.58, remainder_fraction=100.0000%, Lmin=-776.10, Lmax=-25.82
09:57:27 [ultranest] [DEBUG] iteration=3814, ncalls=13448, regioncalls=72120, ndraw=40, logz=-781.54, remainder_fraction=100.0000%, Lmin=-776.05, Lmax=-25.82
09:57:27 [ultranest] [DEBUG] iteration=3815, ncalls=13467, regioncalls=72880, ndraw=40, logz=-781.53, remainder_fraction=100.0000%, Lmin=-776.02, Lmax=-25.82
09:57:28 [ultranest] [DEBUG] iteration=3818, ncalls=13479, regioncalls=73360, ndraw=40, logz=-781.48, remainder_fraction=100.0000%, Lmin=-776.00, Lmax=-25.82
09:57:28 [ultranest] [DEBUG] iteration=3821, ncalls=13494, regioncalls=73960, ndraw=40, logz=-781.44, remainder_fraction=100.0000%, Lmin=-775.94, Lmax=-25.82
09:57:28 [ultranest] [DEBUG] iteration=3824, ncalls=13503, regioncalls=74320, ndraw=40, logz=-781.40, remainder_fraction=100.0000%, Lmin=-775.85, Lmax=-25.82
09:57:28 [ultranest] [DEBUG] iteration=3825, ncalls=13523, regioncalls=75120, ndraw=40, logz=-781.39, remainder_fraction=100.0000%, Lmin=-775.85, Lmax=-25.82
09:57:28 [ultranest] [DEBUG] iteration=3826, ncalls=13537, regioncalls=75680, ndraw=40, logz=-781.37, remainder_fraction=100.0000%, Lmin=-775.83, Lmax=-25.82
09:57:28 [ultranest] [DEBUG] iteration=3828, ncalls=13552, regioncalls=76280, ndraw=40, logz=-781.34, remainder_fraction=100.0000%, Lmin=-775.81, Lmax=-25.82
09:57:28 [ultranest] [DEBUG] iteration=3831, ncalls=13561, regioncalls=76640, ndraw=40, logz=-781.30, remainder_fraction=100.0000%, Lmin=-775.78, Lmax=-25.82
09:57:29 [ultranest] [DEBUG] iteration=3833, ncalls=13597, regioncalls=78080, ndraw=40, logz=-781.27, remainder_fraction=100.0000%, Lmin=-775.69, Lmax=-25.82
09:57:29 [ultranest] [DEBUG] iteration=3834, ncalls=13614, regioncalls=78760, ndraw=40, logz=-781.26, remainder_fraction=100.0000%, Lmin=-775.69, Lmax=-25.82
09:57:29 [ultranest] [DEBUG] iteration=3835, ncalls=13625, regioncalls=79200, ndraw=40, logz=-781.24, remainder_fraction=100.0000%, Lmin=-775.69, Lmax=-25.82
09:57:29 [ultranest] [DEBUG] iteration=3836, ncalls=13640, regioncalls=79800, ndraw=40, logz=-781.23, remainder_fraction=100.0000%, Lmin=-775.67, Lmax=-25.82
09:57:29 [ultranest] [DEBUG] iteration=3837, ncalls=13663, regioncalls=80720, ndraw=40, logz=-781.21, remainder_fraction=100.0000%, Lmin=-775.67, Lmax=-25.82
09:57:30 [ultranest] [DEBUG] iteration=3840, ncalls=13675, regioncalls=81200, ndraw=40, logz=-781.17, remainder_fraction=100.0000%, Lmin=-775.60, Lmax=-25.82
09:57:30 [ultranest] [DEBUG] iteration=3844, ncalls=13691, regioncalls=81840, ndraw=40, logz=-781.11, remainder_fraction=100.0000%, Lmin=-775.55, Lmax=-25.82
09:57:30 [ultranest] [DEBUG] iteration=3846, ncalls=13712, regioncalls=82680, ndraw=40, logz=-781.08, remainder_fraction=100.0000%, Lmin=-775.54, Lmax=-25.82
09:57:30 [ultranest] [DEBUG] iteration=3849, ncalls=13736, regioncalls=83640, ndraw=40, logz=-781.04, remainder_fraction=100.0000%, Lmin=-775.48, Lmax=-25.82
09:57:30 [ultranest] [DEBUG] iteration=3851, ncalls=13747, regioncalls=84080, ndraw=40, logz=-781.01, remainder_fraction=100.0000%, Lmin=-775.42, Lmax=-25.82
09:57:31 [ultranest] [DEBUG] iteration=3853, ncalls=13760, regioncalls=84600, ndraw=40, logz=-780.98, remainder_fraction=100.0000%, Lmin=-775.38, Lmax=-25.82
09:57:31 [ultranest] [DEBUG] iteration=3856, ncalls=13772, regioncalls=85080, ndraw=40, logz=-780.93, remainder_fraction=100.0000%, Lmin=-775.37, Lmax=-25.82
09:57:31 [ultranest] [DEBUG] iteration=3859, ncalls=13790, regioncalls=85800, ndraw=40, logz=-780.89, remainder_fraction=100.0000%, Lmin=-775.34, Lmax=-25.82
09:57:31 [ultranest] [DEBUG] iteration=3861, ncalls=13800, regioncalls=86200, ndraw=40, logz=-780.86, remainder_fraction=100.0000%, Lmin=-775.32, Lmax=-25.82
09:57:31 [ultranest] [DEBUG] iteration=3863, ncalls=13815, regioncalls=86800, ndraw=40, logz=-780.83, remainder_fraction=100.0000%, Lmin=-775.29, Lmax=-25.82
09:57:31 [ultranest] [DEBUG] iteration=3865, ncalls=13829, regioncalls=87360, ndraw=40, logz=-780.81, remainder_fraction=100.0000%, Lmin=-775.28, Lmax=-25.82
09:57:31 [ultranest] [DEBUG] iteration=3868, ncalls=13840, regioncalls=87800, ndraw=40, logz=-780.76, remainder_fraction=100.0000%, Lmin=-775.27, Lmax=-25.82
09:57:32 [ultranest] [DEBUG] iteration=3870, ncalls=13871, regioncalls=89040, ndraw=40, logz=-780.74, remainder_fraction=100.0000%, Lmin=-775.20, Lmax=-25.82
09:57:32 [ultranest] [DEBUG] iteration=3872, ncalls=13893, regioncalls=89920, ndraw=40, logz=-780.71, remainder_fraction=100.0000%, Lmin=-775.18, Lmax=-25.82
09:57:32 [ultranest] [DEBUG] iteration=3875, ncalls=13902, regioncalls=90280, ndraw=40, logz=-780.67, remainder_fraction=100.0000%, Lmin=-775.15, Lmax=-25.82
09:57:32 [ultranest] [DEBUG] iteration=3879, ncalls=13915, regioncalls=90800, ndraw=40, logz=-780.61, remainder_fraction=100.0000%, Lmin=-775.10, Lmax=-25.82
09:57:32 [ultranest] [DEBUG] iteration=3880, ncalls=13932, regioncalls=91480, ndraw=40, logz=-780.60, remainder_fraction=100.0000%, Lmin=-775.09, Lmax=-25.82
09:57:33 [ultranest] [DEBUG] iteration=3882, ncalls=13952, regioncalls=92280, ndraw=40, logz=-780.57, remainder_fraction=100.0000%, Lmin=-775.09, Lmax=-25.82
09:57:33 [ultranest] [DEBUG] iteration=3885, ncalls=13966, regioncalls=92840, ndraw=40, logz=-780.53, remainder_fraction=100.0000%, Lmin=-775.05, Lmax=-25.82
09:57:33 [ultranest] [DEBUG] iteration=3887, ncalls=13977, regioncalls=93280, ndraw=40, logz=-780.51, remainder_fraction=100.0000%, Lmin=-775.04, Lmax=-25.82
09:57:33 [ultranest] [DEBUG] iteration=3890, ncalls=13987, regioncalls=93680, ndraw=40, logz=-780.47, remainder_fraction=100.0000%, Lmin=-775.01, Lmax=-25.82
09:57:33 [ultranest] [DEBUG] iteration=3892, ncalls=13996, regioncalls=94040, ndraw=40, logz=-780.44, remainder_fraction=100.0000%, Lmin=-775.00, Lmax=-25.82
09:57:33 [ultranest] [DEBUG] iteration=3893, ncalls=14007, regioncalls=94480, ndraw=40, logz=-780.43, remainder_fraction=100.0000%, Lmin=-774.99, Lmax=-25.82
09:57:33 [ultranest] [DEBUG] iteration=3896, ncalls=14025, regioncalls=95200, ndraw=40, logz=-780.39, remainder_fraction=100.0000%, Lmin=-774.96, Lmax=-25.82
09:57:34 [ultranest] [DEBUG] iteration=3898, ncalls=14037, regioncalls=95680, ndraw=40, logz=-780.37, remainder_fraction=100.0000%, Lmin=-774.95, Lmax=-25.82
09:57:34 [ultranest] [DEBUG] iteration=3899, ncalls=14050, regioncalls=96200, ndraw=40, logz=-780.36, remainder_fraction=100.0000%, Lmin=-774.93, Lmax=-25.82
09:57:34 [ultranest] [DEBUG] iteration=3902, ncalls=14076, regioncalls=97240, ndraw=40, logz=-780.32, remainder_fraction=100.0000%, Lmin=-774.83, Lmax=-25.82
09:57:34 [ultranest] [DEBUG] iteration=3904, ncalls=14088, regioncalls=97720, ndraw=40, logz=-780.29, remainder_fraction=100.0000%, Lmin=-774.79, Lmax=-25.82
09:57:34 [ultranest] [DEBUG] iteration=3905, ncalls=14124, regioncalls=99160, ndraw=40, logz=-780.28, remainder_fraction=100.0000%, Lmin=-774.72, Lmax=-25.82
09:57:35 [ultranest] [DEBUG] iteration=3906, ncalls=14156, regioncalls=100440, ndraw=40, logz=-780.26, remainder_fraction=100.0000%, Lmin=-774.71, Lmax=-25.82
09:57:35 [ultranest] [DEBUG] iteration=3909, ncalls=14167, regioncalls=100880, ndraw=40, logz=-780.22, remainder_fraction=100.0000%, Lmin=-774.68, Lmax=-25.82
09:57:35 [ultranest] [DEBUG] iteration=3913, ncalls=14190, regioncalls=101800, ndraw=40, logz=-780.17, remainder_fraction=100.0000%, Lmin=-774.59, Lmax=-25.82
09:57:35 [ultranest] [DEBUG] iteration=3914, ncalls=14205, regioncalls=102400, ndraw=40, logz=-780.15, remainder_fraction=100.0000%, Lmin=-774.56, Lmax=-25.82
09:57:35 [ultranest] [DEBUG] iteration=3916, ncalls=14214, regioncalls=102760, ndraw=40, logz=-780.12, remainder_fraction=100.0000%, Lmin=-774.54, Lmax=-25.82
09:57:36 [ultranest] [DEBUG] iteration=3918, ncalls=14223, regioncalls=103120, ndraw=40, logz=-780.10, remainder_fraction=100.0000%, Lmin=-774.53, Lmax=-25.82
09:57:36 [ultranest] [DEBUG] iteration=3921, ncalls=14232, regioncalls=103480, ndraw=40, logz=-780.05, remainder_fraction=100.0000%, Lmin=-774.43, Lmax=-25.82
09:57:36 [ultranest] [DEBUG] iteration=3923, ncalls=14241, regioncalls=103840, ndraw=40, logz=-780.02, remainder_fraction=100.0000%, Lmin=-774.41, Lmax=-25.82
09:57:36 [ultranest] [DEBUG] iteration=3926, ncalls=14252, regioncalls=104280, ndraw=40, logz=-779.98, remainder_fraction=100.0000%, Lmin=-774.39, Lmax=-25.82
09:57:36 [ultranest] [DEBUG] iteration=3928, ncalls=14290, regioncalls=105800, ndraw=40, logz=-779.95, remainder_fraction=100.0000%, Lmin=-774.35, Lmax=-25.82
09:57:36 [ultranest] [DEBUG] iteration=3931, ncalls=14306, regioncalls=106440, ndraw=40, logz=-779.91, remainder_fraction=100.0000%, Lmin=-774.31, Lmax=-25.82
09:57:37 [ultranest] [DEBUG] iteration=3934, ncalls=14315, regioncalls=106800, ndraw=40, logz=-779.87, remainder_fraction=100.0000%, Lmin=-774.29, Lmax=-25.82
09:57:37 [ultranest] [DEBUG] iteration=3936, ncalls=14338, regioncalls=107720, ndraw=40, logz=-779.84, remainder_fraction=100.0000%, Lmin=-774.25, Lmax=-25.82
09:57:37 [ultranest] [DEBUG] iteration=3937, ncalls=14348, regioncalls=108120, ndraw=40, logz=-779.82, remainder_fraction=100.0000%, Lmin=-774.24, Lmax=-25.82
09:57:37 [ultranest] [DEBUG] iteration=3938, ncalls=14359, regioncalls=108560, ndraw=40, logz=-779.81, remainder_fraction=100.0000%, Lmin=-774.22, Lmax=-25.82
09:57:37 [ultranest] [DEBUG] iteration=3939, ncalls=14375, regioncalls=109200, ndraw=40, logz=-779.80, remainder_fraction=100.0000%, Lmin=-774.20, Lmax=-25.82
09:57:38 [ultranest] [DEBUG] iteration=3942, ncalls=14384, regioncalls=109560, ndraw=40, logz=-779.75, remainder_fraction=100.0000%, Lmin=-774.16, Lmax=-25.82
09:57:38 [ultranest] [DEBUG] iteration=3944, ncalls=14395, regioncalls=110000, ndraw=40, logz=-779.72, remainder_fraction=100.0000%, Lmin=-774.10, Lmax=-25.82
09:57:38 [ultranest] [DEBUG] iteration=3946, ncalls=14408, regioncalls=110520, ndraw=40, logz=-779.70, remainder_fraction=100.0000%, Lmin=-774.10, Lmax=-25.82
09:57:38 [ultranest] [DEBUG] iteration=3948, ncalls=14438, regioncalls=111720, ndraw=40, logz=-779.67, remainder_fraction=100.0000%, Lmin=-774.09, Lmax=-25.82
09:57:38 [ultranest] [DEBUG] iteration=3949, ncalls=14467, regioncalls=112880, ndraw=40, logz=-779.65, remainder_fraction=100.0000%, Lmin=-774.09, Lmax=-25.82
09:57:39 [ultranest] [DEBUG] iteration=3951, ncalls=14478, regioncalls=113320, ndraw=40, logz=-779.63, remainder_fraction=100.0000%, Lmin=-774.07, Lmax=-25.82
09:57:39 [ultranest] [DEBUG] iteration=3954, ncalls=14487, regioncalls=113680, ndraw=40, logz=-779.59, remainder_fraction=100.0000%, Lmin=-774.03, Lmax=-25.82
09:57:39 [ultranest] [DEBUG] iteration=3955, ncalls=14499, regioncalls=114160, ndraw=40, logz=-779.57, remainder_fraction=100.0000%, Lmin=-774.01, Lmax=-25.82
09:57:39 [ultranest] [DEBUG] iteration=3957, ncalls=14521, regioncalls=115040, ndraw=40, logz=-779.54, remainder_fraction=100.0000%, Lmin=-773.99, Lmax=-25.82
09:57:39 [ultranest] [DEBUG] iteration=3961, ncalls=14535, regioncalls=115600, ndraw=40, logz=-779.49, remainder_fraction=100.0000%, Lmin=-773.94, Lmax=-25.82
09:57:39 [ultranest] [DEBUG] iteration=3964, ncalls=14547, regioncalls=116080, ndraw=40, logz=-779.45, remainder_fraction=100.0000%, Lmin=-773.87, Lmax=-25.82
09:57:40 [ultranest] [DEBUG] iteration=3967, ncalls=14563, regioncalls=116720, ndraw=40, logz=-779.41, remainder_fraction=100.0000%, Lmin=-773.85, Lmax=-25.82
09:57:40 [ultranest] [DEBUG] iteration=3969, ncalls=14574, regioncalls=117160, ndraw=40, logz=-779.38, remainder_fraction=100.0000%, Lmin=-773.82, Lmax=-25.82
09:57:40 [ultranest] [DEBUG] iteration=3972, ncalls=14588, regioncalls=117720, ndraw=40, logz=-779.34, remainder_fraction=100.0000%, Lmin=-773.75, Lmax=-25.82
09:57:40 [ultranest] [DEBUG] iteration=3974, ncalls=14598, regioncalls=118120, ndraw=40, logz=-779.31, remainder_fraction=100.0000%, Lmin=-773.74, Lmax=-25.82
09:57:40 [ultranest] [DEBUG] iteration=3976, ncalls=14618, regioncalls=118920, ndraw=40, logz=-779.29, remainder_fraction=100.0000%, Lmin=-773.74, Lmax=-25.82
09:57:41 [ultranest] [DEBUG] iteration=3977, ncalls=14655, regioncalls=120400, ndraw=40, logz=-779.27, remainder_fraction=100.0000%, Lmin=-773.72, Lmax=-25.82
09:57:41 [ultranest] [DEBUG] iteration=3981, ncalls=14688, regioncalls=121720, ndraw=40, logz=-779.22, remainder_fraction=100.0000%, Lmin=-773.63, Lmax=-25.82
09:57:41 [ultranest] [DEBUG] iteration=3984, ncalls=14702, regioncalls=122280, ndraw=40, logz=-779.18, remainder_fraction=100.0000%, Lmin=-773.57, Lmax=-25.82
09:57:41 [ultranest] [DEBUG] iteration=3986, ncalls=14727, regioncalls=123280, ndraw=40, logz=-779.15, remainder_fraction=100.0000%, Lmin=-773.55, Lmax=-25.82
09:57:41 [ultranest] [DEBUG] iteration=3989, ncalls=14745, regioncalls=124000, ndraw=40, logz=-779.11, remainder_fraction=100.0000%, Lmin=-773.47, Lmax=-25.82
09:57:41 [ultranest] [DEBUG] iteration=3992, ncalls=14759, regioncalls=124560, ndraw=40, logz=-779.06, remainder_fraction=100.0000%, Lmin=-773.39, Lmax=-25.82
09:57:42 [ultranest] [DEBUG] iteration=3993, ncalls=14774, regioncalls=125160, ndraw=40, logz=-779.05, remainder_fraction=100.0000%, Lmin=-773.38, Lmax=-25.82
09:57:42 [ultranest] [DEBUG] iteration=3996, ncalls=14795, regioncalls=126000, ndraw=40, logz=-779.00, remainder_fraction=100.0000%, Lmin=-773.31, Lmax=-25.82
09:57:42 [ultranest] [DEBUG] iteration=3999, ncalls=14841, regioncalls=127840, ndraw=40, logz=-778.96, remainder_fraction=100.0000%, Lmin=-773.30, Lmax=-25.82
09:57:42 [ultranest] [DEBUG] iteration=4000, ncalls=14875, regioncalls=129200, ndraw=40, logz=-778.94, remainder_fraction=100.0000%, Lmin=-773.28, Lmax=-25.82
09:57:43 [ultranest] [DEBUG] iteration=4002, ncalls=14889, regioncalls=129760, ndraw=40, logz=-778.91, remainder_fraction=100.0000%, Lmin=-773.26, Lmax=-25.82
09:57:43 [ultranest] [DEBUG] iteration=4005, ncalls=14909, regioncalls=130560, ndraw=40, logz=-778.87, remainder_fraction=100.0000%, Lmin=-773.20, Lmax=-25.82
09:57:43 [ultranest] [DEBUG] iteration=4007, ncalls=14923, regioncalls=131120, ndraw=40, logz=-778.84, remainder_fraction=100.0000%, Lmin=-773.19, Lmax=-25.82
09:57:43 [ultranest] [DEBUG] iteration=4009, ncalls=14950, regioncalls=132200, ndraw=40, logz=-778.81, remainder_fraction=100.0000%, Lmin=-773.16, Lmax=-25.82
09:57:43 [ultranest] [DEBUG] iteration=4012, ncalls=14963, regioncalls=132720, ndraw=40, logz=-778.77, remainder_fraction=100.0000%, Lmin=-773.06, Lmax=-25.82
09:57:43 [ultranest] [DEBUG] iteration=4014, ncalls=14979, regioncalls=133360, ndraw=40, logz=-778.74, remainder_fraction=100.0000%, Lmin=-773.04, Lmax=-25.82
09:57:44 [ultranest] [DEBUG] iteration=4017, ncalls=14994, regioncalls=133960, ndraw=40, logz=-778.69, remainder_fraction=100.0000%, Lmin=-772.98, Lmax=-25.82
09:57:44 [ultranest] [DEBUG] iteration=4020, ncalls=15012, regioncalls=134680, ndraw=40, logz=-778.65, remainder_fraction=100.0000%, Lmin=-772.95, Lmax=-25.82
09:57:44 [ultranest] [DEBUG] iteration=4022, ncalls=15026, regioncalls=135240, ndraw=40, logz=-778.62, remainder_fraction=100.0000%, Lmin=-772.91, Lmax=-25.82
09:57:44 [ultranest] [DEBUG] iteration=4024, ncalls=15039, regioncalls=135760, ndraw=40, logz=-778.59, remainder_fraction=100.0000%, Lmin=-772.89, Lmax=-25.82
09:57:45 [ultranest] [DEBUG] iteration=4026, ncalls=15089, regioncalls=137760, ndraw=40, logz=-778.56, remainder_fraction=100.0000%, Lmin=-772.87, Lmax=-25.82
09:57:45 [ultranest] [DEBUG] iteration=4028, ncalls=15103, regioncalls=138320, ndraw=40, logz=-778.53, remainder_fraction=100.0000%, Lmin=-772.83, Lmax=-25.82
09:57:45 [ultranest] [DEBUG] iteration=4029, ncalls=15153, regioncalls=140320, ndraw=40, logz=-778.51, remainder_fraction=100.0000%, Lmin=-772.80, Lmax=-25.82
09:57:45 [ultranest] [DEBUG] iteration=4030, ncalls=15166, regioncalls=140840, ndraw=40, logz=-778.50, remainder_fraction=100.0000%, Lmin=-772.80, Lmax=-25.82
09:57:46 [ultranest] [DEBUG] iteration=4032, ncalls=15179, regioncalls=141360, ndraw=40, logz=-778.47, remainder_fraction=100.0000%, Lmin=-772.76, Lmax=-25.82
09:57:46 [ultranest] [DEBUG] iteration=4033, ncalls=15196, regioncalls=142040, ndraw=40, logz=-778.45, remainder_fraction=100.0000%, Lmin=-772.75, Lmax=-25.82
09:57:46 [ultranest] [DEBUG] iteration=4035, ncalls=15207, regioncalls=142480, ndraw=40, logz=-778.42, remainder_fraction=100.0000%, Lmin=-772.69, Lmax=-25.82
09:57:46 [ultranest] [DEBUG] iteration=4036, ncalls=15217, regioncalls=142880, ndraw=40, logz=-778.41, remainder_fraction=100.0000%, Lmin=-772.68, Lmax=-25.82
09:57:46 [ultranest] [DEBUG] iteration=4037, ncalls=15231, regioncalls=143440, ndraw=40, logz=-778.39, remainder_fraction=100.0000%, Lmin=-772.67, Lmax=-25.82
09:57:46 [ultranest] [DEBUG] iteration=4038, ncalls=15244, regioncalls=143960, ndraw=40, logz=-778.38, remainder_fraction=100.0000%, Lmin=-772.67, Lmax=-25.82
09:57:46 [ultranest] [DEBUG] iteration=4040, ncalls=15253, regioncalls=144320, ndraw=40, logz=-778.35, remainder_fraction=100.0000%, Lmin=-772.65, Lmax=-25.82
09:57:46 [ultranest] [DEBUG] iteration=4042, ncalls=15271, regioncalls=145040, ndraw=40, logz=-778.32, remainder_fraction=100.0000%, Lmin=-772.64, Lmax=-25.82
09:57:47 [ultranest] [DEBUG] iteration=4045, ncalls=15290, regioncalls=145800, ndraw=40, logz=-778.28, remainder_fraction=100.0000%, Lmin=-772.62, Lmax=-25.82
09:57:47 [ultranest] [DEBUG] iteration=4046, ncalls=15309, regioncalls=146560, ndraw=40, logz=-778.26, remainder_fraction=100.0000%, Lmin=-772.62, Lmax=-25.82
09:57:47 [ultranest] [DEBUG] iteration=4050, ncalls=15319, regioncalls=146960, ndraw=40, logz=-778.20, remainder_fraction=100.0000%, Lmin=-772.55, Lmax=-25.82
09:57:47 [ultranest] [DEBUG] iteration=4052, ncalls=15343, regioncalls=147920, ndraw=40, logz=-778.18, remainder_fraction=100.0000%, Lmin=-772.55, Lmax=-25.82
09:57:47 [ultranest] [DEBUG] iteration=4053, ncalls=15356, regioncalls=148440, ndraw=40, logz=-778.16, remainder_fraction=100.0000%, Lmin=-772.54, Lmax=-25.82
09:57:48 [ultranest] [DEBUG] iteration=4054, ncalls=15369, regioncalls=148960, ndraw=40, logz=-778.15, remainder_fraction=100.0000%, Lmin=-772.51, Lmax=-25.82
09:57:48 [ultranest] [DEBUG] iteration=4057, ncalls=15382, regioncalls=149480, ndraw=40, logz=-778.11, remainder_fraction=100.0000%, Lmin=-772.44, Lmax=-25.82
09:57:48 [ultranest] [DEBUG] iteration=4058, ncalls=15401, regioncalls=150240, ndraw=40, logz=-778.09, remainder_fraction=100.0000%, Lmin=-772.43, Lmax=-25.82
09:57:48 [ultranest] [DEBUG] iteration=4061, ncalls=15426, regioncalls=151240, ndraw=40, logz=-778.05, remainder_fraction=100.0000%, Lmin=-772.40, Lmax=-25.82
09:57:48 [ultranest] [DEBUG] iteration=4064, ncalls=15443, regioncalls=151920, ndraw=40, logz=-778.01, remainder_fraction=100.0000%, Lmin=-772.38, Lmax=-25.82
09:57:48 [ultranest] [DEBUG] iteration=4066, ncalls=15456, regioncalls=152440, ndraw=40, logz=-777.98, remainder_fraction=100.0000%, Lmin=-772.37, Lmax=-25.82
09:57:49 [ultranest] [DEBUG] iteration=4067, ncalls=15468, regioncalls=152920, ndraw=40, logz=-777.97, remainder_fraction=100.0000%, Lmin=-772.33, Lmax=-25.82
09:57:49 [ultranest] [DEBUG] iteration=4069, ncalls=15490, regioncalls=153800, ndraw=40, logz=-777.94, remainder_fraction=100.0000%, Lmin=-772.32, Lmax=-25.82
09:57:49 [ultranest] [DEBUG] iteration=4070, ncalls=15505, regioncalls=154400, ndraw=40, logz=-777.93, remainder_fraction=100.0000%, Lmin=-772.30, Lmax=-25.82
09:57:49 [ultranest] [DEBUG] iteration=4071, ncalls=15540, regioncalls=155800, ndraw=40, logz=-777.91, remainder_fraction=100.0000%, Lmin=-772.29, Lmax=-25.82
09:57:50 [ultranest] [DEBUG] iteration=4073, ncalls=15569, regioncalls=156960, ndraw=40, logz=-777.89, remainder_fraction=100.0000%, Lmin=-772.24, Lmax=-25.82
09:57:50 [ultranest] [DEBUG] iteration=4074, ncalls=15582, regioncalls=157480, ndraw=40, logz=-777.87, remainder_fraction=100.0000%, Lmin=-772.24, Lmax=-25.82
09:57:50 [ultranest] [DEBUG] iteration=4076, ncalls=15597, regioncalls=158080, ndraw=40, logz=-777.85, remainder_fraction=100.0000%, Lmin=-772.21, Lmax=-25.82
09:57:50 [ultranest] [DEBUG] iteration=4079, ncalls=15611, regioncalls=158640, ndraw=40, logz=-777.81, remainder_fraction=100.0000%, Lmin=-772.17, Lmax=-25.82
09:57:50 [ultranest] [DEBUG] iteration=4081, ncalls=15626, regioncalls=159240, ndraw=40, logz=-777.78, remainder_fraction=100.0000%, Lmin=-772.16, Lmax=-25.82
09:57:50 [ultranest] [DEBUG] iteration=4082, ncalls=15637, regioncalls=159680, ndraw=40, logz=-777.77, remainder_fraction=100.0000%, Lmin=-772.15, Lmax=-25.82
09:57:50 [ultranest] [DEBUG] iteration=4083, ncalls=15650, regioncalls=160200, ndraw=40, logz=-777.75, remainder_fraction=100.0000%, Lmin=-772.15, Lmax=-25.82
09:57:51 [ultranest] [DEBUG] iteration=4084, ncalls=15660, regioncalls=160600, ndraw=40, logz=-777.74, remainder_fraction=100.0000%, Lmin=-772.15, Lmax=-25.82
09:57:51 [ultranest] [DEBUG] iteration=4086, ncalls=15670, regioncalls=161000, ndraw=40, logz=-777.71, remainder_fraction=100.0000%, Lmin=-772.12, Lmax=-25.82
09:57:51 [ultranest] [DEBUG] iteration=4088, ncalls=15693, regioncalls=161920, ndraw=40, logz=-777.69, remainder_fraction=100.0000%, Lmin=-772.08, Lmax=-25.82
09:57:51 [ultranest] [DEBUG] iteration=4091, ncalls=15707, regioncalls=162480, ndraw=40, logz=-777.65, remainder_fraction=100.0000%, Lmin=-772.06, Lmax=-25.82
09:57:51 [ultranest] [DEBUG] iteration=4093, ncalls=15723, regioncalls=163120, ndraw=40, logz=-777.62, remainder_fraction=100.0000%, Lmin=-772.04, Lmax=-25.82
09:57:51 [ultranest] [DEBUG] iteration=4096, ncalls=15741, regioncalls=163840, ndraw=40, logz=-777.58, remainder_fraction=100.0000%, Lmin=-772.00, Lmax=-25.82
09:57:52 [ultranest] [DEBUG] iteration=4099, ncalls=15787, regioncalls=165680, ndraw=40, logz=-777.55, remainder_fraction=100.0000%, Lmin=-771.98, Lmax=-25.82
09:57:52 [ultranest] [DEBUG] iteration=4102, ncalls=15815, regioncalls=166800, ndraw=40, logz=-777.51, remainder_fraction=100.0000%, Lmin=-771.96, Lmax=-25.82
09:57:52 [ultranest] [DEBUG] iteration=4104, ncalls=15826, regioncalls=167240, ndraw=40, logz=-777.48, remainder_fraction=100.0000%, Lmin=-771.95, Lmax=-25.82
09:57:52 [ultranest] [DEBUG] iteration=4109, ncalls=15837, regioncalls=167680, ndraw=40, logz=-777.42, remainder_fraction=100.0000%, Lmin=-771.88, Lmax=-25.82
09:57:53 [ultranest] [DEBUG] iteration=4110, ncalls=15862, regioncalls=168680, ndraw=40, logz=-777.41, remainder_fraction=100.0000%, Lmin=-771.85, Lmax=-25.82
09:57:53 [ultranest] [DEBUG] iteration=4111, ncalls=15878, regioncalls=169320, ndraw=40, logz=-777.40, remainder_fraction=100.0000%, Lmin=-771.84, Lmax=-25.82
09:57:53 [ultranest] [DEBUG] iteration=4114, ncalls=15888, regioncalls=169720, ndraw=40, logz=-777.36, remainder_fraction=100.0000%, Lmin=-771.83, Lmax=-25.82
09:57:53 [ultranest] [DEBUG] iteration=4115, ncalls=15898, regioncalls=170120, ndraw=40, logz=-777.35, remainder_fraction=100.0000%, Lmin=-771.82, Lmax=-25.82
09:57:53 [ultranest] [DEBUG] iteration=4116, ncalls=15918, regioncalls=170920, ndraw=40, logz=-777.34, remainder_fraction=100.0000%, Lmin=-771.80, Lmax=-25.82
09:57:54 [ultranest] [DEBUG] iteration=4118, ncalls=15941, regioncalls=171840, ndraw=40, logz=-777.31, remainder_fraction=100.0000%, Lmin=-771.78, Lmax=-25.82
09:57:54 [ultranest] [DEBUG] iteration=4120, ncalls=15953, regioncalls=172320, ndraw=40, logz=-777.29, remainder_fraction=100.0000%, Lmin=-771.73, Lmax=-25.82
09:57:54 [ultranest] [DEBUG] iteration=4121, ncalls=15986, regioncalls=173640, ndraw=40, logz=-777.28, remainder_fraction=100.0000%, Lmin=-771.71, Lmax=-25.82
09:57:54 [ultranest] [DEBUG] iteration=4122, ncalls=15999, regioncalls=174160, ndraw=40, logz=-777.26, remainder_fraction=100.0000%, Lmin=-771.70, Lmax=-25.82
09:57:54 [ultranest] [DEBUG] iteration=4124, ncalls=16017, regioncalls=174880, ndraw=40, logz=-777.24, remainder_fraction=100.0000%, Lmin=-771.64, Lmax=-25.82
09:57:55 [ultranest] [DEBUG] iteration=4127, ncalls=16043, regioncalls=175920, ndraw=40, logz=-777.20, remainder_fraction=100.0000%, Lmin=-771.62, Lmax=-25.82
09:57:55 [ultranest] [DEBUG] iteration=4129, ncalls=16053, regioncalls=176320, ndraw=40, logz=-777.18, remainder_fraction=100.0000%, Lmin=-771.57, Lmax=-25.82
09:57:55 [ultranest] [DEBUG] iteration=4132, ncalls=16090, regioncalls=177800, ndraw=40, logz=-777.14, remainder_fraction=100.0000%, Lmin=-771.49, Lmax=-25.82
09:57:55 [ultranest] [DEBUG] iteration=4133, ncalls=16100, regioncalls=178200, ndraw=40, logz=-777.12, remainder_fraction=100.0000%, Lmin=-771.49, Lmax=-25.82
09:57:55 [ultranest] [DEBUG] iteration=4135, ncalls=16114, regioncalls=178760, ndraw=40, logz=-777.10, remainder_fraction=100.0000%, Lmin=-771.49, Lmax=-25.82
09:57:56 [ultranest] [DEBUG] iteration=4136, ncalls=16137, regioncalls=179680, ndraw=40, logz=-777.09, remainder_fraction=100.0000%, Lmin=-771.48, Lmax=-25.82
09:57:56 [ultranest] [DEBUG] iteration=4138, ncalls=16152, regioncalls=180280, ndraw=40, logz=-777.06, remainder_fraction=100.0000%, Lmin=-771.45, Lmax=-25.82
09:57:56 [ultranest] [DEBUG] iteration=4141, ncalls=16165, regioncalls=180800, ndraw=40, logz=-777.02, remainder_fraction=100.0000%, Lmin=-771.43, Lmax=-25.82
09:57:56 [ultranest] [DEBUG] iteration=4144, ncalls=16183, regioncalls=181520, ndraw=40, logz=-776.98, remainder_fraction=100.0000%, Lmin=-771.39, Lmax=-25.82
09:57:56 [ultranest] [DEBUG] iteration=4146, ncalls=16216, regioncalls=182840, ndraw=40, logz=-776.96, remainder_fraction=100.0000%, Lmin=-771.37, Lmax=-25.82
09:57:57 [ultranest] [DEBUG] iteration=4148, ncalls=16228, regioncalls=183320, ndraw=40, logz=-776.93, remainder_fraction=100.0000%, Lmin=-771.36, Lmax=-25.82
09:57:57 [ultranest] [DEBUG] iteration=4150, ncalls=16238, regioncalls=183720, ndraw=40, logz=-776.91, remainder_fraction=100.0000%, Lmin=-771.35, Lmax=-25.82
09:57:57 [ultranest] [DEBUG] iteration=4152, ncalls=16253, regioncalls=184320, ndraw=40, logz=-776.89, remainder_fraction=100.0000%, Lmin=-771.33, Lmax=-25.82
09:57:57 [ultranest] [DEBUG] iteration=4155, ncalls=16285, regioncalls=185600, ndraw=40, logz=-776.85, remainder_fraction=100.0000%, Lmin=-771.23, Lmax=-25.82
09:57:57 [ultranest] [DEBUG] iteration=4158, ncalls=16304, regioncalls=186360, ndraw=40, logz=-776.81, remainder_fraction=100.0000%, Lmin=-771.18, Lmax=-25.82
09:57:57 [ultranest] [DEBUG] iteration=4160, ncalls=16310, regioncalls=186600, ndraw=40, logz=-776.78, remainder_fraction=100.0000%, Lmin=-771.15, Lmax=-25.82
09:57:58 [ultranest] [DEBUG] iteration=4161, ncalls=16322, regioncalls=187080, ndraw=40, logz=-776.77, remainder_fraction=100.0000%, Lmin=-771.14, Lmax=-25.82
09:57:58 [ultranest] [DEBUG] iteration=4163, ncalls=16356, regioncalls=188440, ndraw=40, logz=-776.75, remainder_fraction=100.0000%, Lmin=-771.12, Lmax=-25.82
09:57:58 [ultranest] [DEBUG] iteration=4165, ncalls=16380, regioncalls=189400, ndraw=40, logz=-776.72, remainder_fraction=100.0000%, Lmin=-771.05, Lmax=-25.82
09:57:58 [ultranest] [DEBUG] iteration=4166, ncalls=16391, regioncalls=189840, ndraw=40, logz=-776.71, remainder_fraction=100.0000%, Lmin=-771.05, Lmax=-25.82
09:57:59 [ultranest] [DEBUG] iteration=4169, ncalls=16445, regioncalls=192000, ndraw=40, logz=-776.67, remainder_fraction=100.0000%, Lmin=-770.94, Lmax=-25.82
09:57:59 [ultranest] [DEBUG] iteration=4172, ncalls=16468, regioncalls=192920, ndraw=40, logz=-776.62, remainder_fraction=100.0000%, Lmin=-770.87, Lmax=-25.82
09:57:59 [ultranest] [DEBUG] iteration=4174, ncalls=16498, regioncalls=194120, ndraw=40, logz=-776.59, remainder_fraction=100.0000%, Lmin=-770.84, Lmax=-25.82
09:57:59 [ultranest] [DEBUG] iteration=4175, ncalls=16508, regioncalls=194520, ndraw=40, logz=-776.58, remainder_fraction=100.0000%, Lmin=-770.83, Lmax=-25.82
09:58:00 [ultranest] [DEBUG] iteration=4176, ncalls=16526, regioncalls=195240, ndraw=40, logz=-776.57, remainder_fraction=100.0000%, Lmin=-770.82, Lmax=-25.82
09:58:00 [ultranest] [DEBUG] iteration=4178, ncalls=16555, regioncalls=196400, ndraw=40, logz=-776.54, remainder_fraction=100.0000%, Lmin=-770.77, Lmax=-25.82
09:58:00 [ultranest] [DEBUG] iteration=4179, ncalls=16583, regioncalls=197520, ndraw=40, logz=-776.52, remainder_fraction=100.0000%, Lmin=-770.76, Lmax=-25.82
09:58:00 [ultranest] [DEBUG] iteration=4181, ncalls=16599, regioncalls=198160, ndraw=40, logz=-776.49, remainder_fraction=100.0000%, Lmin=-770.74, Lmax=-25.82
09:58:01 [ultranest] [DEBUG] iteration=4184, ncalls=16609, regioncalls=198560, ndraw=40, logz=-776.45, remainder_fraction=100.0000%, Lmin=-770.71, Lmax=-25.82
09:58:01 [ultranest] [DEBUG] iteration=4186, ncalls=16619, regioncalls=198960, ndraw=40, logz=-776.42, remainder_fraction=100.0000%, Lmin=-770.70, Lmax=-25.82
09:58:01 [ultranest] [DEBUG] iteration=4187, ncalls=16635, regioncalls=199600, ndraw=40, logz=-776.41, remainder_fraction=100.0000%, Lmin=-770.69, Lmax=-25.82
09:58:01 [ultranest] [DEBUG] iteration=4188, ncalls=16661, regioncalls=200640, ndraw=40, logz=-776.39, remainder_fraction=100.0000%, Lmin=-770.67, Lmax=-25.82
09:58:01 [ultranest] [DEBUG] iteration=4189, ncalls=16677, regioncalls=201280, ndraw=40, logz=-776.38, remainder_fraction=100.0000%, Lmin=-770.66, Lmax=-25.82
09:58:01 [ultranest] [DEBUG] iteration=4191, ncalls=16690, regioncalls=201800, ndraw=40, logz=-776.35, remainder_fraction=100.0000%, Lmin=-770.62, Lmax=-25.82
09:58:01 [ultranest] [DEBUG] iteration=4194, ncalls=16700, regioncalls=202200, ndraw=40, logz=-776.31, remainder_fraction=100.0000%, Lmin=-770.55, Lmax=-25.82
09:58:02 [ultranest] [DEBUG] iteration=4195, ncalls=16711, regioncalls=202640, ndraw=40, logz=-776.30, remainder_fraction=100.0000%, Lmin=-770.55, Lmax=-25.82
09:58:02 [ultranest] [DEBUG] iteration=4197, ncalls=16726, regioncalls=203240, ndraw=40, logz=-776.27, remainder_fraction=100.0000%, Lmin=-770.53, Lmax=-25.82
09:58:02 [ultranest] [DEBUG] iteration=4198, ncalls=16748, regioncalls=204120, ndraw=40, logz=-776.25, remainder_fraction=100.0000%, Lmin=-770.50, Lmax=-25.82
09:58:02 [ultranest] [DEBUG] iteration=4200, ncalls=16766, regioncalls=204840, ndraw=40, logz=-776.23, remainder_fraction=100.0000%, Lmin=-770.49, Lmax=-25.82
09:58:03 [ultranest] [DEBUG] iteration=4205, ncalls=16799, regioncalls=206160, ndraw=40, logz=-776.16, remainder_fraction=100.0000%, Lmin=-770.43, Lmax=-25.82
09:58:03 [ultranest] [DEBUG] iteration=4206, ncalls=16813, regioncalls=206720, ndraw=40, logz=-776.14, remainder_fraction=100.0000%, Lmin=-770.42, Lmax=-25.82
09:58:03 [ultranest] [DEBUG] iteration=4208, ncalls=16826, regioncalls=207240, ndraw=40, logz=-776.12, remainder_fraction=100.0000%, Lmin=-770.34, Lmax=-25.82
09:58:03 [ultranest] [DEBUG] iteration=4210, ncalls=16841, regioncalls=207840, ndraw=40, logz=-776.09, remainder_fraction=100.0000%, Lmin=-770.33, Lmax=-25.82
09:58:03 [ultranest] [DEBUG] iteration=4212, ncalls=16870, regioncalls=209000, ndraw=40, logz=-776.06, remainder_fraction=100.0000%, Lmin=-770.26, Lmax=-25.82
09:58:03 [ultranest] [DEBUG] iteration=4213, ncalls=16886, regioncalls=209640, ndraw=40, logz=-776.04, remainder_fraction=100.0000%, Lmin=-770.26, Lmax=-25.82
09:58:04 [ultranest] [DEBUG] iteration=4214, ncalls=16900, regioncalls=210200, ndraw=40, logz=-776.03, remainder_fraction=100.0000%, Lmin=-770.25, Lmax=-25.82
09:58:04 [ultranest] [DEBUG] iteration=4217, ncalls=16920, regioncalls=211000, ndraw=40, logz=-775.99, remainder_fraction=100.0000%, Lmin=-770.20, Lmax=-25.82
09:58:04 [ultranest] [DEBUG] iteration=4220, ncalls=16963, regioncalls=212720, ndraw=40, logz=-775.94, remainder_fraction=100.0000%, Lmin=-770.18, Lmax=-25.82
09:58:04 [ultranest] [DEBUG] iteration=4221, ncalls=16978, regioncalls=213320, ndraw=40, logz=-775.93, remainder_fraction=100.0000%, Lmin=-770.18, Lmax=-25.82
09:58:04 [ultranest] [DEBUG] iteration=4222, ncalls=16992, regioncalls=213880, ndraw=40, logz=-775.92, remainder_fraction=100.0000%, Lmin=-770.17, Lmax=-25.82
09:58:05 [ultranest] [DEBUG] iteration=4225, ncalls=17012, regioncalls=214680, ndraw=40, logz=-775.87, remainder_fraction=100.0000%, Lmin=-770.14, Lmax=-25.82
09:58:05 [ultranest] [DEBUG] iteration=4226, ncalls=17023, regioncalls=215120, ndraw=40, logz=-775.86, remainder_fraction=100.0000%, Lmin=-770.11, Lmax=-25.82
09:58:05 [ultranest] [DEBUG] iteration=4227, ncalls=17040, regioncalls=215800, ndraw=40, logz=-775.85, remainder_fraction=100.0000%, Lmin=-770.09, Lmax=-25.82
09:58:05 [ultranest] [DEBUG] iteration=4229, ncalls=17054, regioncalls=216360, ndraw=40, logz=-775.82, remainder_fraction=100.0000%, Lmin=-770.08, Lmax=-25.82
09:58:05 [ultranest] [DEBUG] iteration=4230, ncalls=17090, regioncalls=217800, ndraw=40, logz=-775.80, remainder_fraction=100.0000%, Lmin=-770.07, Lmax=-25.82
09:58:06 [ultranest] [DEBUG] iteration=4232, ncalls=17100, regioncalls=218200, ndraw=40, logz=-775.78, remainder_fraction=100.0000%, Lmin=-770.05, Lmax=-25.82
09:58:06 [ultranest] [DEBUG] iteration=4233, ncalls=17117, regioncalls=218880, ndraw=40, logz=-775.76, remainder_fraction=100.0000%, Lmin=-770.05, Lmax=-25.82
09:58:06 [ultranest] [DEBUG] iteration=4235, ncalls=17130, regioncalls=219400, ndraw=40, logz=-775.74, remainder_fraction=100.0000%, Lmin=-770.05, Lmax=-25.82
09:58:06 [ultranest] [DEBUG] iteration=4237, ncalls=17143, regioncalls=219920, ndraw=40, logz=-775.71, remainder_fraction=100.0000%, Lmin=-770.02, Lmax=-25.82
09:58:06 [ultranest] [DEBUG] iteration=4238, ncalls=17174, regioncalls=221160, ndraw=40, logz=-775.70, remainder_fraction=100.0000%, Lmin=-770.01, Lmax=-25.82
09:58:06 [ultranest] [DEBUG] iteration=4240, ncalls=17183, regioncalls=221520, ndraw=40, logz=-775.67, remainder_fraction=100.0000%, Lmin=-769.94, Lmax=-25.82
09:58:07 [ultranest] [DEBUG] iteration=4243, ncalls=17195, regioncalls=222000, ndraw=40, logz=-775.63, remainder_fraction=100.0000%, Lmin=-769.89, Lmax=-25.82
09:58:07 [ultranest] [DEBUG] iteration=4244, ncalls=17232, regioncalls=223480, ndraw=40, logz=-775.62, remainder_fraction=100.0000%, Lmin=-769.83, Lmax=-25.82
09:58:07 [ultranest] [DEBUG] iteration=4248, ncalls=17244, regioncalls=223960, ndraw=40, logz=-775.56, remainder_fraction=100.0000%, Lmin=-769.80, Lmax=-25.82
09:58:07 [ultranest] [DEBUG] iteration=4249, ncalls=17261, regioncalls=224640, ndraw=40, logz=-775.55, remainder_fraction=100.0000%, Lmin=-769.80, Lmax=-25.82
09:58:08 [ultranest] [DEBUG] iteration=4252, ncalls=17289, regioncalls=225760, ndraw=40, logz=-775.51, remainder_fraction=100.0000%, Lmin=-769.77, Lmax=-25.82
09:58:08 [ultranest] [DEBUG] iteration=4253, ncalls=17304, regioncalls=226360, ndraw=40, logz=-775.49, remainder_fraction=100.0000%, Lmin=-769.76, Lmax=-25.82
09:58:08 [ultranest] [DEBUG] iteration=4254, ncalls=17330, regioncalls=227400, ndraw=40, logz=-775.48, remainder_fraction=100.0000%, Lmin=-769.75, Lmax=-25.82
09:58:08 [ultranest] [DEBUG] iteration=4255, ncalls=17341, regioncalls=227840, ndraw=40, logz=-775.47, remainder_fraction=100.0000%, Lmin=-769.75, Lmax=-25.82
09:58:09 [ultranest] [DEBUG] iteration=4256, ncalls=17392, regioncalls=229880, ndraw=40, logz=-775.45, remainder_fraction=100.0000%, Lmin=-769.75, Lmax=-25.82
09:58:09 [ultranest] [DEBUG] iteration=4258, ncalls=17402, regioncalls=230280, ndraw=40, logz=-775.43, remainder_fraction=100.0000%, Lmin=-769.72, Lmax=-25.82
09:58:09 [ultranest] [DEBUG] iteration=4260, ncalls=17422, regioncalls=231080, ndraw=40, logz=-775.40, remainder_fraction=100.0000%, Lmin=-769.71, Lmax=-25.82
09:58:09 [ultranest] [DEBUG] iteration=4262, ncalls=17447, regioncalls=232080, ndraw=40, logz=-775.38, remainder_fraction=100.0000%, Lmin=-769.69, Lmax=-25.82
09:58:09 [ultranest] [DEBUG] iteration=4263, ncalls=17482, regioncalls=233480, ndraw=40, logz=-775.36, remainder_fraction=100.0000%, Lmin=-769.69, Lmax=-25.82
09:58:10 [ultranest] [DEBUG] iteration=4265, ncalls=17497, regioncalls=234080, ndraw=40, logz=-775.34, remainder_fraction=100.0000%, Lmin=-769.67, Lmax=-20.51
09:58:10 [ultranest] [DEBUG] iteration=4266, ncalls=17508, regioncalls=234520, ndraw=40, logz=-775.32, remainder_fraction=100.0000%, Lmin=-769.64, Lmax=-20.51
09:58:10 [ultranest] [DEBUG] iteration=4268, ncalls=17522, regioncalls=235080, ndraw=40, logz=-775.30, remainder_fraction=100.0000%, Lmin=-769.63, Lmax=-20.51
09:58:10 [ultranest] [DEBUG] iteration=4269, ncalls=17532, regioncalls=235480, ndraw=40, logz=-775.29, remainder_fraction=100.0000%, Lmin=-769.62, Lmax=-20.51
09:58:11 [ultranest] [DEBUG] iteration=4270, ncalls=17595, regioncalls=238000, ndraw=40, logz=-775.27, remainder_fraction=100.0000%, Lmin=-769.61, Lmax=-20.51
09:58:11 [ultranest] [DEBUG] iteration=4272, ncalls=17605, regioncalls=238400, ndraw=40, logz=-775.25, remainder_fraction=100.0000%, Lmin=-769.56, Lmax=-20.51
09:58:11 [ultranest] [DEBUG] iteration=4275, ncalls=17615, regioncalls=238800, ndraw=40, logz=-775.21, remainder_fraction=100.0000%, Lmin=-769.50, Lmax=-20.51
09:58:11 [ultranest] [DEBUG] iteration=4277, ncalls=17625, regioncalls=239200, ndraw=40, logz=-775.19, remainder_fraction=100.0000%, Lmin=-769.46, Lmax=-20.51
09:58:11 [ultranest] [DEBUG] iteration=4279, ncalls=17639, regioncalls=239760, ndraw=40, logz=-775.16, remainder_fraction=100.0000%, Lmin=-769.45, Lmax=-20.51
09:58:11 [ultranest] [DEBUG] iteration=4280, ncalls=17664, regioncalls=240760, ndraw=40, logz=-775.15, remainder_fraction=100.0000%, Lmin=-769.42, Lmax=-20.51
09:58:11 [ultranest] [DEBUG] iteration=4281, ncalls=17674, regioncalls=241160, ndraw=40, logz=-775.13, remainder_fraction=100.0000%, Lmin=-769.41, Lmax=-20.51
09:58:12 [ultranest] [DEBUG] iteration=4282, ncalls=17694, regioncalls=241960, ndraw=40, logz=-775.12, remainder_fraction=100.0000%, Lmin=-769.40, Lmax=-20.51
09:58:12 [ultranest] [DEBUG] iteration=4285, ncalls=17706, regioncalls=242440, ndraw=40, logz=-775.08, remainder_fraction=100.0000%, Lmin=-769.38, Lmax=-20.51
09:58:12 [ultranest] [DEBUG] iteration=4287, ncalls=17734, regioncalls=243560, ndraw=40, logz=-775.06, remainder_fraction=100.0000%, Lmin=-769.36, Lmax=-20.51
09:58:12 [ultranest] [DEBUG] iteration=4289, ncalls=17747, regioncalls=244080, ndraw=40, logz=-775.03, remainder_fraction=100.0000%, Lmin=-769.34, Lmax=-20.51
09:58:13 [ultranest] [DEBUG] iteration=4290, ncalls=17783, regioncalls=245520, ndraw=40, logz=-775.02, remainder_fraction=100.0000%, Lmin=-769.31, Lmax=-20.51
09:58:13 [ultranest] [DEBUG] iteration=4291, ncalls=17816, regioncalls=246840, ndraw=40, logz=-775.00, remainder_fraction=100.0000%, Lmin=-769.29, Lmax=-20.51
09:58:13 [ultranest] [DEBUG] iteration=4293, ncalls=17827, regioncalls=247280, ndraw=40, logz=-774.98, remainder_fraction=100.0000%, Lmin=-769.29, Lmax=-20.51
09:58:13 [ultranest] [DEBUG] iteration=4295, ncalls=17837, regioncalls=247680, ndraw=40, logz=-774.95, remainder_fraction=100.0000%, Lmin=-769.26, Lmax=-20.51
09:58:13 [ultranest] [DEBUG] iteration=4296, ncalls=17849, regioncalls=248160, ndraw=40, logz=-774.94, remainder_fraction=100.0000%, Lmin=-769.26, Lmax=-20.51
09:58:14 [ultranest] [DEBUG] iteration=4297, ncalls=17872, regioncalls=249080, ndraw=40, logz=-774.93, remainder_fraction=100.0000%, Lmin=-769.22, Lmax=-20.51
09:58:14 [ultranest] [DEBUG] iteration=4300, ncalls=17903, regioncalls=250320, ndraw=40, logz=-774.89, remainder_fraction=100.0000%, Lmin=-769.18, Lmax=-20.51
09:58:14 [ultranest] [DEBUG] iteration=4302, ncalls=17914, regioncalls=250760, ndraw=40, logz=-774.87, remainder_fraction=100.0000%, Lmin=-769.13, Lmax=-20.51
09:58:14 [ultranest] [DEBUG] iteration=4303, ncalls=17925, regioncalls=251200, ndraw=40, logz=-774.85, remainder_fraction=100.0000%, Lmin=-769.12, Lmax=-20.51
09:58:14 [ultranest] [DEBUG] iteration=4306, ncalls=17935, regioncalls=251600, ndraw=40, logz=-774.81, remainder_fraction=100.0000%, Lmin=-769.09, Lmax=-20.51
09:58:15 [ultranest] [DEBUG] iteration=4307, ncalls=17953, regioncalls=252320, ndraw=40, logz=-774.80, remainder_fraction=100.0000%, Lmin=-769.07, Lmax=-20.51
09:58:15 [ultranest] [DEBUG] iteration=4309, ncalls=17966, regioncalls=252840, ndraw=40, logz=-774.77, remainder_fraction=100.0000%, Lmin=-769.04, Lmax=-20.51
09:58:15 [ultranest] [DEBUG] iteration=4310, ncalls=17989, regioncalls=253760, ndraw=40, logz=-774.76, remainder_fraction=100.0000%, Lmin=-769.04, Lmax=-20.51
09:58:15 [ultranest] [DEBUG] iteration=4312, ncalls=18023, regioncalls=255120, ndraw=40, logz=-774.74, remainder_fraction=100.0000%, Lmin=-769.01, Lmax=-20.51
09:58:15 [ultranest] [DEBUG] iteration=4313, ncalls=18043, regioncalls=255920, ndraw=40, logz=-774.72, remainder_fraction=100.0000%, Lmin=-769.01, Lmax=-20.51
09:58:16 [ultranest] [DEBUG] iteration=4315, ncalls=18060, regioncalls=256600, ndraw=40, logz=-774.70, remainder_fraction=100.0000%, Lmin=-768.99, Lmax=-20.51
09:58:16 [ultranest] [DEBUG] iteration=4316, ncalls=18077, regioncalls=257280, ndraw=40, logz=-774.69, remainder_fraction=100.0000%, Lmin=-768.98, Lmax=-20.51
09:58:16 [ultranest] [DEBUG] iteration=4318, ncalls=18103, regioncalls=258320, ndraw=40, logz=-774.66, remainder_fraction=100.0000%, Lmin=-768.96, Lmax=-20.51
09:58:16 [ultranest] [DEBUG] iteration=4320, ncalls=18117, regioncalls=258880, ndraw=40, logz=-774.64, remainder_fraction=100.0000%, Lmin=-768.96, Lmax=-20.51
09:58:16 [ultranest] [DEBUG] iteration=4321, ncalls=18130, regioncalls=259400, ndraw=40, logz=-774.62, remainder_fraction=100.0000%, Lmin=-768.91, Lmax=-20.51
09:58:17 [ultranest] [DEBUG] iteration=4324, ncalls=18163, regioncalls=260720, ndraw=40, logz=-774.59, remainder_fraction=100.0000%, Lmin=-768.89, Lmax=-20.51
09:58:17 [ultranest] [DEBUG] iteration=4325, ncalls=18175, regioncalls=261200, ndraw=40, logz=-774.57, remainder_fraction=100.0000%, Lmin=-768.88, Lmax=-20.51
09:58:17 [ultranest] [DEBUG] iteration=4326, ncalls=18188, regioncalls=261720, ndraw=40, logz=-774.56, remainder_fraction=100.0000%, Lmin=-768.88, Lmax=-20.51
09:58:17 [ultranest] [DEBUG] iteration=4329, ncalls=18220, regioncalls=263000, ndraw=40, logz=-774.52, remainder_fraction=100.0000%, Lmin=-768.85, Lmax=-20.51
09:58:17 [ultranest] [DEBUG] iteration=4330, ncalls=18234, regioncalls=263560, ndraw=40, logz=-774.51, remainder_fraction=100.0000%, Lmin=-768.85, Lmax=-20.51
09:58:18 [ultranest] [DEBUG] iteration=4333, ncalls=18252, regioncalls=264280, ndraw=40, logz=-774.48, remainder_fraction=100.0000%, Lmin=-768.79, Lmax=-20.51
09:58:18 [ultranest] [DEBUG] iteration=4335, ncalls=18279, regioncalls=265360, ndraw=40, logz=-774.45, remainder_fraction=100.0000%, Lmin=-768.78, Lmax=-20.51
09:58:18 [ultranest] [DEBUG] iteration=4337, ncalls=18302, regioncalls=266280, ndraw=40, logz=-774.43, remainder_fraction=100.0000%, Lmin=-768.78, Lmax=-20.51
09:58:18 [ultranest] [DEBUG] iteration=4338, ncalls=18325, regioncalls=267200, ndraw=40, logz=-774.42, remainder_fraction=100.0000%, Lmin=-768.78, Lmax=-20.51
09:58:18 [ultranest] [DEBUG] iteration=4341, ncalls=18341, regioncalls=267840, ndraw=40, logz=-774.38, remainder_fraction=100.0000%, Lmin=-768.74, Lmax=-20.51
09:58:19 [ultranest] [DEBUG] iteration=4343, ncalls=18354, regioncalls=268360, ndraw=40, logz=-774.36, remainder_fraction=100.0000%, Lmin=-768.73, Lmax=-20.51
09:58:19 [ultranest] [DEBUG] iteration=4346, ncalls=18365, regioncalls=268800, ndraw=40, logz=-774.32, remainder_fraction=100.0000%, Lmin=-768.70, Lmax=-20.51
09:58:19 [ultranest] [DEBUG] iteration=4348, ncalls=18380, regioncalls=269400, ndraw=40, logz=-774.30, remainder_fraction=100.0000%, Lmin=-768.64, Lmax=-20.51
09:58:19 [ultranest] [DEBUG] iteration=4351, ncalls=18401, regioncalls=270240, ndraw=40, logz=-774.27, remainder_fraction=100.0000%, Lmin=-768.60, Lmax=-20.51
09:58:19 [ultranest] [DEBUG] iteration=4352, ncalls=18439, regioncalls=271760, ndraw=40, logz=-774.25, remainder_fraction=100.0000%, Lmin=-768.59, Lmax=-20.51
09:58:20 [ultranest] [DEBUG] iteration=4353, ncalls=18451, regioncalls=272240, ndraw=40, logz=-774.24, remainder_fraction=100.0000%, Lmin=-768.58, Lmax=-20.51
09:58:20 [ultranest] [DEBUG] iteration=4354, ncalls=18464, regioncalls=272760, ndraw=40, logz=-774.23, remainder_fraction=100.0000%, Lmin=-768.56, Lmax=-20.51
09:58:20 [ultranest] [DEBUG] iteration=4357, ncalls=18508, regioncalls=274520, ndraw=40, logz=-774.19, remainder_fraction=100.0000%, Lmin=-768.52, Lmax=-20.51
09:58:20 [ultranest] [DEBUG] iteration=4358, ncalls=18529, regioncalls=275360, ndraw=40, logz=-774.18, remainder_fraction=100.0000%, Lmin=-768.49, Lmax=-20.51
09:58:21 [ultranest] [DEBUG] iteration=4359, ncalls=18545, regioncalls=276000, ndraw=40, logz=-774.17, remainder_fraction=100.0000%, Lmin=-768.48, Lmax=-20.51
09:58:21 [ultranest] [DEBUG] iteration=4360, ncalls=18591, regioncalls=277840, ndraw=40, logz=-774.16, remainder_fraction=100.0000%, Lmin=-768.47, Lmax=-20.51
09:58:21 [ultranest] [DEBUG] iteration=4363, ncalls=18617, regioncalls=278880, ndraw=40, logz=-774.12, remainder_fraction=100.0000%, Lmin=-768.42, Lmax=-20.51
09:58:22 [ultranest] [DEBUG] iteration=4364, ncalls=18642, regioncalls=279880, ndraw=40, logz=-774.11, remainder_fraction=100.0000%, Lmin=-768.37, Lmax=-20.51
09:58:22 [ultranest] [DEBUG] iteration=4365, ncalls=18665, regioncalls=280800, ndraw=40, logz=-774.10, remainder_fraction=100.0000%, Lmin=-768.36, Lmax=-20.51
09:58:22 [ultranest] [DEBUG] iteration=4366, ncalls=18684, regioncalls=281560, ndraw=40, logz=-774.09, remainder_fraction=100.0000%, Lmin=-768.35, Lmax=-20.51
09:58:22 [ultranest] [DEBUG] iteration=4367, ncalls=18696, regioncalls=282040, ndraw=40, logz=-774.07, remainder_fraction=100.0000%, Lmin=-768.34, Lmax=-20.51
09:58:22 [ultranest] [DEBUG] iteration=4368, ncalls=18718, regioncalls=282920, ndraw=40, logz=-774.06, remainder_fraction=100.0000%, Lmin=-768.33, Lmax=-20.51
09:58:23 [ultranest] [DEBUG] iteration=4369, ncalls=18737, regioncalls=283680, ndraw=40, logz=-774.05, remainder_fraction=100.0000%, Lmin=-768.30, Lmax=-20.51
09:58:23 [ultranest] [DEBUG] iteration=4371, ncalls=18749, regioncalls=284160, ndraw=40, logz=-774.02, remainder_fraction=100.0000%, Lmin=-768.25, Lmax=-20.51
09:58:23 [ultranest] [DEBUG] iteration=4373, ncalls=18777, regioncalls=285280, ndraw=40, logz=-774.00, remainder_fraction=100.0000%, Lmin=-768.23, Lmax=-20.51
09:58:23 [ultranest] [DEBUG] iteration=4374, ncalls=18796, regioncalls=286040, ndraw=40, logz=-773.98, remainder_fraction=100.0000%, Lmin=-768.23, Lmax=-20.51
09:58:23 [ultranest] [DEBUG] iteration=4376, ncalls=18811, regioncalls=286640, ndraw=40, logz=-773.96, remainder_fraction=100.0000%, Lmin=-768.21, Lmax=-20.51
09:58:23 [ultranest] [DEBUG] iteration=4378, ncalls=18823, regioncalls=287120, ndraw=40, logz=-773.93, remainder_fraction=100.0000%, Lmin=-768.20, Lmax=-20.51
09:58:24 [ultranest] [DEBUG] iteration=4380, ncalls=18861, regioncalls=288640, ndraw=40, logz=-773.91, remainder_fraction=100.0000%, Lmin=-768.16, Lmax=-20.51
09:58:24 [ultranest] [DEBUG] iteration=4382, ncalls=18871, regioncalls=289040, ndraw=40, logz=-773.88, remainder_fraction=100.0000%, Lmin=-768.13, Lmax=-20.51
09:58:24 [ultranest] [DEBUG] iteration=4385, ncalls=18885, regioncalls=289600, ndraw=40, logz=-773.84, remainder_fraction=100.0000%, Lmin=-768.11, Lmax=-20.51
09:58:24 [ultranest] [DEBUG] iteration=4387, ncalls=18908, regioncalls=290520, ndraw=40, logz=-773.82, remainder_fraction=100.0000%, Lmin=-768.09, Lmax=-20.51
09:58:24 [ultranest] [DEBUG] iteration=4389, ncalls=18920, regioncalls=291000, ndraw=40, logz=-773.80, remainder_fraction=100.0000%, Lmin=-768.07, Lmax=-20.51
09:58:25 [ultranest] [DEBUG] iteration=4390, ncalls=18951, regioncalls=292240, ndraw=40, logz=-773.78, remainder_fraction=100.0000%, Lmin=-768.05, Lmax=-20.51
09:58:25 [ultranest] [DEBUG] iteration=4392, ncalls=18970, regioncalls=293000, ndraw=40, logz=-773.76, remainder_fraction=100.0000%, Lmin=-768.03, Lmax=-20.51
09:58:25 [ultranest] [DEBUG] iteration=4395, ncalls=19013, regioncalls=294720, ndraw=40, logz=-773.72, remainder_fraction=100.0000%, Lmin=-768.00, Lmax=-20.51
09:58:25 [ultranest] [DEBUG] iteration=4398, ncalls=19029, regioncalls=295360, ndraw=40, logz=-773.69, remainder_fraction=100.0000%, Lmin=-767.98, Lmax=-20.51
09:58:26 [ultranest] [DEBUG] iteration=4399, ncalls=19049, regioncalls=296160, ndraw=40, logz=-773.67, remainder_fraction=100.0000%, Lmin=-767.96, Lmax=-20.51
09:58:26 [ultranest] [DEBUG] iteration=4400, ncalls=19072, regioncalls=297080, ndraw=40, logz=-773.66, remainder_fraction=100.0000%, Lmin=-767.93, Lmax=-20.51
09:58:26 [ultranest] [DEBUG] iteration=4401, ncalls=19082, regioncalls=297480, ndraw=40, logz=-773.65, remainder_fraction=100.0000%, Lmin=-767.93, Lmax=-20.51
09:58:26 [ultranest] [DEBUG] iteration=4402, ncalls=19095, regioncalls=298000, ndraw=40, logz=-773.64, remainder_fraction=100.0000%, Lmin=-767.92, Lmax=-20.51
09:58:26 [ultranest] [DEBUG] iteration=4404, ncalls=19123, regioncalls=299120, ndraw=40, logz=-773.61, remainder_fraction=100.0000%, Lmin=-767.86, Lmax=-20.51
09:58:27 [ultranest] [DEBUG] iteration=4406, ncalls=19138, regioncalls=299720, ndraw=40, logz=-773.59, remainder_fraction=100.0000%, Lmin=-767.83, Lmax=-20.51
09:58:27 [ultranest] [DEBUG] iteration=4408, ncalls=19148, regioncalls=300120, ndraw=40, logz=-773.56, remainder_fraction=100.0000%, Lmin=-767.82, Lmax=-20.51
09:58:27 [ultranest] [DEBUG] iteration=4410, ncalls=19167, regioncalls=300880, ndraw=40, logz=-773.54, remainder_fraction=100.0000%, Lmin=-767.79, Lmax=-20.51
09:58:27 [ultranest] [DEBUG] iteration=4412, ncalls=19186, regioncalls=301640, ndraw=40, logz=-773.51, remainder_fraction=100.0000%, Lmin=-767.78, Lmax=-20.51
09:58:27 [ultranest] [DEBUG] iteration=4413, ncalls=19214, regioncalls=302760, ndraw=40, logz=-773.50, remainder_fraction=100.0000%, Lmin=-767.78, Lmax=-20.51
09:58:28 [ultranest] [DEBUG] iteration=4416, ncalls=19233, regioncalls=303520, ndraw=40, logz=-773.47, remainder_fraction=100.0000%, Lmin=-767.73, Lmax=-20.51
09:58:28 [ultranest] [DEBUG] iteration=4417, ncalls=19255, regioncalls=304400, ndraw=40, logz=-773.45, remainder_fraction=100.0000%, Lmin=-767.72, Lmax=-20.51
09:58:28 [ultranest] [DEBUG] iteration=4418, ncalls=19285, regioncalls=305600, ndraw=40, logz=-773.44, remainder_fraction=100.0000%, Lmin=-767.70, Lmax=-20.51
09:58:28 [ultranest] [DEBUG] iteration=4420, ncalls=19302, regioncalls=306280, ndraw=40, logz=-773.42, remainder_fraction=100.0000%, Lmin=-767.67, Lmax=-20.51
09:58:29 [ultranest] [DEBUG] iteration=4421, ncalls=19309, regioncalls=306560, ndraw=40, logz=-773.40, remainder_fraction=100.0000%, Lmin=-767.65, Lmax=-20.51
09:58:29 [ultranest] [DEBUG] iteration=4424, ncalls=19324, regioncalls=307160, ndraw=40, logz=-773.37, remainder_fraction=100.0000%, Lmin=-767.52, Lmax=-20.51
09:58:29 [ultranest] [DEBUG] iteration=4426, ncalls=19344, regioncalls=307960, ndraw=40, logz=-773.34, remainder_fraction=100.0000%, Lmin=-767.51, Lmax=-20.51
09:58:29 [ultranest] [DEBUG] iteration=4428, ncalls=19366, regioncalls=308840, ndraw=40, logz=-773.31, remainder_fraction=100.0000%, Lmin=-767.49, Lmax=-20.51
09:58:29 [ultranest] [DEBUG] iteration=4429, ncalls=19384, regioncalls=309560, ndraw=40, logz=-773.30, remainder_fraction=100.0000%, Lmin=-767.47, Lmax=-20.51
09:58:30 [ultranest] [DEBUG] iteration=4430, ncalls=19421, regioncalls=311040, ndraw=40, logz=-773.29, remainder_fraction=100.0000%, Lmin=-767.44, Lmax=-20.51
09:58:30 [ultranest] [DEBUG] iteration=4432, ncalls=19433, regioncalls=311520, ndraw=40, logz=-773.26, remainder_fraction=100.0000%, Lmin=-767.43, Lmax=-20.51
09:58:30 [ultranest] [DEBUG] iteration=4434, ncalls=19460, regioncalls=312600, ndraw=40, logz=-773.23, remainder_fraction=100.0000%, Lmin=-767.37, Lmax=-20.51
09:58:31 [ultranest] [DEBUG] iteration=4437, ncalls=19498, regioncalls=314120, ndraw=40, logz=-773.19, remainder_fraction=100.0000%, Lmin=-767.32, Lmax=-20.51
09:58:31 [ultranest] [DEBUG] iteration=4442, ncalls=19534, regioncalls=315560, ndraw=40, logz=-773.12, remainder_fraction=100.0000%, Lmin=-767.19, Lmax=-20.51
09:58:31 [ultranest] [DEBUG] iteration=4444, ncalls=19549, regioncalls=316160, ndraw=40, logz=-773.09, remainder_fraction=100.0000%, Lmin=-767.15, Lmax=-20.51
09:58:31 [ultranest] [DEBUG] iteration=4446, ncalls=19570, regioncalls=317000, ndraw=40, logz=-773.06, remainder_fraction=100.0000%, Lmin=-767.10, Lmax=-20.51
09:58:32 [ultranest] [DEBUG] iteration=4447, ncalls=19627, regioncalls=319280, ndraw=40, logz=-773.05, remainder_fraction=100.0000%, Lmin=-767.10, Lmax=-20.51
09:58:32 [ultranest] [DEBUG] iteration=4450, ncalls=19662, regioncalls=320680, ndraw=40, logz=-773.01, remainder_fraction=100.0000%, Lmin=-767.09, Lmax=-20.51
09:58:33 [ultranest] [DEBUG] iteration=4451, ncalls=19686, regioncalls=321640, ndraw=40, logz=-772.99, remainder_fraction=100.0000%, Lmin=-767.07, Lmax=-20.51
09:58:33 [ultranest] [DEBUG] iteration=4453, ncalls=19698, regioncalls=322120, ndraw=40, logz=-772.96, remainder_fraction=100.0000%, Lmin=-767.06, Lmax=-20.51
09:58:33 [ultranest] [DEBUG] iteration=4454, ncalls=19714, regioncalls=322760, ndraw=40, logz=-772.95, remainder_fraction=100.0000%, Lmin=-767.00, Lmax=-20.51
09:58:33 [ultranest] [DEBUG] iteration=4457, ncalls=19732, regioncalls=323480, ndraw=40, logz=-772.91, remainder_fraction=100.0000%, Lmin=-766.96, Lmax=-20.51
09:58:33 [ultranest] [DEBUG] iteration=4458, ncalls=19742, regioncalls=323880, ndraw=40, logz=-772.89, remainder_fraction=100.0000%, Lmin=-766.95, Lmax=-20.51
09:58:33 [ultranest] [DEBUG] iteration=4459, ncalls=19752, regioncalls=324280, ndraw=40, logz=-772.88, remainder_fraction=100.0000%, Lmin=-766.95, Lmax=-20.51
09:58:33 [ultranest] [DEBUG] iteration=4460, ncalls=19766, regioncalls=324840, ndraw=40, logz=-772.86, remainder_fraction=100.0000%, Lmin=-766.95, Lmax=-20.51
09:58:34 [ultranest] [DEBUG] iteration=4461, ncalls=19782, regioncalls=325480, ndraw=40, logz=-772.85, remainder_fraction=100.0000%, Lmin=-766.95, Lmax=-20.51
09:58:34 [ultranest] [DEBUG] iteration=4462, ncalls=19830, regioncalls=327400, ndraw=40, logz=-772.83, remainder_fraction=100.0000%, Lmin=-766.94, Lmax=-20.51
09:58:35 [ultranest] [DEBUG] iteration=4464, ncalls=19868, regioncalls=328920, ndraw=40, logz=-772.81, remainder_fraction=100.0000%, Lmin=-766.92, Lmax=-20.51
09:58:35 [ultranest] [DEBUG] iteration=4466, ncalls=19886, regioncalls=329640, ndraw=40, logz=-772.78, remainder_fraction=100.0000%, Lmin=-766.88, Lmax=-20.51
09:58:35 [ultranest] [DEBUG] iteration=4468, ncalls=19905, regioncalls=330400, ndraw=40, logz=-772.75, remainder_fraction=100.0000%, Lmin=-766.87, Lmax=-20.51
09:58:35 [ultranest] [DEBUG] iteration=4472, ncalls=19921, regioncalls=331040, ndraw=40, logz=-772.70, remainder_fraction=100.0000%, Lmin=-766.82, Lmax=-20.51
09:58:35 [ultranest] [DEBUG] iteration=4473, ncalls=19936, regioncalls=331640, ndraw=40, logz=-772.68, remainder_fraction=100.0000%, Lmin=-766.80, Lmax=-20.51
09:58:35 [ultranest] [DEBUG] iteration=4475, ncalls=19950, regioncalls=332200, ndraw=40, logz=-772.66, remainder_fraction=100.0000%, Lmin=-766.79, Lmax=-20.51
09:58:36 [ultranest] [DEBUG] iteration=4476, ncalls=19963, regioncalls=332720, ndraw=40, logz=-772.64, remainder_fraction=100.0000%, Lmin=-766.79, Lmax=-20.51
09:58:36 [ultranest] [DEBUG] iteration=4479, ncalls=19973, regioncalls=333120, ndraw=40, logz=-772.60, remainder_fraction=100.0000%, Lmin=-766.72, Lmax=-20.51
09:58:36 [ultranest] [DEBUG] iteration=4480, ncalls=19979, regioncalls=333360, ndraw=40, logz=-772.59, remainder_fraction=100.0000%, Lmin=-766.72, Lmax=-20.51
09:58:36 [ultranest] [DEBUG] iteration=4482, ncalls=20000, regioncalls=334200, ndraw=40, logz=-772.56, remainder_fraction=100.0000%, Lmin=-766.68, Lmax=-20.51
09:58:36 [ultranest] [DEBUG] iteration=4483, ncalls=20029, regioncalls=335360, ndraw=40, logz=-772.55, remainder_fraction=100.0000%, Lmin=-766.67, Lmax=-20.51
09:58:37 [ultranest] [DEBUG] iteration=4485, ncalls=20057, regioncalls=336480, ndraw=40, logz=-772.52, remainder_fraction=100.0000%, Lmin=-766.65, Lmax=-20.51
09:58:37 [ultranest] [DEBUG] iteration=4487, ncalls=20075, regioncalls=337200, ndraw=40, logz=-772.49, remainder_fraction=100.0000%, Lmin=-766.62, Lmax=-20.51
09:58:37 [ultranest] [DEBUG] iteration=4488, ncalls=20088, regioncalls=337720, ndraw=40, logz=-772.48, remainder_fraction=100.0000%, Lmin=-766.61, Lmax=-20.51
09:58:37 [ultranest] [DEBUG] iteration=4489, ncalls=20126, regioncalls=339240, ndraw=40, logz=-772.47, remainder_fraction=100.0000%, Lmin=-766.61, Lmax=-20.51
09:58:37 [ultranest] [DEBUG] iteration=4491, ncalls=20141, regioncalls=339840, ndraw=40, logz=-772.44, remainder_fraction=100.0000%, Lmin=-766.56, Lmax=-20.51
09:58:38 [ultranest] [DEBUG] iteration=4493, ncalls=20165, regioncalls=340800, ndraw=40, logz=-772.41, remainder_fraction=100.0000%, Lmin=-766.51, Lmax=-20.51
09:58:38 [ultranest] [DEBUG] iteration=4495, ncalls=20187, regioncalls=341680, ndraw=40, logz=-772.39, remainder_fraction=100.0000%, Lmin=-766.49, Lmax=-20.51
09:58:38 [ultranest] [DEBUG] iteration=4496, ncalls=20200, regioncalls=342200, ndraw=40, logz=-772.37, remainder_fraction=100.0000%, Lmin=-766.47, Lmax=-20.51
09:58:38 [ultranest] [DEBUG] iteration=4497, ncalls=20230, regioncalls=343400, ndraw=40, logz=-772.36, remainder_fraction=100.0000%, Lmin=-766.47, Lmax=-20.51
09:58:38 [ultranest] [DEBUG] iteration=4498, ncalls=20245, regioncalls=344000, ndraw=40, logz=-772.35, remainder_fraction=100.0000%, Lmin=-766.46, Lmax=-20.51
09:58:39 [ultranest] [DEBUG] iteration=4500, ncalls=20264, regioncalls=344760, ndraw=40, logz=-772.32, remainder_fraction=100.0000%, Lmin=-766.42, Lmax=-20.51
09:58:39 [ultranest] [DEBUG] iteration=4501, ncalls=20275, regioncalls=345200, ndraw=40, logz=-772.31, remainder_fraction=100.0000%, Lmin=-766.41, Lmax=-20.51
09:58:39 [ultranest] [DEBUG] iteration=4504, ncalls=20298, regioncalls=346120, ndraw=40, logz=-772.26, remainder_fraction=100.0000%, Lmin=-766.34, Lmax=-20.51
09:58:39 [ultranest] [DEBUG] iteration=4505, ncalls=20311, regioncalls=346640, ndraw=40, logz=-772.25, remainder_fraction=100.0000%, Lmin=-766.32, Lmax=-20.51
09:58:39 [ultranest] [DEBUG] iteration=4507, ncalls=20327, regioncalls=347280, ndraw=40, logz=-772.22, remainder_fraction=100.0000%, Lmin=-766.30, Lmax=-20.51
09:58:39 [ultranest] [DEBUG] iteration=4508, ncalls=20338, regioncalls=347720, ndraw=40, logz=-772.21, remainder_fraction=100.0000%, Lmin=-766.30, Lmax=-20.51
09:58:40 [ultranest] [DEBUG] iteration=4509, ncalls=20356, regioncalls=348440, ndraw=40, logz=-772.20, remainder_fraction=100.0000%, Lmin=-766.29, Lmax=-20.51
09:58:40 [ultranest] [DEBUG] iteration=4511, ncalls=20414, regioncalls=350760, ndraw=40, logz=-772.17, remainder_fraction=100.0000%, Lmin=-766.26, Lmax=-20.51
09:58:40 [ultranest] [DEBUG] iteration=4512, ncalls=20439, regioncalls=351760, ndraw=40, logz=-772.15, remainder_fraction=100.0000%, Lmin=-766.25, Lmax=-20.51
09:58:41 [ultranest] [DEBUG] iteration=4513, ncalls=20456, regioncalls=352440, ndraw=40, logz=-772.14, remainder_fraction=100.0000%, Lmin=-766.25, Lmax=-20.51
09:58:41 [ultranest] [DEBUG] iteration=4515, ncalls=20494, regioncalls=353960, ndraw=40, logz=-772.11, remainder_fraction=100.0000%, Lmin=-766.21, Lmax=-20.51
09:58:41 [ultranest] [DEBUG] iteration=4516, ncalls=20505, regioncalls=354400, ndraw=40, logz=-772.10, remainder_fraction=100.0000%, Lmin=-766.17, Lmax=-20.51
09:58:41 [ultranest] [DEBUG] iteration=4518, ncalls=20521, regioncalls=355040, ndraw=40, logz=-772.07, remainder_fraction=100.0000%, Lmin=-766.15, Lmax=-20.51
09:58:42 [ultranest] [DEBUG] iteration=4520, ncalls=20552, regioncalls=356280, ndraw=40, logz=-772.05, remainder_fraction=100.0000%, Lmin=-766.14, Lmax=-20.51
09:58:42 [ultranest] [DEBUG] iteration=4521, ncalls=20585, regioncalls=357600, ndraw=40, logz=-772.03, remainder_fraction=100.0000%, Lmin=-766.12, Lmax=-20.51
09:58:42 [ultranest] [DEBUG] iteration=4522, ncalls=20614, regioncalls=358760, ndraw=40, logz=-772.02, remainder_fraction=100.0000%, Lmin=-766.10, Lmax=-20.51
09:58:42 [ultranest] [DEBUG] iteration=4524, ncalls=20636, regioncalls=359640, ndraw=40, logz=-771.99, remainder_fraction=100.0000%, Lmin=-766.06, Lmax=-20.51
09:58:42 [ultranest] [DEBUG] iteration=4527, ncalls=20645, regioncalls=360000, ndraw=40, logz=-771.95, remainder_fraction=100.0000%, Lmin=-766.01, Lmax=-20.51
09:58:43 [ultranest] [DEBUG] iteration=4529, ncalls=20655, regioncalls=360400, ndraw=40, logz=-771.92, remainder_fraction=100.0000%, Lmin=-765.98, Lmax=-20.51
09:58:43 [ultranest] [DEBUG] iteration=4531, ncalls=20682, regioncalls=361480, ndraw=40, logz=-771.89, remainder_fraction=100.0000%, Lmin=-765.94, Lmax=-20.51
09:58:43 [ultranest] [DEBUG] iteration=4532, ncalls=20696, regioncalls=362040, ndraw=40, logz=-771.88, remainder_fraction=100.0000%, Lmin=-765.94, Lmax=-20.51
09:58:43 [ultranest] [DEBUG] iteration=4534, ncalls=20712, regioncalls=362680, ndraw=40, logz=-771.85, remainder_fraction=100.0000%, Lmin=-765.86, Lmax=-20.51
09:58:43 [ultranest] [DEBUG] iteration=4536, ncalls=20724, regioncalls=363160, ndraw=40, logz=-771.82, remainder_fraction=100.0000%, Lmin=-765.83, Lmax=-20.51
09:58:43 [ultranest] [DEBUG] iteration=4538, ncalls=20737, regioncalls=363680, ndraw=40, logz=-771.79, remainder_fraction=100.0000%, Lmin=-765.82, Lmax=-20.51
09:58:44 [ultranest] [DEBUG] iteration=4539, ncalls=20750, regioncalls=364200, ndraw=40, logz=-771.78, remainder_fraction=100.0000%, Lmin=-765.82, Lmax=-20.51
09:58:44 [ultranest] [DEBUG] iteration=4540, ncalls=20774, regioncalls=365160, ndraw=40, logz=-771.77, remainder_fraction=100.0000%, Lmin=-765.81, Lmax=-20.51
09:58:44 [ultranest] [DEBUG] iteration=4542, ncalls=20784, regioncalls=365560, ndraw=40, logz=-771.74, remainder_fraction=100.0000%, Lmin=-765.77, Lmax=-20.51
09:58:44 [ultranest] [DEBUG] iteration=4543, ncalls=20838, regioncalls=367720, ndraw=40, logz=-771.72, remainder_fraction=100.0000%, Lmin=-765.77, Lmax=-20.51
09:58:45 [ultranest] [DEBUG] iteration=4545, ncalls=20860, regioncalls=368600, ndraw=40, logz=-771.70, remainder_fraction=100.0000%, Lmin=-765.74, Lmax=-20.51
09:58:45 [ultranest] [DEBUG] iteration=4547, ncalls=20877, regioncalls=369280, ndraw=40, logz=-771.67, remainder_fraction=100.0000%, Lmin=-765.73, Lmax=-20.51
09:58:45 [ultranest] [DEBUG] iteration=4549, ncalls=20915, regioncalls=370800, ndraw=40, logz=-771.64, remainder_fraction=100.0000%, Lmin=-765.70, Lmax=-20.51
09:58:46 [ultranest] [DEBUG] iteration=4550, ncalls=20957, regioncalls=372480, ndraw=40, logz=-771.63, remainder_fraction=100.0000%, Lmin=-765.69, Lmax=-20.51
09:58:46 [ultranest] [DEBUG] iteration=4553, ncalls=20974, regioncalls=373160, ndraw=40, logz=-771.59, remainder_fraction=100.0000%, Lmin=-765.66, Lmax=-20.51
09:58:46 [ultranest] [DEBUG] iteration=4555, ncalls=20994, regioncalls=373960, ndraw=40, logz=-771.56, remainder_fraction=100.0000%, Lmin=-765.63, Lmax=-20.51
09:58:46 [ultranest] [DEBUG] iteration=4557, ncalls=21007, regioncalls=374480, ndraw=40, logz=-771.53, remainder_fraction=100.0000%, Lmin=-765.61, Lmax=-20.51
09:58:46 [ultranest] [DEBUG] iteration=4559, ncalls=21031, regioncalls=375440, ndraw=40, logz=-771.50, remainder_fraction=100.0000%, Lmin=-765.54, Lmax=-20.51
09:58:47 [ultranest] [DEBUG] iteration=4560, ncalls=21045, regioncalls=376000, ndraw=40, logz=-771.49, remainder_fraction=100.0000%, Lmin=-765.54, Lmax=-20.51
09:58:47 [ultranest] [DEBUG] iteration=4561, ncalls=21056, regioncalls=376440, ndraw=40, logz=-771.48, remainder_fraction=100.0000%, Lmin=-765.53, Lmax=-20.51
09:58:47 [ultranest] [DEBUG] iteration=4562, ncalls=21085, regioncalls=377600, ndraw=40, logz=-771.46, remainder_fraction=100.0000%, Lmin=-765.52, Lmax=-20.51
09:58:47 [ultranest] [DEBUG] iteration=4564, ncalls=21101, regioncalls=378240, ndraw=40, logz=-771.44, remainder_fraction=100.0000%, Lmin=-765.51, Lmax=-20.51
09:58:47 [ultranest] [DEBUG] iteration=4567, ncalls=21130, regioncalls=379400, ndraw=40, logz=-771.40, remainder_fraction=100.0000%, Lmin=-765.45, Lmax=-20.51
09:58:47 [ultranest] [DEBUG] iteration=4569, ncalls=21140, regioncalls=379800, ndraw=40, logz=-771.37, remainder_fraction=100.0000%, Lmin=-765.41, Lmax=-20.51
09:58:48 [ultranest] [DEBUG] iteration=4571, ncalls=21154, regioncalls=380360, ndraw=40, logz=-771.34, remainder_fraction=100.0000%, Lmin=-765.39, Lmax=-20.51
09:58:48 [ultranest] [DEBUG] iteration=4572, ncalls=21165, regioncalls=380800, ndraw=40, logz=-771.33, remainder_fraction=100.0000%, Lmin=-765.37, Lmax=-20.51
09:58:48 [ultranest] [DEBUG] iteration=4574, ncalls=21180, regioncalls=381400, ndraw=40, logz=-771.30, remainder_fraction=100.0000%, Lmin=-765.36, Lmax=-20.51
09:58:48 [ultranest] [DEBUG] iteration=4576, ncalls=21193, regioncalls=381920, ndraw=40, logz=-771.27, remainder_fraction=100.0000%, Lmin=-765.34, Lmax=-20.51
09:58:48 [ultranest] [DEBUG] iteration=4578, ncalls=21203, regioncalls=382320, ndraw=40, logz=-771.25, remainder_fraction=100.0000%, Lmin=-765.34, Lmax=-20.51
09:58:48 [ultranest] [DEBUG] iteration=4580, ncalls=21215, regioncalls=382800, ndraw=40, logz=-771.22, remainder_fraction=100.0000%, Lmin=-765.30, Lmax=-20.51
09:58:48 [ultranest] [DEBUG] iteration=4581, ncalls=21226, regioncalls=383240, ndraw=40, logz=-771.21, remainder_fraction=100.0000%, Lmin=-765.30, Lmax=-20.51
09:58:49 [ultranest] [DEBUG] iteration=4584, ncalls=21240, regioncalls=383800, ndraw=40, logz=-771.17, remainder_fraction=100.0000%, Lmin=-765.26, Lmax=-20.51
09:58:49 [ultranest] [DEBUG] iteration=4585, ncalls=21284, regioncalls=385560, ndraw=40, logz=-771.16, remainder_fraction=100.0000%, Lmin=-765.25, Lmax=-20.51
09:58:49 [ultranest] [DEBUG] iteration=4587, ncalls=21299, regioncalls=386160, ndraw=40, logz=-771.13, remainder_fraction=100.0000%, Lmin=-765.25, Lmax=-20.51
09:58:49 [ultranest] [DEBUG] iteration=4588, ncalls=21321, regioncalls=387040, ndraw=40, logz=-771.12, remainder_fraction=100.0000%, Lmin=-765.25, Lmax=-20.51
09:58:50 [ultranest] [DEBUG] iteration=4590, ncalls=21341, regioncalls=387840, ndraw=40, logz=-771.09, remainder_fraction=100.0000%, Lmin=-765.21, Lmax=-20.51
09:58:50 [ultranest] [DEBUG] iteration=4591, ncalls=21354, regioncalls=388360, ndraw=40, logz=-771.08, remainder_fraction=100.0000%, Lmin=-765.20, Lmax=-20.51
09:58:50 [ultranest] [DEBUG] iteration=4593, ncalls=21364, regioncalls=388760, ndraw=40, logz=-771.05, remainder_fraction=100.0000%, Lmin=-765.18, Lmax=-20.51
09:58:50 [ultranest] [DEBUG] iteration=4594, ncalls=21376, regioncalls=389240, ndraw=40, logz=-771.04, remainder_fraction=100.0000%, Lmin=-765.16, Lmax=-20.51
09:58:50 [ultranest] [DEBUG] iteration=4595, ncalls=21388, regioncalls=389720, ndraw=40, logz=-771.03, remainder_fraction=100.0000%, Lmin=-765.16, Lmax=-20.51
09:58:50 [ultranest] [DEBUG] iteration=4597, ncalls=21398, regioncalls=390120, ndraw=40, logz=-771.00, remainder_fraction=100.0000%, Lmin=-765.11, Lmax=-20.51
09:58:50 [ultranest] [DEBUG] iteration=4598, ncalls=21422, regioncalls=391080, ndraw=40, logz=-770.99, remainder_fraction=100.0000%, Lmin=-765.11, Lmax=-20.51
09:58:51 [ultranest] [DEBUG] iteration=4600, ncalls=21446, regioncalls=392040, ndraw=40, logz=-770.97, remainder_fraction=100.0000%, Lmin=-765.07, Lmax=-20.51
09:58:51 [ultranest] [DEBUG] iteration=4601, ncalls=21456, regioncalls=392440, ndraw=40, logz=-770.95, remainder_fraction=100.0000%, Lmin=-765.04, Lmax=-20.51
09:58:51 [ultranest] [DEBUG] iteration=4602, ncalls=21471, regioncalls=393040, ndraw=40, logz=-770.94, remainder_fraction=100.0000%, Lmin=-765.03, Lmax=-20.51
09:58:51 [ultranest] [DEBUG] iteration=4603, ncalls=21497, regioncalls=394080, ndraw=40, logz=-770.93, remainder_fraction=100.0000%, Lmin=-765.01, Lmax=-20.51
09:58:51 [ultranest] [DEBUG] iteration=4604, ncalls=21514, regioncalls=394760, ndraw=40, logz=-770.91, remainder_fraction=100.0000%, Lmin=-765.00, Lmax=-20.51
09:58:51 [ultranest] [DEBUG] iteration=4606, ncalls=21524, regioncalls=395160, ndraw=40, logz=-770.89, remainder_fraction=100.0000%, Lmin=-764.98, Lmax=-20.51
09:58:52 [ultranest] [DEBUG] iteration=4607, ncalls=21536, regioncalls=395640, ndraw=40, logz=-770.88, remainder_fraction=100.0000%, Lmin=-764.97, Lmax=-20.51
09:58:52 [ultranest] [DEBUG] iteration=4608, ncalls=21560, regioncalls=396600, ndraw=40, logz=-770.86, remainder_fraction=100.0000%, Lmin=-764.96, Lmax=-20.51
09:58:52 [ultranest] [DEBUG] iteration=4610, ncalls=21570, regioncalls=397000, ndraw=40, logz=-770.84, remainder_fraction=100.0000%, Lmin=-764.95, Lmax=-20.51
09:58:52 [ultranest] [DEBUG] iteration=4612, ncalls=21581, regioncalls=397440, ndraw=40, logz=-770.81, remainder_fraction=100.0000%, Lmin=-764.93, Lmax=-20.51
09:58:52 [ultranest] [DEBUG] iteration=4614, ncalls=21604, regioncalls=398360, ndraw=40, logz=-770.79, remainder_fraction=100.0000%, Lmin=-764.92, Lmax=-20.51
09:58:52 [ultranest] [DEBUG] iteration=4616, ncalls=21625, regioncalls=399200, ndraw=40, logz=-770.76, remainder_fraction=100.0000%, Lmin=-764.88, Lmax=-20.51
09:58:53 [ultranest] [DEBUG] iteration=4617, ncalls=21646, regioncalls=400040, ndraw=40, logz=-770.75, remainder_fraction=100.0000%, Lmin=-764.88, Lmax=-20.51
09:58:53 [ultranest] [DEBUG] iteration=4618, ncalls=21660, regioncalls=400600, ndraw=40, logz=-770.74, remainder_fraction=100.0000%, Lmin=-764.87, Lmax=-20.51
09:58:54 [ultranest] [DEBUG] iteration=4619, ncalls=21685, regioncalls=401600, ndraw=40, logz=-770.73, remainder_fraction=100.0000%, Lmin=-764.87, Lmax=-20.51
09:58:54 [ultranest] [DEBUG] iteration=4621, ncalls=21724, regioncalls=403160, ndraw=40, logz=-770.70, remainder_fraction=100.0000%, Lmin=-764.80, Lmax=-20.51
09:58:54 [ultranest] [DEBUG] iteration=4622, ncalls=21759, regioncalls=404560, ndraw=40, logz=-770.69, remainder_fraction=100.0000%, Lmin=-764.80, Lmax=-20.51
09:58:54 [ultranest] [DEBUG] iteration=4626, ncalls=21771, regioncalls=405040, ndraw=40, logz=-770.64, remainder_fraction=100.0000%, Lmin=-764.78, Lmax=-20.51
09:58:54 [ultranest] [DEBUG] iteration=4627, ncalls=21781, regioncalls=405440, ndraw=40, logz=-770.63, remainder_fraction=100.0000%, Lmin=-764.77, Lmax=-20.51
09:58:55 [ultranest] [DEBUG] iteration=4628, ncalls=21799, regioncalls=406160, ndraw=40, logz=-770.62, remainder_fraction=100.0000%, Lmin=-764.74, Lmax=-20.51
09:58:55 [ultranest] [DEBUG] iteration=4630, ncalls=21816, regioncalls=406840, ndraw=40, logz=-770.59, remainder_fraction=100.0000%, Lmin=-764.72, Lmax=-20.51
09:58:55 [ultranest] [DEBUG] iteration=4631, ncalls=21866, regioncalls=408840, ndraw=40, logz=-770.58, remainder_fraction=100.0000%, Lmin=-764.71, Lmax=-20.51
09:58:56 [ultranest] [DEBUG] iteration=4632, ncalls=21886, regioncalls=409640, ndraw=40, logz=-770.57, remainder_fraction=100.0000%, Lmin=-764.71, Lmax=-20.51
09:58:56 [ultranest] [DEBUG] iteration=4634, ncalls=21897, regioncalls=410080, ndraw=40, logz=-770.54, remainder_fraction=100.0000%, Lmin=-764.64, Lmax=-20.51
09:58:56 [ultranest] [DEBUG] iteration=4635, ncalls=21912, regioncalls=410680, ndraw=40, logz=-770.53, remainder_fraction=100.0000%, Lmin=-764.61, Lmax=-20.51
09:58:56 [ultranest] [DEBUG] iteration=4637, ncalls=21932, regioncalls=411480, ndraw=40, logz=-770.50, remainder_fraction=100.0000%, Lmin=-764.58, Lmax=-20.51
09:58:56 [ultranest] [DEBUG] iteration=4638, ncalls=21958, regioncalls=412520, ndraw=40, logz=-770.49, remainder_fraction=100.0000%, Lmin=-764.58, Lmax=-20.51
09:58:56 [ultranest] [DEBUG] iteration=4639, ncalls=21981, regioncalls=413440, ndraw=40, logz=-770.48, remainder_fraction=100.0000%, Lmin=-764.56, Lmax=-20.51
09:58:57 [ultranest] [DEBUG] iteration=4640, ncalls=21982, regioncalls=413480, ndraw=40, logz=-770.47, remainder_fraction=100.0000%, Lmin=-764.47, Lmax=-20.51
09:58:57 [ultranest] [DEBUG] iteration=4642, ncalls=22008, regioncalls=414520, ndraw=40, logz=-770.44, remainder_fraction=100.0000%, Lmin=-764.46, Lmax=-20.51
09:58:57 [ultranest] [DEBUG] iteration=4643, ncalls=22026, regioncalls=415240, ndraw=40, logz=-770.42, remainder_fraction=100.0000%, Lmin=-764.45, Lmax=-20.51
09:58:57 [ultranest] [DEBUG] iteration=4646, ncalls=22047, regioncalls=416080, ndraw=40, logz=-770.38, remainder_fraction=100.0000%, Lmin=-764.40, Lmax=-20.51
09:58:58 [ultranest] [DEBUG] iteration=4649, ncalls=22100, regioncalls=418200, ndraw=40, logz=-770.34, remainder_fraction=100.0000%, Lmin=-764.38, Lmax=-20.51
09:58:58 [ultranest] [DEBUG] iteration=4651, ncalls=22130, regioncalls=419400, ndraw=40, logz=-770.32, remainder_fraction=100.0000%, Lmin=-764.36, Lmax=-20.51
09:58:58 [ultranest] [DEBUG] iteration=4652, ncalls=22140, regioncalls=419800, ndraw=40, logz=-770.30, remainder_fraction=100.0000%, Lmin=-764.35, Lmax=-20.51
09:58:59 [ultranest] [DEBUG] iteration=4654, ncalls=22152, regioncalls=420280, ndraw=40, logz=-770.28, remainder_fraction=100.0000%, Lmin=-764.33, Lmax=-20.51
09:58:59 [ultranest] [DEBUG] iteration=4656, ncalls=22163, regioncalls=420720, ndraw=40, logz=-770.25, remainder_fraction=100.0000%, Lmin=-764.31, Lmax=-20.51
09:58:59 [ultranest] [DEBUG] iteration=4659, ncalls=22175, regioncalls=421200, ndraw=40, logz=-770.21, remainder_fraction=100.0000%, Lmin=-764.27, Lmax=-20.51
09:58:59 [ultranest] [DEBUG] iteration=4660, ncalls=22188, regioncalls=421720, ndraw=40, logz=-770.20, remainder_fraction=100.0000%, Lmin=-764.26, Lmax=-20.51
09:58:59 [ultranest] [DEBUG] iteration=4663, ncalls=22199, regioncalls=422160, ndraw=40, logz=-770.16, remainder_fraction=100.0000%, Lmin=-764.23, Lmax=-20.51
09:58:59 [ultranest] [DEBUG] iteration=4664, ncalls=22226, regioncalls=423240, ndraw=40, logz=-770.15, remainder_fraction=100.0000%, Lmin=-764.23, Lmax=-20.51
09:58:59 [ultranest] [DEBUG] iteration=4665, ncalls=22240, regioncalls=423800, ndraw=40, logz=-770.14, remainder_fraction=100.0000%, Lmin=-764.22, Lmax=-20.51
09:59:00 [ultranest] [DEBUG] iteration=4666, ncalls=22257, regioncalls=424480, ndraw=40, logz=-770.12, remainder_fraction=100.0000%, Lmin=-764.21, Lmax=-20.51
09:59:00 [ultranest] [DEBUG] iteration=4667, ncalls=22306, regioncalls=426440, ndraw=40, logz=-770.11, remainder_fraction=100.0000%, Lmin=-764.20, Lmax=-20.51
09:59:00 [ultranest] [DEBUG] iteration=4669, ncalls=22317, regioncalls=426880, ndraw=40, logz=-770.09, remainder_fraction=100.0000%, Lmin=-764.18, Lmax=-20.51
09:59:00 [ultranest] [DEBUG] iteration=4670, ncalls=22347, regioncalls=428080, ndraw=40, logz=-770.08, remainder_fraction=100.0000%, Lmin=-764.13, Lmax=-20.51
09:59:01 [ultranest] [DEBUG] iteration=4672, ncalls=22386, regioncalls=429640, ndraw=40, logz=-770.05, remainder_fraction=100.0000%, Lmin=-764.10, Lmax=-20.51
09:59:01 [ultranest] [DEBUG] iteration=4674, ncalls=22396, regioncalls=430040, ndraw=40, logz=-770.02, remainder_fraction=100.0000%, Lmin=-764.08, Lmax=-20.51
09:59:01 [ultranest] [DEBUG] iteration=4676, ncalls=22407, regioncalls=430480, ndraw=40, logz=-770.00, remainder_fraction=100.0000%, Lmin=-764.08, Lmax=-20.51
09:59:02 [ultranest] [DEBUG] iteration=4677, ncalls=22474, regioncalls=433160, ndraw=40, logz=-769.99, remainder_fraction=100.0000%, Lmin=-764.04, Lmax=-20.51
09:59:02 [ultranest] [DEBUG] iteration=4678, ncalls=22491, regioncalls=433840, ndraw=40, logz=-769.97, remainder_fraction=100.0000%, Lmin=-764.03, Lmax=-20.51
09:59:02 [ultranest] [DEBUG] iteration=4679, ncalls=22523, regioncalls=435120, ndraw=40, logz=-769.96, remainder_fraction=100.0000%, Lmin=-764.03, Lmax=-20.51
09:59:03 [ultranest] [DEBUG] iteration=4680, ncalls=22552, regioncalls=436280, ndraw=40, logz=-769.95, remainder_fraction=100.0000%, Lmin=-764.03, Lmax=-20.51
09:59:03 [ultranest] [DEBUG] iteration=4682, ncalls=22602, regioncalls=438280, ndraw=40, logz=-769.92, remainder_fraction=100.0000%, Lmin=-764.02, Lmax=-20.51
09:59:03 [ultranest] [DEBUG] iteration=4683, ncalls=22620, regioncalls=439000, ndraw=40, logz=-769.91, remainder_fraction=100.0000%, Lmin=-764.02, Lmax=-20.51
09:59:03 [ultranest] [DEBUG] iteration=4684, ncalls=22636, regioncalls=439640, ndraw=40, logz=-769.90, remainder_fraction=100.0000%, Lmin=-764.01, Lmax=-20.51
09:59:04 [ultranest] [DEBUG] iteration=4685, ncalls=22661, regioncalls=440640, ndraw=40, logz=-769.89, remainder_fraction=100.0000%, Lmin=-764.01, Lmax=-20.51
09:59:04 [ultranest] [DEBUG] iteration=4686, ncalls=22702, regioncalls=442280, ndraw=40, logz=-769.88, remainder_fraction=100.0000%, Lmin=-764.01, Lmax=-20.51
09:59:04 [ultranest] [DEBUG] iteration=4687, ncalls=22725, regioncalls=443200, ndraw=40, logz=-769.86, remainder_fraction=100.0000%, Lmin=-764.00, Lmax=-20.51
09:59:04 [ultranest] [DEBUG] iteration=4689, ncalls=22735, regioncalls=443600, ndraw=40, logz=-769.84, remainder_fraction=100.0000%, Lmin=-763.99, Lmax=-20.51
09:59:05 [ultranest] [DEBUG] iteration=4690, ncalls=22752, regioncalls=444280, ndraw=40, logz=-769.83, remainder_fraction=100.0000%, Lmin=-763.99, Lmax=-20.51
09:59:05 [ultranest] [DEBUG] iteration=4693, ncalls=22762, regioncalls=444680, ndraw=40, logz=-769.79, remainder_fraction=100.0000%, Lmin=-763.97, Lmax=-20.51
09:59:05 [ultranest] [DEBUG] iteration=4694, ncalls=22789, regioncalls=445760, ndraw=40, logz=-769.78, remainder_fraction=100.0000%, Lmin=-763.96, Lmax=-20.51
09:59:05 [ultranest] [DEBUG] iteration=4696, ncalls=22812, regioncalls=446680, ndraw=40, logz=-769.76, remainder_fraction=100.0000%, Lmin=-763.94, Lmax=-20.51
09:59:05 [ultranest] [DEBUG] iteration=4698, ncalls=22836, regioncalls=447640, ndraw=40, logz=-769.74, remainder_fraction=100.0000%, Lmin=-763.91, Lmax=-20.51
09:59:06 [ultranest] [DEBUG] iteration=4700, ncalls=22860, regioncalls=448600, ndraw=40, logz=-769.72, remainder_fraction=100.0000%, Lmin=-763.90, Lmax=-20.51
09:59:06 [ultranest] [DEBUG] iteration=4702, ncalls=22870, regioncalls=449000, ndraw=40, logz=-769.69, remainder_fraction=100.0000%, Lmin=-763.90, Lmax=-20.51
09:59:06 [ultranest] [DEBUG] iteration=4704, ncalls=22881, regioncalls=449440, ndraw=40, logz=-769.67, remainder_fraction=100.0000%, Lmin=-763.87, Lmax=-20.51
09:59:06 [ultranest] [DEBUG] iteration=4706, ncalls=22921, regioncalls=451040, ndraw=40, logz=-769.65, remainder_fraction=100.0000%, Lmin=-763.85, Lmax=-20.51
09:59:07 [ultranest] [DEBUG] iteration=4707, ncalls=22946, regioncalls=452040, ndraw=40, logz=-769.64, remainder_fraction=100.0000%, Lmin=-763.82, Lmax=-20.51
09:59:07 [ultranest] [DEBUG] iteration=4708, ncalls=22956, regioncalls=452440, ndraw=40, logz=-769.63, remainder_fraction=100.0000%, Lmin=-763.82, Lmax=-20.51
09:59:07 [ultranest] [DEBUG] iteration=4709, ncalls=22967, regioncalls=452880, ndraw=40, logz=-769.62, remainder_fraction=100.0000%, Lmin=-763.76, Lmax=-20.51
09:59:07 [ultranest] [DEBUG] iteration=4710, ncalls=22988, regioncalls=453720, ndraw=40, logz=-769.61, remainder_fraction=100.0000%, Lmin=-763.76, Lmax=-20.51
09:59:07 [ultranest] [DEBUG] iteration=4711, ncalls=23011, regioncalls=454640, ndraw=40, logz=-769.60, remainder_fraction=100.0000%, Lmin=-763.71, Lmax=-20.51
09:59:07 [ultranest] [DEBUG] iteration=4714, ncalls=23036, regioncalls=455640, ndraw=40, logz=-769.56, remainder_fraction=100.0000%, Lmin=-763.70, Lmax=-20.51
09:59:08 [ultranest] [DEBUG] iteration=4715, ncalls=23052, regioncalls=456280, ndraw=40, logz=-769.55, remainder_fraction=100.0000%, Lmin=-763.69, Lmax=-20.51
09:59:08 [ultranest] [DEBUG] iteration=4716, ncalls=23071, regioncalls=457040, ndraw=40, logz=-769.54, remainder_fraction=100.0000%, Lmin=-763.68, Lmax=-20.51
09:59:08 [ultranest] [DEBUG] iteration=4720, ncalls=23088, regioncalls=457720, ndraw=40, logz=-769.49, remainder_fraction=100.0000%, Lmin=-763.56, Lmax=-20.51
09:59:08 [ultranest] [DEBUG] iteration=4721, ncalls=23101, regioncalls=458240, ndraw=40, logz=-769.48, remainder_fraction=100.0000%, Lmin=-763.56, Lmax=-20.51
09:59:08 [ultranest] [DEBUG] iteration=4723, ncalls=23121, regioncalls=459040, ndraw=40, logz=-769.45, remainder_fraction=100.0000%, Lmin=-763.54, Lmax=-20.51
09:59:08 [ultranest] [DEBUG] iteration=4724, ncalls=23134, regioncalls=459560, ndraw=40, logz=-769.44, remainder_fraction=100.0000%, Lmin=-763.51, Lmax=-20.51
09:59:09 [ultranest] [DEBUG] iteration=4725, ncalls=23169, regioncalls=460960, ndraw=40, logz=-769.43, remainder_fraction=100.0000%, Lmin=-763.50, Lmax=-20.51
09:59:09 [ultranest] [DEBUG] iteration=4729, ncalls=23179, regioncalls=461360, ndraw=40, logz=-769.38, remainder_fraction=100.0000%, Lmin=-763.47, Lmax=-20.51
09:59:09 [ultranest] [DEBUG] iteration=4731, ncalls=23195, regioncalls=462000, ndraw=40, logz=-769.36, remainder_fraction=100.0000%, Lmin=-763.45, Lmax=-20.51
09:59:09 [ultranest] [DEBUG] iteration=4733, ncalls=23222, regioncalls=463080, ndraw=40, logz=-769.33, remainder_fraction=100.0000%, Lmin=-763.44, Lmax=-20.51
09:59:10 [ultranest] [DEBUG] iteration=4735, ncalls=23290, regioncalls=465800, ndraw=40, logz=-769.31, remainder_fraction=100.0000%, Lmin=-763.39, Lmax=-20.51
09:59:10 [ultranest] [DEBUG] iteration=4736, ncalls=23301, regioncalls=466240, ndraw=40, logz=-769.30, remainder_fraction=100.0000%, Lmin=-763.38, Lmax=-20.51
09:59:10 [ultranest] [DEBUG] iteration=4738, ncalls=23322, regioncalls=467080, ndraw=40, logz=-769.27, remainder_fraction=100.0000%, Lmin=-763.37, Lmax=-20.51
09:59:11 [ultranest] [DEBUG] iteration=4740, ncalls=23346, regioncalls=468040, ndraw=40, logz=-769.25, remainder_fraction=100.0000%, Lmin=-763.37, Lmax=-20.51
09:59:11 [ultranest] [DEBUG] iteration=4742, ncalls=23358, regioncalls=468520, ndraw=40, logz=-769.23, remainder_fraction=100.0000%, Lmin=-763.35, Lmax=-20.51
09:59:11 [ultranest] [DEBUG] iteration=4743, ncalls=23378, regioncalls=469320, ndraw=40, logz=-769.22, remainder_fraction=100.0000%, Lmin=-763.34, Lmax=-20.51
09:59:11 [ultranest] [DEBUG] iteration=4744, ncalls=23403, regioncalls=470320, ndraw=40, logz=-769.21, remainder_fraction=100.0000%, Lmin=-763.34, Lmax=-20.51
09:59:11 [ultranest] [DEBUG] iteration=4747, ncalls=23416, regioncalls=470840, ndraw=40, logz=-769.17, remainder_fraction=100.0000%, Lmin=-763.31, Lmax=-20.51
09:59:12 [ultranest] [DEBUG] iteration=4748, ncalls=23442, regioncalls=471880, ndraw=40, logz=-769.16, remainder_fraction=100.0000%, Lmin=-763.30, Lmax=-20.51
09:59:12 [ultranest] [DEBUG] iteration=4749, ncalls=23477, regioncalls=473280, ndraw=40, logz=-769.15, remainder_fraction=100.0000%, Lmin=-763.27, Lmax=-20.51
09:59:12 [ultranest] [DEBUG] iteration=4751, ncalls=23490, regioncalls=473800, ndraw=40, logz=-769.13, remainder_fraction=100.0000%, Lmin=-763.24, Lmax=-20.51
09:59:12 [ultranest] [DEBUG] iteration=4752, ncalls=23505, regioncalls=474400, ndraw=40, logz=-769.11, remainder_fraction=100.0000%, Lmin=-763.24, Lmax=-20.51
09:59:12 [ultranest] [DEBUG] iteration=4754, ncalls=23518, regioncalls=474920, ndraw=40, logz=-769.09, remainder_fraction=100.0000%, Lmin=-763.22, Lmax=-20.51
09:59:13 [ultranest] [DEBUG] iteration=4756, ncalls=23540, regioncalls=475800, ndraw=40, logz=-769.07, remainder_fraction=100.0000%, Lmin=-763.21, Lmax=-20.51
09:59:13 [ultranest] [DEBUG] iteration=4757, ncalls=23560, regioncalls=476600, ndraw=40, logz=-769.06, remainder_fraction=100.0000%, Lmin=-763.21, Lmax=-20.51
09:59:13 [ultranest] [DEBUG] iteration=4758, ncalls=23576, regioncalls=477240, ndraw=40, logz=-769.05, remainder_fraction=100.0000%, Lmin=-763.19, Lmax=-20.51
09:59:13 [ultranest] [DEBUG] iteration=4759, ncalls=23594, regioncalls=477960, ndraw=40, logz=-769.04, remainder_fraction=100.0000%, Lmin=-763.16, Lmax=-20.51
09:59:13 [ultranest] [DEBUG] iteration=4761, ncalls=23605, regioncalls=478400, ndraw=40, logz=-769.01, remainder_fraction=100.0000%, Lmin=-763.15, Lmax=-20.51
09:59:13 [ultranest] [DEBUG] iteration=4762, ncalls=23615, regioncalls=478800, ndraw=40, logz=-769.00, remainder_fraction=100.0000%, Lmin=-763.13, Lmax=-20.51
09:59:14 [ultranest] [DEBUG] iteration=4764, ncalls=23678, regioncalls=481320, ndraw=40, logz=-768.98, remainder_fraction=100.0000%, Lmin=-763.09, Lmax=-20.51
09:59:14 [ultranest] [DEBUG] iteration=4765, ncalls=23689, regioncalls=481760, ndraw=40, logz=-768.97, remainder_fraction=100.0000%, Lmin=-763.04, Lmax=-20.51
