22:30:43 [ultranest] [DEBUG] ReactiveNestedSampler: dims=8+0, resume=True, log_dir=/home/ljy/BettiCurveCosmo/Emulator/model-fof-rsdz/mcmc_result/nwLH-Recovery/48/combined, backend=hdf5, vectorized=False, nbootstraps=30, ndraw=128..65536
22:30:46 [ultranest] [INFO] Sampling 1600 live points from prior ...
22:32:01 [ultranest] [DEBUG] run_iter dlogz=0.5, dKL=0.5, frac_remain=0.10, Lepsilon=0.0010, min_ess=400
22:32:01 [ultranest] [DEBUG] max_iters=-1, max_ncalls=-1, max_num_improvement_loops=-1, min_num_live_points=1600, cluster_num_live_points=40
22:32:01 [ultranest] [DEBUG] minimal_widths_sequence: [(-inf, 1600.0), (inf, 1600.0)]
22:32:04 [ultranest] [DEBUG] iteration=0, ncalls=1601, regioncalls=40, ndraw=40, logz=-inf, remainder_fraction=100.0000%, Lmin=-42690.24, Lmax=-109.05
22:32:04 [ultranest] [DEBUG] iteration=3, ncalls=1604, regioncalls=160, ndraw=40, logz=-32825.16, remainder_fraction=100.0000%, Lmin=-28936.34, Lmax=-109.05
22:32:04 [ultranest] [DEBUG] iteration=5, ncalls=1606, regioncalls=240, ndraw=40, logz=-23097.64, remainder_fraction=100.0000%, Lmin=-22868.11, Lmax=-109.05
22:32:04 [ultranest] [DEBUG] iteration=7, ncalls=1608, regioncalls=320, ndraw=40, logz=-22241.04, remainder_fraction=100.0000%, Lmin=-20310.19, Lmax=-109.05
22:32:04 [ultranest] [DEBUG] iteration=10, ncalls=1611, regioncalls=440, ndraw=40, logz=-19569.97, remainder_fraction=100.0000%, Lmin=-19512.73, Lmax=-109.05
22:32:04 [ultranest] [DEBUG] iteration=12, ncalls=1613, regioncalls=520, ndraw=40, logz=-18766.22, remainder_fraction=100.0000%, Lmin=-18707.25, Lmax=-109.05
22:32:04 [ultranest] [DEBUG] iteration=16, ncalls=1617, regioncalls=680, ndraw=40, logz=-16288.75, remainder_fraction=100.0000%, Lmin=-15952.90, Lmax=-109.05
22:32:05 [ultranest] [DEBUG] iteration=18, ncalls=1619, regioncalls=760, ndraw=40, logz=-15689.89, remainder_fraction=100.0000%, Lmin=-15476.45, Lmax=-109.05
22:32:05 [ultranest] [DEBUG] iteration=19, ncalls=1620, regioncalls=800, ndraw=40, logz=-15483.84, remainder_fraction=100.0000%, Lmin=-15407.20, Lmax=-109.05
22:32:05 [ultranest] [DEBUG] iteration=20, ncalls=1621, regioncalls=840, ndraw=40, logz=-15414.59, remainder_fraction=100.0000%, Lmin=-15371.54, Lmax=-109.05
22:32:05 [ultranest] [DEBUG] iteration=21, ncalls=1622, regioncalls=880, ndraw=40, logz=-15378.94, remainder_fraction=100.0000%, Lmin=-14003.78, Lmax=-109.05
22:32:05 [ultranest] [DEBUG] iteration=23, ncalls=1624, regioncalls=960, ndraw=40, logz=-13964.94, remainder_fraction=100.0000%, Lmin=-13493.99, Lmax=-109.05
22:32:05 [ultranest] [DEBUG] iteration=26, ncalls=1627, regioncalls=1080, ndraw=40, logz=-12971.66, remainder_fraction=100.0000%, Lmin=-12666.33, Lmax=-109.05
22:32:05 [ultranest] [DEBUG] iteration=28, ncalls=1629, regioncalls=1160, ndraw=40, logz=-12358.00, remainder_fraction=100.0000%, Lmin=-12322.84, Lmax=-109.05
22:32:05 [ultranest] [DEBUG] iteration=31, ncalls=1632, regioncalls=1280, ndraw=40, logz=-11617.30, remainder_fraction=100.0000%, Lmin=-11580.75, Lmax=-109.05
22:32:06 [ultranest] [DEBUG] iteration=34, ncalls=1635, regioncalls=1400, ndraw=40, logz=-10016.64, remainder_fraction=100.0000%, Lmin=-9941.75, Lmax=-109.05
22:32:06 [ultranest] [DEBUG] iteration=36, ncalls=1637, regioncalls=1480, ndraw=40, logz=-9775.92, remainder_fraction=100.0000%, Lmin=-9765.74, Lmax=-109.05
22:32:06 [ultranest] [DEBUG] iteration=39, ncalls=1640, regioncalls=1600, ndraw=40, logz=-9372.56, remainder_fraction=100.0000%, Lmin=-9305.49, Lmax=-109.05
22:32:06 [ultranest] [DEBUG] iteration=42, ncalls=1643, regioncalls=1720, ndraw=40, logz=-8742.00, remainder_fraction=100.0000%, Lmin=-8681.84, Lmax=-109.05
22:32:06 [ultranest] [DEBUG] iteration=44, ncalls=1645, regioncalls=1800, ndraw=40, logz=-8247.00, remainder_fraction=100.0000%, Lmin=-7974.98, Lmax=-109.05
22:32:06 [ultranest] [DEBUG] iteration=46, ncalls=1647, regioncalls=1880, ndraw=40, logz=-7896.98, remainder_fraction=100.0000%, Lmin=-7659.89, Lmax=-109.05
22:32:06 [ultranest] [DEBUG] iteration=48, ncalls=1649, regioncalls=1960, ndraw=40, logz=-7549.96, remainder_fraction=100.0000%, Lmin=-7442.98, Lmax=-109.05
22:32:07 [ultranest] [DEBUG] iteration=49, ncalls=1651, regioncalls=2040, ndraw=40, logz=-7450.39, remainder_fraction=100.0000%, Lmin=-6993.93, Lmax=-109.05
22:32:07 [ultranest] [DEBUG] iteration=51, ncalls=1653, regioncalls=2120, ndraw=40, logz=-6247.65, remainder_fraction=100.0000%, Lmin=-6205.80, Lmax=-109.05
22:32:07 [ultranest] [DEBUG] iteration=53, ncalls=1655, regioncalls=2200, ndraw=40, logz=-5986.54, remainder_fraction=100.0000%, Lmin=-5902.85, Lmax=-109.05
22:32:07 [ultranest] [DEBUG] iteration=55, ncalls=1657, regioncalls=2280, ndraw=40, logz=-5862.60, remainder_fraction=100.0000%, Lmin=-5823.74, Lmax=-109.05
22:32:07 [ultranest] [DEBUG] iteration=57, ncalls=1659, regioncalls=2360, ndraw=40, logz=-5797.62, remainder_fraction=100.0000%, Lmin=-5690.75, Lmax=-109.05
22:32:07 [ultranest] [DEBUG] iteration=59, ncalls=1661, regioncalls=2440, ndraw=40, logz=-5545.01, remainder_fraction=100.0000%, Lmin=-5517.32, Lmax=-109.05
22:32:08 [ultranest] [DEBUG] iteration=61, ncalls=1663, regioncalls=2520, ndraw=40, logz=-5487.90, remainder_fraction=100.0000%, Lmin=-5453.62, Lmax=-109.05
22:32:08 [ultranest] [DEBUG] iteration=64, ncalls=1666, regioncalls=2640, ndraw=40, logz=-5359.74, remainder_fraction=100.0000%, Lmin=-5351.45, Lmax=-109.05
22:32:08 [ultranest] [DEBUG] iteration=66, ncalls=1668, regioncalls=2720, ndraw=40, logz=-5332.73, remainder_fraction=100.0000%, Lmin=-5176.12, Lmax=-109.05
22:32:08 [ultranest] [DEBUG] iteration=68, ncalls=1670, regioncalls=2800, ndraw=40, logz=-5120.15, remainder_fraction=100.0000%, Lmin=-4988.03, Lmax=-109.05
22:32:08 [ultranest] [DEBUG] iteration=70, ncalls=1672, regioncalls=2880, ndraw=40, logz=-4988.60, remainder_fraction=100.0000%, Lmin=-4921.10, Lmax=-109.05
22:32:08 [ultranest] [DEBUG] iteration=72, ncalls=1674, regioncalls=2960, ndraw=40, logz=-4859.36, remainder_fraction=100.0000%, Lmin=-4849.34, Lmax=-109.05
22:32:08 [ultranest] [DEBUG] iteration=74, ncalls=1677, regioncalls=3080, ndraw=40, logz=-4854.28, remainder_fraction=100.0000%, Lmin=-4814.36, Lmax=-109.05
22:32:09 [ultranest] [DEBUG] iteration=76, ncalls=1679, regioncalls=3160, ndraw=40, logz=-4784.71, remainder_fraction=100.0000%, Lmin=-4707.39, Lmax=-109.05
22:32:09 [ultranest] [DEBUG] iteration=79, ncalls=1682, regioncalls=3280, ndraw=40, logz=-4587.52, remainder_fraction=100.0000%, Lmin=-4570.27, Lmax=-109.05
22:32:09 [ultranest] [DEBUG] iteration=80, ncalls=1683, regioncalls=3320, ndraw=40, logz=-4577.69, remainder_fraction=100.0000%, Lmin=-4444.09, Lmax=-109.05
22:32:09 [ultranest] [DEBUG] iteration=81, ncalls=1684, regioncalls=3360, ndraw=40, logz=-4451.52, remainder_fraction=100.0000%, Lmin=-4365.87, Lmax=-109.05
22:32:09 [ultranest] [DEBUG] iteration=82, ncalls=1685, regioncalls=3400, ndraw=40, logz=-4373.30, remainder_fraction=100.0000%, Lmin=-4264.74, Lmax=-109.05
22:32:09 [ultranest] [DEBUG] iteration=83, ncalls=1686, regioncalls=3440, ndraw=40, logz=-4272.17, remainder_fraction=100.0000%, Lmin=-4255.98, Lmax=-109.05
22:32:09 [ultranest] [DEBUG] iteration=85, ncalls=1688, regioncalls=3520, ndraw=40, logz=-4181.55, remainder_fraction=100.0000%, Lmin=-4154.09, Lmax=-109.05
22:32:10 [ultranest] [DEBUG] iteration=87, ncalls=1690, regioncalls=3600, ndraw=40, logz=-4076.12, remainder_fraction=100.0000%, Lmin=-4042.76, Lmax=-109.05
22:32:10 [ultranest] [DEBUG] iteration=89, ncalls=1692, regioncalls=3680, ndraw=40, logz=-4010.15, remainder_fraction=100.0000%, Lmin=-3897.46, Lmax=-109.05
22:32:10 [ultranest] [DEBUG] iteration=91, ncalls=1694, regioncalls=3760, ndraw=40, logz=-3893.87, remainder_fraction=100.0000%, Lmin=-3851.57, Lmax=-109.05
22:32:10 [ultranest] [DEBUG] iteration=94, ncalls=1697, regioncalls=3880, ndraw=40, logz=-3801.79, remainder_fraction=100.0000%, Lmin=-3777.11, Lmax=-109.05
22:32:10 [ultranest] [DEBUG] iteration=97, ncalls=1700, regioncalls=4000, ndraw=40, logz=-3745.16, remainder_fraction=100.0000%, Lmin=-3726.08, Lmax=-109.05
22:32:10 [ultranest] [DEBUG] iteration=99, ncalls=1702, regioncalls=4080, ndraw=40, logz=-3714.94, remainder_fraction=100.0000%, Lmin=-3699.11, Lmax=-109.05
22:32:10 [ultranest] [DEBUG] iteration=102, ncalls=1705, regioncalls=4200, ndraw=40, logz=-3661.94, remainder_fraction=100.0000%, Lmin=-3614.32, Lmax=-109.05
22:32:10 [ultranest] [DEBUG] iteration=105, ncalls=1709, regioncalls=4360, ndraw=40, logz=-3485.35, remainder_fraction=100.0000%, Lmin=-3444.53, Lmax=-109.05
22:32:11 [ultranest] [DEBUG] iteration=107, ncalls=1711, regioncalls=4440, ndraw=40, logz=-3442.79, remainder_fraction=100.0000%, Lmin=-3391.55, Lmax=-109.05
22:32:11 [ultranest] [DEBUG] iteration=111, ncalls=1715, regioncalls=4600, ndraw=40, logz=-3375.16, remainder_fraction=100.0000%, Lmin=-3359.71, Lmax=-109.05
22:32:11 [ultranest] [DEBUG] iteration=113, ncalls=1717, regioncalls=4680, ndraw=40, logz=-3353.87, remainder_fraction=100.0000%, Lmin=-3322.59, Lmax=-109.05
22:32:11 [ultranest] [DEBUG] iteration=115, ncalls=1719, regioncalls=4760, ndraw=40, logz=-3296.77, remainder_fraction=100.0000%, Lmin=-3259.84, Lmax=-109.05
22:32:11 [ultranest] [DEBUG] iteration=117, ncalls=1721, regioncalls=4840, ndraw=40, logz=-3251.41, remainder_fraction=100.0000%, Lmin=-3179.67, Lmax=-109.05
22:32:11 [ultranest] [DEBUG] iteration=120, ncalls=1724, regioncalls=4960, ndraw=40, logz=-3153.67, remainder_fraction=100.0000%, Lmin=-3144.48, Lmax=-109.05
22:32:11 [ultranest] [DEBUG] iteration=122, ncalls=1726, regioncalls=5040, ndraw=40, logz=-3138.77, remainder_fraction=100.0000%, Lmin=-3118.27, Lmax=-109.05
22:32:12 [ultranest] [DEBUG] iteration=125, ncalls=1729, regioncalls=5160, ndraw=40, logz=-3000.48, remainder_fraction=100.0000%, Lmin=-2984.72, Lmax=-109.05
22:32:12 [ultranest] [DEBUG] iteration=127, ncalls=1732, regioncalls=5280, ndraw=40, logz=-2983.21, remainder_fraction=100.0000%, Lmin=-2965.43, Lmax=-109.05
22:32:12 [ultranest] [DEBUG] iteration=129, ncalls=1734, regioncalls=5360, ndraw=40, logz=-2963.98, remainder_fraction=100.0000%, Lmin=-2951.41, Lmax=-109.05
22:32:12 [ultranest] [DEBUG] iteration=132, ncalls=1737, regioncalls=5480, ndraw=40, logz=-2927.47, remainder_fraction=100.0000%, Lmin=-2913.51, Lmax=-109.05
22:32:12 [ultranest] [DEBUG] iteration=134, ncalls=1739, regioncalls=5560, ndraw=40, logz=-2912.80, remainder_fraction=100.0000%, Lmin=-2894.74, Lmax=-109.05
22:32:12 [ultranest] [DEBUG] iteration=136, ncalls=1741, regioncalls=5640, ndraw=40, logz=-2887.39, remainder_fraction=100.0000%, Lmin=-2842.80, Lmax=-109.05
22:32:12 [ultranest] [DEBUG] iteration=138, ncalls=1743, regioncalls=5720, ndraw=40, logz=-2844.45, remainder_fraction=100.0000%, Lmin=-2823.15, Lmax=-109.05
22:32:12 [ultranest] [DEBUG] iteration=140, ncalls=1746, regioncalls=5840, ndraw=40, logz=-2814.20, remainder_fraction=100.0000%, Lmin=-2798.32, Lmax=-109.05
22:32:13 [ultranest] [DEBUG] iteration=143, ncalls=1749, regioncalls=5960, ndraw=40, logz=-2791.88, remainder_fraction=100.0000%, Lmin=-2761.62, Lmax=-109.05
22:32:13 [ultranest] [DEBUG] iteration=146, ncalls=1752, regioncalls=6080, ndraw=40, logz=-2728.15, remainder_fraction=100.0000%, Lmin=-2696.30, Lmax=-109.05
22:32:13 [ultranest] [DEBUG] iteration=148, ncalls=1754, regioncalls=6160, ndraw=40, logz=-2664.87, remainder_fraction=100.0000%, Lmin=-2628.38, Lmax=-109.05
22:32:13 [ultranest] [DEBUG] iteration=150, ncalls=1756, regioncalls=6240, ndraw=40, logz=-2634.22, remainder_fraction=100.0000%, Lmin=-2615.69, Lmax=-109.05
22:32:13 [ultranest] [DEBUG] iteration=152, ncalls=1758, regioncalls=6320, ndraw=40, logz=-2594.88, remainder_fraction=100.0000%, Lmin=-2578.18, Lmax=-109.05
22:32:13 [ultranest] [DEBUG] iteration=154, ncalls=1761, regioncalls=6440, ndraw=40, logz=-2582.99, remainder_fraction=100.0000%, Lmin=-2564.16, Lmax=-109.05
22:32:13 [ultranest] [DEBUG] iteration=156, ncalls=1763, regioncalls=6520, ndraw=40, logz=-2567.88, remainder_fraction=100.0000%, Lmin=-2560.20, Lmax=-109.05
22:32:14 [ultranest] [DEBUG] iteration=158, ncalls=1765, regioncalls=6600, ndraw=40, logz=-2556.47, remainder_fraction=100.0000%, Lmin=-2524.98, Lmax=-109.05
22:32:14 [ultranest] [DEBUG] iteration=160, ncalls=1767, regioncalls=6680, ndraw=40, logz=-2516.52, remainder_fraction=100.0000%, Lmin=-2508.89, Lmax=-109.05
22:32:14 [ultranest] [DEBUG] iteration=161, ncalls=1768, regioncalls=6720, ndraw=40, logz=-2515.75, remainder_fraction=100.0000%, Lmin=-2457.48, Lmax=-109.05
22:32:14 [ultranest] [DEBUG] iteration=163, ncalls=1770, regioncalls=6800, ndraw=40, logz=-2456.26, remainder_fraction=100.0000%, Lmin=-2447.49, Lmax=-109.05
22:32:14 [ultranest] [DEBUG] iteration=164, ncalls=1771, regioncalls=6840, ndraw=40, logz=-2454.72, remainder_fraction=100.0000%, Lmin=-2441.46, Lmax=-109.05
22:32:14 [ultranest] [DEBUG] iteration=166, ncalls=1774, regioncalls=6960, ndraw=40, logz=-2440.90, remainder_fraction=100.0000%, Lmin=-2414.49, Lmax=-109.05
22:32:14 [ultranest] [DEBUG] iteration=168, ncalls=1776, regioncalls=7040, ndraw=40, logz=-2419.24, remainder_fraction=100.0000%, Lmin=-2409.25, Lmax=-109.05
22:32:15 [ultranest] [DEBUG] iteration=170, ncalls=1778, regioncalls=7120, ndraw=40, logz=-2415.52, remainder_fraction=100.0000%, Lmin=-2396.39, Lmax=-109.05
22:32:15 [ultranest] [DEBUG] iteration=173, ncalls=1782, regioncalls=7280, ndraw=40, logz=-2383.13, remainder_fraction=100.0000%, Lmin=-2367.84, Lmax=-109.05
22:32:15 [ultranest] [DEBUG] iteration=176, ncalls=1785, regioncalls=7400, ndraw=40, logz=-2366.92, remainder_fraction=100.0000%, Lmin=-2346.36, Lmax=-109.05
22:32:15 [ultranest] [DEBUG] iteration=178, ncalls=1787, regioncalls=7480, ndraw=40, logz=-2349.08, remainder_fraction=100.0000%, Lmin=-2334.50, Lmax=-109.05
22:32:15 [ultranest] [DEBUG] iteration=180, ncalls=1790, regioncalls=7600, ndraw=40, logz=-2338.84, remainder_fraction=100.0000%, Lmin=-2328.78, Lmax=-109.05
22:32:15 [ultranest] [DEBUG] iteration=183, ncalls=1794, regioncalls=7760, ndraw=40, logz=-2322.38, remainder_fraction=100.0000%, Lmin=-2304.94, Lmax=-109.05
22:32:15 [ultranest] [DEBUG] iteration=184, ncalls=1795, regioncalls=7800, ndraw=40, logz=-2312.43, remainder_fraction=100.0000%, Lmin=-2301.17, Lmax=-109.05
22:32:16 [ultranest] [DEBUG] iteration=185, ncalls=1796, regioncalls=7840, ndraw=40, logz=-2308.64, remainder_fraction=100.0000%, Lmin=-2290.51, Lmax=-109.05
22:32:16 [ultranest] [DEBUG] iteration=188, ncalls=1799, regioncalls=7960, ndraw=40, logz=-2285.66, remainder_fraction=100.0000%, Lmin=-2277.65, Lmax=-109.05
22:32:16 [ultranest] [DEBUG] iteration=192, ncalls=1803, regioncalls=8120, ndraw=40, logz=-2237.08, remainder_fraction=100.0000%, Lmin=-2221.80, Lmax=-109.05
22:32:16 [ultranest] [DEBUG] iteration=197, ncalls=1808, regioncalls=8320, ndraw=40, logz=-2200.37, remainder_fraction=100.0000%, Lmin=-2181.49, Lmax=-109.05
22:32:16 [ultranest] [DEBUG] iteration=199, ncalls=1811, regioncalls=8440, ndraw=40, logz=-2187.19, remainder_fraction=100.0000%, Lmin=-2178.73, Lmax=-109.05
22:32:17 [ultranest] [DEBUG] iteration=202, ncalls=1814, regioncalls=8560, ndraw=40, logz=-2175.72, remainder_fraction=100.0000%, Lmin=-2155.34, Lmax=-109.05
22:32:17 [ultranest] [DEBUG] iteration=205, ncalls=1817, regioncalls=8680, ndraw=40, logz=-2145.08, remainder_fraction=100.0000%, Lmin=-2117.69, Lmax=-109.05
22:32:17 [ultranest] [DEBUG] iteration=206, ncalls=1818, regioncalls=8720, ndraw=40, logz=-2125.19, remainder_fraction=100.0000%, Lmin=-2116.77, Lmax=-109.05
22:32:17 [ultranest] [DEBUG] iteration=208, ncalls=1820, regioncalls=8800, ndraw=40, logz=-2104.77, remainder_fraction=100.0000%, Lmin=-2094.36, Lmax=-109.05
22:32:17 [ultranest] [DEBUG] iteration=210, ncalls=1823, regioncalls=8920, ndraw=40, logz=-2084.54, remainder_fraction=100.0000%, Lmin=-2073.75, Lmax=-109.05
22:32:17 [ultranest] [DEBUG] iteration=214, ncalls=1828, regioncalls=9120, ndraw=40, logz=-2058.75, remainder_fraction=100.0000%, Lmin=-2042.32, Lmax=-109.05
22:32:17 [ultranest] [DEBUG] iteration=216, ncalls=1830, regioncalls=9200, ndraw=40, logz=-2048.90, remainder_fraction=100.0000%, Lmin=-2035.22, Lmax=-109.05
22:32:17 [ultranest] [DEBUG] iteration=219, ncalls=1833, regioncalls=9320, ndraw=40, logz=-2027.19, remainder_fraction=100.0000%, Lmin=-2017.88, Lmax=-109.05
22:32:18 [ultranest] [DEBUG] iteration=222, ncalls=1837, regioncalls=9480, ndraw=40, logz=-2019.55, remainder_fraction=100.0000%, Lmin=-2008.64, Lmax=-109.05
22:32:18 [ultranest] [DEBUG] iteration=224, ncalls=1840, regioncalls=9600, ndraw=40, logz=-2009.21, remainder_fraction=100.0000%, Lmin=-1996.27, Lmax=-109.05
22:32:18 [ultranest] [DEBUG] iteration=225, ncalls=1841, regioncalls=9640, ndraw=40, logz=-2003.78, remainder_fraction=100.0000%, Lmin=-1987.91, Lmax=-109.05
22:32:18 [ultranest] [DEBUG] iteration=227, ncalls=1843, regioncalls=9720, ndraw=40, logz=-1992.44, remainder_fraction=100.0000%, Lmin=-1973.82, Lmax=-109.05
22:32:18 [ultranest] [DEBUG] iteration=229, ncalls=1845, regioncalls=9800, ndraw=40, logz=-1980.52, remainder_fraction=100.0000%, Lmin=-1971.70, Lmax=-109.05
22:32:18 [ultranest] [DEBUG] iteration=230, ncalls=1846, regioncalls=9840, ndraw=40, logz=-1978.98, remainder_fraction=100.0000%, Lmin=-1971.19, Lmax=-109.05
22:32:18 [ultranest] [DEBUG] iteration=232, ncalls=1849, regioncalls=9960, ndraw=40, logz=-1976.10, remainder_fraction=100.0000%, Lmin=-1965.75, Lmax=-109.05
22:32:19 [ultranest] [DEBUG] iteration=235, ncalls=1852, regioncalls=10080, ndraw=40, logz=-1965.87, remainder_fraction=100.0000%, Lmin=-1954.65, Lmax=-109.05
22:32:19 [ultranest] [DEBUG] iteration=237, ncalls=1854, regioncalls=10160, ndraw=40, logz=-1960.79, remainder_fraction=100.0000%, Lmin=-1950.52, Lmax=-109.05
22:32:19 [ultranest] [DEBUG] iteration=240, ncalls=1857, regioncalls=10280, ndraw=40, logz=-1941.51, remainder_fraction=100.0000%, Lmin=-1926.24, Lmax=-109.05
22:32:19 [ultranest] [DEBUG] iteration=242, ncalls=1859, regioncalls=10360, ndraw=40, logz=-1931.49, remainder_fraction=100.0000%, Lmin=-1922.98, Lmax=-109.05
22:32:19 [ultranest] [DEBUG] iteration=244, ncalls=1863, regioncalls=10520, ndraw=40, logz=-1929.11, remainder_fraction=100.0000%, Lmin=-1921.35, Lmax=-109.05
22:32:19 [ultranest] [DEBUG] iteration=246, ncalls=1865, regioncalls=10600, ndraw=40, logz=-1926.10, remainder_fraction=100.0000%, Lmin=-1916.89, Lmax=-109.05
22:32:20 [ultranest] [DEBUG] iteration=248, ncalls=1868, regioncalls=10720, ndraw=40, logz=-1922.36, remainder_fraction=100.0000%, Lmin=-1914.89, Lmax=-109.05
22:32:20 [ultranest] [DEBUG] iteration=250, ncalls=1870, regioncalls=10800, ndraw=40, logz=-1918.42, remainder_fraction=100.0000%, Lmin=-1909.14, Lmax=-109.05
22:32:20 [ultranest] [DEBUG] iteration=252, ncalls=1873, regioncalls=10920, ndraw=40, logz=-1911.48, remainder_fraction=100.0000%, Lmin=-1903.16, Lmax=-109.05
22:32:20 [ultranest] [DEBUG] iteration=253, ncalls=1874, regioncalls=10960, ndraw=40, logz=-1910.32, remainder_fraction=100.0000%, Lmin=-1900.16, Lmax=-109.05
22:32:20 [ultranest] [DEBUG] iteration=255, ncalls=1877, regioncalls=11080, ndraw=40, logz=-1903.66, remainder_fraction=100.0000%, Lmin=-1888.12, Lmax=-109.05
22:32:20 [ultranest] [DEBUG] iteration=257, ncalls=1879, regioncalls=11160, ndraw=40, logz=-1894.29, remainder_fraction=100.0000%, Lmin=-1880.87, Lmax=-109.05
22:32:21 [ultranest] [DEBUG] iteration=259, ncalls=1882, regioncalls=11280, ndraw=40, logz=-1887.62, remainder_fraction=100.0000%, Lmin=-1879.56, Lmax=-109.05
22:32:21 [ultranest] [DEBUG] iteration=261, ncalls=1884, regioncalls=11360, ndraw=40, logz=-1877.12, remainder_fraction=100.0000%, Lmin=-1863.52, Lmax=-109.05
22:32:21 [ultranest] [DEBUG] iteration=264, ncalls=1887, regioncalls=11480, ndraw=40, logz=-1867.65, remainder_fraction=100.0000%, Lmin=-1858.96, Lmax=-109.05
22:32:21 [ultranest] [DEBUG] iteration=266, ncalls=1891, regioncalls=11640, ndraw=40, logz=-1860.63, remainder_fraction=100.0000%, Lmin=-1852.09, Lmax=-109.05
22:32:21 [ultranest] [DEBUG] iteration=269, ncalls=1894, regioncalls=11760, ndraw=40, logz=-1847.07, remainder_fraction=100.0000%, Lmin=-1838.70, Lmax=-109.05
22:32:21 [ultranest] [DEBUG] iteration=272, ncalls=1897, regioncalls=11880, ndraw=40, logz=-1844.34, remainder_fraction=100.0000%, Lmin=-1835.80, Lmax=-109.05
22:32:21 [ultranest] [DEBUG] iteration=274, ncalls=1899, regioncalls=11960, ndraw=40, logz=-1839.85, remainder_fraction=100.0000%, Lmin=-1831.44, Lmax=-109.05
22:32:21 [ultranest] [DEBUG] iteration=276, ncalls=1902, regioncalls=12080, ndraw=40, logz=-1836.32, remainder_fraction=100.0000%, Lmin=-1819.65, Lmax=-109.05
22:32:22 [ultranest] [DEBUG] iteration=278, ncalls=1904, regioncalls=12160, ndraw=40, logz=-1823.87, remainder_fraction=100.0000%, Lmin=-1809.76, Lmax=-109.05
22:32:22 [ultranest] [DEBUG] iteration=280, ncalls=1907, regioncalls=12280, ndraw=40, logz=-1816.40, remainder_fraction=100.0000%, Lmin=-1803.58, Lmax=-109.05
22:32:22 [ultranest] [DEBUG] iteration=282, ncalls=1909, regioncalls=12360, ndraw=40, logz=-1797.47, remainder_fraction=100.0000%, Lmin=-1785.45, Lmax=-109.05
22:32:22 [ultranest] [DEBUG] iteration=283, ncalls=1914, regioncalls=12560, ndraw=40, logz=-1792.99, remainder_fraction=100.0000%, Lmin=-1784.24, Lmax=-109.05
22:32:22 [ultranest] [DEBUG] iteration=286, ncalls=1918, regioncalls=12720, ndraw=40, logz=-1789.01, remainder_fraction=100.0000%, Lmin=-1780.02, Lmax=-109.05
22:32:23 [ultranest] [DEBUG] iteration=289, ncalls=1922, regioncalls=12880, ndraw=40, logz=-1772.64, remainder_fraction=100.0000%, Lmin=-1764.93, Lmax=-109.05
22:32:23 [ultranest] [DEBUG] iteration=292, ncalls=1926, regioncalls=13040, ndraw=40, logz=-1770.83, remainder_fraction=100.0000%, Lmin=-1762.13, Lmax=-109.05
22:32:23 [ultranest] [DEBUG] iteration=295, ncalls=1929, regioncalls=13160, ndraw=40, logz=-1759.78, remainder_fraction=100.0000%, Lmin=-1751.78, Lmax=-109.05
22:32:23 [ultranest] [DEBUG] iteration=298, ncalls=1933, regioncalls=13320, ndraw=40, logz=-1748.29, remainder_fraction=100.0000%, Lmin=-1740.64, Lmax=-109.05
22:32:23 [ultranest] [DEBUG] iteration=300, ncalls=1935, regioncalls=13400, ndraw=40, logz=-1743.76, remainder_fraction=100.0000%, Lmin=-1723.41, Lmax=-109.05
22:32:23 [ultranest] [DEBUG] iteration=303, ncalls=1938, regioncalls=13520, ndraw=40, logz=-1721.65, remainder_fraction=100.0000%, Lmin=-1712.42, Lmax=-109.05
22:32:23 [ultranest] [DEBUG] iteration=305, ncalls=1940, regioncalls=13600, ndraw=40, logz=-1717.63, remainder_fraction=100.0000%, Lmin=-1709.94, Lmax=-109.05
22:32:24 [ultranest] [DEBUG] iteration=307, ncalls=1942, regioncalls=13680, ndraw=40, logz=-1716.10, remainder_fraction=100.0000%, Lmin=-1707.52, Lmax=-109.05
22:32:24 [ultranest] [DEBUG] iteration=309, ncalls=1944, regioncalls=13760, ndraw=40, logz=-1710.47, remainder_fraction=100.0000%, Lmin=-1697.16, Lmax=-109.05
22:32:24 [ultranest] [DEBUG] iteration=311, ncalls=1946, regioncalls=13840, ndraw=40, logz=-1702.54, remainder_fraction=100.0000%, Lmin=-1691.68, Lmax=-109.05
22:32:24 [ultranest] [DEBUG] iteration=313, ncalls=1948, regioncalls=13920, ndraw=40, logz=-1689.04, remainder_fraction=100.0000%, Lmin=-1679.88, Lmax=-109.05
22:32:24 [ultranest] [DEBUG] iteration=314, ncalls=1949, regioncalls=13960, ndraw=40, logz=-1687.27, remainder_fraction=100.0000%, Lmin=-1678.64, Lmax=-109.05
22:32:24 [ultranest] [DEBUG] iteration=316, ncalls=1951, regioncalls=14040, ndraw=40, logz=-1684.90, remainder_fraction=100.0000%, Lmin=-1674.68, Lmax=-109.05
22:32:24 [ultranest] [DEBUG] iteration=319, ncalls=1954, regioncalls=14160, ndraw=40, logz=-1678.93, remainder_fraction=100.0000%, Lmin=-1667.11, Lmax=-109.05
22:32:24 [ultranest] [DEBUG] iteration=320, ncalls=1955, regioncalls=14200, ndraw=40, logz=-1674.67, remainder_fraction=100.0000%, Lmin=-1664.53, Lmax=-109.05
22:32:25 [ultranest] [DEBUG] iteration=323, ncalls=1958, regioncalls=14320, ndraw=40, logz=-1656.84, remainder_fraction=100.0000%, Lmin=-1649.20, Lmax=-109.05
22:32:25 [ultranest] [DEBUG] iteration=326, ncalls=1961, regioncalls=14440, ndraw=40, logz=-1653.99, remainder_fraction=100.0000%, Lmin=-1644.82, Lmax=-109.05
22:32:25 [ultranest] [DEBUG] iteration=329, ncalls=1966, regioncalls=14640, ndraw=40, logz=-1649.58, remainder_fraction=100.0000%, Lmin=-1641.35, Lmax=-109.05
22:32:25 [ultranest] [DEBUG] iteration=333, ncalls=1970, regioncalls=14800, ndraw=40, logz=-1643.26, remainder_fraction=100.0000%, Lmin=-1635.48, Lmax=-109.05
22:32:25 [ultranest] [DEBUG] iteration=336, ncalls=1974, regioncalls=14960, ndraw=40, logz=-1635.99, remainder_fraction=100.0000%, Lmin=-1628.05, Lmax=-109.05
22:32:25 [ultranest] [DEBUG] iteration=338, ncalls=1976, regioncalls=15040, ndraw=40, logz=-1629.32, remainder_fraction=100.0000%, Lmin=-1620.45, Lmax=-109.05
22:32:25 [ultranest] [DEBUG] iteration=339, ncalls=1978, regioncalls=15120, ndraw=40, logz=-1627.79, remainder_fraction=100.0000%, Lmin=-1617.36, Lmax=-109.05
22:32:26 [ultranest] [DEBUG] iteration=341, ncalls=1980, regioncalls=15200, ndraw=40, logz=-1623.49, remainder_fraction=100.0000%, Lmin=-1615.04, Lmax=-109.05
22:32:26 [ultranest] [DEBUG] iteration=342, ncalls=1982, regioncalls=15280, ndraw=40, logz=-1622.28, remainder_fraction=100.0000%, Lmin=-1612.30, Lmax=-109.05
22:32:26 [ultranest] [DEBUG] iteration=346, ncalls=1987, regioncalls=15480, ndraw=40, logz=-1603.93, remainder_fraction=100.0000%, Lmin=-1595.24, Lmax=-109.05
22:32:26 [ultranest] [DEBUG] iteration=348, ncalls=1990, regioncalls=15600, ndraw=40, logz=-1601.41, remainder_fraction=100.0000%, Lmin=-1594.14, Lmax=-109.05
22:32:26 [ultranest] [DEBUG] iteration=350, ncalls=1993, regioncalls=15720, ndraw=40, logz=-1597.98, remainder_fraction=100.0000%, Lmin=-1588.08, Lmax=-109.05
22:32:26 [ultranest] [DEBUG] iteration=352, ncalls=1995, regioncalls=15800, ndraw=40, logz=-1590.44, remainder_fraction=100.0000%, Lmin=-1577.45, Lmax=-109.05
22:32:27 [ultranest] [DEBUG] iteration=355, ncalls=1998, regioncalls=15920, ndraw=40, logz=-1581.64, remainder_fraction=100.0000%, Lmin=-1570.60, Lmax=-109.05
22:32:28 [ultranest] [DEBUG] iteration=358, ncalls=2001, regioncalls=16040, ndraw=40, logz=-1575.37, remainder_fraction=100.0000%, Lmin=-1567.26, Lmax=-109.05
22:32:28 [ultranest] [DEBUG] iteration=359, ncalls=2002, regioncalls=16080, ndraw=40, logz=-1574.39, remainder_fraction=100.0000%, Lmin=-1564.68, Lmax=-109.05
22:32:28 [ultranest] [DEBUG] iteration=360, ncalls=2003, regioncalls=16120, ndraw=40, logz=-1572.17, remainder_fraction=100.0000%, Lmin=-1561.66, Lmax=-109.05
22:32:28 [ultranest] [DEBUG] iteration=361, ncalls=2004, regioncalls=16160, ndraw=40, logz=-1569.21, remainder_fraction=100.0000%, Lmin=-1557.71, Lmax=-109.05
22:32:29 [ultranest] [DEBUG] iteration=364, ncalls=2007, regioncalls=16280, ndraw=40, logz=-1562.34, remainder_fraction=100.0000%, Lmin=-1554.49, Lmax=-109.05
22:32:29 [ultranest] [DEBUG] iteration=365, ncalls=2008, regioncalls=16320, ndraw=40, logz=-1561.52, remainder_fraction=100.0000%, Lmin=-1551.28, Lmax=-109.05
22:32:29 [ultranest] [DEBUG] iteration=367, ncalls=2010, regioncalls=16400, ndraw=40, logz=-1556.99, remainder_fraction=100.0000%, Lmin=-1549.40, Lmax=-109.05
22:32:29 [ultranest] [DEBUG] iteration=368, ncalls=2011, regioncalls=16440, ndraw=40, logz=-1556.31, remainder_fraction=100.0000%, Lmin=-1542.48, Lmax=-109.05
22:32:29 [ultranest] [DEBUG] iteration=370, ncalls=2013, regioncalls=16520, ndraw=40, logz=-1544.57, remainder_fraction=100.0000%, Lmin=-1528.76, Lmax=-109.05
22:32:29 [ultranest] [DEBUG] iteration=372, ncalls=2015, regioncalls=16600, ndraw=40, logz=-1535.42, remainder_fraction=100.0000%, Lmin=-1527.93, Lmax=-109.05
22:32:29 [ultranest] [DEBUG] iteration=374, ncalls=2017, regioncalls=16680, ndraw=40, logz=-1534.10, remainder_fraction=100.0000%, Lmin=-1526.81, Lmax=-109.05
22:32:29 [ultranest] [DEBUG] iteration=375, ncalls=2019, regioncalls=16760, ndraw=40, logz=-1533.55, remainder_fraction=100.0000%, Lmin=-1526.01, Lmax=-109.05
22:32:30 [ultranest] [DEBUG] iteration=377, ncalls=2023, regioncalls=16920, ndraw=40, logz=-1528.58, remainder_fraction=100.0000%, Lmin=-1518.50, Lmax=-109.05
22:32:30 [ultranest] [DEBUG] iteration=379, ncalls=2027, regioncalls=17080, ndraw=40, logz=-1524.24, remainder_fraction=100.0000%, Lmin=-1515.15, Lmax=-109.05
22:32:30 [ultranest] [DEBUG] iteration=382, ncalls=2030, regioncalls=17200, ndraw=40, logz=-1519.12, remainder_fraction=100.0000%, Lmin=-1510.43, Lmax=-109.05
22:32:30 [ultranest] [DEBUG] iteration=385, ncalls=2034, regioncalls=17360, ndraw=40, logz=-1515.97, remainder_fraction=100.0000%, Lmin=-1507.91, Lmax=-109.05
22:32:30 [ultranest] [DEBUG] iteration=388, ncalls=2038, regioncalls=17520, ndraw=40, logz=-1510.14, remainder_fraction=100.0000%, Lmin=-1496.79, Lmax=-109.05
22:32:31 [ultranest] [DEBUG] iteration=391, ncalls=2042, regioncalls=17680, ndraw=40, logz=-1502.09, remainder_fraction=100.0000%, Lmin=-1491.25, Lmax=-109.05
22:32:31 [ultranest] [DEBUG] iteration=394, ncalls=2045, regioncalls=17800, ndraw=40, logz=-1497.48, remainder_fraction=100.0000%, Lmin=-1489.74, Lmax=-109.05
22:32:31 [ultranest] [DEBUG] iteration=396, ncalls=2047, regioncalls=17880, ndraw=40, logz=-1495.81, remainder_fraction=100.0000%, Lmin=-1486.34, Lmax=-109.05
22:32:31 [ultranest] [DEBUG] iteration=398, ncalls=2050, regioncalls=18000, ndraw=40, logz=-1492.60, remainder_fraction=100.0000%, Lmin=-1485.04, Lmax=-109.05
22:32:31 [ultranest] [DEBUG] iteration=401, ncalls=2053, regioncalls=18120, ndraw=40, logz=-1484.95, remainder_fraction=100.0000%, Lmin=-1475.23, Lmax=-109.05
22:32:31 [ultranest] [DEBUG] iteration=403, ncalls=2055, regioncalls=18200, ndraw=40, logz=-1481.61, remainder_fraction=100.0000%, Lmin=-1472.34, Lmax=-109.05
22:32:31 [ultranest] [DEBUG] iteration=405, ncalls=2057, regioncalls=18280, ndraw=40, logz=-1477.03, remainder_fraction=100.0000%, Lmin=-1468.75, Lmax=-109.05
22:32:32 [ultranest] [DEBUG] iteration=407, ncalls=2059, regioncalls=18360, ndraw=40, logz=-1474.26, remainder_fraction=100.0000%, Lmin=-1466.00, Lmax=-109.05
22:32:32 [ultranest] [DEBUG] iteration=408, ncalls=2061, regioncalls=18440, ndraw=40, logz=-1473.20, remainder_fraction=100.0000%, Lmin=-1463.92, Lmax=-109.05
22:32:32 [ultranest] [DEBUG] iteration=410, ncalls=2064, regioncalls=18560, ndraw=40, logz=-1465.98, remainder_fraction=100.0000%, Lmin=-1455.90, Lmax=-109.05
22:32:32 [ultranest] [DEBUG] iteration=412, ncalls=2066, regioncalls=18640, ndraw=40, logz=-1462.18, remainder_fraction=100.0000%, Lmin=-1453.33, Lmax=-109.05
22:32:32 [ultranest] [DEBUG] iteration=414, ncalls=2068, regioncalls=18720, ndraw=40, logz=-1459.82, remainder_fraction=100.0000%, Lmin=-1452.28, Lmax=-109.05
22:32:32 [ultranest] [DEBUG] iteration=417, ncalls=2071, regioncalls=18840, ndraw=40, logz=-1456.03, remainder_fraction=100.0000%, Lmin=-1448.20, Lmax=-109.05
22:32:32 [ultranest] [DEBUG] iteration=418, ncalls=2073, regioncalls=18920, ndraw=40, logz=-1455.24, remainder_fraction=100.0000%, Lmin=-1447.60, Lmax=-109.05
22:32:32 [ultranest] [DEBUG] iteration=421, ncalls=2076, regioncalls=19040, ndraw=40, logz=-1448.11, remainder_fraction=100.0000%, Lmin=-1440.48, Lmax=-109.05
22:32:33 [ultranest] [DEBUG] iteration=423, ncalls=2078, regioncalls=19120, ndraw=40, logz=-1446.00, remainder_fraction=100.0000%, Lmin=-1436.64, Lmax=-109.05
22:32:33 [ultranest] [DEBUG] iteration=426, ncalls=2082, regioncalls=19280, ndraw=40, logz=-1440.78, remainder_fraction=100.0000%, Lmin=-1432.67, Lmax=-109.05
22:32:33 [ultranest] [DEBUG] iteration=427, ncalls=2084, regioncalls=19360, ndraw=40, logz=-1439.83, remainder_fraction=100.0000%, Lmin=-1430.80, Lmax=-109.05
22:32:33 [ultranest] [DEBUG] iteration=428, ncalls=2085, regioncalls=19400, ndraw=40, logz=-1438.22, remainder_fraction=100.0000%, Lmin=-1426.81, Lmax=-109.05
22:32:33 [ultranest] [DEBUG] iteration=430, ncalls=2088, regioncalls=19520, ndraw=40, logz=-1432.87, remainder_fraction=100.0000%, Lmin=-1422.92, Lmax=-109.05
22:32:33 [ultranest] [DEBUG] iteration=433, ncalls=2091, regioncalls=19640, ndraw=40, logz=-1429.41, remainder_fraction=100.0000%, Lmin=-1422.53, Lmax=-109.05
22:32:33 [ultranest] [DEBUG] iteration=436, ncalls=2095, regioncalls=19800, ndraw=40, logz=-1425.86, remainder_fraction=100.0000%, Lmin=-1417.84, Lmax=-109.05
22:32:33 [ultranest] [DEBUG] iteration=438, ncalls=2097, regioncalls=19880, ndraw=40, logz=-1422.99, remainder_fraction=100.0000%, Lmin=-1415.21, Lmax=-109.05
22:32:34 [ultranest] [DEBUG] iteration=441, ncalls=2100, regioncalls=20000, ndraw=40, logz=-1419.18, remainder_fraction=100.0000%, Lmin=-1410.78, Lmax=-109.05
22:32:34 [ultranest] [DEBUG] iteration=444, ncalls=2104, regioncalls=20160, ndraw=40, logz=-1411.55, remainder_fraction=100.0000%, Lmin=-1403.04, Lmax=-109.05
22:32:34 [ultranest] [DEBUG] iteration=446, ncalls=2108, regioncalls=20320, ndraw=40, logz=-1409.09, remainder_fraction=100.0000%, Lmin=-1401.04, Lmax=-109.05
22:32:34 [ultranest] [DEBUG] iteration=448, ncalls=2111, regioncalls=20440, ndraw=40, logz=-1407.55, remainder_fraction=100.0000%, Lmin=-1400.58, Lmax=-109.05
22:32:34 [ultranest] [DEBUG] iteration=451, ncalls=2114, regioncalls=20560, ndraw=40, logz=-1406.40, remainder_fraction=100.0000%, Lmin=-1398.14, Lmax=-109.05
22:32:34 [ultranest] [DEBUG] iteration=454, ncalls=2118, regioncalls=20720, ndraw=40, logz=-1401.99, remainder_fraction=100.0000%, Lmin=-1392.38, Lmax=-109.05
22:32:34 [ultranest] [DEBUG] iteration=457, ncalls=2122, regioncalls=20880, ndraw=40, logz=-1398.21, remainder_fraction=100.0000%, Lmin=-1391.04, Lmax=-109.05
22:32:35 [ultranest] [DEBUG] iteration=459, ncalls=2124, regioncalls=20960, ndraw=40, logz=-1396.80, remainder_fraction=100.0000%, Lmin=-1389.53, Lmax=-109.05
22:32:35 [ultranest] [DEBUG] iteration=461, ncalls=2127, regioncalls=21080, ndraw=40, logz=-1390.33, remainder_fraction=100.0000%, Lmin=-1382.01, Lmax=-109.05
22:32:35 [ultranest] [DEBUG] iteration=462, ncalls=2128, regioncalls=21120, ndraw=40, logz=-1389.26, remainder_fraction=100.0000%, Lmin=-1381.54, Lmax=-109.05
22:32:35 [ultranest] [DEBUG] iteration=465, ncalls=2131, regioncalls=21240, ndraw=40, logz=-1387.03, remainder_fraction=100.0000%, Lmin=-1379.26, Lmax=-109.05
22:32:35 [ultranest] [DEBUG] iteration=468, ncalls=2135, regioncalls=21400, ndraw=40, logz=-1384.54, remainder_fraction=100.0000%, Lmin=-1376.93, Lmax=-109.05
22:32:35 [ultranest] [DEBUG] iteration=469, ncalls=2138, regioncalls=21520, ndraw=40, logz=-1383.88, remainder_fraction=100.0000%, Lmin=-1376.24, Lmax=-109.05
22:32:35 [ultranest] [DEBUG] iteration=471, ncalls=2142, regioncalls=21680, ndraw=40, logz=-1380.64, remainder_fraction=100.0000%, Lmin=-1369.51, Lmax=-109.05
22:32:36 [ultranest] [DEBUG] iteration=474, ncalls=2148, regioncalls=21920, ndraw=40, logz=-1375.25, remainder_fraction=100.0000%, Lmin=-1366.35, Lmax=-109.05
22:32:36 [ultranest] [DEBUG] iteration=476, ncalls=2150, regioncalls=22000, ndraw=40, logz=-1372.10, remainder_fraction=100.0000%, Lmin=-1361.99, Lmax=-109.05
22:32:36 [ultranest] [DEBUG] iteration=477, ncalls=2151, regioncalls=22040, ndraw=40, logz=-1369.58, remainder_fraction=100.0000%, Lmin=-1359.63, Lmax=-109.05
22:32:36 [ultranest] [DEBUG] iteration=478, ncalls=2154, regioncalls=22160, ndraw=40, logz=-1367.21, remainder_fraction=100.0000%, Lmin=-1357.51, Lmax=-109.05
22:32:36 [ultranest] [DEBUG] iteration=480, ncalls=2156, regioncalls=22240, ndraw=40, logz=-1363.76, remainder_fraction=100.0000%, Lmin=-1356.06, Lmax=-109.05
22:32:37 [ultranest] [DEBUG] iteration=483, ncalls=2159, regioncalls=22360, ndraw=40, logz=-1360.65, remainder_fraction=100.0000%, Lmin=-1352.08, Lmax=-109.05
22:32:37 [ultranest] [DEBUG] iteration=486, ncalls=2162, regioncalls=22480, ndraw=40, logz=-1358.33, remainder_fraction=100.0000%, Lmin=-1350.73, Lmax=-109.05
22:32:37 [ultranest] [DEBUG] iteration=489, ncalls=2165, regioncalls=22600, ndraw=40, logz=-1355.96, remainder_fraction=100.0000%, Lmin=-1346.51, Lmax=-109.05
22:32:37 [ultranest] [DEBUG] iteration=491, ncalls=2169, regioncalls=22760, ndraw=40, logz=-1352.92, remainder_fraction=100.0000%, Lmin=-1344.80, Lmax=-109.05
22:32:37 [ultranest] [DEBUG] iteration=492, ncalls=2172, regioncalls=22880, ndraw=40, logz=-1351.98, remainder_fraction=100.0000%, Lmin=-1344.30, Lmax=-109.05
22:32:37 [ultranest] [DEBUG] iteration=494, ncalls=2174, regioncalls=22960, ndraw=40, logz=-1350.14, remainder_fraction=100.0000%, Lmin=-1339.77, Lmax=-109.05
22:32:37 [ultranest] [DEBUG] iteration=497, ncalls=2177, regioncalls=23080, ndraw=40, logz=-1343.30, remainder_fraction=100.0000%, Lmin=-1334.89, Lmax=-109.05
22:32:37 [ultranest] [DEBUG] iteration=500, ncalls=2180, regioncalls=23200, ndraw=40, logz=-1340.96, remainder_fraction=100.0000%, Lmin=-1332.90, Lmax=-109.05
22:32:38 [ultranest] [DEBUG] iteration=502, ncalls=2184, regioncalls=23360, ndraw=40, logz=-1338.55, remainder_fraction=100.0000%, Lmin=-1330.52, Lmax=-109.05
22:32:38 [ultranest] [DEBUG] iteration=504, ncalls=2186, regioncalls=23440, ndraw=40, logz=-1336.05, remainder_fraction=100.0000%, Lmin=-1327.74, Lmax=-109.05
22:32:38 [ultranest] [DEBUG] iteration=506, ncalls=2188, regioncalls=23520, ndraw=40, logz=-1333.62, remainder_fraction=100.0000%, Lmin=-1324.64, Lmax=-109.05
22:32:38 [ultranest] [DEBUG] iteration=507, ncalls=2191, regioncalls=23640, ndraw=40, logz=-1332.09, remainder_fraction=100.0000%, Lmin=-1323.56, Lmax=-109.05
22:32:38 [ultranest] [DEBUG] iteration=508, ncalls=2192, regioncalls=23680, ndraw=40, logz=-1330.90, remainder_fraction=100.0000%, Lmin=-1322.79, Lmax=-109.05
22:32:38 [ultranest] [DEBUG] iteration=510, ncalls=2194, regioncalls=23760, ndraw=40, logz=-1327.60, remainder_fraction=100.0000%, Lmin=-1318.64, Lmax=-109.05
22:32:39 [ultranest] [DEBUG] iteration=511, ncalls=2197, regioncalls=23880, ndraw=40, logz=-1326.09, remainder_fraction=100.0000%, Lmin=-1316.57, Lmax=-109.05
22:32:39 [ultranest] [DEBUG] iteration=513, ncalls=2200, regioncalls=24000, ndraw=40, logz=-1322.85, remainder_fraction=100.0000%, Lmin=-1315.08, Lmax=-109.05
22:32:39 [ultranest] [DEBUG] iteration=516, ncalls=2203, regioncalls=24120, ndraw=40, logz=-1317.93, remainder_fraction=100.0000%, Lmin=-1309.46, Lmax=-109.05
22:32:39 [ultranest] [DEBUG] iteration=519, ncalls=2207, regioncalls=24280, ndraw=40, logz=-1315.58, remainder_fraction=100.0000%, Lmin=-1308.80, Lmax=-109.05
22:32:39 [ultranest] [DEBUG] iteration=521, ncalls=2209, regioncalls=24360, ndraw=40, logz=-1314.27, remainder_fraction=100.0000%, Lmin=-1305.52, Lmax=-109.05
22:32:39 [ultranest] [DEBUG] iteration=523, ncalls=2211, regioncalls=24440, ndraw=40, logz=-1312.16, remainder_fraction=100.0000%, Lmin=-1303.94, Lmax=-109.05
22:32:39 [ultranest] [DEBUG] iteration=524, ncalls=2213, regioncalls=24520, ndraw=40, logz=-1311.18, remainder_fraction=100.0000%, Lmin=-1298.75, Lmax=-109.05
22:32:40 [ultranest] [DEBUG] iteration=525, ncalls=2218, regioncalls=24720, ndraw=40, logz=-1306.45, remainder_fraction=100.0000%, Lmin=-1295.15, Lmax=-109.05
22:32:40 [ultranest] [DEBUG] iteration=526, ncalls=2219, regioncalls=24760, ndraw=40, logz=-1302.83, remainder_fraction=100.0000%, Lmin=-1294.96, Lmax=-109.05
22:32:40 [ultranest] [DEBUG] iteration=528, ncalls=2224, regioncalls=24960, ndraw=40, logz=-1300.91, remainder_fraction=100.0000%, Lmin=-1293.51, Lmax=-109.05
22:32:40 [ultranest] [DEBUG] iteration=531, ncalls=2228, regioncalls=25120, ndraw=40, logz=-1297.65, remainder_fraction=100.0000%, Lmin=-1288.43, Lmax=-109.05
22:32:40 [ultranest] [DEBUG] iteration=533, ncalls=2230, regioncalls=25200, ndraw=40, logz=-1295.16, remainder_fraction=100.0000%, Lmin=-1287.16, Lmax=-109.05
22:32:40 [ultranest] [DEBUG] iteration=534, ncalls=2232, regioncalls=25280, ndraw=40, logz=-1294.32, remainder_fraction=100.0000%, Lmin=-1286.31, Lmax=-109.05
22:32:40 [ultranest] [DEBUG] iteration=536, ncalls=2234, regioncalls=25360, ndraw=40, logz=-1292.76, remainder_fraction=100.0000%, Lmin=-1285.62, Lmax=-109.05
22:32:41 [ultranest] [DEBUG] iteration=538, ncalls=2240, regioncalls=25600, ndraw=40, logz=-1291.94, remainder_fraction=100.0000%, Lmin=-1284.95, Lmax=-109.05
22:32:41 [ultranest] [DEBUG] iteration=542, ncalls=2245, regioncalls=25800, ndraw=40, logz=-1288.55, remainder_fraction=100.0000%, Lmin=-1280.85, Lmax=-109.05
22:32:41 [ultranest] [DEBUG] iteration=543, ncalls=2246, regioncalls=25840, ndraw=40, logz=-1287.87, remainder_fraction=100.0000%, Lmin=-1276.55, Lmax=-109.05
22:32:41 [ultranest] [DEBUG] iteration=544, ncalls=2247, regioncalls=25880, ndraw=40, logz=-1284.24, remainder_fraction=100.0000%, Lmin=-1275.35, Lmax=-109.05
22:32:41 [ultranest] [DEBUG] iteration=546, ncalls=2249, regioncalls=25960, ndraw=40, logz=-1281.95, remainder_fraction=100.0000%, Lmin=-1272.68, Lmax=-109.05
22:32:41 [ultranest] [DEBUG] iteration=548, ncalls=2254, regioncalls=26160, ndraw=40, logz=-1279.37, remainder_fraction=100.0000%, Lmin=-1271.34, Lmax=-109.05
22:32:42 [ultranest] [DEBUG] iteration=549, ncalls=2255, regioncalls=26200, ndraw=40, logz=-1278.51, remainder_fraction=100.0000%, Lmin=-1268.79, Lmax=-109.05
22:32:42 [ultranest] [DEBUG] iteration=550, ncalls=2256, regioncalls=26240, ndraw=40, logz=-1276.39, remainder_fraction=100.0000%, Lmin=-1268.65, Lmax=-109.05
22:32:42 [ultranest] [DEBUG] iteration=551, ncalls=2260, regioncalls=26400, ndraw=40, logz=-1275.69, remainder_fraction=100.0000%, Lmin=-1267.07, Lmax=-109.05
22:32:42 [ultranest] [DEBUG] iteration=552, ncalls=2262, regioncalls=26480, ndraw=40, logz=-1274.45, remainder_fraction=100.0000%, Lmin=-1265.18, Lmax=-109.05
22:32:42 [ultranest] [DEBUG] iteration=556, ncalls=2266, regioncalls=26640, ndraw=40, logz=-1268.82, remainder_fraction=100.0000%, Lmin=-1260.97, Lmax=-109.05
22:32:42 [ultranest] [DEBUG] iteration=559, ncalls=2269, regioncalls=26760, ndraw=40, logz=-1266.24, remainder_fraction=100.0000%, Lmin=-1257.77, Lmax=-109.05
22:32:43 [ultranest] [DEBUG] iteration=562, ncalls=2272, regioncalls=26880, ndraw=40, logz=-1263.69, remainder_fraction=100.0000%, Lmin=-1254.96, Lmax=-109.05
22:32:43 [ultranest] [DEBUG] iteration=564, ncalls=2274, regioncalls=26960, ndraw=40, logz=-1261.70, remainder_fraction=100.0000%, Lmin=-1254.34, Lmax=-109.05
22:32:43 [ultranest] [DEBUG] iteration=567, ncalls=2278, regioncalls=27120, ndraw=40, logz=-1258.89, remainder_fraction=100.0000%, Lmin=-1251.38, Lmax=-109.05
22:32:43 [ultranest] [DEBUG] iteration=569, ncalls=2280, regioncalls=27200, ndraw=40, logz=-1256.97, remainder_fraction=100.0000%, Lmin=-1246.86, Lmax=-109.05
22:32:43 [ultranest] [DEBUG] iteration=573, ncalls=2284, regioncalls=27360, ndraw=40, logz=-1249.66, remainder_fraction=100.0000%, Lmin=-1241.65, Lmax=-109.05
22:32:43 [ultranest] [DEBUG] iteration=576, ncalls=2288, regioncalls=27520, ndraw=40, logz=-1246.67, remainder_fraction=100.0000%, Lmin=-1238.89, Lmax=-109.05
22:32:44 [ultranest] [DEBUG] iteration=578, ncalls=2291, regioncalls=27640, ndraw=40, logz=-1245.50, remainder_fraction=100.0000%, Lmin=-1237.65, Lmax=-109.05
22:32:44 [ultranest] [DEBUG] iteration=579, ncalls=2292, regioncalls=27680, ndraw=40, logz=-1244.75, remainder_fraction=100.0000%, Lmin=-1233.40, Lmax=-109.05
22:32:44 [ultranest] [DEBUG] iteration=581, ncalls=2294, regioncalls=27760, ndraw=40, logz=-1240.02, remainder_fraction=100.0000%, Lmin=-1231.80, Lmax=-109.05
22:32:44 [ultranest] [DEBUG] iteration=583, ncalls=2298, regioncalls=27920, ndraw=40, logz=-1235.65, remainder_fraction=100.0000%, Lmin=-1227.40, Lmax=-109.05
22:32:44 [ultranest] [DEBUG] iteration=586, ncalls=2302, regioncalls=28080, ndraw=40, logz=-1233.73, remainder_fraction=100.0000%, Lmin=-1226.15, Lmax=-109.05
22:32:44 [ultranest] [DEBUG] iteration=589, ncalls=2305, regioncalls=28200, ndraw=40, logz=-1232.12, remainder_fraction=100.0000%, Lmin=-1225.22, Lmax=-109.05
22:32:44 [ultranest] [DEBUG] iteration=590, ncalls=2307, regioncalls=28280, ndraw=40, logz=-1231.76, remainder_fraction=100.0000%, Lmin=-1224.42, Lmax=-109.05
22:32:45 [ultranest] [DEBUG] iteration=593, ncalls=2311, regioncalls=28440, ndraw=40, logz=-1230.13, remainder_fraction=100.0000%, Lmin=-1222.58, Lmax=-109.05
22:32:45 [ultranest] [DEBUG] iteration=594, ncalls=2312, regioncalls=28480, ndraw=40, logz=-1229.53, remainder_fraction=100.0000%, Lmin=-1220.51, Lmax=-109.05
22:32:45 [ultranest] [DEBUG] iteration=597, ncalls=2316, regioncalls=28640, ndraw=40, logz=-1225.56, remainder_fraction=100.0000%, Lmin=-1216.39, Lmax=-109.05
22:32:45 [ultranest] [DEBUG] iteration=599, ncalls=2320, regioncalls=28800, ndraw=40, logz=-1222.98, remainder_fraction=100.0000%, Lmin=-1214.16, Lmax=-109.05
22:32:45 [ultranest] [DEBUG] iteration=600, ncalls=2323, regioncalls=28920, ndraw=40, logz=-1221.62, remainder_fraction=100.0000%, Lmin=-1213.37, Lmax=-109.05
22:32:45 [ultranest] [DEBUG] iteration=604, ncalls=2327, regioncalls=29080, ndraw=40, logz=-1216.63, remainder_fraction=100.0000%, Lmin=-1208.77, Lmax=-109.05
22:32:45 [ultranest] [DEBUG] iteration=607, ncalls=2331, regioncalls=29240, ndraw=40, logz=-1214.56, remainder_fraction=100.0000%, Lmin=-1207.19, Lmax=-109.05
22:32:45 [ultranest] [DEBUG] iteration=610, ncalls=2334, regioncalls=29360, ndraw=40, logz=-1213.03, remainder_fraction=100.0000%, Lmin=-1206.27, Lmax=-109.05
22:32:45 [ultranest] [DEBUG] iteration=611, ncalls=2336, regioncalls=29440, ndraw=40, logz=-1212.72, remainder_fraction=100.0000%, Lmin=-1205.80, Lmax=-109.05
22:32:46 [ultranest] [DEBUG] iteration=612, ncalls=2338, regioncalls=29520, ndraw=40, logz=-1212.36, remainder_fraction=100.0000%, Lmin=-1205.55, Lmax=-109.05
22:32:46 [ultranest] [DEBUG] iteration=615, ncalls=2342, regioncalls=29680, ndraw=40, logz=-1211.13, remainder_fraction=100.0000%, Lmin=-1203.51, Lmax=-109.05
22:32:46 [ultranest] [DEBUG] iteration=617, ncalls=2346, regioncalls=29840, ndraw=40, logz=-1209.48, remainder_fraction=100.0000%, Lmin=-1201.44, Lmax=-109.05
22:32:46 [ultranest] [DEBUG] iteration=620, ncalls=2350, regioncalls=30000, ndraw=40, logz=-1204.87, remainder_fraction=100.0000%, Lmin=-1196.99, Lmax=-109.05
22:32:46 [ultranest] [DEBUG] iteration=624, ncalls=2354, regioncalls=30160, ndraw=40, logz=-1201.33, remainder_fraction=100.0000%, Lmin=-1190.13, Lmax=-109.05
22:32:46 [ultranest] [DEBUG] iteration=627, ncalls=2357, regioncalls=30280, ndraw=40, logz=-1194.86, remainder_fraction=100.0000%, Lmin=-1187.29, Lmax=-109.05
22:32:47 [ultranest] [DEBUG] iteration=630, ncalls=2361, regioncalls=30440, ndraw=40, logz=-1190.45, remainder_fraction=100.0000%, Lmin=-1183.27, Lmax=-109.05
22:32:47 [ultranest] [DEBUG] iteration=632, ncalls=2364, regioncalls=30560, ndraw=40, logz=-1189.10, remainder_fraction=100.0000%, Lmin=-1180.05, Lmax=-109.05
22:32:47 [ultranest] [DEBUG] iteration=635, ncalls=2367, regioncalls=30680, ndraw=40, logz=-1186.15, remainder_fraction=100.0000%, Lmin=-1178.60, Lmax=-109.05
22:32:47 [ultranest] [DEBUG] iteration=639, ncalls=2373, regioncalls=30920, ndraw=40, logz=-1182.47, remainder_fraction=100.0000%, Lmin=-1174.86, Lmax=-109.05
22:32:47 [ultranest] [DEBUG] iteration=640, ncalls=2375, regioncalls=31000, ndraw=40, logz=-1181.86, remainder_fraction=100.0000%, Lmin=-1174.07, Lmax=-109.05
22:32:47 [ultranest] [DEBUG] iteration=642, ncalls=2378, regioncalls=31120, ndraw=40, logz=-1179.86, remainder_fraction=100.0000%, Lmin=-1170.09, Lmax=-109.05
22:32:47 [ultranest] [DEBUG] iteration=644, ncalls=2382, regioncalls=31280, ndraw=40, logz=-1176.76, remainder_fraction=100.0000%, Lmin=-1167.41, Lmax=-109.05
22:32:48 [ultranest] [DEBUG] iteration=647, ncalls=2390, regioncalls=31600, ndraw=40, logz=-1173.83, remainder_fraction=100.0000%, Lmin=-1166.83, Lmax=-109.05
22:32:48 [ultranest] [DEBUG] iteration=650, ncalls=2393, regioncalls=31720, ndraw=40, logz=-1171.17, remainder_fraction=100.0000%, Lmin=-1163.54, Lmax=-109.05
22:32:48 [ultranest] [DEBUG] iteration=651, ncalls=2394, regioncalls=31760, ndraw=40, logz=-1170.55, remainder_fraction=100.0000%, Lmin=-1162.27, Lmax=-109.05
22:32:48 [ultranest] [DEBUG] iteration=653, ncalls=2396, regioncalls=31840, ndraw=40, logz=-1168.79, remainder_fraction=100.0000%, Lmin=-1161.47, Lmax=-109.05
22:32:48 [ultranest] [DEBUG] iteration=654, ncalls=2398, regioncalls=31920, ndraw=40, logz=-1168.30, remainder_fraction=100.0000%, Lmin=-1160.92, Lmax=-109.05
22:32:48 [ultranest] [DEBUG] iteration=657, ncalls=2401, regioncalls=32040, ndraw=40, logz=-1167.02, remainder_fraction=100.0000%, Lmin=-1160.29, Lmax=-109.05
22:32:48 [ultranest] [DEBUG] iteration=660, ncalls=2406, regioncalls=32240, ndraw=40, logz=-1166.01, remainder_fraction=100.0000%, Lmin=-1159.23, Lmax=-109.05
22:32:49 [ultranest] [DEBUG] iteration=662, ncalls=2409, regioncalls=32360, ndraw=40, logz=-1165.39, remainder_fraction=100.0000%, Lmin=-1158.81, Lmax=-109.05
22:32:49 [ultranest] [DEBUG] iteration=663, ncalls=2412, regioncalls=32480, ndraw=40, logz=-1165.13, remainder_fraction=100.0000%, Lmin=-1158.00, Lmax=-109.05
22:32:49 [ultranest] [DEBUG] iteration=665, ncalls=2415, regioncalls=32600, ndraw=40, logz=-1163.94, remainder_fraction=100.0000%, Lmin=-1156.20, Lmax=-109.05
22:32:49 [ultranest] [DEBUG] iteration=669, ncalls=2419, regioncalls=32760, ndraw=40, logz=-1159.67, remainder_fraction=100.0000%, Lmin=-1151.72, Lmax=-109.05
22:32:49 [ultranest] [DEBUG] iteration=671, ncalls=2424, regioncalls=32960, ndraw=40, logz=-1158.46, remainder_fraction=100.0000%, Lmin=-1150.55, Lmax=-109.05
22:32:49 [ultranest] [DEBUG] iteration=675, ncalls=2428, regioncalls=33120, ndraw=40, logz=-1153.14, remainder_fraction=100.0000%, Lmin=-1145.93, Lmax=-109.05
22:32:49 [ultranest] [DEBUG] iteration=676, ncalls=2432, regioncalls=33280, ndraw=40, logz=-1152.70, remainder_fraction=100.0000%, Lmin=-1145.01, Lmax=-109.05
22:32:50 [ultranest] [DEBUG] iteration=678, ncalls=2439, regioncalls=33560, ndraw=40, logz=-1151.53, remainder_fraction=100.0000%, Lmin=-1144.28, Lmax=-109.05
22:32:50 [ultranest] [DEBUG] iteration=679, ncalls=2441, regioncalls=33640, ndraw=40, logz=-1151.08, remainder_fraction=100.0000%, Lmin=-1143.53, Lmax=-109.05
22:32:50 [ultranest] [DEBUG] iteration=685, ncalls=2448, regioncalls=33920, ndraw=40, logz=-1145.52, remainder_fraction=100.0000%, Lmin=-1137.24, Lmax=-109.05
22:32:50 [ultranest] [DEBUG] iteration=686, ncalls=2452, regioncalls=34080, ndraw=40, logz=-1144.57, remainder_fraction=100.0000%, Lmin=-1137.15, Lmax=-109.05
22:32:50 [ultranest] [DEBUG] iteration=692, ncalls=2458, regioncalls=34320, ndraw=40, logz=-1138.96, remainder_fraction=100.0000%, Lmin=-1128.77, Lmax=-109.05
22:32:50 [ultranest] [DEBUG] iteration=693, ncalls=2460, regioncalls=34400, ndraw=40, logz=-1136.49, remainder_fraction=100.0000%, Lmin=-1128.18, Lmax=-109.05
22:32:51 [ultranest] [DEBUG] iteration=695, ncalls=2465, regioncalls=34600, ndraw=40, logz=-1134.33, remainder_fraction=100.0000%, Lmin=-1126.51, Lmax=-109.05
22:32:51 [ultranest] [DEBUG] iteration=696, ncalls=2468, regioncalls=34720, ndraw=40, logz=-1133.63, remainder_fraction=100.0000%, Lmin=-1123.18, Lmax=-109.05
22:32:51 [ultranest] [DEBUG] iteration=698, ncalls=2470, regioncalls=34800, ndraw=40, logz=-1129.39, remainder_fraction=100.0000%, Lmin=-1120.80, Lmax=-109.05
22:32:51 [ultranest] [DEBUG] iteration=699, ncalls=2473, regioncalls=34920, ndraw=40, logz=-1128.24, remainder_fraction=100.0000%, Lmin=-1120.11, Lmax=-109.05
22:32:51 [ultranest] [DEBUG] iteration=701, ncalls=2476, regioncalls=35040, ndraw=40, logz=-1126.91, remainder_fraction=100.0000%, Lmin=-1119.99, Lmax=-109.05
22:32:51 [ultranest] [DEBUG] iteration=704, ncalls=2480, regioncalls=35200, ndraw=40, logz=-1125.39, remainder_fraction=100.0000%, Lmin=-1118.58, Lmax=-109.05
22:32:52 [ultranest] [DEBUG] iteration=706, ncalls=2484, regioncalls=35360, ndraw=40, logz=-1124.63, remainder_fraction=100.0000%, Lmin=-1117.79, Lmax=-109.05
22:32:52 [ultranest] [DEBUG] iteration=707, ncalls=2487, regioncalls=35480, ndraw=40, logz=-1124.31, remainder_fraction=100.0000%, Lmin=-1117.20, Lmax=-109.05
22:32:52 [ultranest] [DEBUG] iteration=709, ncalls=2490, regioncalls=35600, ndraw=40, logz=-1123.51, remainder_fraction=100.0000%, Lmin=-1115.51, Lmax=-109.05
22:32:52 [ultranest] [DEBUG] iteration=711, ncalls=2493, regioncalls=35720, ndraw=40, logz=-1121.85, remainder_fraction=100.0000%, Lmin=-1114.02, Lmax=-109.05
22:32:52 [ultranest] [DEBUG] iteration=713, ncalls=2495, regioncalls=35800, ndraw=40, logz=-1120.67, remainder_fraction=100.0000%, Lmin=-1112.88, Lmax=-109.05
22:32:52 [ultranest] [DEBUG] iteration=715, ncalls=2498, regioncalls=35920, ndraw=40, logz=-1119.42, remainder_fraction=100.0000%, Lmin=-1111.74, Lmax=-109.05
22:32:53 [ultranest] [DEBUG] iteration=716, ncalls=2499, regioncalls=35960, ndraw=40, logz=-1118.79, remainder_fraction=100.0000%, Lmin=-1111.25, Lmax=-109.05
22:32:53 [ultranest] [DEBUG] iteration=717, ncalls=2500, regioncalls=36000, ndraw=40, logz=-1118.23, remainder_fraction=100.0000%, Lmin=-1110.81, Lmax=-109.05
22:32:53 [ultranest] [DEBUG] iteration=719, ncalls=2502, regioncalls=36080, ndraw=40, logz=-1117.08, remainder_fraction=100.0000%, Lmin=-1109.89, Lmax=-109.05
22:32:54 [ultranest] [DEBUG] iteration=720, ncalls=2504, regioncalls=36160, ndraw=40, logz=-1116.65, remainder_fraction=100.0000%, Lmin=-1107.48, Lmax=-109.05
22:32:54 [ultranest] [DEBUG] iteration=723, ncalls=2508, regioncalls=36320, ndraw=40, logz=-1112.72, remainder_fraction=100.0000%, Lmin=-1105.16, Lmax=-109.05
22:32:54 [ultranest] [DEBUG] iteration=725, ncalls=2511, regioncalls=36440, ndraw=40, logz=-1111.74, remainder_fraction=100.0000%, Lmin=-1104.72, Lmax=-109.05
22:32:54 [ultranest] [DEBUG] iteration=727, ncalls=2514, regioncalls=36560, ndraw=40, logz=-1111.05, remainder_fraction=100.0000%, Lmin=-1103.64, Lmax=-109.05
22:32:54 [ultranest] [DEBUG] iteration=729, ncalls=2520, regioncalls=36800, ndraw=40, logz=-1110.19, remainder_fraction=100.0000%, Lmin=-1103.44, Lmax=-109.05
22:32:54 [ultranest] [DEBUG] iteration=732, ncalls=2523, regioncalls=36920, ndraw=40, logz=-1108.95, remainder_fraction=100.0000%, Lmin=-1101.39, Lmax=-109.05
22:32:55 [ultranest] [DEBUG] iteration=734, ncalls=2527, regioncalls=37080, ndraw=40, logz=-1107.94, remainder_fraction=100.0000%, Lmin=-1101.12, Lmax=-109.05
22:32:55 [ultranest] [DEBUG] iteration=735, ncalls=2528, regioncalls=37120, ndraw=40, logz=-1107.63, remainder_fraction=100.0000%, Lmin=-1101.09, Lmax=-109.05
22:32:55 [ultranest] [DEBUG] iteration=737, ncalls=2532, regioncalls=37280, ndraw=40, logz=-1107.15, remainder_fraction=100.0000%, Lmin=-1098.86, Lmax=-109.05
22:32:55 [ultranest] [DEBUG] iteration=739, ncalls=2535, regioncalls=37400, ndraw=40, logz=-1105.27, remainder_fraction=100.0000%, Lmin=-1097.68, Lmax=-109.05
22:32:55 [ultranest] [DEBUG] iteration=742, ncalls=2538, regioncalls=37520, ndraw=40, logz=-1102.67, remainder_fraction=100.0000%, Lmin=-1094.35, Lmax=-109.05
22:32:55 [ultranest] [DEBUG] iteration=744, ncalls=2542, regioncalls=37680, ndraw=40, logz=-1101.11, remainder_fraction=100.0000%, Lmin=-1093.38, Lmax=-109.05
22:32:56 [ultranest] [DEBUG] iteration=748, ncalls=2546, regioncalls=37840, ndraw=40, logz=-1099.06, remainder_fraction=100.0000%, Lmin=-1090.34, Lmax=-109.05
22:32:56 [ultranest] [DEBUG] iteration=750, ncalls=2549, regioncalls=37960, ndraw=40, logz=-1097.31, remainder_fraction=100.0000%, Lmin=-1090.03, Lmax=-109.05
22:32:56 [ultranest] [DEBUG] iteration=754, ncalls=2554, regioncalls=38160, ndraw=40, logz=-1092.30, remainder_fraction=100.0000%, Lmin=-1085.30, Lmax=-109.05
22:32:56 [ultranest] [DEBUG] iteration=756, ncalls=2556, regioncalls=38240, ndraw=40, logz=-1091.24, remainder_fraction=100.0000%, Lmin=-1083.84, Lmax=-109.05
22:32:56 [ultranest] [DEBUG] iteration=757, ncalls=2558, regioncalls=38320, ndraw=40, logz=-1090.74, remainder_fraction=100.0000%, Lmin=-1083.65, Lmax=-109.05
22:32:56 [ultranest] [DEBUG] iteration=758, ncalls=2562, regioncalls=38480, ndraw=40, logz=-1090.36, remainder_fraction=100.0000%, Lmin=-1082.30, Lmax=-109.05
22:32:56 [ultranest] [DEBUG] iteration=760, ncalls=2564, regioncalls=38560, ndraw=40, logz=-1088.80, remainder_fraction=100.0000%, Lmin=-1081.20, Lmax=-109.05
22:32:57 [ultranest] [DEBUG] iteration=762, ncalls=2567, regioncalls=38680, ndraw=40, logz=-1087.86, remainder_fraction=100.0000%, Lmin=-1081.13, Lmax=-109.05
22:32:57 [ultranest] [DEBUG] iteration=765, ncalls=2571, regioncalls=38840, ndraw=40, logz=-1087.13, remainder_fraction=100.0000%, Lmin=-1080.46, Lmax=-109.05
22:32:57 [ultranest] [DEBUG] iteration=768, ncalls=2574, regioncalls=38960, ndraw=40, logz=-1085.96, remainder_fraction=100.0000%, Lmin=-1078.15, Lmax=-109.05
22:32:57 [ultranest] [DEBUG] iteration=770, ncalls=2577, regioncalls=39080, ndraw=40, logz=-1084.05, remainder_fraction=100.0000%, Lmin=-1076.19, Lmax=-109.05
22:32:57 [ultranest] [DEBUG] iteration=772, ncalls=2580, regioncalls=39200, ndraw=40, logz=-1082.29, remainder_fraction=100.0000%, Lmin=-1074.48, Lmax=-109.05
22:32:57 [ultranest] [DEBUG] iteration=776, ncalls=2586, regioncalls=39440, ndraw=40, logz=-1078.91, remainder_fraction=100.0000%, Lmin=-1068.38, Lmax=-109.05
22:32:58 [ultranest] [DEBUG] iteration=780, ncalls=2594, regioncalls=39760, ndraw=40, logz=-1073.09, remainder_fraction=100.0000%, Lmin=-1065.97, Lmax=-109.05
22:32:58 [ultranest] [DEBUG] iteration=782, ncalls=2597, regioncalls=39880, ndraw=40, logz=-1072.31, remainder_fraction=100.0000%, Lmin=-1065.29, Lmax=-109.05
22:32:58 [ultranest] [DEBUG] iteration=784, ncalls=2602, regioncalls=40080, ndraw=40, logz=-1071.50, remainder_fraction=100.0000%, Lmin=-1063.66, Lmax=-109.05
22:32:58 [ultranest] [DEBUG] iteration=786, ncalls=2606, regioncalls=40240, ndraw=40, logz=-1069.70, remainder_fraction=100.0000%, Lmin=-1062.10, Lmax=-109.05
22:32:58 [ultranest] [DEBUG] iteration=788, ncalls=2609, regioncalls=40360, ndraw=40, logz=-1068.76, remainder_fraction=100.0000%, Lmin=-1061.99, Lmax=-109.05
22:32:58 [ultranest] [DEBUG] iteration=792, ncalls=2613, regioncalls=40520, ndraw=40, logz=-1067.25, remainder_fraction=100.0000%, Lmin=-1060.32, Lmax=-109.05
22:32:58 [ultranest] [DEBUG] iteration=795, ncalls=2618, regioncalls=40720, ndraw=40, logz=-1066.12, remainder_fraction=100.0000%, Lmin=-1058.84, Lmax=-109.05
22:32:59 [ultranest] [DEBUG] iteration=797, ncalls=2624, regioncalls=40960, ndraw=40, logz=-1065.19, remainder_fraction=100.0000%, Lmin=-1058.20, Lmax=-109.05
23:30:28 [ultranest] [DEBUG] ReactiveNestedSampler: dims=8+0, resume=True, log_dir=/home/ljy/BettiCurveCosmo/Emulator/model-fof-rsdz/mcmc_result/nwLH-Recovery/48/combined, backend=hdf5, vectorized=False, nbootstraps=30, ndraw=128..65536
23:30:29 [ultranest] [DEBUG] Testing resume consistency: [-1.11173730e+03 -8.51088724e+02  0.00000000e+00  3.36594594e-01
  6.59526618e-01  8.39592966e-02  8.21610398e-01  8.24353155e-01
  6.62031005e-01  9.89045960e-01  9.76361228e-01  2.34637838e-01
  5.63810647e-02  5.33583719e-01  1.12864416e+00  9.29741262e-01
  6.62031005e-01 -7.06572424e-01  9.76361228e+01]: u=[0.33659459 0.65952662 0.0839593  0.8216104  0.82435315 0.66203101
 0.98904596 0.97636123] -> p=[ 2.34637838e-01  5.63810647e-02  5.33583719e-01  1.12864416e+00
  9.29741262e-01  6.62031005e-01 -7.06572424e-01  9.76361228e+01] -> L=-851.0887239422077 
23:30:29 [ultranest] [INFO] Resuming from 2316 stored points
23:30:29 [ultranest] [DEBUG] run_iter dlogz=0.5, dKL=0.5, frac_remain=0.10, Lepsilon=0.0010, min_ess=400
23:30:29 [ultranest] [DEBUG] max_iters=-1, max_ncalls=-1, max_num_improvement_loops=-1, min_num_live_points=1600, cluster_num_live_points=40
23:30:29 [ultranest] [DEBUG] minimal_widths_sequence: [(-inf, 1600.0), (inf, 1600.0)]
23:30:30 [ultranest] [DEBUG] iteration=0, ncalls=2498, regioncalls=0, ndraw=40, logz=-inf, remainder_fraction=100.0000%, Lmin=-42690.24, Lmax=-109.05
23:30:30 [ultranest] [DEBUG] iteration=26, ncalls=2498, regioncalls=0, ndraw=40, logz=-12971.66, remainder_fraction=100.0000%, Lmin=-12666.33, Lmax=-109.05
23:30:30 [ultranest] [DEBUG] iteration=52, ncalls=2498, regioncalls=0, ndraw=40, logz=-6213.21, remainder_fraction=100.0000%, Lmin=-5979.13, Lmax=-109.05
23:30:30 [ultranest] [DEBUG] iteration=77, ncalls=2498, regioncalls=0, ndraw=40, logz=-4714.81, remainder_fraction=100.0000%, Lmin=-4582.62, Lmax=-109.05
23:30:30 [ultranest] [DEBUG] iteration=103, ncalls=2498, regioncalls=0, ndraw=40, logz=-3621.76, remainder_fraction=100.0000%, Lmin=-3484.13, Lmax=-109.05
23:30:30 [ultranest] [DEBUG] iteration=129, ncalls=2498, regioncalls=0, ndraw=40, logz=-2963.98, remainder_fraction=100.0000%, Lmin=-2951.41, Lmax=-109.05
23:30:30 [ultranest] [DEBUG] iteration=155, ncalls=2498, regioncalls=0, ndraw=40, logz=-2571.64, remainder_fraction=100.0000%, Lmin=-2560.43, Lmax=-109.05
23:30:30 [ultranest] [DEBUG] iteration=160, ncalls=2498, regioncalls=0, ndraw=40, logz=-2516.52, remainder_fraction=100.0000%, Lmin=-2508.89, Lmax=-109.05
23:30:30 [ultranest] [DEBUG] iteration=186, ncalls=2498, regioncalls=0, ndraw=40, logz=-2298.01, remainder_fraction=100.0000%, Lmin=-2287.18, Lmax=-109.05
23:30:31 [ultranest] [DEBUG] iteration=212, ncalls=2498, regioncalls=0, ndraw=40, logz=-2060.18, remainder_fraction=100.0000%, Lmin=-2052.46, Lmax=-109.05
23:30:31 [ultranest] [DEBUG] iteration=227, ncalls=2498, regioncalls=0, ndraw=40, logz=-1992.44, remainder_fraction=100.0000%, Lmin=-1973.82, Lmax=-109.05
23:30:31 [ultranest] [DEBUG] iteration=253, ncalls=2498, regioncalls=0, ndraw=40, logz=-1910.32, remainder_fraction=100.0000%, Lmin=-1900.16, Lmax=-109.05
23:30:31 [ultranest] [DEBUG] iteration=283, ncalls=2498, regioncalls=0, ndraw=40, logz=-1792.99, remainder_fraction=100.0000%, Lmin=-1784.24, Lmax=-109.05
23:30:31 [ultranest] [DEBUG] iteration=301, ncalls=2498, regioncalls=0, ndraw=40, logz=-1730.97, remainder_fraction=100.0000%, Lmin=-1718.15, Lmax=-109.05
23:30:31 [ultranest] [DEBUG] iteration=320, ncalls=2498, regioncalls=0, ndraw=40, logz=-1674.67, remainder_fraction=100.0000%, Lmin=-1664.53, Lmax=-109.05
23:30:31 [ultranest] [DEBUG] iteration=343, ncalls=2498, regioncalls=0, ndraw=40, logz=-1619.81, remainder_fraction=100.0000%, Lmin=-1606.06, Lmax=-109.05
23:30:32 [ultranest] [DEBUG] iteration=358, ncalls=2498, regioncalls=0, ndraw=40, logz=-1575.37, remainder_fraction=100.0000%, Lmin=-1567.26, Lmax=-109.05
23:30:32 [ultranest] [DEBUG] iteration=376, ncalls=2498, regioncalls=0, ndraw=40, logz=-1532.89, remainder_fraction=100.0000%, Lmin=-1520.98, Lmax=-109.05
23:30:32 [ultranest] [DEBUG] iteration=381, ncalls=2498, regioncalls=0, ndraw=40, logz=-1521.33, remainder_fraction=100.0000%, Lmin=-1511.62, Lmax=-109.05
23:30:32 [ultranest] [DEBUG] iteration=404, ncalls=2498, regioncalls=0, ndraw=40, logz=-1479.79, remainder_fraction=100.0000%, Lmin=-1469.46, Lmax=-109.05
23:30:32 [ultranest] [DEBUG] iteration=424, ncalls=2498, regioncalls=0, ndraw=40, logz=-1444.12, remainder_fraction=100.0000%, Lmin=-1436.57, Lmax=-109.05
23:30:33 [ultranest] [DEBUG] iteration=451, ncalls=2498, regioncalls=0, ndraw=40, logz=-1406.40, remainder_fraction=100.0000%, Lmin=-1398.14, Lmax=-109.05
23:30:33 [ultranest] [DEBUG] iteration=480, ncalls=2498, regioncalls=0, ndraw=40, logz=-1363.76, remainder_fraction=100.0000%, Lmin=-1356.06, Lmax=-109.05
23:30:33 [ultranest] [DEBUG] iteration=507, ncalls=2498, regioncalls=0, ndraw=40, logz=-1332.09, remainder_fraction=100.0000%, Lmin=-1323.56, Lmax=-109.05
23:30:33 [ultranest] [DEBUG] iteration=535, ncalls=2498, regioncalls=0, ndraw=40, logz=-1293.46, remainder_fraction=100.0000%, Lmin=-1285.73, Lmax=-109.05
23:30:33 [ultranest] [DEBUG] iteration=565, ncalls=2498, regioncalls=0, ndraw=40, logz=-1261.18, remainder_fraction=100.0000%, Lmin=-1253.09, Lmax=-109.05
23:30:33 [ultranest] [DEBUG] iteration=590, ncalls=2498, regioncalls=0, ndraw=40, logz=-1231.76, remainder_fraction=100.0000%, Lmin=-1224.42, Lmax=-109.05
23:30:33 [ultranest] [DEBUG] iteration=621, ncalls=2498, regioncalls=0, ndraw=40, logz=-1204.12, remainder_fraction=100.0000%, Lmin=-1196.29, Lmax=-109.05
23:30:33 [ultranest] [DEBUG] iteration=639, ncalls=2498, regioncalls=0, ndraw=40, logz=-1182.47, remainder_fraction=100.0000%, Lmin=-1174.86, Lmax=-109.05
23:30:33 [ultranest] [DEBUG] iteration=640, ncalls=2498, regioncalls=0, ndraw=40, logz=-1181.86, remainder_fraction=100.0000%, Lmin=-1174.07, Lmax=-109.05
23:30:33 [ultranest] [DEBUG] iteration=657, ncalls=2498, regioncalls=0, ndraw=40, logz=-1167.02, remainder_fraction=100.0000%, Lmin=-1160.29, Lmax=-109.05
23:30:33 [ultranest] [DEBUG] iteration=685, ncalls=2498, regioncalls=0, ndraw=40, logz=-1145.52, remainder_fraction=100.0000%, Lmin=-1137.24, Lmax=-109.05
23:30:34 [ultranest] [DEBUG] iteration=708, ncalls=2498, regioncalls=0, ndraw=40, logz=-1123.91, remainder_fraction=100.0000%, Lmin=-1116.80, Lmax=-109.05
23:30:35 [ultranest] [DEBUG] iteration=716, ncalls=2500, regioncalls=80, ndraw=40, logz=-1118.79, remainder_fraction=100.0000%, Lmin=-1111.25, Lmax=-109.05
23:30:35 [ultranest] [DEBUG] iteration=717, ncalls=2501, regioncalls=120, ndraw=40, logz=-1118.23, remainder_fraction=100.0000%, Lmin=-1110.81, Lmax=-109.05
23:30:35 [ultranest] [DEBUG] iteration=718, ncalls=2502, regioncalls=160, ndraw=40, logz=-1117.72, remainder_fraction=100.0000%, Lmin=-1109.99, Lmax=-109.05
23:30:36 [ultranest] [DEBUG] iteration=719, ncalls=2504, regioncalls=240, ndraw=40, logz=-1117.08, remainder_fraction=100.0000%, Lmin=-1109.89, Lmax=-109.05
23:30:36 [ultranest] [DEBUG] iteration=720, ncalls=2507, regioncalls=360, ndraw=40, logz=-1116.65, remainder_fraction=100.0000%, Lmin=-1107.48, Lmax=-109.05
23:30:37 [ultranest] [DEBUG] iteration=721, ncalls=2508, regioncalls=400, ndraw=40, logz=-1115.08, remainder_fraction=100.0000%, Lmin=-1105.74, Lmax=-109.05
23:30:37 [ultranest] [DEBUG] iteration=722, ncalls=2509, regioncalls=440, ndraw=40, logz=-1113.37, remainder_fraction=100.0000%, Lmin=-1105.64, Lmax=-109.05
23:30:37 [ultranest] [DEBUG] iteration=724, ncalls=2511, regioncalls=520, ndraw=40, logz=-1112.16, remainder_fraction=100.0000%, Lmin=-1104.99, Lmax=-109.05
23:30:37 [ultranest] [DEBUG] iteration=725, ncalls=2512, regioncalls=560, ndraw=40, logz=-1111.74, remainder_fraction=100.0000%, Lmin=-1104.72, Lmax=-109.05
23:30:37 [ultranest] [DEBUG] iteration=726, ncalls=2515, regioncalls=680, ndraw=40, logz=-1111.37, remainder_fraction=100.0000%, Lmin=-1104.49, Lmax=-109.05
23:30:37 [ultranest] [DEBUG] iteration=729, ncalls=2518, regioncalls=800, ndraw=40, logz=-1110.19, remainder_fraction=100.0000%, Lmin=-1103.44, Lmax=-109.05
23:30:38 [ultranest] [DEBUG] iteration=730, ncalls=2519, regioncalls=840, ndraw=40, logz=-1109.90, remainder_fraction=100.0000%, Lmin=-1103.04, Lmax=-109.05
23:30:38 [ultranest] [DEBUG] iteration=732, ncalls=2522, regioncalls=960, ndraw=40, logz=-1108.95, remainder_fraction=100.0000%, Lmin=-1101.39, Lmax=-109.05
23:30:38 [ultranest] [DEBUG] iteration=733, ncalls=2524, regioncalls=1040, ndraw=40, logz=-1108.39, remainder_fraction=100.0000%, Lmin=-1101.12, Lmax=-109.05
23:30:38 [ultranest] [DEBUG] iteration=734, ncalls=2525, regioncalls=1080, ndraw=40, logz=-1107.94, remainder_fraction=100.0000%, Lmin=-1101.12, Lmax=-109.05
23:30:38 [ultranest] [DEBUG] iteration=736, ncalls=2528, regioncalls=1200, ndraw=40, logz=-1107.39, remainder_fraction=100.0000%, Lmin=-1100.87, Lmax=-109.05
23:30:39 [ultranest] [DEBUG] iteration=738, ncalls=2530, regioncalls=1280, ndraw=40, logz=-1106.21, remainder_fraction=100.0000%, Lmin=-1097.92, Lmax=-109.05
23:30:39 [ultranest] [DEBUG] iteration=740, ncalls=2534, regioncalls=1440, ndraw=40, logz=-1103.87, remainder_fraction=100.0000%, Lmin=-1095.28, Lmax=-109.05
23:30:39 [ultranest] [DEBUG] iteration=741, ncalls=2537, regioncalls=1560, ndraw=40, logz=-1102.73, remainder_fraction=100.0000%, Lmin=-1094.35, Lmax=-109.05
23:30:39 [ultranest] [DEBUG] iteration=743, ncalls=2540, regioncalls=1680, ndraw=40, logz=-1101.12, remainder_fraction=100.0000%, Lmin=-1093.38, Lmax=-109.05
23:30:40 [ultranest] [DEBUG] iteration=744, ncalls=2542, regioncalls=1760, ndraw=40, logz=-1100.48, remainder_fraction=100.0000%, Lmin=-1092.90, Lmax=-109.05
23:30:40 [ultranest] [DEBUG] iteration=746, ncalls=2545, regioncalls=1880, ndraw=40, logz=-1099.43, remainder_fraction=100.0000%, Lmin=-1092.41, Lmax=-109.05
23:30:40 [ultranest] [DEBUG] iteration=749, ncalls=2548, regioncalls=2000, ndraw=40, logz=-1097.31, remainder_fraction=100.0000%, Lmin=-1090.03, Lmax=-109.05
23:30:40 [ultranest] [DEBUG] iteration=750, ncalls=2550, regioncalls=2080, ndraw=40, logz=-1096.86, remainder_fraction=100.0000%, Lmin=-1085.81, Lmax=-109.05
23:30:40 [ultranest] [DEBUG] iteration=751, ncalls=2555, regioncalls=2280, ndraw=40, logz=-1093.61, remainder_fraction=100.0000%, Lmin=-1085.55, Lmax=-109.05
23:30:41 [ultranest] [DEBUG] iteration=752, ncalls=2557, regioncalls=2360, ndraw=40, logz=-1092.80, remainder_fraction=100.0000%, Lmin=-1085.38, Lmax=-109.05
23:30:41 [ultranest] [DEBUG] iteration=756, ncalls=2564, regioncalls=2640, ndraw=40, logz=-1090.74, remainder_fraction=100.0000%, Lmin=-1083.65, Lmax=-109.05
23:30:41 [ultranest] [DEBUG] iteration=758, ncalls=2567, regioncalls=2760, ndraw=40, logz=-1089.56, remainder_fraction=100.0000%, Lmin=-1081.59, Lmax=-109.05
23:30:41 [ultranest] [DEBUG] iteration=762, ncalls=2572, regioncalls=2960, ndraw=40, logz=-1087.58, remainder_fraction=100.0000%, Lmin=-1081.09, Lmax=-109.05
23:30:41 [ultranest] [DEBUG] iteration=765, ncalls=2577, regioncalls=3160, ndraw=40, logz=-1086.86, remainder_fraction=100.0000%, Lmin=-1079.95, Lmax=-109.05
23:30:42 [ultranest] [DEBUG] iteration=767, ncalls=2583, regioncalls=3400, ndraw=40, logz=-1085.96, remainder_fraction=100.0000%, Lmin=-1078.15, Lmax=-109.05
23:30:42 [ultranest] [DEBUG] iteration=769, ncalls=2587, regioncalls=3560, ndraw=40, logz=-1084.05, remainder_fraction=100.0000%, Lmin=-1076.43, Lmax=-109.05
23:30:42 [ultranest] [DEBUG] iteration=770, ncalls=2589, regioncalls=3640, ndraw=40, logz=-1083.47, remainder_fraction=100.0000%, Lmin=-1076.19, Lmax=-109.05
23:30:42 [ultranest] [DEBUG] iteration=772, ncalls=2594, regioncalls=3840, ndraw=40, logz=-1082.17, remainder_fraction=100.0000%, Lmin=-1074.48, Lmax=-109.05
23:30:42 [ultranest] [DEBUG] iteration=775, ncalls=2597, regioncalls=3960, ndraw=40, logz=-1079.95, remainder_fraction=100.0000%, Lmin=-1071.48, Lmax=-109.05
23:30:42 [ultranest] [DEBUG] iteration=777, ncalls=2599, regioncalls=4040, ndraw=40, logz=-1076.17, remainder_fraction=100.0000%, Lmin=-1066.45, Lmax=-109.05
23:30:42 [ultranest] [DEBUG] iteration=780, ncalls=2602, regioncalls=4160, ndraw=40, logz=-1073.09, remainder_fraction=100.0000%, Lmin=-1065.97, Lmax=-109.05
23:30:42 [ultranest] [DEBUG] iteration=782, ncalls=2604, regioncalls=4240, ndraw=40, logz=-1072.31, remainder_fraction=100.0000%, Lmin=-1065.29, Lmax=-109.05
23:30:43 [ultranest] [DEBUG] iteration=784, ncalls=2608, regioncalls=4400, ndraw=40, logz=-1071.50, remainder_fraction=100.0000%, Lmin=-1063.66, Lmax=-109.05
23:30:43 [ultranest] [DEBUG] iteration=786, ncalls=2611, regioncalls=4520, ndraw=40, logz=-1069.70, remainder_fraction=100.0000%, Lmin=-1062.10, Lmax=-109.05
23:30:43 [ultranest] [DEBUG] iteration=787, ncalls=2615, regioncalls=4680, ndraw=40, logz=-1069.13, remainder_fraction=100.0000%, Lmin=-1062.07, Lmax=-109.05
23:30:43 [ultranest] [DEBUG] iteration=790, ncalls=2618, regioncalls=4800, ndraw=40, logz=-1067.93, remainder_fraction=100.0000%, Lmin=-1060.32, Lmax=-109.05
23:30:43 [ultranest] [DEBUG] iteration=792, ncalls=2622, regioncalls=4960, ndraw=40, logz=-1066.96, remainder_fraction=100.0000%, Lmin=-1059.12, Lmax=-109.05
23:30:43 [ultranest] [DEBUG] iteration=795, ncalls=2627, regioncalls=5160, ndraw=40, logz=-1065.25, remainder_fraction=100.0000%, Lmin=-1058.20, Lmax=-109.05
23:30:44 [ultranest] [DEBUG] iteration=796, ncalls=2631, regioncalls=5320, ndraw=40, logz=-1064.89, remainder_fraction=100.0000%, Lmin=-1058.07, Lmax=-109.05
23:30:44 [ultranest] [DEBUG] iteration=798, ncalls=2634, regioncalls=5440, ndraw=40, logz=-1064.27, remainder_fraction=100.0000%, Lmin=-1057.60, Lmax=-109.05
23:30:44 [ultranest] [DEBUG] iteration=799, ncalls=2636, regioncalls=5520, ndraw=40, logz=-1064.01, remainder_fraction=100.0000%, Lmin=-1057.25, Lmax=-109.05
23:30:44 [ultranest] [DEBUG] iteration=800, ncalls=2637, regioncalls=5560, ndraw=40, logz=-1063.73, remainder_fraction=100.0000%, Lmin=-1057.10, Lmax=-109.05
23:30:44 [ultranest] [DEBUG] iteration=801, ncalls=2640, regioncalls=5680, ndraw=40, logz=-1063.47, remainder_fraction=100.0000%, Lmin=-1056.14, Lmax=-109.05
23:30:44 [ultranest] [DEBUG] iteration=802, ncalls=2642, regioncalls=5760, ndraw=40, logz=-1063.02, remainder_fraction=100.0000%, Lmin=-1055.54, Lmax=-109.05
23:30:45 [ultranest] [DEBUG] iteration=803, ncalls=2643, regioncalls=5800, ndraw=40, logz=-1062.50, remainder_fraction=100.0000%, Lmin=-1055.01, Lmax=-109.05
23:30:45 [ultranest] [DEBUG] iteration=805, ncalls=2645, regioncalls=5880, ndraw=40, logz=-1060.89, remainder_fraction=100.0000%, Lmin=-1053.19, Lmax=-109.05
23:30:45 [ultranest] [DEBUG] iteration=806, ncalls=2648, regioncalls=6000, ndraw=40, logz=-1060.28, remainder_fraction=100.0000%, Lmin=-1053.13, Lmax=-109.05
23:30:45 [ultranest] [DEBUG] iteration=807, ncalls=2650, regioncalls=6080, ndraw=40, logz=-1059.89, remainder_fraction=100.0000%, Lmin=-1053.09, Lmax=-109.05
23:30:45 [ultranest] [DEBUG] iteration=808, ncalls=2653, regioncalls=6200, ndraw=40, logz=-1059.60, remainder_fraction=100.0000%, Lmin=-1053.08, Lmax=-109.05
23:30:46 [ultranest] [DEBUG] iteration=810, ncalls=2656, regioncalls=6320, ndraw=40, logz=-1059.05, remainder_fraction=100.0000%, Lmin=-1051.91, Lmax=-109.05
23:30:46 [ultranest] [DEBUG] iteration=812, ncalls=2660, regioncalls=6480, ndraw=40, logz=-1058.27, remainder_fraction=100.0000%, Lmin=-1051.47, Lmax=-109.05
23:30:46 [ultranest] [DEBUG] iteration=813, ncalls=2663, regioncalls=6600, ndraw=40, logz=-1057.98, remainder_fraction=100.0000%, Lmin=-1051.27, Lmax=-109.05
23:30:46 [ultranest] [DEBUG] iteration=814, ncalls=2664, regioncalls=6640, ndraw=40, logz=-1057.71, remainder_fraction=100.0000%, Lmin=-1050.27, Lmax=-109.05
23:30:46 [ultranest] [DEBUG] iteration=815, ncalls=2665, regioncalls=6680, ndraw=40, logz=-1057.21, remainder_fraction=100.0000%, Lmin=-1049.86, Lmax=-109.05
23:30:47 [ultranest] [DEBUG] iteration=816, ncalls=2666, regioncalls=6720, ndraw=40, logz=-1056.75, remainder_fraction=100.0000%, Lmin=-1049.77, Lmax=-109.05
23:30:47 [ultranest] [DEBUG] iteration=818, ncalls=2668, regioncalls=6800, ndraw=40, logz=-1055.84, remainder_fraction=100.0000%, Lmin=-1047.84, Lmax=-109.05
23:30:47 [ultranest] [DEBUG] iteration=821, ncalls=2671, regioncalls=6920, ndraw=40, logz=-1053.98, remainder_fraction=100.0000%, Lmin=-1046.94, Lmax=-109.05
23:30:47 [ultranest] [DEBUG] iteration=823, ncalls=2673, regioncalls=7000, ndraw=40, logz=-1053.34, remainder_fraction=100.0000%, Lmin=-1046.54, Lmax=-109.05
23:30:47 [ultranest] [DEBUG] iteration=825, ncalls=2675, regioncalls=7080, ndraw=40, logz=-1052.68, remainder_fraction=100.0000%, Lmin=-1045.69, Lmax=-109.05
23:30:47 [ultranest] [DEBUG] iteration=827, ncalls=2678, regioncalls=7200, ndraw=40, logz=-1052.01, remainder_fraction=100.0000%, Lmin=-1044.68, Lmax=-109.05
23:30:47 [ultranest] [DEBUG] iteration=829, ncalls=2681, regioncalls=7320, ndraw=40, logz=-1051.24, remainder_fraction=100.0000%, Lmin=-1044.55, Lmax=-109.05
23:30:48 [ultranest] [DEBUG] iteration=830, ncalls=2685, regioncalls=7480, ndraw=40, logz=-1050.98, remainder_fraction=100.0000%, Lmin=-1043.50, Lmax=-109.05
23:30:48 [ultranest] [DEBUG] iteration=832, ncalls=2689, regioncalls=7640, ndraw=40, logz=-1050.00, remainder_fraction=100.0000%, Lmin=-1042.70, Lmax=-109.05
23:30:48 [ultranest] [DEBUG] iteration=835, ncalls=2693, regioncalls=7800, ndraw=40, logz=-1048.81, remainder_fraction=100.0000%, Lmin=-1041.38, Lmax=-109.05
23:30:48 [ultranest] [DEBUG] iteration=836, ncalls=2695, regioncalls=7880, ndraw=40, logz=-1048.32, remainder_fraction=100.0000%, Lmin=-1039.82, Lmax=-109.05
23:30:48 [ultranest] [DEBUG] iteration=838, ncalls=2700, regioncalls=8080, ndraw=40, logz=-1046.75, remainder_fraction=100.0000%, Lmin=-1039.16, Lmax=-109.05
23:30:48 [ultranest] [DEBUG] iteration=842, ncalls=2704, regioncalls=8240, ndraw=40, logz=-1044.67, remainder_fraction=100.0000%, Lmin=-1037.90, Lmax=-109.05
23:30:49 [ultranest] [DEBUG] iteration=844, ncalls=2707, regioncalls=8360, ndraw=40, logz=-1044.13, remainder_fraction=100.0000%, Lmin=-1036.02, Lmax=-109.05
23:30:49 [ultranest] [DEBUG] iteration=846, ncalls=2711, regioncalls=8520, ndraw=40, logz=-1042.74, remainder_fraction=100.0000%, Lmin=-1035.62, Lmax=-109.05
23:30:49 [ultranest] [DEBUG] iteration=848, ncalls=2716, regioncalls=8720, ndraw=40, logz=-1041.92, remainder_fraction=100.0000%, Lmin=-1034.42, Lmax=-109.05
23:30:49 [ultranest] [DEBUG] iteration=850, ncalls=2719, regioncalls=8840, ndraw=40, logz=-1041.00, remainder_fraction=100.0000%, Lmin=-1033.37, Lmax=-109.05
23:30:49 [ultranest] [DEBUG] iteration=851, ncalls=2720, regioncalls=8880, ndraw=40, logz=-1040.43, remainder_fraction=100.0000%, Lmin=-1033.02, Lmax=-109.05
23:30:49 [ultranest] [DEBUG] iteration=853, ncalls=2723, regioncalls=9000, ndraw=40, logz=-1039.60, remainder_fraction=100.0000%, Lmin=-1032.19, Lmax=-109.05
23:30:50 [ultranest] [DEBUG] iteration=854, ncalls=2724, regioncalls=9040, ndraw=40, logz=-1039.13, remainder_fraction=100.0000%, Lmin=-1031.27, Lmax=-109.05
23:30:50 [ultranest] [DEBUG] iteration=856, ncalls=2727, regioncalls=9160, ndraw=40, logz=-1037.98, remainder_fraction=100.0000%, Lmin=-1030.60, Lmax=-109.05
23:30:50 [ultranest] [DEBUG] iteration=860, ncalls=2731, regioncalls=9320, ndraw=40, logz=-1036.48, remainder_fraction=100.0000%, Lmin=-1029.36, Lmax=-109.05
23:30:50 [ultranest] [DEBUG] iteration=861, ncalls=2732, regioncalls=9360, ndraw=40, logz=-1036.10, remainder_fraction=100.0000%, Lmin=-1029.17, Lmax=-109.05
23:30:50 [ultranest] [DEBUG] iteration=862, ncalls=2734, regioncalls=9440, ndraw=40, logz=-1035.79, remainder_fraction=100.0000%, Lmin=-1028.56, Lmax=-109.05
23:30:50 [ultranest] [DEBUG] iteration=865, ncalls=2737, regioncalls=9560, ndraw=40, logz=-1034.83, remainder_fraction=100.0000%, Lmin=-1027.58, Lmax=-109.05
23:30:50 [ultranest] [DEBUG] iteration=868, ncalls=2741, regioncalls=9720, ndraw=40, logz=-1033.58, remainder_fraction=100.0000%, Lmin=-1026.25, Lmax=-109.05
23:30:51 [ultranest] [DEBUG] iteration=870, ncalls=2743, regioncalls=9800, ndraw=40, logz=-1032.67, remainder_fraction=100.0000%, Lmin=-1025.69, Lmax=-109.05
23:30:51 [ultranest] [DEBUG] iteration=871, ncalls=2747, regioncalls=9960, ndraw=40, logz=-1032.34, remainder_fraction=100.0000%, Lmin=-1025.01, Lmax=-109.05
23:30:51 [ultranest] [DEBUG] iteration=873, ncalls=2750, regioncalls=10080, ndraw=40, logz=-1031.50, remainder_fraction=100.0000%, Lmin=-1024.13, Lmax=-109.05
23:30:51 [ultranest] [DEBUG] iteration=874, ncalls=2754, regioncalls=10240, ndraw=40, logz=-1031.05, remainder_fraction=100.0000%, Lmin=-1023.95, Lmax=-109.05
23:30:51 [ultranest] [DEBUG] iteration=875, ncalls=2757, regioncalls=10360, ndraw=40, logz=-1030.68, remainder_fraction=100.0000%, Lmin=-1023.66, Lmax=-109.05
23:30:51 [ultranest] [DEBUG] iteration=876, ncalls=2760, regioncalls=10480, ndraw=40, logz=-1030.34, remainder_fraction=100.0000%, Lmin=-1022.72, Lmax=-109.05
23:30:52 [ultranest] [DEBUG] iteration=877, ncalls=2764, regioncalls=10640, ndraw=40, logz=-1029.79, remainder_fraction=100.0000%, Lmin=-1022.61, Lmax=-109.05
23:30:52 [ultranest] [DEBUG] iteration=879, ncalls=2766, regioncalls=10720, ndraw=40, logz=-1028.88, remainder_fraction=100.0000%, Lmin=-1021.70, Lmax=-109.05
23:30:52 [ultranest] [DEBUG] iteration=881, ncalls=2768, regioncalls=10800, ndraw=40, logz=-1028.10, remainder_fraction=100.0000%, Lmin=-1021.12, Lmax=-109.05
23:30:52 [ultranest] [DEBUG] iteration=883, ncalls=2770, regioncalls=10880, ndraw=40, logz=-1027.49, remainder_fraction=100.0000%, Lmin=-1020.04, Lmax=-109.05
23:30:52 [ultranest] [DEBUG] iteration=885, ncalls=2773, regioncalls=11000, ndraw=40, logz=-1026.60, remainder_fraction=100.0000%, Lmin=-1019.69, Lmax=-109.05
23:30:53 [ultranest] [DEBUG] iteration=887, ncalls=2776, regioncalls=11120, ndraw=40, logz=-1026.05, remainder_fraction=100.0000%, Lmin=-1018.97, Lmax=-109.05
23:30:53 [ultranest] [DEBUG] iteration=889, ncalls=2779, regioncalls=11240, ndraw=40, logz=-1025.40, remainder_fraction=100.0000%, Lmin=-1018.79, Lmax=-109.05
23:30:53 [ultranest] [DEBUG] iteration=891, ncalls=2782, regioncalls=11360, ndraw=40, logz=-1024.94, remainder_fraction=100.0000%, Lmin=-1017.78, Lmax=-109.05
23:30:53 [ultranest] [DEBUG] iteration=893, ncalls=2784, regioncalls=11440, ndraw=40, logz=-1024.27, remainder_fraction=100.0000%, Lmin=-1017.07, Lmax=-109.05
23:30:53 [ultranest] [DEBUG] iteration=896, ncalls=2787, regioncalls=11560, ndraw=40, logz=-1023.19, remainder_fraction=100.0000%, Lmin=-1016.41, Lmax=-109.05
23:30:53 [ultranest] [DEBUG] iteration=899, ncalls=2791, regioncalls=11720, ndraw=40, logz=-1022.17, remainder_fraction=100.0000%, Lmin=-1014.78, Lmax=-109.05
23:30:53 [ultranest] [DEBUG] iteration=900, ncalls=2793, regioncalls=11800, ndraw=40, logz=-1021.71, remainder_fraction=100.0000%, Lmin=-1014.75, Lmax=-109.05
23:30:53 [ultranest] [DEBUG] iteration=902, ncalls=2800, regioncalls=12080, ndraw=40, logz=-1021.14, remainder_fraction=100.0000%, Lmin=-1014.29, Lmax=-109.05
23:30:54 [ultranest] [DEBUG] iteration=903, ncalls=2805, regioncalls=12280, ndraw=40, logz=-1020.85, remainder_fraction=100.0000%, Lmin=-1013.82, Lmax=-109.05
23:30:54 [ultranest] [DEBUG] iteration=904, ncalls=2808, regioncalls=12400, ndraw=40, logz=-1020.51, remainder_fraction=100.0000%, Lmin=-1013.74, Lmax=-109.05
23:30:54 [ultranest] [DEBUG] iteration=905, ncalls=2809, regioncalls=12440, ndraw=40, logz=-1020.24, remainder_fraction=100.0000%, Lmin=-1013.56, Lmax=-109.05
23:30:54 [ultranest] [DEBUG] iteration=909, ncalls=2813, regioncalls=12600, ndraw=40, logz=-1019.25, remainder_fraction=100.0000%, Lmin=-1012.58, Lmax=-109.05
23:30:54 [ultranest] [DEBUG] iteration=910, ncalls=2814, regioncalls=12640, ndraw=40, logz=-1019.00, remainder_fraction=100.0000%, Lmin=-1012.16, Lmax=-109.05
23:30:54 [ultranest] [DEBUG] iteration=914, ncalls=2819, regioncalls=12840, ndraw=40, logz=-1017.55, remainder_fraction=100.0000%, Lmin=-1010.00, Lmax=-109.05
23:30:55 [ultranest] [DEBUG] iteration=916, ncalls=2821, regioncalls=12920, ndraw=40, logz=-1016.67, remainder_fraction=100.0000%, Lmin=-1009.64, Lmax=-109.05
23:30:55 [ultranest] [DEBUG] iteration=918, ncalls=2827, regioncalls=13160, ndraw=40, logz=-1015.96, remainder_fraction=100.0000%, Lmin=-1009.06, Lmax=-109.05
23:30:55 [ultranest] [DEBUG] iteration=920, ncalls=2830, regioncalls=13280, ndraw=40, logz=-1015.40, remainder_fraction=100.0000%, Lmin=-1008.27, Lmax=-109.05
23:30:55 [ultranest] [DEBUG] iteration=921, ncalls=2831, regioncalls=13320, ndraw=40, logz=-1015.04, remainder_fraction=100.0000%, Lmin=-1007.76, Lmax=-109.05
23:30:55 [ultranest] [DEBUG] iteration=923, ncalls=2835, regioncalls=13480, ndraw=40, logz=-1014.15, remainder_fraction=100.0000%, Lmin=-1006.86, Lmax=-109.05
23:30:56 [ultranest] [DEBUG] iteration=925, ncalls=2838, regioncalls=13600, ndraw=40, logz=-1013.42, remainder_fraction=100.0000%, Lmin=-1006.74, Lmax=-109.05
23:30:56 [ultranest] [DEBUG] iteration=926, ncalls=2840, regioncalls=13680, ndraw=40, logz=-1013.17, remainder_fraction=100.0000%, Lmin=-1006.59, Lmax=-109.05
23:30:56 [ultranest] [DEBUG] iteration=928, ncalls=2843, regioncalls=13800, ndraw=40, logz=-1012.76, remainder_fraction=100.0000%, Lmin=-1006.39, Lmax=-109.05
23:30:56 [ultranest] [DEBUG] iteration=930, ncalls=2847, regioncalls=13960, ndraw=40, logz=-1012.38, remainder_fraction=100.0000%, Lmin=-1005.02, Lmax=-109.05
23:30:57 [ultranest] [DEBUG] iteration=931, ncalls=2849, regioncalls=14040, ndraw=40, logz=-1011.94, remainder_fraction=100.0000%, Lmin=-1004.93, Lmax=-109.05
23:30:57 [ultranest] [DEBUG] iteration=932, ncalls=2851, regioncalls=14120, ndraw=40, logz=-1011.62, remainder_fraction=100.0000%, Lmin=-1004.92, Lmax=-109.05
23:30:57 [ultranest] [DEBUG] iteration=935, ncalls=2855, regioncalls=14280, ndraw=40, logz=-1010.84, remainder_fraction=100.0000%, Lmin=-1003.56, Lmax=-109.05
23:30:57 [ultranest] [DEBUG] iteration=938, ncalls=2858, regioncalls=14400, ndraw=40, logz=-1009.78, remainder_fraction=100.0000%, Lmin=-1003.13, Lmax=-109.05
23:30:57 [ultranest] [DEBUG] iteration=939, ncalls=2863, regioncalls=14600, ndraw=40, logz=-1009.54, remainder_fraction=100.0000%, Lmin=-1002.94, Lmax=-109.05
23:30:57 [ultranest] [DEBUG] iteration=941, ncalls=2866, regioncalls=14720, ndraw=40, logz=-1009.07, remainder_fraction=100.0000%, Lmin=-1002.41, Lmax=-109.05
23:30:58 [ultranest] [DEBUG] iteration=943, ncalls=2869, regioncalls=14840, ndraw=40, logz=-1008.38, remainder_fraction=100.0000%, Lmin=-1000.49, Lmax=-109.05
23:30:58 [ultranest] [DEBUG] iteration=944, ncalls=2872, regioncalls=14960, ndraw=40, logz=-1007.73, remainder_fraction=100.0000%, Lmin=-999.98, Lmax=-109.05
23:30:58 [ultranest] [DEBUG] iteration=945, ncalls=2874, regioncalls=15040, ndraw=40, logz=-1007.14, remainder_fraction=100.0000%, Lmin=-999.05, Lmax=-109.05
23:30:58 [ultranest] [DEBUG] iteration=947, ncalls=2878, regioncalls=15200, ndraw=40, logz=-1005.02, remainder_fraction=100.0000%, Lmin=-997.34, Lmax=-109.05
23:30:58 [ultranest] [DEBUG] iteration=950, ncalls=2882, regioncalls=15360, ndraw=40, logz=-1003.67, remainder_fraction=100.0000%, Lmin=-996.36, Lmax=-109.05
23:30:58 [ultranest] [DEBUG] iteration=952, ncalls=2884, regioncalls=15440, ndraw=40, logz=-1002.94, remainder_fraction=100.0000%, Lmin=-995.31, Lmax=-109.05
23:30:58 [ultranest] [DEBUG] iteration=954, ncalls=2887, regioncalls=15560, ndraw=40, logz=-1001.46, remainder_fraction=100.0000%, Lmin=-993.86, Lmax=-109.05
23:30:59 [ultranest] [DEBUG] iteration=956, ncalls=2890, regioncalls=15680, ndraw=40, logz=-1000.55, remainder_fraction=100.0000%, Lmin=-993.67, Lmax=-109.05
23:30:59 [ultranest] [DEBUG] iteration=957, ncalls=2891, regioncalls=15720, ndraw=40, logz=-1000.26, remainder_fraction=100.0000%, Lmin=-993.00, Lmax=-109.05
23:30:59 [ultranest] [DEBUG] iteration=958, ncalls=2897, regioncalls=15960, ndraw=40, logz=-999.86, remainder_fraction=100.0000%, Lmin=-992.57, Lmax=-109.05
23:30:59 [ultranest] [DEBUG] iteration=960, ncalls=2901, regioncalls=16120, ndraw=40, logz=-999.08, remainder_fraction=100.0000%, Lmin=-992.22, Lmax=-109.05
23:30:59 [ultranest] [DEBUG] iteration=962, ncalls=2904, regioncalls=16240, ndraw=40, logz=-998.53, remainder_fraction=100.0000%, Lmin=-991.20, Lmax=-109.05
23:30:59 [ultranest] [DEBUG] iteration=963, ncalls=2906, regioncalls=16320, ndraw=40, logz=-998.11, remainder_fraction=100.0000%, Lmin=-990.89, Lmax=-109.05
23:30:59 [ultranest] [DEBUG] iteration=967, ncalls=2910, regioncalls=16480, ndraw=40, logz=-996.66, remainder_fraction=100.0000%, Lmin=-990.01, Lmax=-109.05
23:31:00 [ultranest] [DEBUG] iteration=969, ncalls=2913, regioncalls=16600, ndraw=40, logz=-996.18, remainder_fraction=100.0000%, Lmin=-989.61, Lmax=-109.05
23:31:00 [ultranest] [DEBUG] iteration=970, ncalls=2915, regioncalls=16680, ndraw=40, logz=-995.96, remainder_fraction=100.0000%, Lmin=-989.45, Lmax=-109.05
23:31:00 [ultranest] [DEBUG] iteration=972, ncalls=2920, regioncalls=16880, ndraw=40, logz=-995.54, remainder_fraction=100.0000%, Lmin=-988.39, Lmax=-109.05
23:31:00 [ultranest] [DEBUG] iteration=973, ncalls=2922, regioncalls=16960, ndraw=40, logz=-995.18, remainder_fraction=100.0000%, Lmin=-988.01, Lmax=-109.05
23:31:00 [ultranest] [DEBUG] iteration=974, ncalls=2923, regioncalls=17000, ndraw=40, logz=-994.82, remainder_fraction=100.0000%, Lmin=-987.71, Lmax=-109.05
23:31:00 [ultranest] [DEBUG] iteration=975, ncalls=2924, regioncalls=17040, ndraw=40, logz=-994.47, remainder_fraction=100.0000%, Lmin=-987.68, Lmax=-109.05
23:31:00 [ultranest] [DEBUG] iteration=976, ncalls=2927, regioncalls=17160, ndraw=40, logz=-994.21, remainder_fraction=100.0000%, Lmin=-987.26, Lmax=-109.05
23:31:01 [ultranest] [DEBUG] iteration=978, ncalls=2931, regioncalls=17320, ndraw=40, logz=-993.66, remainder_fraction=100.0000%, Lmin=-987.06, Lmax=-109.05
23:31:01 [ultranest] [DEBUG] iteration=981, ncalls=2935, regioncalls=17480, ndraw=40, logz=-993.04, remainder_fraction=100.0000%, Lmin=-986.58, Lmax=-109.05
23:31:01 [ultranest] [DEBUG] iteration=983, ncalls=2939, regioncalls=17640, ndraw=40, logz=-992.55, remainder_fraction=100.0000%, Lmin=-985.80, Lmax=-109.05
23:31:01 [ultranest] [DEBUG] iteration=985, ncalls=2943, regioncalls=17800, ndraw=40, logz=-992.06, remainder_fraction=100.0000%, Lmin=-985.56, Lmax=-109.05
23:31:01 [ultranest] [DEBUG] iteration=986, ncalls=2945, regioncalls=17880, ndraw=40, logz=-991.85, remainder_fraction=100.0000%, Lmin=-985.12, Lmax=-109.05
23:31:01 [ultranest] [DEBUG] iteration=988, ncalls=2950, regioncalls=18080, ndraw=40, logz=-991.27, remainder_fraction=100.0000%, Lmin=-983.73, Lmax=-109.05
23:31:02 [ultranest] [DEBUG] iteration=990, ncalls=2955, regioncalls=18280, ndraw=40, logz=-990.39, remainder_fraction=100.0000%, Lmin=-983.45, Lmax=-109.05
23:31:02 [ultranest] [DEBUG] iteration=991, ncalls=2957, regioncalls=18360, ndraw=40, logz=-990.09, remainder_fraction=100.0000%, Lmin=-983.28, Lmax=-109.05
23:31:02 [ultranest] [DEBUG] iteration=993, ncalls=2960, regioncalls=18480, ndraw=40, logz=-989.48, remainder_fraction=100.0000%, Lmin=-982.35, Lmax=-109.05
23:31:02 [ultranest] [DEBUG] iteration=995, ncalls=2963, regioncalls=18600, ndraw=40, logz=-988.76, remainder_fraction=100.0000%, Lmin=-981.40, Lmax=-109.05
23:31:02 [ultranest] [DEBUG] iteration=996, ncalls=2965, regioncalls=18680, ndraw=40, logz=-988.34, remainder_fraction=100.0000%, Lmin=-981.05, Lmax=-109.05
23:31:03 [ultranest] [DEBUG] iteration=999, ncalls=2969, regioncalls=18840, ndraw=40, logz=-987.34, remainder_fraction=100.0000%, Lmin=-980.46, Lmax=-109.05
23:31:03 [ultranest] [DEBUG] iteration=1001, ncalls=2971, regioncalls=18920, ndraw=40, logz=-986.71, remainder_fraction=100.0000%, Lmin=-979.65, Lmax=-109.05
23:31:03 [ultranest] [DEBUG] iteration=1004, ncalls=2974, regioncalls=19040, ndraw=40, logz=-985.91, remainder_fraction=100.0000%, Lmin=-979.29, Lmax=-109.05
23:31:03 [ultranest] [DEBUG] iteration=1006, ncalls=2976, regioncalls=19120, ndraw=40, logz=-985.45, remainder_fraction=100.0000%, Lmin=-978.74, Lmax=-109.05
23:31:03 [ultranest] [DEBUG] iteration=1008, ncalls=2979, regioncalls=19240, ndraw=40, logz=-984.99, remainder_fraction=100.0000%, Lmin=-978.60, Lmax=-109.05
23:31:03 [ultranest] [DEBUG] iteration=1010, ncalls=2981, regioncalls=19320, ndraw=40, logz=-984.64, remainder_fraction=100.0000%, Lmin=-977.93, Lmax=-109.05
23:31:03 [ultranest] [DEBUG] iteration=1012, ncalls=2987, regioncalls=19560, ndraw=40, logz=-984.19, remainder_fraction=100.0000%, Lmin=-977.83, Lmax=-109.05
23:31:04 [ultranest] [DEBUG] iteration=1014, ncalls=2990, regioncalls=19680, ndraw=40, logz=-983.84, remainder_fraction=100.0000%, Lmin=-977.41, Lmax=-109.05
23:31:04 [ultranest] [DEBUG] iteration=1016, ncalls=2992, regioncalls=19760, ndraw=40, logz=-983.45, remainder_fraction=100.0000%, Lmin=-977.07, Lmax=-109.05
23:31:04 [ultranest] [DEBUG] iteration=1018, ncalls=2995, regioncalls=19880, ndraw=40, logz=-983.04, remainder_fraction=100.0000%, Lmin=-976.51, Lmax=-109.05
23:31:04 [ultranest] [DEBUG] iteration=1020, ncalls=2998, regioncalls=20000, ndraw=40, logz=-982.57, remainder_fraction=100.0000%, Lmin=-975.92, Lmax=-109.05
23:31:04 [ultranest] [DEBUG] iteration=1022, ncalls=3000, regioncalls=20080, ndraw=40, logz=-981.47, remainder_fraction=100.0000%, Lmin=-973.38, Lmax=-109.05
23:31:04 [ultranest] [DEBUG] iteration=1024, ncalls=3002, regioncalls=20160, ndraw=40, logz=-980.25, remainder_fraction=100.0000%, Lmin=-972.63, Lmax=-109.05
23:31:05 [ultranest] [DEBUG] iteration=1026, ncalls=3005, regioncalls=20280, ndraw=40, logz=-979.36, remainder_fraction=100.0000%, Lmin=-972.26, Lmax=-109.05
23:31:05 [ultranest] [DEBUG] iteration=1027, ncalls=3009, regioncalls=20440, ndraw=40, logz=-979.03, remainder_fraction=100.0000%, Lmin=-971.81, Lmax=-109.05
23:31:05 [ultranest] [DEBUG] iteration=1029, ncalls=3011, regioncalls=20520, ndraw=40, logz=-978.38, remainder_fraction=100.0000%, Lmin=-971.76, Lmax=-109.05
23:31:05 [ultranest] [DEBUG] iteration=1031, ncalls=3016, regioncalls=20720, ndraw=40, logz=-977.66, remainder_fraction=100.0000%, Lmin=-970.45, Lmax=-109.05
23:31:05 [ultranest] [DEBUG] iteration=1033, ncalls=3020, regioncalls=20880, ndraw=40, logz=-976.95, remainder_fraction=100.0000%, Lmin=-969.77, Lmax=-109.05
23:31:06 [ultranest] [DEBUG] iteration=1034, ncalls=3022, regioncalls=20960, ndraw=40, logz=-976.60, remainder_fraction=100.0000%, Lmin=-969.72, Lmax=-109.05
23:31:06 [ultranest] [DEBUG] iteration=1035, ncalls=3025, regioncalls=21080, ndraw=40, logz=-976.32, remainder_fraction=100.0000%, Lmin=-969.44, Lmax=-109.05
23:31:06 [ultranest] [DEBUG] iteration=1036, ncalls=3027, regioncalls=21160, ndraw=40, logz=-976.04, remainder_fraction=100.0000%, Lmin=-969.43, Lmax=-109.05
23:31:06 [ultranest] [DEBUG] iteration=1037, ncalls=3029, regioncalls=21240, ndraw=40, logz=-975.83, remainder_fraction=100.0000%, Lmin=-969.41, Lmax=-109.05
23:31:07 [ultranest] [DEBUG] iteration=1038, ncalls=3033, regioncalls=21400, ndraw=40, logz=-975.64, remainder_fraction=100.0000%, Lmin=-968.99, Lmax=-109.05
23:31:07 [ultranest] [DEBUG] iteration=1039, ncalls=3036, regioncalls=21520, ndraw=40, logz=-975.42, remainder_fraction=100.0000%, Lmin=-968.98, Lmax=-109.05
23:31:07 [ultranest] [DEBUG] iteration=1040, ncalls=3039, regioncalls=21640, ndraw=40, logz=-975.23, remainder_fraction=100.0000%, Lmin=-968.82, Lmax=-109.05
23:31:07 [ultranest] [DEBUG] iteration=1041, ncalls=3040, regioncalls=21680, ndraw=40, logz=-975.05, remainder_fraction=100.0000%, Lmin=-968.59, Lmax=-109.05
23:31:07 [ultranest] [DEBUG] iteration=1042, ncalls=3041, regioncalls=21720, ndraw=40, logz=-974.86, remainder_fraction=100.0000%, Lmin=-967.90, Lmax=-109.05
23:31:08 [ultranest] [DEBUG] iteration=1044, ncalls=3044, regioncalls=21840, ndraw=40, logz=-974.33, remainder_fraction=100.0000%, Lmin=-967.56, Lmax=-109.05
23:31:08 [ultranest] [DEBUG] iteration=1045, ncalls=3045, regioncalls=21880, ndraw=40, logz=-974.08, remainder_fraction=100.0000%, Lmin=-967.55, Lmax=-109.05
23:31:08 [ultranest] [DEBUG] iteration=1047, ncalls=3047, regioncalls=21960, ndraw=40, logz=-973.71, remainder_fraction=100.0000%, Lmin=-966.57, Lmax=-109.05
23:31:08 [ultranest] [DEBUG] iteration=1048, ncalls=3049, regioncalls=22040, ndraw=40, logz=-973.37, remainder_fraction=100.0000%, Lmin=-966.44, Lmax=-109.05
23:31:08 [ultranest] [DEBUG] iteration=1051, ncalls=3053, regioncalls=22200, ndraw=40, logz=-972.65, remainder_fraction=100.0000%, Lmin=-966.03, Lmax=-109.05
23:31:08 [ultranest] [DEBUG] iteration=1054, ncalls=3057, regioncalls=22360, ndraw=40, logz=-972.07, remainder_fraction=100.0000%, Lmin=-965.51, Lmax=-109.05
23:31:09 [ultranest] [DEBUG] iteration=1055, ncalls=3060, regioncalls=22480, ndraw=40, logz=-971.87, remainder_fraction=100.0000%, Lmin=-965.24, Lmax=-109.05
23:31:09 [ultranest] [DEBUG] iteration=1056, ncalls=3066, regioncalls=22720, ndraw=40, logz=-971.65, remainder_fraction=100.0000%, Lmin=-964.98, Lmax=-109.05
23:31:09 [ultranest] [DEBUG] iteration=1058, ncalls=3068, regioncalls=22800, ndraw=40, logz=-971.19, remainder_fraction=100.0000%, Lmin=-964.29, Lmax=-109.05
23:31:09 [ultranest] [DEBUG] iteration=1059, ncalls=3070, regioncalls=22880, ndraw=40, logz=-970.91, remainder_fraction=100.0000%, Lmin=-964.18, Lmax=-109.05
23:31:09 [ultranest] [DEBUG] iteration=1062, ncalls=3074, regioncalls=23040, ndraw=40, logz=-970.16, remainder_fraction=100.0000%, Lmin=-963.07, Lmax=-109.05
23:31:09 [ultranest] [DEBUG] iteration=1063, ncalls=3079, regioncalls=23240, ndraw=40, logz=-969.83, remainder_fraction=100.0000%, Lmin=-962.96, Lmax=-109.05
23:31:09 [ultranest] [DEBUG] iteration=1065, ncalls=3083, regioncalls=23400, ndraw=40, logz=-969.32, remainder_fraction=100.0000%, Lmin=-962.71, Lmax=-109.05
23:31:10 [ultranest] [DEBUG] iteration=1066, ncalls=3087, regioncalls=23560, ndraw=40, logz=-969.11, remainder_fraction=100.0000%, Lmin=-962.22, Lmax=-109.05
23:31:10 [ultranest] [DEBUG] iteration=1067, ncalls=3093, regioncalls=23800, ndraw=40, logz=-968.84, remainder_fraction=100.0000%, Lmin=-961.42, Lmax=-109.05
23:31:10 [ultranest] [DEBUG] iteration=1069, ncalls=3099, regioncalls=24040, ndraw=40, logz=-968.10, remainder_fraction=100.0000%, Lmin=-961.31, Lmax=-109.05
23:31:10 [ultranest] [DEBUG] iteration=1071, ncalls=3104, regioncalls=24240, ndraw=40, logz=-967.64, remainder_fraction=100.0000%, Lmin=-960.88, Lmax=-109.05
23:31:11 [ultranest] [DEBUG] iteration=1072, ncalls=3112, regioncalls=24560, ndraw=40, logz=-967.40, remainder_fraction=100.0000%, Lmin=-960.80, Lmax=-109.05
23:31:12 [ultranest] [DEBUG] iteration=1074, ncalls=3115, regioncalls=24680, ndraw=40, logz=-967.01, remainder_fraction=100.0000%, Lmin=-960.65, Lmax=-109.05
23:31:12 [ultranest] [DEBUG] iteration=1076, ncalls=3118, regioncalls=24800, ndraw=40, logz=-966.67, remainder_fraction=100.0000%, Lmin=-960.38, Lmax=-109.05
23:31:12 [ultranest] [DEBUG] iteration=1077, ncalls=3120, regioncalls=24880, ndraw=40, logz=-966.51, remainder_fraction=100.0000%, Lmin=-960.26, Lmax=-109.05
23:31:12 [ultranest] [DEBUG] iteration=1078, ncalls=3124, regioncalls=25040, ndraw=40, logz=-966.36, remainder_fraction=100.0000%, Lmin=-959.81, Lmax=-109.05
23:31:13 [ultranest] [DEBUG] iteration=1081, ncalls=3127, regioncalls=25160, ndraw=40, logz=-965.78, remainder_fraction=100.0000%, Lmin=-959.33, Lmax=-109.05
23:31:13 [ultranest] [DEBUG] iteration=1083, ncalls=3129, regioncalls=25240, ndraw=40, logz=-965.43, remainder_fraction=100.0000%, Lmin=-959.12, Lmax=-109.05
23:31:13 [ultranest] [DEBUG] iteration=1085, ncalls=3135, regioncalls=25480, ndraw=40, logz=-965.06, remainder_fraction=100.0000%, Lmin=-958.65, Lmax=-109.05
23:31:13 [ultranest] [DEBUG] iteration=1087, ncalls=3138, regioncalls=25600, ndraw=40, logz=-964.67, remainder_fraction=100.0000%, Lmin=-957.45, Lmax=-109.05
23:31:13 [ultranest] [DEBUG] iteration=1089, ncalls=3142, regioncalls=25760, ndraw=40, logz=-964.02, remainder_fraction=100.0000%, Lmin=-956.83, Lmax=-109.05
23:31:14 [ultranest] [DEBUG] iteration=1092, ncalls=3149, regioncalls=26040, ndraw=40, logz=-963.15, remainder_fraction=100.0000%, Lmin=-956.13, Lmax=-109.05
23:31:14 [ultranest] [DEBUG] iteration=1093, ncalls=3152, regioncalls=26160, ndraw=40, logz=-962.84, remainder_fraction=100.0000%, Lmin=-955.81, Lmax=-109.05
23:31:14 [ultranest] [DEBUG] iteration=1095, ncalls=3155, regioncalls=26280, ndraw=40, logz=-962.30, remainder_fraction=100.0000%, Lmin=-955.74, Lmax=-109.05
23:31:14 [ultranest] [DEBUG] iteration=1096, ncalls=3157, regioncalls=26360, ndraw=40, logz=-962.10, remainder_fraction=100.0000%, Lmin=-955.72, Lmax=-109.05
23:31:15 [ultranest] [DEBUG] iteration=1097, ncalls=3160, regioncalls=26480, ndraw=40, logz=-961.93, remainder_fraction=100.0000%, Lmin=-955.24, Lmax=-109.05
23:31:15 [ultranest] [DEBUG] iteration=1098, ncalls=3161, regioncalls=26520, ndraw=40, logz=-961.70, remainder_fraction=100.0000%, Lmin=-955.09, Lmax=-109.05
23:31:15 [ultranest] [DEBUG] iteration=1099, ncalls=3162, regioncalls=26560, ndraw=40, logz=-961.49, remainder_fraction=100.0000%, Lmin=-954.73, Lmax=-109.05
23:31:15 [ultranest] [DEBUG] iteration=1100, ncalls=3165, regioncalls=26680, ndraw=40, logz=-961.25, remainder_fraction=100.0000%, Lmin=-954.67, Lmax=-109.05
23:31:15 [ultranest] [DEBUG] iteration=1103, ncalls=3171, regioncalls=26920, ndraw=40, logz=-960.65, remainder_fraction=100.0000%, Lmin=-953.87, Lmax=-109.05
23:31:15 [ultranest] [DEBUG] iteration=1105, ncalls=3176, regioncalls=27120, ndraw=40, logz=-960.19, remainder_fraction=100.0000%, Lmin=-953.75, Lmax=-109.05
23:31:16 [ultranest] [DEBUG] iteration=1107, ncalls=3179, regioncalls=27240, ndraw=40, logz=-959.72, remainder_fraction=100.0000%, Lmin=-952.69, Lmax=-109.05
23:31:16 [ultranest] [DEBUG] iteration=1108, ncalls=3182, regioncalls=27360, ndraw=40, logz=-959.42, remainder_fraction=100.0000%, Lmin=-952.64, Lmax=-109.05
23:31:16 [ultranest] [DEBUG] iteration=1110, ncalls=3186, regioncalls=27520, ndraw=40, logz=-958.94, remainder_fraction=100.0000%, Lmin=-952.07, Lmax=-109.05
23:31:16 [ultranest] [DEBUG] iteration=1113, ncalls=3190, regioncalls=27680, ndraw=40, logz=-958.23, remainder_fraction=100.0000%, Lmin=-951.65, Lmax=-109.05
23:31:16 [ultranest] [DEBUG] iteration=1116, ncalls=3194, regioncalls=27840, ndraw=40, logz=-957.70, remainder_fraction=100.0000%, Lmin=-951.40, Lmax=-109.05
23:31:16 [ultranest] [DEBUG] iteration=1117, ncalls=3197, regioncalls=27960, ndraw=40, logz=-957.54, remainder_fraction=100.0000%, Lmin=-951.11, Lmax=-109.05
23:31:16 [ultranest] [DEBUG] iteration=1119, ncalls=3199, regioncalls=28040, ndraw=40, logz=-957.18, remainder_fraction=100.0000%, Lmin=-950.57, Lmax=-109.05
23:31:17 [ultranest] [DEBUG] iteration=1120, ncalls=3200, regioncalls=28080, ndraw=40, logz=-956.98, remainder_fraction=100.0000%, Lmin=-950.57, Lmax=-109.05
23:31:17 [ultranest] [DEBUG] iteration=1122, ncalls=3205, regioncalls=28280, ndraw=40, logz=-956.64, remainder_fraction=100.0000%, Lmin=-950.30, Lmax=-109.05
23:31:17 [ultranest] [DEBUG] iteration=1124, ncalls=3208, regioncalls=28400, ndraw=40, logz=-956.32, remainder_fraction=100.0000%, Lmin=-950.00, Lmax=-109.05
23:31:17 [ultranest] [DEBUG] iteration=1127, ncalls=3213, regioncalls=28600, ndraw=40, logz=-955.87, remainder_fraction=100.0000%, Lmin=-949.60, Lmax=-109.05
23:31:17 [ultranest] [DEBUG] iteration=1131, ncalls=3220, regioncalls=28880, ndraw=40, logz=-955.03, remainder_fraction=100.0000%, Lmin=-948.47, Lmax=-109.05
23:31:17 [ultranest] [DEBUG] iteration=1133, ncalls=3224, regioncalls=29040, ndraw=40, logz=-954.58, remainder_fraction=100.0000%, Lmin=-946.94, Lmax=-109.05
23:31:17 [ultranest] [DEBUG] iteration=1135, ncalls=3227, regioncalls=29160, ndraw=40, logz=-953.75, remainder_fraction=100.0000%, Lmin=-946.45, Lmax=-109.05
23:31:18 [ultranest] [DEBUG] iteration=1138, ncalls=3233, regioncalls=29400, ndraw=40, logz=-952.85, remainder_fraction=100.0000%, Lmin=-946.24, Lmax=-109.05
23:31:18 [ultranest] [DEBUG] iteration=1142, ncalls=3243, regioncalls=29800, ndraw=40, logz=-952.09, remainder_fraction=100.0000%, Lmin=-945.55, Lmax=-109.05
23:31:18 [ultranest] [DEBUG] iteration=1144, ncalls=3247, regioncalls=29960, ndraw=40, logz=-951.69, remainder_fraction=100.0000%, Lmin=-945.22, Lmax=-109.05
23:31:18 [ultranest] [DEBUG] iteration=1146, ncalls=3252, regioncalls=30160, ndraw=40, logz=-951.35, remainder_fraction=100.0000%, Lmin=-944.77, Lmax=-109.05
23:31:18 [ultranest] [DEBUG] iteration=1147, ncalls=3254, regioncalls=30240, ndraw=40, logz=-951.16, remainder_fraction=100.0000%, Lmin=-944.63, Lmax=-109.05
23:31:18 [ultranest] [DEBUG] iteration=1148, ncalls=3257, regioncalls=30360, ndraw=40, logz=-950.97, remainder_fraction=100.0000%, Lmin=-944.56, Lmax=-109.05
23:31:18 [ultranest] [DEBUG] iteration=1149, ncalls=3258, regioncalls=30400, ndraw=40, logz=-950.80, remainder_fraction=100.0000%, Lmin=-943.96, Lmax=-109.05
23:31:19 [ultranest] [DEBUG] iteration=1151, ncalls=3260, regioncalls=30480, ndraw=40, logz=-950.16, remainder_fraction=100.0000%, Lmin=-943.17, Lmax=-109.05
23:31:19 [ultranest] [DEBUG] iteration=1152, ncalls=3262, regioncalls=30560, ndraw=40, logz=-949.87, remainder_fraction=100.0000%, Lmin=-942.57, Lmax=-109.05
23:31:19 [ultranest] [DEBUG] iteration=1154, ncalls=3269, regioncalls=30840, ndraw=40, logz=-949.16, remainder_fraction=100.0000%, Lmin=-942.19, Lmax=-109.05
23:31:19 [ultranest] [DEBUG] iteration=1157, ncalls=3274, regioncalls=31040, ndraw=40, logz=-948.37, remainder_fraction=100.0000%, Lmin=-941.49, Lmax=-109.05
23:31:19 [ultranest] [DEBUG] iteration=1159, ncalls=3277, regioncalls=31160, ndraw=40, logz=-947.86, remainder_fraction=100.0000%, Lmin=-941.20, Lmax=-109.05
23:31:19 [ultranest] [DEBUG] iteration=1160, ncalls=3285, regioncalls=31480, ndraw=40, logz=-947.65, remainder_fraction=100.0000%, Lmin=-940.89, Lmax=-109.05
23:31:20 [ultranest] [DEBUG] iteration=1161, ncalls=3289, regioncalls=31640, ndraw=40, logz=-947.42, remainder_fraction=100.0000%, Lmin=-940.72, Lmax=-109.05
23:31:20 [ultranest] [DEBUG] iteration=1163, ncalls=3292, regioncalls=31760, ndraw=40, logz=-946.99, remainder_fraction=100.0000%, Lmin=-940.37, Lmax=-109.05
23:31:20 [ultranest] [DEBUG] iteration=1164, ncalls=3298, regioncalls=32000, ndraw=40, logz=-946.79, remainder_fraction=100.0000%, Lmin=-940.12, Lmax=-109.05
23:31:20 [ultranest] [DEBUG] iteration=1166, ncalls=3301, regioncalls=32120, ndraw=40, logz=-946.37, remainder_fraction=100.0000%, Lmin=-939.62, Lmax=-109.05
23:31:20 [ultranest] [DEBUG] iteration=1167, ncalls=3303, regioncalls=32200, ndraw=40, logz=-946.14, remainder_fraction=100.0000%, Lmin=-939.50, Lmax=-109.05
23:31:20 [ultranest] [DEBUG] iteration=1168, ncalls=3306, regioncalls=32320, ndraw=40, logz=-945.94, remainder_fraction=100.0000%, Lmin=-939.16, Lmax=-109.05
23:31:21 [ultranest] [DEBUG] iteration=1170, ncalls=3310, regioncalls=32480, ndraw=40, logz=-945.51, remainder_fraction=100.0000%, Lmin=-938.84, Lmax=-109.05
23:31:21 [ultranest] [DEBUG] iteration=1172, ncalls=3313, regioncalls=32600, ndraw=40, logz=-945.10, remainder_fraction=100.0000%, Lmin=-938.53, Lmax=-109.05
23:31:21 [ultranest] [DEBUG] iteration=1174, ncalls=3315, regioncalls=32680, ndraw=40, logz=-944.73, remainder_fraction=100.0000%, Lmin=-938.17, Lmax=-109.05
23:31:21 [ultranest] [DEBUG] iteration=1175, ncalls=3318, regioncalls=32800, ndraw=40, logz=-944.54, remainder_fraction=100.0000%, Lmin=-937.92, Lmax=-109.05
23:31:21 [ultranest] [DEBUG] iteration=1176, ncalls=3322, regioncalls=32960, ndraw=40, logz=-944.33, remainder_fraction=100.0000%, Lmin=-937.70, Lmax=-109.05
23:31:21 [ultranest] [DEBUG] iteration=1178, ncalls=3327, regioncalls=33160, ndraw=40, logz=-943.95, remainder_fraction=100.0000%, Lmin=-937.62, Lmax=-109.05
23:31:22 [ultranest] [DEBUG] iteration=1179, ncalls=3328, regioncalls=33200, ndraw=40, logz=-943.79, remainder_fraction=100.0000%, Lmin=-937.43, Lmax=-109.05
23:31:22 [ultranest] [DEBUG] iteration=1181, ncalls=3332, regioncalls=33360, ndraw=40, logz=-943.43, remainder_fraction=100.0000%, Lmin=-936.98, Lmax=-109.05
23:31:22 [ultranest] [DEBUG] iteration=1182, ncalls=3338, regioncalls=33600, ndraw=40, logz=-943.26, remainder_fraction=100.0000%, Lmin=-936.94, Lmax=-109.05
23:31:22 [ultranest] [DEBUG] iteration=1185, ncalls=3341, regioncalls=33720, ndraw=40, logz=-942.79, remainder_fraction=100.0000%, Lmin=-936.23, Lmax=-109.05
23:31:22 [ultranest] [DEBUG] iteration=1186, ncalls=3344, regioncalls=33840, ndraw=40, logz=-942.60, remainder_fraction=100.0000%, Lmin=-936.14, Lmax=-109.05
23:31:22 [ultranest] [DEBUG] iteration=1187, ncalls=3345, regioncalls=33880, ndraw=40, logz=-942.42, remainder_fraction=100.0000%, Lmin=-936.13, Lmax=-109.05
23:31:23 [ultranest] [DEBUG] iteration=1188, ncalls=3349, regioncalls=34040, ndraw=40, logz=-942.27, remainder_fraction=100.0000%, Lmin=-936.10, Lmax=-109.05
23:31:23 [ultranest] [DEBUG] iteration=1190, ncalls=3353, regioncalls=34200, ndraw=40, logz=-942.01, remainder_fraction=100.0000%, Lmin=-935.73, Lmax=-109.05
23:31:23 [ultranest] [DEBUG] iteration=1193, ncalls=3360, regioncalls=34480, ndraw=40, logz=-941.54, remainder_fraction=100.0000%, Lmin=-934.70, Lmax=-109.05
23:31:23 [ultranest] [DEBUG] iteration=1195, ncalls=3364, regioncalls=34640, ndraw=40, logz=-941.09, remainder_fraction=100.0000%, Lmin=-934.58, Lmax=-109.05
23:31:23 [ultranest] [DEBUG] iteration=1197, ncalls=3368, regioncalls=34800, ndraw=40, logz=-940.74, remainder_fraction=100.0000%, Lmin=-934.35, Lmax=-109.05
23:31:23 [ultranest] [DEBUG] iteration=1198, ncalls=3370, regioncalls=34880, ndraw=40, logz=-940.58, remainder_fraction=100.0000%, Lmin=-934.34, Lmax=-109.05
23:31:24 [ultranest] [DEBUG] iteration=1200, ncalls=3374, regioncalls=35040, ndraw=40, logz=-940.30, remainder_fraction=100.0000%, Lmin=-934.12, Lmax=-109.05
23:31:24 [ultranest] [DEBUG] iteration=1202, ncalls=3380, regioncalls=35280, ndraw=40, logz=-940.05, remainder_fraction=100.0000%, Lmin=-933.98, Lmax=-109.05
23:31:24 [ultranest] [DEBUG] iteration=1203, ncalls=3383, regioncalls=35400, ndraw=40, logz=-939.93, remainder_fraction=100.0000%, Lmin=-933.72, Lmax=-109.05
23:31:24 [ultranest] [DEBUG] iteration=1205, ncalls=3385, regioncalls=35480, ndraw=40, logz=-939.65, remainder_fraction=100.0000%, Lmin=-933.36, Lmax=-109.05
23:31:24 [ultranest] [DEBUG] iteration=1207, ncalls=3392, regioncalls=35760, ndraw=40, logz=-939.37, remainder_fraction=100.0000%, Lmin=-933.21, Lmax=-109.05
23:31:25 [ultranest] [DEBUG] iteration=1210, ncalls=3396, regioncalls=35920, ndraw=40, logz=-938.83, remainder_fraction=100.0000%, Lmin=-931.96, Lmax=-109.05
23:31:25 [ultranest] [DEBUG] iteration=1212, ncalls=3399, regioncalls=36040, ndraw=40, logz=-938.33, remainder_fraction=100.0000%, Lmin=-931.70, Lmax=-109.05
23:31:25 [ultranest] [DEBUG] iteration=1213, ncalls=3402, regioncalls=36160, ndraw=40, logz=-938.13, remainder_fraction=100.0000%, Lmin=-931.61, Lmax=-109.05
23:31:25 [ultranest] [DEBUG] iteration=1214, ncalls=3407, regioncalls=36360, ndraw=40, logz=-937.95, remainder_fraction=100.0000%, Lmin=-931.60, Lmax=-109.05
23:31:25 [ultranest] [DEBUG] iteration=1216, ncalls=3412, regioncalls=36560, ndraw=40, logz=-937.65, remainder_fraction=100.0000%, Lmin=-931.04, Lmax=-109.05
23:31:25 [ultranest] [DEBUG] iteration=1218, ncalls=3415, regioncalls=36680, ndraw=40, logz=-937.27, remainder_fraction=100.0000%, Lmin=-930.83, Lmax=-109.05
23:31:25 [ultranest] [DEBUG] iteration=1220, ncalls=3418, regioncalls=36800, ndraw=40, logz=-936.94, remainder_fraction=100.0000%, Lmin=-930.63, Lmax=-109.05
23:31:25 [ultranest] [DEBUG] iteration=1222, ncalls=3421, regioncalls=36920, ndraw=40, logz=-936.64, remainder_fraction=100.0000%, Lmin=-930.24, Lmax=-109.05
23:31:26 [ultranest] [DEBUG] iteration=1225, ncalls=3424, regioncalls=37040, ndraw=40, logz=-936.16, remainder_fraction=100.0000%, Lmin=-929.82, Lmax=-109.05
23:31:26 [ultranest] [DEBUG] iteration=1227, ncalls=3427, regioncalls=37160, ndraw=40, logz=-935.83, remainder_fraction=100.0000%, Lmin=-929.27, Lmax=-109.05
23:31:26 [ultranest] [DEBUG] iteration=1229, ncalls=3430, regioncalls=37280, ndraw=40, logz=-935.48, remainder_fraction=100.0000%, Lmin=-929.08, Lmax=-109.05
23:31:26 [ultranest] [DEBUG] iteration=1231, ncalls=3434, regioncalls=37440, ndraw=40, logz=-935.16, remainder_fraction=100.0000%, Lmin=-928.87, Lmax=-109.05
23:31:26 [ultranest] [DEBUG] iteration=1232, ncalls=3439, regioncalls=37640, ndraw=40, logz=-935.02, remainder_fraction=100.0000%, Lmin=-928.86, Lmax=-109.05
23:31:26 [ultranest] [DEBUG] iteration=1233, ncalls=3443, regioncalls=37800, ndraw=40, logz=-934.89, remainder_fraction=100.0000%, Lmin=-928.66, Lmax=-109.05
23:31:27 [ultranest] [DEBUG] iteration=1235, ncalls=3451, regioncalls=38120, ndraw=40, logz=-934.59, remainder_fraction=100.0000%, Lmin=-927.96, Lmax=-109.05
23:31:27 [ultranest] [DEBUG] iteration=1237, ncalls=3455, regioncalls=38280, ndraw=40, logz=-934.22, remainder_fraction=100.0000%, Lmin=-927.71, Lmax=-109.05
23:31:27 [ultranest] [DEBUG] iteration=1239, ncalls=3458, regioncalls=38400, ndraw=40, logz=-933.88, remainder_fraction=100.0000%, Lmin=-927.01, Lmax=-109.05
23:31:27 [ultranest] [DEBUG] iteration=1240, ncalls=3460, regioncalls=38480, ndraw=40, logz=-933.64, remainder_fraction=100.0000%, Lmin=-926.82, Lmax=-109.05
23:31:27 [ultranest] [DEBUG] iteration=1241, ncalls=3461, regioncalls=38520, ndraw=40, logz=-933.40, remainder_fraction=100.0000%, Lmin=-926.77, Lmax=-109.05
23:31:28 [ultranest] [DEBUG] iteration=1242, ncalls=3464, regioncalls=38640, ndraw=40, logz=-933.20, remainder_fraction=100.0000%, Lmin=-926.75, Lmax=-109.05
23:31:28 [ultranest] [DEBUG] iteration=1243, ncalls=3467, regioncalls=38760, ndraw=40, logz=-933.04, remainder_fraction=100.0000%, Lmin=-926.47, Lmax=-109.05
23:31:28 [ultranest] [DEBUG] iteration=1244, ncalls=3468, regioncalls=38800, ndraw=40, logz=-932.85, remainder_fraction=100.0000%, Lmin=-926.27, Lmax=-109.05
23:31:29 [ultranest] [DEBUG] iteration=1245, ncalls=3470, regioncalls=38880, ndraw=40, logz=-932.66, remainder_fraction=100.0000%, Lmin=-926.16, Lmax=-109.05
23:31:29 [ultranest] [DEBUG] iteration=1247, ncalls=3473, regioncalls=39000, ndraw=40, logz=-932.33, remainder_fraction=100.0000%, Lmin=-926.04, Lmax=-109.05
23:31:29 [ultranest] [DEBUG] iteration=1248, ncalls=3476, regioncalls=39120, ndraw=40, logz=-932.19, remainder_fraction=100.0000%, Lmin=-925.50, Lmax=-109.05
23:31:29 [ultranest] [DEBUG] iteration=1250, ncalls=3479, regioncalls=39240, ndraw=40, logz=-931.79, remainder_fraction=100.0000%, Lmin=-925.31, Lmax=-109.05
23:31:29 [ultranest] [DEBUG] iteration=1253, ncalls=3484, regioncalls=39440, ndraw=40, logz=-931.19, remainder_fraction=100.0000%, Lmin=-924.41, Lmax=-109.05
23:31:29 [ultranest] [DEBUG] iteration=1256, ncalls=3491, regioncalls=39720, ndraw=40, logz=-930.48, remainder_fraction=100.0000%, Lmin=-923.64, Lmax=-109.05
23:31:30 [ultranest] [DEBUG] iteration=1261, ncalls=3500, regioncalls=40080, ndraw=40, logz=-929.57, remainder_fraction=100.0000%, Lmin=-923.14, Lmax=-109.05
23:31:30 [ultranest] [DEBUG] iteration=1262, ncalls=3504, regioncalls=40240, ndraw=40, logz=-929.41, remainder_fraction=100.0000%, Lmin=-922.89, Lmax=-109.05
23:31:30 [ultranest] [DEBUG] iteration=1264, ncalls=3506, regioncalls=40320, ndraw=40, logz=-929.02, remainder_fraction=100.0000%, Lmin=-922.22, Lmax=-109.05
23:31:30 [ultranest] [DEBUG] iteration=1266, ncalls=3510, regioncalls=40480, ndraw=40, logz=-928.53, remainder_fraction=100.0000%, Lmin=-921.58, Lmax=-109.05
23:31:30 [ultranest] [DEBUG] iteration=1268, ncalls=3515, regioncalls=40680, ndraw=40, logz=-928.05, remainder_fraction=100.0000%, Lmin=-921.45, Lmax=-109.05
23:31:30 [ultranest] [DEBUG] iteration=1270, ncalls=3519, regioncalls=40840, ndraw=40, logz=-927.68, remainder_fraction=100.0000%, Lmin=-921.06, Lmax=-109.05
23:31:31 [ultranest] [DEBUG] iteration=1273, ncalls=3525, regioncalls=41080, ndraw=40, logz=-927.11, remainder_fraction=100.0000%, Lmin=-920.56, Lmax=-109.05
23:31:31 [ultranest] [DEBUG] iteration=1276, ncalls=3530, regioncalls=41280, ndraw=40, logz=-926.59, remainder_fraction=100.0000%, Lmin=-919.47, Lmax=-109.05
23:31:31 [ultranest] [DEBUG] iteration=1280, ncalls=3537, regioncalls=41560, ndraw=40, logz=-925.30, remainder_fraction=100.0000%, Lmin=-917.80, Lmax=-109.05
23:31:31 [ultranest] [DEBUG] iteration=1282, ncalls=3543, regioncalls=41800, ndraw=40, logz=-924.59, remainder_fraction=100.0000%, Lmin=-917.72, Lmax=-109.05
23:31:31 [ultranest] [DEBUG] iteration=1283, ncalls=3549, regioncalls=42040, ndraw=40, logz=-924.35, remainder_fraction=100.0000%, Lmin=-917.44, Lmax=-109.05
23:31:31 [ultranest] [DEBUG] iteration=1284, ncalls=3551, regioncalls=42120, ndraw=40, logz=-924.10, remainder_fraction=100.0000%, Lmin=-917.34, Lmax=-109.05
23:31:32 [ultranest] [DEBUG] iteration=1285, ncalls=3557, regioncalls=42360, ndraw=40, logz=-923.89, remainder_fraction=100.0000%, Lmin=-917.00, Lmax=-109.05
23:31:32 [ultranest] [DEBUG] iteration=1287, ncalls=3561, regioncalls=42520, ndraw=40, logz=-923.42, remainder_fraction=100.0000%, Lmin=-916.71, Lmax=-109.05
23:31:32 [ultranest] [DEBUG] iteration=1290, ncalls=3566, regioncalls=42720, ndraw=40, logz=-922.77, remainder_fraction=100.0000%, Lmin=-916.16, Lmax=-109.05
23:31:32 [ultranest] [DEBUG] iteration=1292, ncalls=3570, regioncalls=42880, ndraw=40, logz=-922.40, remainder_fraction=100.0000%, Lmin=-915.92, Lmax=-109.05
23:31:33 [ultranest] [DEBUG] iteration=1293, ncalls=3578, regioncalls=43200, ndraw=40, logz=-922.24, remainder_fraction=100.0000%, Lmin=-915.73, Lmax=-109.05
23:31:33 [ultranest] [DEBUG] iteration=1295, ncalls=3583, regioncalls=43400, ndraw=40, logz=-921.91, remainder_fraction=100.0000%, Lmin=-915.68, Lmax=-109.05
23:31:33 [ultranest] [DEBUG] iteration=1297, ncalls=3589, regioncalls=43640, ndraw=40, logz=-921.65, remainder_fraction=100.0000%, Lmin=-915.46, Lmax=-109.05
23:31:33 [ultranest] [DEBUG] iteration=1299, ncalls=3592, regioncalls=43760, ndraw=40, logz=-921.41, remainder_fraction=100.0000%, Lmin=-915.37, Lmax=-109.05
23:31:33 [ultranest] [DEBUG] iteration=1301, ncalls=3595, regioncalls=43880, ndraw=40, logz=-921.18, remainder_fraction=100.0000%, Lmin=-915.08, Lmax=-109.05
23:31:33 [ultranest] [DEBUG] iteration=1304, ncalls=3599, regioncalls=44040, ndraw=40, logz=-920.83, remainder_fraction=100.0000%, Lmin=-914.78, Lmax=-109.05
23:31:34 [ultranest] [DEBUG] iteration=1305, ncalls=3601, regioncalls=44120, ndraw=40, logz=-920.72, remainder_fraction=100.0000%, Lmin=-914.73, Lmax=-109.05
23:31:34 [ultranest] [DEBUG] iteration=1306, ncalls=3605, regioncalls=44280, ndraw=40, logz=-920.62, remainder_fraction=100.0000%, Lmin=-914.57, Lmax=-109.05
23:31:34 [ultranest] [DEBUG] iteration=1307, ncalls=3608, regioncalls=44400, ndraw=40, logz=-920.51, remainder_fraction=100.0000%, Lmin=-914.29, Lmax=-109.05
23:31:34 [ultranest] [DEBUG] iteration=1310, ncalls=3613, regioncalls=44600, ndraw=40, logz=-920.06, remainder_fraction=100.0000%, Lmin=-913.68, Lmax=-109.05
23:31:34 [ultranest] [DEBUG] iteration=1312, ncalls=3617, regioncalls=44760, ndraw=40, logz=-919.77, remainder_fraction=100.0000%, Lmin=-913.59, Lmax=-109.05
23:31:34 [ultranest] [DEBUG] iteration=1313, ncalls=3619, regioncalls=44840, ndraw=40, logz=-919.65, remainder_fraction=100.0000%, Lmin=-913.52, Lmax=-109.05
23:31:34 [ultranest] [DEBUG] iteration=1315, ncalls=3621, regioncalls=44920, ndraw=40, logz=-919.42, remainder_fraction=100.0000%, Lmin=-913.39, Lmax=-109.05
23:31:35 [ultranest] [DEBUG] iteration=1316, ncalls=3624, regioncalls=45040, ndraw=40, logz=-919.31, remainder_fraction=100.0000%, Lmin=-913.24, Lmax=-109.05
23:31:35 [ultranest] [DEBUG] iteration=1318, ncalls=3627, regioncalls=45160, ndraw=40, logz=-919.09, remainder_fraction=100.0000%, Lmin=-913.18, Lmax=-109.05
23:31:35 [ultranest] [DEBUG] iteration=1321, ncalls=3633, regioncalls=45400, ndraw=40, logz=-918.71, remainder_fraction=100.0000%, Lmin=-912.36, Lmax=-109.05
23:31:35 [ultranest] [DEBUG] iteration=1322, ncalls=3634, regioncalls=45440, ndraw=40, logz=-918.57, remainder_fraction=100.0000%, Lmin=-912.22, Lmax=-109.05
23:31:35 [ultranest] [DEBUG] iteration=1324, ncalls=3637, regioncalls=45560, ndraw=40, logz=-918.29, remainder_fraction=100.0000%, Lmin=-911.64, Lmax=-109.05
23:31:35 [ultranest] [DEBUG] iteration=1325, ncalls=3639, regioncalls=45640, ndraw=40, logz=-918.10, remainder_fraction=100.0000%, Lmin=-911.33, Lmax=-109.05
23:31:35 [ultranest] [DEBUG] iteration=1326, ncalls=3640, regioncalls=45680, ndraw=40, logz=-917.89, remainder_fraction=100.0000%, Lmin=-911.21, Lmax=-109.05
23:31:36 [ultranest] [DEBUG] iteration=1328, ncalls=3642, regioncalls=45760, ndraw=40, logz=-917.52, remainder_fraction=100.0000%, Lmin=-910.97, Lmax=-109.05
23:31:36 [ultranest] [DEBUG] iteration=1331, ncalls=3645, regioncalls=45880, ndraw=40, logz=-917.00, remainder_fraction=100.0000%, Lmin=-910.15, Lmax=-109.05
23:31:36 [ultranest] [DEBUG] iteration=1333, ncalls=3650, regioncalls=46080, ndraw=40, logz=-916.55, remainder_fraction=100.0000%, Lmin=-909.84, Lmax=-109.05
23:31:36 [ultranest] [DEBUG] iteration=1335, ncalls=3656, regioncalls=46320, ndraw=40, logz=-916.18, remainder_fraction=100.0000%, Lmin=-909.78, Lmax=-109.05
23:31:36 [ultranest] [DEBUG] iteration=1338, ncalls=3660, regioncalls=46480, ndraw=40, logz=-915.77, remainder_fraction=100.0000%, Lmin=-909.62, Lmax=-109.05
23:31:36 [ultranest] [DEBUG] iteration=1339, ncalls=3664, regioncalls=46640, ndraw=40, logz=-915.65, remainder_fraction=100.0000%, Lmin=-909.32, Lmax=-109.05
23:31:36 [ultranest] [DEBUG] iteration=1342, ncalls=3667, regioncalls=46760, ndraw=40, logz=-915.25, remainder_fraction=100.0000%, Lmin=-909.12, Lmax=-109.05
23:31:37 [ultranest] [DEBUG] iteration=1344, ncalls=3678, regioncalls=47200, ndraw=40, logz=-915.02, remainder_fraction=100.0000%, Lmin=-908.97, Lmax=-109.05
23:31:37 [ultranest] [DEBUG] iteration=1347, ncalls=3683, regioncalls=47400, ndraw=40, logz=-914.64, remainder_fraction=100.0000%, Lmin=-907.89, Lmax=-109.05
23:31:37 [ultranest] [DEBUG] iteration=1349, ncalls=3687, regioncalls=47560, ndraw=40, logz=-914.23, remainder_fraction=100.0000%, Lmin=-907.66, Lmax=-109.05
23:31:37 [ultranest] [DEBUG] iteration=1352, ncalls=3691, regioncalls=47720, ndraw=40, logz=-913.75, remainder_fraction=100.0000%, Lmin=-907.43, Lmax=-109.05
23:31:37 [ultranest] [DEBUG] iteration=1353, ncalls=3695, regioncalls=47880, ndraw=40, logz=-913.61, remainder_fraction=100.0000%, Lmin=-907.42, Lmax=-109.05
23:31:37 [ultranest] [DEBUG] iteration=1355, ncalls=3704, regioncalls=48240, ndraw=40, logz=-913.36, remainder_fraction=100.0000%, Lmin=-907.17, Lmax=-109.05
23:31:37 [ultranest] [DEBUG] iteration=1357, ncalls=3707, regioncalls=48360, ndraw=40, logz=-913.12, remainder_fraction=100.0000%, Lmin=-906.99, Lmax=-109.05
23:31:38 [ultranest] [DEBUG] iteration=1360, ncalls=3716, regioncalls=48720, ndraw=40, logz=-912.77, remainder_fraction=100.0000%, Lmin=-906.75, Lmax=-109.05
23:31:38 [ultranest] [DEBUG] iteration=1361, ncalls=3723, regioncalls=49000, ndraw=40, logz=-912.66, remainder_fraction=100.0000%, Lmin=-906.71, Lmax=-109.05
23:31:38 [ultranest] [DEBUG] iteration=1363, ncalls=3726, regioncalls=49120, ndraw=40, logz=-912.46, remainder_fraction=100.0000%, Lmin=-906.48, Lmax=-109.05
23:31:38 [ultranest] [DEBUG] iteration=1365, ncalls=3729, regioncalls=49240, ndraw=40, logz=-912.26, remainder_fraction=100.0000%, Lmin=-906.33, Lmax=-109.05
23:31:38 [ultranest] [DEBUG] iteration=1367, ncalls=3736, regioncalls=49520, ndraw=40, logz=-912.07, remainder_fraction=100.0000%, Lmin=-906.25, Lmax=-109.05
23:31:38 [ultranest] [DEBUG] iteration=1371, ncalls=3744, regioncalls=49840, ndraw=40, logz=-911.76, remainder_fraction=100.0000%, Lmin=-906.11, Lmax=-109.05
23:31:38 [ultranest] [DEBUG] iteration=1374, ncalls=3750, regioncalls=50080, ndraw=40, logz=-911.54, remainder_fraction=100.0000%, Lmin=-905.79, Lmax=-109.05
23:31:39 [ultranest] [DEBUG] iteration=1377, ncalls=3759, regioncalls=50440, ndraw=40, logz=-911.25, remainder_fraction=100.0000%, Lmin=-905.23, Lmax=-109.05
23:31:39 [ultranest] [DEBUG] iteration=1379, ncalls=3765, regioncalls=50680, ndraw=40, logz=-911.05, remainder_fraction=100.0000%, Lmin=-904.91, Lmax=-109.05
23:31:39 [ultranest] [DEBUG] iteration=1380, ncalls=3769, regioncalls=50840, ndraw=40, logz=-910.93, remainder_fraction=100.0000%, Lmin=-904.90, Lmax=-109.05
23:31:39 [ultranest] [DEBUG] iteration=1383, ncalls=3773, regioncalls=51000, ndraw=40, logz=-910.56, remainder_fraction=100.0000%, Lmin=-904.31, Lmax=-109.05
23:31:39 [ultranest] [DEBUG] iteration=1386, ncalls=3776, regioncalls=51120, ndraw=40, logz=-910.21, remainder_fraction=100.0000%, Lmin=-904.20, Lmax=-109.05
23:31:39 [ultranest] [DEBUG] iteration=1387, ncalls=3780, regioncalls=51280, ndraw=40, logz=-910.11, remainder_fraction=100.0000%, Lmin=-904.09, Lmax=-109.05
23:31:40 [ultranest] [DEBUG] iteration=1389, ncalls=3782, regioncalls=51360, ndraw=40, logz=-909.91, remainder_fraction=100.0000%, Lmin=-903.98, Lmax=-109.05
23:31:40 [ultranest] [DEBUG] iteration=1391, ncalls=3786, regioncalls=51520, ndraw=40, logz=-909.72, remainder_fraction=100.0000%, Lmin=-903.89, Lmax=-109.05
23:31:40 [ultranest] [DEBUG] iteration=1393, ncalls=3789, regioncalls=51640, ndraw=40, logz=-909.54, remainder_fraction=100.0000%, Lmin=-903.57, Lmax=-109.05
23:31:40 [ultranest] [DEBUG] iteration=1394, ncalls=3793, regioncalls=51800, ndraw=40, logz=-909.45, remainder_fraction=100.0000%, Lmin=-903.40, Lmax=-109.05
23:31:40 [ultranest] [DEBUG] iteration=1395, ncalls=3794, regioncalls=51840, ndraw=40, logz=-909.34, remainder_fraction=100.0000%, Lmin=-903.27, Lmax=-109.05
23:31:40 [ultranest] [DEBUG] iteration=1396, ncalls=3796, regioncalls=51920, ndraw=40, logz=-909.23, remainder_fraction=100.0000%, Lmin=-903.17, Lmax=-109.05
23:31:40 [ultranest] [DEBUG] iteration=1397, ncalls=3800, regioncalls=52080, ndraw=40, logz=-909.13, remainder_fraction=100.0000%, Lmin=-903.03, Lmax=-109.05
23:31:41 [ultranest] [DEBUG] iteration=1399, ncalls=3803, regioncalls=52200, ndraw=40, logz=-908.91, remainder_fraction=100.0000%, Lmin=-902.89, Lmax=-109.05
23:31:41 [ultranest] [DEBUG] iteration=1401, ncalls=3807, regioncalls=52360, ndraw=40, logz=-908.70, remainder_fraction=100.0000%, Lmin=-902.73, Lmax=-109.05
23:31:41 [ultranest] [DEBUG] iteration=1403, ncalls=3813, regioncalls=52600, ndraw=40, logz=-908.51, remainder_fraction=100.0000%, Lmin=-902.65, Lmax=-109.05
23:31:41 [ultranest] [DEBUG] iteration=1405, ncalls=3820, regioncalls=52880, ndraw=40, logz=-908.33, remainder_fraction=100.0000%, Lmin=-901.83, Lmax=-109.05
23:31:41 [ultranest] [DEBUG] iteration=1408, ncalls=3825, regioncalls=53080, ndraw=40, logz=-907.87, remainder_fraction=100.0000%, Lmin=-901.54, Lmax=-109.05
23:31:42 [ultranest] [DEBUG] iteration=1410, ncalls=3827, regioncalls=53160, ndraw=40, logz=-907.61, remainder_fraction=100.0000%, Lmin=-901.52, Lmax=-109.05
23:31:42 [ultranest] [DEBUG] iteration=1412, ncalls=3833, regioncalls=53400, ndraw=40, logz=-907.40, remainder_fraction=100.0000%, Lmin=-901.44, Lmax=-109.05
23:31:42 [ultranest] [DEBUG] iteration=1414, ncalls=3837, regioncalls=53560, ndraw=40, logz=-907.20, remainder_fraction=100.0000%, Lmin=-901.02, Lmax=-109.05
23:31:42 [ultranest] [DEBUG] iteration=1415, ncalls=3838, regioncalls=53600, ndraw=40, logz=-907.08, remainder_fraction=100.0000%, Lmin=-901.00, Lmax=-109.05
23:31:42 [ultranest] [DEBUG] iteration=1417, ncalls=3840, regioncalls=53680, ndraw=40, logz=-906.87, remainder_fraction=100.0000%, Lmin=-900.82, Lmax=-109.05
23:31:42 [ultranest] [DEBUG] iteration=1419, ncalls=3842, regioncalls=53760, ndraw=40, logz=-906.67, remainder_fraction=100.0000%, Lmin=-900.68, Lmax=-109.05
23:31:42 [ultranest] [DEBUG] iteration=1423, ncalls=3850, regioncalls=54080, ndraw=40, logz=-906.29, remainder_fraction=100.0000%, Lmin=-900.26, Lmax=-109.05
23:31:43 [ultranest] [DEBUG] iteration=1425, ncalls=3856, regioncalls=54320, ndraw=40, logz=-906.07, remainder_fraction=100.0000%, Lmin=-899.77, Lmax=-109.05
23:31:43 [ultranest] [DEBUG] iteration=1428, ncalls=3860, regioncalls=54480, ndraw=40, logz=-905.66, remainder_fraction=100.0000%, Lmin=-899.38, Lmax=-109.05
23:31:43 [ultranest] [DEBUG] iteration=1430, ncalls=3864, regioncalls=54640, ndraw=40, logz=-905.40, remainder_fraction=100.0000%, Lmin=-898.96, Lmax=-109.05
23:31:43 [ultranest] [DEBUG] clustering found some stray points [need_accept=False] (array([1, 2]), array([1599,    1]))
23:31:44 [ultranest] [DEBUG] iteration=1432, ncalls=3866, regioncalls=54720, ndraw=40, logz=-905.12, remainder_fraction=100.0000%, Lmin=-898.89, Lmax=-109.05
23:31:44 [ultranest] [DEBUG] iteration=1434, ncalls=3872, regioncalls=54960, ndraw=40, logz=-904.88, remainder_fraction=100.0000%, Lmin=-898.62, Lmax=-109.05
23:31:44 [ultranest] [DEBUG] iteration=1436, ncalls=3875, regioncalls=55080, ndraw=40, logz=-904.63, remainder_fraction=100.0000%, Lmin=-898.47, Lmax=-109.05
23:31:44 [ultranest] [DEBUG] iteration=1437, ncalls=3878, regioncalls=55200, ndraw=40, logz=-904.52, remainder_fraction=100.0000%, Lmin=-898.35, Lmax=-109.05
23:31:44 [ultranest] [DEBUG] iteration=1439, ncalls=3881, regioncalls=55320, ndraw=40, logz=-904.30, remainder_fraction=100.0000%, Lmin=-898.31, Lmax=-109.05
23:31:44 [ultranest] [DEBUG] iteration=1440, ncalls=3884, regioncalls=55440, ndraw=40, logz=-904.20, remainder_fraction=100.0000%, Lmin=-898.25, Lmax=-109.05
23:31:44 [ultranest] [DEBUG] iteration=1442, ncalls=3887, regioncalls=55560, ndraw=40, logz=-904.02, remainder_fraction=100.0000%, Lmin=-898.11, Lmax=-109.05
23:31:45 [ultranest] [DEBUG] iteration=1444, ncalls=3893, regioncalls=55800, ndraw=40, logz=-903.84, remainder_fraction=100.0000%, Lmin=-898.04, Lmax=-109.05
23:31:45 [ultranest] [DEBUG] iteration=1448, ncalls=3901, regioncalls=56120, ndraw=40, logz=-903.48, remainder_fraction=100.0000%, Lmin=-897.69, Lmax=-109.05
23:31:45 [ultranest] [DEBUG] iteration=1451, ncalls=3912, regioncalls=56560, ndraw=40, logz=-903.14, remainder_fraction=100.0000%, Lmin=-896.70, Lmax=-109.05
23:31:45 [ultranest] [DEBUG] iteration=1454, ncalls=3917, regioncalls=56760, ndraw=40, logz=-902.71, remainder_fraction=100.0000%, Lmin=-896.36, Lmax=-109.05
23:31:45 [ultranest] [DEBUG] iteration=1457, ncalls=3920, regioncalls=56880, ndraw=40, logz=-902.29, remainder_fraction=100.0000%, Lmin=-895.92, Lmax=-109.05
23:31:45 [ultranest] [DEBUG] iteration=1459, ncalls=3925, regioncalls=57080, ndraw=40, logz=-902.02, remainder_fraction=100.0000%, Lmin=-895.60, Lmax=-109.05
23:31:45 [ultranest] [DEBUG] iteration=1461, ncalls=3928, regioncalls=57200, ndraw=40, logz=-901.74, remainder_fraction=100.0000%, Lmin=-895.46, Lmax=-109.05
23:31:46 [ultranest] [DEBUG] iteration=1463, ncalls=3935, regioncalls=57480, ndraw=40, logz=-901.50, remainder_fraction=100.0000%, Lmin=-895.28, Lmax=-109.05
23:31:46 [ultranest] [DEBUG] iteration=1465, ncalls=3940, regioncalls=57680, ndraw=40, logz=-901.27, remainder_fraction=100.0000%, Lmin=-895.18, Lmax=-109.05
23:31:46 [ultranest] [DEBUG] iteration=1466, ncalls=3943, regioncalls=57800, ndraw=40, logz=-901.17, remainder_fraction=100.0000%, Lmin=-894.86, Lmax=-109.05
23:31:46 [ultranest] [DEBUG] iteration=1468, ncalls=3945, regioncalls=57880, ndraw=40, logz=-900.91, remainder_fraction=100.0000%, Lmin=-894.25, Lmax=-109.05
23:31:46 [ultranest] [DEBUG] iteration=1470, ncalls=3948, regioncalls=58000, ndraw=40, logz=-900.57, remainder_fraction=100.0000%, Lmin=-893.86, Lmax=-109.05
23:31:46 [ultranest] [DEBUG] iteration=1473, ncalls=3953, regioncalls=58200, ndraw=40, logz=-900.09, remainder_fraction=100.0000%, Lmin=-893.49, Lmax=-109.05
23:31:46 [ultranest] [DEBUG] iteration=1475, ncalls=3957, regioncalls=58360, ndraw=40, logz=-899.77, remainder_fraction=100.0000%, Lmin=-893.42, Lmax=-109.05
23:31:47 [ultranest] [DEBUG] iteration=1476, ncalls=3963, regioncalls=58600, ndraw=40, logz=-899.63, remainder_fraction=100.0000%, Lmin=-893.42, Lmax=-109.05
23:31:47 [ultranest] [DEBUG] iteration=1478, ncalls=3971, regioncalls=58920, ndraw=40, logz=-899.41, remainder_fraction=100.0000%, Lmin=-893.38, Lmax=-109.05
23:31:47 [ultranest] [DEBUG] iteration=1479, ncalls=3975, regioncalls=59080, ndraw=40, logz=-899.31, remainder_fraction=100.0000%, Lmin=-893.26, Lmax=-109.05
23:31:47 [ultranest] [DEBUG] iteration=1481, ncalls=3977, regioncalls=59160, ndraw=40, logz=-899.11, remainder_fraction=100.0000%, Lmin=-893.09, Lmax=-109.05
23:31:47 [ultranest] [DEBUG] iteration=1483, ncalls=3982, regioncalls=59360, ndraw=40, logz=-898.93, remainder_fraction=100.0000%, Lmin=-893.00, Lmax=-109.05
23:31:48 [ultranest] [DEBUG] iteration=1484, ncalls=3984, regioncalls=59440, ndraw=40, logz=-898.84, remainder_fraction=100.0000%, Lmin=-892.78, Lmax=-109.05
23:31:48 [ultranest] [DEBUG] iteration=1485, ncalls=3985, regioncalls=59480, ndraw=40, logz=-898.74, remainder_fraction=100.0000%, Lmin=-892.73, Lmax=-109.05
23:31:48 [ultranest] [DEBUG] iteration=1487, ncalls=3991, regioncalls=59720, ndraw=40, logz=-898.54, remainder_fraction=100.0000%, Lmin=-892.43, Lmax=-109.05
23:31:48 [ultranest] [DEBUG] iteration=1490, ncalls=3996, regioncalls=59920, ndraw=40, logz=-898.22, remainder_fraction=100.0000%, Lmin=-892.17, Lmax=-109.05
23:31:48 [ultranest] [DEBUG] iteration=1492, ncalls=3999, regioncalls=60040, ndraw=40, logz=-898.03, remainder_fraction=100.0000%, Lmin=-892.10, Lmax=-109.05
23:31:49 [ultranest] [DEBUG] iteration=1494, ncalls=4003, regioncalls=60200, ndraw=40, logz=-897.86, remainder_fraction=100.0000%, Lmin=-892.02, Lmax=-109.05
23:31:49 [ultranest] [DEBUG] iteration=1497, ncalls=4008, regioncalls=60400, ndraw=40, logz=-897.62, remainder_fraction=100.0000%, Lmin=-891.81, Lmax=-109.05
23:31:49 [ultranest] [DEBUG] iteration=1499, ncalls=4011, regioncalls=60520, ndraw=40, logz=-897.46, remainder_fraction=100.0000%, Lmin=-891.66, Lmax=-109.05
23:31:49 [ultranest] [DEBUG] iteration=1501, ncalls=4019, regioncalls=60840, ndraw=40, logz=-897.31, remainder_fraction=100.0000%, Lmin=-891.44, Lmax=-109.05
23:31:49 [ultranest] [DEBUG] iteration=1503, ncalls=4023, regioncalls=61000, ndraw=40, logz=-897.15, remainder_fraction=100.0000%, Lmin=-891.36, Lmax=-109.05
23:31:49 [ultranest] [DEBUG] iteration=1504, ncalls=4025, regioncalls=61080, ndraw=40, logz=-897.07, remainder_fraction=100.0000%, Lmin=-891.29, Lmax=-109.05
23:31:49 [ultranest] [DEBUG] iteration=1506, ncalls=4028, regioncalls=61200, ndraw=40, logz=-896.92, remainder_fraction=100.0000%, Lmin=-891.09, Lmax=-109.05
23:31:50 [ultranest] [DEBUG] iteration=1507, ncalls=4029, regioncalls=61240, ndraw=40, logz=-896.84, remainder_fraction=100.0000%, Lmin=-891.05, Lmax=-109.05
23:31:50 [ultranest] [DEBUG] iteration=1508, ncalls=4031, regioncalls=61320, ndraw=40, logz=-896.77, remainder_fraction=100.0000%, Lmin=-890.90, Lmax=-109.05
23:31:50 [ultranest] [DEBUG] iteration=1510, ncalls=4038, regioncalls=61600, ndraw=40, logz=-896.60, remainder_fraction=100.0000%, Lmin=-890.64, Lmax=-109.05
23:31:50 [ultranest] [DEBUG] iteration=1511, ncalls=4041, regioncalls=61720, ndraw=40, logz=-896.51, remainder_fraction=100.0000%, Lmin=-890.61, Lmax=-109.05
23:31:50 [ultranest] [DEBUG] iteration=1513, ncalls=4045, regioncalls=61880, ndraw=40, logz=-896.33, remainder_fraction=100.0000%, Lmin=-890.38, Lmax=-109.05
23:31:51 [ultranest] [DEBUG] iteration=1515, ncalls=4050, regioncalls=62080, ndraw=40, logz=-896.16, remainder_fraction=100.0000%, Lmin=-890.33, Lmax=-109.05
23:31:51 [ultranest] [DEBUG] iteration=1518, ncalls=4053, regioncalls=62200, ndraw=40, logz=-895.92, remainder_fraction=100.0000%, Lmin=-890.15, Lmax=-109.05
23:31:51 [ultranest] [DEBUG] iteration=1519, ncalls=4054, regioncalls=62240, ndraw=40, logz=-895.84, remainder_fraction=100.0000%, Lmin=-890.12, Lmax=-109.05
23:31:51 [ultranest] [DEBUG] iteration=1520, ncalls=4059, regioncalls=62440, ndraw=40, logz=-895.77, remainder_fraction=100.0000%, Lmin=-889.98, Lmax=-109.05
23:31:51 [ultranest] [DEBUG] iteration=1521, ncalls=4060, regioncalls=62480, ndraw=40, logz=-895.70, remainder_fraction=100.0000%, Lmin=-889.98, Lmax=-109.05
23:31:51 [ultranest] [DEBUG] iteration=1522, ncalls=4062, regioncalls=62560, ndraw=40, logz=-895.63, remainder_fraction=100.0000%, Lmin=-889.92, Lmax=-109.05
23:31:52 [ultranest] [DEBUG] iteration=1525, ncalls=4066, regioncalls=62720, ndraw=40, logz=-895.40, remainder_fraction=100.0000%, Lmin=-889.58, Lmax=-109.05
23:31:52 [ultranest] [DEBUG] iteration=1528, ncalls=4071, regioncalls=62920, ndraw=40, logz=-895.18, remainder_fraction=100.0000%, Lmin=-889.14, Lmax=-109.05
23:31:52 [ultranest] [DEBUG] iteration=1530, ncalls=4075, regioncalls=63080, ndraw=40, logz=-894.98, remainder_fraction=100.0000%, Lmin=-888.93, Lmax=-109.05
23:31:52 [ultranest] [DEBUG] iteration=1531, ncalls=4080, regioncalls=63280, ndraw=40, logz=-894.88, remainder_fraction=100.0000%, Lmin=-888.91, Lmax=-109.05
23:31:52 [ultranest] [DEBUG] iteration=1534, ncalls=4086, regioncalls=63520, ndraw=40, logz=-894.61, remainder_fraction=100.0000%, Lmin=-888.59, Lmax=-109.05
23:31:52 [ultranest] [DEBUG] iteration=1537, ncalls=4090, regioncalls=63680, ndraw=40, logz=-894.34, remainder_fraction=100.0000%, Lmin=-888.52, Lmax=-109.05
23:31:52 [ultranest] [DEBUG] iteration=1540, ncalls=4094, regioncalls=63840, ndraw=40, logz=-894.12, remainder_fraction=100.0000%, Lmin=-888.33, Lmax=-109.05
23:31:53 [ultranest] [DEBUG] iteration=1544, ncalls=4103, regioncalls=64200, ndraw=40, logz=-893.84, remainder_fraction=100.0000%, Lmin=-888.15, Lmax=-109.05
23:31:53 [ultranest] [DEBUG] iteration=1545, ncalls=4106, regioncalls=64320, ndraw=40, logz=-893.77, remainder_fraction=100.0000%, Lmin=-887.96, Lmax=-109.05
23:31:53 [ultranest] [DEBUG] iteration=1550, ncalls=4114, regioncalls=64640, ndraw=40, logz=-893.40, remainder_fraction=100.0000%, Lmin=-887.32, Lmax=-109.05
23:31:53 [ultranest] [DEBUG] iteration=1552, ncalls=4119, regioncalls=64840, ndraw=40, logz=-893.21, remainder_fraction=100.0000%, Lmin=-887.26, Lmax=-109.05
23:31:53 [ultranest] [DEBUG] iteration=1554, ncalls=4126, regioncalls=65120, ndraw=40, logz=-893.04, remainder_fraction=100.0000%, Lmin=-887.15, Lmax=-109.05
23:31:53 [ultranest] [DEBUG] iteration=1555, ncalls=4130, regioncalls=65280, ndraw=40, logz=-892.96, remainder_fraction=100.0000%, Lmin=-887.14, Lmax=-109.05
23:31:54 [ultranest] [DEBUG] iteration=1557, ncalls=4133, regioncalls=65400, ndraw=40, logz=-892.81, remainder_fraction=100.0000%, Lmin=-887.01, Lmax=-109.05
23:31:54 [ultranest] [DEBUG] iteration=1560, ncalls=4137, regioncalls=65560, ndraw=40, logz=-892.58, remainder_fraction=100.0000%, Lmin=-886.77, Lmax=-109.05
23:31:54 [ultranest] [DEBUG] iteration=1561, ncalls=4140, regioncalls=65680, ndraw=40, logz=-892.51, remainder_fraction=100.0000%, Lmin=-886.73, Lmax=-109.05
23:31:54 [ultranest] [DEBUG] iteration=1562, ncalls=4147, regioncalls=65960, ndraw=40, logz=-892.43, remainder_fraction=100.0000%, Lmin=-886.70, Lmax=-109.05
23:31:54 [ultranest] [DEBUG] iteration=1565, ncalls=4154, regioncalls=66240, ndraw=40, logz=-892.22, remainder_fraction=100.0000%, Lmin=-886.25, Lmax=-109.05
23:31:54 [ultranest] [DEBUG] iteration=1567, ncalls=4161, regioncalls=66520, ndraw=40, logz=-892.05, remainder_fraction=100.0000%, Lmin=-886.14, Lmax=-109.05
23:31:55 [ultranest] [DEBUG] iteration=1569, ncalls=4164, regioncalls=66640, ndraw=40, logz=-891.89, remainder_fraction=100.0000%, Lmin=-886.07, Lmax=-109.05
23:31:55 [ultranest] [DEBUG] iteration=1570, ncalls=4165, regioncalls=66680, ndraw=40, logz=-891.81, remainder_fraction=100.0000%, Lmin=-886.05, Lmax=-109.05
23:31:55 [ultranest] [DEBUG] iteration=1571, ncalls=4166, regioncalls=66720, ndraw=40, logz=-891.74, remainder_fraction=100.0000%, Lmin=-886.00, Lmax=-109.05
23:31:55 [ultranest] [DEBUG] iteration=1574, ncalls=4171, regioncalls=66920, ndraw=40, logz=-891.53, remainder_fraction=100.0000%, Lmin=-885.75, Lmax=-109.05
23:31:55 [ultranest] [DEBUG] iteration=1575, ncalls=4173, regioncalls=67000, ndraw=40, logz=-891.45, remainder_fraction=100.0000%, Lmin=-885.52, Lmax=-109.05
23:31:55 [ultranest] [DEBUG] iteration=1577, ncalls=4178, regioncalls=67200, ndraw=40, logz=-891.29, remainder_fraction=100.0000%, Lmin=-885.27, Lmax=-109.05
23:31:55 [ultranest] [DEBUG] iteration=1578, ncalls=4180, regioncalls=67280, ndraw=40, logz=-891.20, remainder_fraction=100.0000%, Lmin=-885.21, Lmax=-109.05
23:31:56 [ultranest] [DEBUG] iteration=1581, ncalls=4184, regioncalls=67440, ndraw=40, logz=-890.91, remainder_fraction=100.0000%, Lmin=-884.87, Lmax=-109.05
23:31:56 [ultranest] [DEBUG] iteration=1584, ncalls=4189, regioncalls=67640, ndraw=40, logz=-890.59, remainder_fraction=100.0000%, Lmin=-884.42, Lmax=-109.05
23:31:56 [ultranest] [DEBUG] iteration=1586, ncalls=4193, regioncalls=67800, ndraw=40, logz=-890.39, remainder_fraction=100.0000%, Lmin=-884.23, Lmax=-109.05
23:31:56 [ultranest] [DEBUG] iteration=1588, ncalls=4197, regioncalls=67960, ndraw=40, logz=-890.17, remainder_fraction=100.0000%, Lmin=-883.99, Lmax=-109.05
23:31:56 [ultranest] [DEBUG] iteration=1589, ncalls=4201, regioncalls=68120, ndraw=40, logz=-890.07, remainder_fraction=100.0000%, Lmin=-883.81, Lmax=-109.05
23:31:56 [ultranest] [DEBUG] iteration=1590, ncalls=4207, regioncalls=68360, ndraw=40, logz=-889.95, remainder_fraction=100.0000%, Lmin=-883.71, Lmax=-109.05
23:31:56 [ultranest] [DEBUG] iteration=1593, ncalls=4211, regioncalls=68520, ndraw=40, logz=-889.64, remainder_fraction=100.0000%, Lmin=-883.50, Lmax=-109.05
23:31:57 [ultranest] [DEBUG] iteration=1595, ncalls=4219, regioncalls=68840, ndraw=40, logz=-889.45, remainder_fraction=100.0000%, Lmin=-883.37, Lmax=-109.05
23:31:57 [ultranest] [DEBUG] iteration=1597, ncalls=4221, regioncalls=68920, ndraw=40, logz=-889.24, remainder_fraction=100.0000%, Lmin=-883.00, Lmax=-109.05
23:31:57 [ultranest] [DEBUG] iteration=1598, ncalls=4225, regioncalls=69080, ndraw=40, logz=-889.13, remainder_fraction=100.0000%, Lmin=-882.96, Lmax=-109.05
23:31:57 [ultranest] [DEBUG] iteration=1600, ncalls=4230, regioncalls=69280, ndraw=40, logz=-888.92, remainder_fraction=100.0000%, Lmin=-882.79, Lmax=-109.05
23:31:58 [ultranest] [DEBUG] iteration=1601, ncalls=4241, regioncalls=69720, ndraw=40, logz=-888.82, remainder_fraction=100.0000%, Lmin=-882.76, Lmax=-109.05
23:31:58 [ultranest] [DEBUG] iteration=1602, ncalls=4244, regioncalls=69840, ndraw=40, logz=-888.72, remainder_fraction=100.0000%, Lmin=-882.74, Lmax=-109.05
23:31:58 [ultranest] [DEBUG] iteration=1605, ncalls=4250, regioncalls=70080, ndraw=40, logz=-888.47, remainder_fraction=100.0000%, Lmin=-882.61, Lmax=-109.05
23:31:58 [ultranest] [DEBUG] iteration=1606, ncalls=4252, regioncalls=70160, ndraw=40, logz=-888.39, remainder_fraction=100.0000%, Lmin=-882.58, Lmax=-109.05
23:31:58 [ultranest] [DEBUG] iteration=1607, ncalls=4253, regioncalls=70200, ndraw=40, logz=-888.32, remainder_fraction=100.0000%, Lmin=-882.44, Lmax=-109.05
23:31:58 [ultranest] [DEBUG] iteration=1608, ncalls=4257, regioncalls=70360, ndraw=40, logz=-888.24, remainder_fraction=100.0000%, Lmin=-882.42, Lmax=-109.05
23:31:58 [ultranest] [DEBUG] iteration=1611, ncalls=4261, regioncalls=70520, ndraw=40, logz=-888.03, remainder_fraction=100.0000%, Lmin=-882.30, Lmax=-109.05
23:31:59 [ultranest] [DEBUG] iteration=1612, ncalls=4263, regioncalls=70600, ndraw=40, logz=-887.96, remainder_fraction=100.0000%, Lmin=-882.17, Lmax=-109.05
23:31:59 [ultranest] [DEBUG] iteration=1614, ncalls=4268, regioncalls=70800, ndraw=40, logz=-887.81, remainder_fraction=100.0000%, Lmin=-882.01, Lmax=-109.05
23:31:59 [ultranest] [DEBUG] iteration=1616, ncalls=4271, regioncalls=70920, ndraw=40, logz=-887.67, remainder_fraction=100.0000%, Lmin=-881.92, Lmax=-109.05
23:31:59 [ultranest] [DEBUG] iteration=1618, ncalls=4273, regioncalls=71000, ndraw=40, logz=-887.53, remainder_fraction=100.0000%, Lmin=-881.78, Lmax=-109.05
23:31:59 [ultranest] [DEBUG] iteration=1619, ncalls=4276, regioncalls=71120, ndraw=40, logz=-887.46, remainder_fraction=100.0000%, Lmin=-881.77, Lmax=-109.05
23:31:59 [ultranest] [DEBUG] iteration=1622, ncalls=4279, regioncalls=71240, ndraw=40, logz=-887.25, remainder_fraction=100.0000%, Lmin=-881.35, Lmax=-109.05
23:31:59 [ultranest] [DEBUG] iteration=1623, ncalls=4280, regioncalls=71280, ndraw=40, logz=-887.17, remainder_fraction=100.0000%, Lmin=-881.32, Lmax=-109.05
23:32:00 [ultranest] [DEBUG] iteration=1625, ncalls=4283, regioncalls=71400, ndraw=40, logz=-887.02, remainder_fraction=100.0000%, Lmin=-881.12, Lmax=-109.05
23:32:00 [ultranest] [DEBUG] iteration=1627, ncalls=4286, regioncalls=71520, ndraw=40, logz=-886.86, remainder_fraction=100.0000%, Lmin=-880.91, Lmax=-109.05
23:32:00 [ultranest] [DEBUG] iteration=1630, ncalls=4289, regioncalls=71640, ndraw=40, logz=-886.62, remainder_fraction=100.0000%, Lmin=-880.87, Lmax=-109.05
23:32:00 [ultranest] [DEBUG] iteration=1631, ncalls=4291, regioncalls=71720, ndraw=40, logz=-886.55, remainder_fraction=100.0000%, Lmin=-880.87, Lmax=-109.05
23:32:00 [ultranest] [DEBUG] iteration=1633, ncalls=4294, regioncalls=71840, ndraw=40, logz=-886.42, remainder_fraction=100.0000%, Lmin=-880.72, Lmax=-109.05
23:32:01 [ultranest] [DEBUG] iteration=1635, ncalls=4300, regioncalls=72080, ndraw=40, logz=-886.29, remainder_fraction=100.0000%, Lmin=-880.57, Lmax=-109.05
23:32:01 [ultranest] [DEBUG] iteration=1636, ncalls=4308, regioncalls=72400, ndraw=40, logz=-886.23, remainder_fraction=100.0000%, Lmin=-880.50, Lmax=-109.05
23:32:01 [ultranest] [DEBUG] iteration=1637, ncalls=4311, regioncalls=72520, ndraw=40, logz=-886.16, remainder_fraction=100.0000%, Lmin=-880.48, Lmax=-109.05
23:32:01 [ultranest] [DEBUG] iteration=1639, ncalls=4318, regioncalls=72800, ndraw=40, logz=-886.03, remainder_fraction=100.0000%, Lmin=-880.36, Lmax=-109.05
23:32:02 [ultranest] [DEBUG] iteration=1641, ncalls=4323, regioncalls=73000, ndraw=40, logz=-885.89, remainder_fraction=100.0000%, Lmin=-880.00, Lmax=-109.05
23:32:02 [ultranest] [DEBUG] iteration=1643, ncalls=4328, regioncalls=73200, ndraw=40, logz=-885.74, remainder_fraction=100.0000%, Lmin=-879.86, Lmax=-109.05
23:32:02 [ultranest] [DEBUG] iteration=1646, ncalls=4331, regioncalls=73320, ndraw=40, logz=-885.48, remainder_fraction=100.0000%, Lmin=-879.51, Lmax=-109.05
23:32:02 [ultranest] [DEBUG] iteration=1647, ncalls=4333, regioncalls=73400, ndraw=40, logz=-885.40, remainder_fraction=100.0000%, Lmin=-879.36, Lmax=-109.05
23:32:03 [ultranest] [DEBUG] iteration=1649, ncalls=4339, regioncalls=73640, ndraw=40, logz=-885.22, remainder_fraction=100.0000%, Lmin=-879.23, Lmax=-109.05
23:32:03 [ultranest] [DEBUG] iteration=1650, ncalls=4343, regioncalls=73800, ndraw=40, logz=-885.13, remainder_fraction=100.0000%, Lmin=-879.12, Lmax=-109.05
23:32:03 [ultranest] [DEBUG] iteration=1652, ncalls=4349, regioncalls=74040, ndraw=40, logz=-884.97, remainder_fraction=100.0000%, Lmin=-879.03, Lmax=-109.05
23:32:03 [ultranest] [DEBUG] iteration=1654, ncalls=4354, regioncalls=74240, ndraw=40, logz=-884.80, remainder_fraction=100.0000%, Lmin=-878.94, Lmax=-109.05
23:32:03 [ultranest] [DEBUG] iteration=1658, ncalls=4360, regioncalls=74480, ndraw=40, logz=-884.53, remainder_fraction=100.0000%, Lmin=-878.91, Lmax=-109.05
23:32:03 [ultranest] [DEBUG] iteration=1660, ncalls=4367, regioncalls=74760, ndraw=40, logz=-884.41, remainder_fraction=100.0000%, Lmin=-878.80, Lmax=-109.05
23:32:03 [ultranest] [DEBUG] iteration=1662, ncalls=4371, regioncalls=74920, ndraw=40, logz=-884.30, remainder_fraction=100.0000%, Lmin=-878.72, Lmax=-109.05
23:32:04 [ultranest] [DEBUG] iteration=1663, ncalls=4375, regioncalls=75080, ndraw=40, logz=-884.24, remainder_fraction=100.0000%, Lmin=-878.67, Lmax=-109.05
23:32:04 [ultranest] [DEBUG] iteration=1664, ncalls=4378, regioncalls=75200, ndraw=40, logz=-884.18, remainder_fraction=100.0000%, Lmin=-878.63, Lmax=-109.05
23:32:04 [ultranest] [DEBUG] iteration=1666, ncalls=4384, regioncalls=75440, ndraw=40, logz=-884.07, remainder_fraction=100.0000%, Lmin=-878.57, Lmax=-109.05
23:32:04 [ultranest] [DEBUG] iteration=1668, ncalls=4388, regioncalls=75600, ndraw=40, logz=-883.97, remainder_fraction=100.0000%, Lmin=-878.48, Lmax=-109.05
23:32:05 [ultranest] [DEBUG] iteration=1669, ncalls=4393, regioncalls=75800, ndraw=40, logz=-883.92, remainder_fraction=100.0000%, Lmin=-878.48, Lmax=-109.05
23:32:05 [ultranest] [DEBUG] iteration=1671, ncalls=4402, regioncalls=76160, ndraw=40, logz=-883.82, remainder_fraction=100.0000%, Lmin=-878.33, Lmax=-109.05
23:32:05 [ultranest] [DEBUG] iteration=1674, ncalls=4406, regioncalls=76320, ndraw=40, logz=-883.65, remainder_fraction=100.0000%, Lmin=-878.03, Lmax=-109.05
23:32:05 [ultranest] [DEBUG] iteration=1676, ncalls=4409, regioncalls=76440, ndraw=40, logz=-883.52, remainder_fraction=100.0000%, Lmin=-877.84, Lmax=-109.05
23:32:05 [ultranest] [DEBUG] iteration=1677, ncalls=4415, regioncalls=76680, ndraw=40, logz=-883.46, remainder_fraction=100.0000%, Lmin=-877.73, Lmax=-109.05
23:32:06 [ultranest] [DEBUG] iteration=1680, ncalls=4418, regioncalls=76800, ndraw=40, logz=-883.27, remainder_fraction=100.0000%, Lmin=-877.70, Lmax=-109.05
23:32:06 [ultranest] [DEBUG] iteration=1681, ncalls=4421, regioncalls=76920, ndraw=40, logz=-883.22, remainder_fraction=100.0000%, Lmin=-877.68, Lmax=-109.05
23:32:06 [ultranest] [DEBUG] iteration=1682, ncalls=4425, regioncalls=77080, ndraw=40, logz=-883.16, remainder_fraction=100.0000%, Lmin=-877.60, Lmax=-109.05
23:32:06 [ultranest] [DEBUG] iteration=1684, ncalls=4428, regioncalls=77200, ndraw=40, logz=-883.05, remainder_fraction=100.0000%, Lmin=-877.37, Lmax=-109.05
23:32:08 [ultranest] [DEBUG] iteration=1685, ncalls=4445, regioncalls=77880, ndraw=40, logz=-882.99, remainder_fraction=100.0000%, Lmin=-877.27, Lmax=-109.05
23:32:08 [ultranest] [DEBUG] iteration=1686, ncalls=4447, regioncalls=77960, ndraw=40, logz=-882.93, remainder_fraction=100.0000%, Lmin=-877.27, Lmax=-109.05
23:32:08 [ultranest] [DEBUG] iteration=1689, ncalls=4452, regioncalls=78160, ndraw=40, logz=-882.75, remainder_fraction=100.0000%, Lmin=-877.13, Lmax=-109.05
23:32:08 [ultranest] [DEBUG] iteration=1690, ncalls=4454, regioncalls=78240, ndraw=40, logz=-882.69, remainder_fraction=100.0000%, Lmin=-877.12, Lmax=-109.05
23:32:08 [ultranest] [DEBUG] iteration=1692, ncalls=4457, regioncalls=78360, ndraw=40, logz=-882.57, remainder_fraction=100.0000%, Lmin=-876.85, Lmax=-109.05
23:32:09 [ultranest] [DEBUG] iteration=1693, ncalls=4461, regioncalls=78520, ndraw=40, logz=-882.51, remainder_fraction=100.0000%, Lmin=-876.82, Lmax=-109.05
23:32:09 [ultranest] [DEBUG] iteration=1694, ncalls=4470, regioncalls=78880, ndraw=40, logz=-882.44, remainder_fraction=100.0000%, Lmin=-876.82, Lmax=-109.05
23:32:09 [ultranest] [DEBUG] iteration=1697, ncalls=4474, regioncalls=79040, ndraw=40, logz=-882.27, remainder_fraction=100.0000%, Lmin=-876.69, Lmax=-109.05
23:32:09 [ultranest] [DEBUG] iteration=1698, ncalls=4479, regioncalls=79240, ndraw=40, logz=-882.21, remainder_fraction=100.0000%, Lmin=-876.57, Lmax=-109.05
23:32:09 [ultranest] [DEBUG] iteration=1700, ncalls=4482, regioncalls=79360, ndraw=40, logz=-882.10, remainder_fraction=100.0000%, Lmin=-876.47, Lmax=-109.05
23:32:09 [ultranest] [DEBUG] iteration=1702, ncalls=4484, regioncalls=79440, ndraw=40, logz=-881.98, remainder_fraction=100.0000%, Lmin=-876.34, Lmax=-109.05
23:32:10 [ultranest] [DEBUG] iteration=1703, ncalls=4486, regioncalls=79520, ndraw=40, logz=-881.92, remainder_fraction=100.0000%, Lmin=-876.29, Lmax=-109.05
23:32:10 [ultranest] [DEBUG] iteration=1705, ncalls=4489, regioncalls=79640, ndraw=40, logz=-881.80, remainder_fraction=100.0000%, Lmin=-876.12, Lmax=-109.05
23:32:10 [ultranest] [DEBUG] iteration=1706, ncalls=4496, regioncalls=79920, ndraw=40, logz=-881.74, remainder_fraction=100.0000%, Lmin=-875.99, Lmax=-109.05
23:32:10 [ultranest] [DEBUG] iteration=1708, ncalls=4499, regioncalls=80040, ndraw=40, logz=-881.60, remainder_fraction=100.0000%, Lmin=-875.90, Lmax=-109.05
23:32:10 [ultranest] [DEBUG] iteration=1711, ncalls=4504, regioncalls=80240, ndraw=40, logz=-881.42, remainder_fraction=100.0000%, Lmin=-875.82, Lmax=-109.05
23:32:10 [ultranest] [DEBUG] iteration=1713, ncalls=4508, regioncalls=80400, ndraw=40, logz=-881.31, remainder_fraction=100.0000%, Lmin=-875.71, Lmax=-109.05
23:32:11 [ultranest] [DEBUG] iteration=1715, ncalls=4511, regioncalls=80520, ndraw=40, logz=-881.20, remainder_fraction=100.0000%, Lmin=-875.63, Lmax=-109.05
23:32:11 [ultranest] [DEBUG] iteration=1718, ncalls=4516, regioncalls=80720, ndraw=40, logz=-881.04, remainder_fraction=100.0000%, Lmin=-875.56, Lmax=-109.05
23:32:11 [ultranest] [DEBUG] iteration=1719, ncalls=4520, regioncalls=80880, ndraw=40, logz=-880.99, remainder_fraction=100.0000%, Lmin=-875.51, Lmax=-109.05
23:32:11 [ultranest] [DEBUG] iteration=1721, ncalls=4524, regioncalls=81040, ndraw=40, logz=-880.89, remainder_fraction=100.0000%, Lmin=-875.48, Lmax=-109.05
23:32:11 [ultranest] [DEBUG] iteration=1723, ncalls=4534, regioncalls=81440, ndraw=40, logz=-880.80, remainder_fraction=100.0000%, Lmin=-875.39, Lmax=-109.05
23:32:11 [ultranest] [DEBUG] iteration=1724, ncalls=4536, regioncalls=81520, ndraw=40, logz=-880.76, remainder_fraction=100.0000%, Lmin=-875.35, Lmax=-109.05
23:32:12 [ultranest] [DEBUG] iteration=1725, ncalls=4540, regioncalls=81680, ndraw=40, logz=-880.71, remainder_fraction=100.0000%, Lmin=-875.34, Lmax=-109.05
23:32:12 [ultranest] [DEBUG] iteration=1727, ncalls=4545, regioncalls=81880, ndraw=40, logz=-880.62, remainder_fraction=100.0000%, Lmin=-875.27, Lmax=-109.05
23:32:12 [ultranest] [DEBUG] iteration=1729, ncalls=4549, regioncalls=82040, ndraw=40, logz=-880.53, remainder_fraction=100.0000%, Lmin=-875.19, Lmax=-109.05
23:32:12 [ultranest] [DEBUG] iteration=1731, ncalls=4552, regioncalls=82160, ndraw=40, logz=-880.45, remainder_fraction=100.0000%, Lmin=-875.14, Lmax=-109.05
23:32:12 [ultranest] [DEBUG] iteration=1733, ncalls=4555, regioncalls=82280, ndraw=40, logz=-880.37, remainder_fraction=100.0000%, Lmin=-875.07, Lmax=-109.05
23:32:13 [ultranest] [DEBUG] iteration=1735, ncalls=4559, regioncalls=82440, ndraw=40, logz=-880.28, remainder_fraction=100.0000%, Lmin=-874.99, Lmax=-109.05
23:32:13 [ultranest] [DEBUG] iteration=1736, ncalls=4569, regioncalls=82840, ndraw=40, logz=-880.24, remainder_fraction=100.0000%, Lmin=-874.98, Lmax=-109.05
23:32:13 [ultranest] [DEBUG] iteration=1738, ncalls=4575, regioncalls=83080, ndraw=40, logz=-880.16, remainder_fraction=100.0000%, Lmin=-874.90, Lmax=-109.05
23:32:13 [ultranest] [DEBUG] iteration=1741, ncalls=4579, regioncalls=83240, ndraw=40, logz=-880.04, remainder_fraction=100.0000%, Lmin=-874.64, Lmax=-109.05
23:32:13 [ultranest] [DEBUG] iteration=1744, ncalls=4590, regioncalls=83680, ndraw=40, logz=-879.89, remainder_fraction=100.0000%, Lmin=-874.26, Lmax=-109.05
23:32:14 [ultranest] [DEBUG] iteration=1746, ncalls=4594, regioncalls=83840, ndraw=40, logz=-879.78, remainder_fraction=100.0000%, Lmin=-874.21, Lmax=-109.05
23:32:14 [ultranest] [DEBUG] iteration=1748, ncalls=4601, regioncalls=84120, ndraw=40, logz=-879.68, remainder_fraction=100.0000%, Lmin=-874.19, Lmax=-109.05
23:32:14 [ultranest] [DEBUG] iteration=1750, ncalls=4605, regioncalls=84280, ndraw=40, logz=-879.57, remainder_fraction=100.0000%, Lmin=-873.87, Lmax=-109.05
23:32:14 [ultranest] [DEBUG] iteration=1751, ncalls=4609, regioncalls=84440, ndraw=40, logz=-879.51, remainder_fraction=100.0000%, Lmin=-873.84, Lmax=-109.05
23:32:14 [ultranest] [DEBUG] iteration=1753, ncalls=4611, regioncalls=84520, ndraw=40, logz=-879.40, remainder_fraction=100.0000%, Lmin=-873.76, Lmax=-109.05
23:32:14 [ultranest] [DEBUG] iteration=1755, ncalls=4613, regioncalls=84600, ndraw=40, logz=-879.28, remainder_fraction=100.0000%, Lmin=-873.71, Lmax=-109.05
23:32:15 [ultranest] [DEBUG] iteration=1756, ncalls=4615, regioncalls=84680, ndraw=40, logz=-879.23, remainder_fraction=100.0000%, Lmin=-873.70, Lmax=-109.05
23:32:15 [ultranest] [DEBUG] iteration=1758, ncalls=4621, regioncalls=84920, ndraw=40, logz=-879.13, remainder_fraction=100.0000%, Lmin=-873.63, Lmax=-109.05
23:32:15 [ultranest] [DEBUG] iteration=1759, ncalls=4627, regioncalls=85160, ndraw=40, logz=-879.08, remainder_fraction=100.0000%, Lmin=-873.59, Lmax=-109.05
23:32:15 [ultranest] [DEBUG] iteration=1760, ncalls=4629, regioncalls=85240, ndraw=40, logz=-879.03, remainder_fraction=100.0000%, Lmin=-873.54, Lmax=-109.05
23:32:15 [ultranest] [DEBUG] iteration=1762, ncalls=4633, regioncalls=85400, ndraw=40, logz=-878.93, remainder_fraction=100.0000%, Lmin=-873.44, Lmax=-109.05
23:32:16 [ultranest] [DEBUG] iteration=1764, ncalls=4642, regioncalls=85760, ndraw=40, logz=-878.83, remainder_fraction=100.0000%, Lmin=-873.41, Lmax=-109.05
23:32:16 [ultranest] [DEBUG] iteration=1766, ncalls=4648, regioncalls=86000, ndraw=40, logz=-878.74, remainder_fraction=100.0000%, Lmin=-873.31, Lmax=-109.05
23:32:16 [ultranest] [DEBUG] iteration=1767, ncalls=4652, regioncalls=86160, ndraw=40, logz=-878.69, remainder_fraction=100.0000%, Lmin=-873.30, Lmax=-109.05
23:32:16 [ultranest] [DEBUG] iteration=1768, ncalls=4657, regioncalls=86360, ndraw=40, logz=-878.65, remainder_fraction=100.0000%, Lmin=-873.20, Lmax=-109.05
23:32:17 [ultranest] [DEBUG] iteration=1769, ncalls=4658, regioncalls=86400, ndraw=40, logz=-878.60, remainder_fraction=100.0000%, Lmin=-873.18, Lmax=-109.05
23:32:17 [ultranest] [DEBUG] iteration=1770, ncalls=4661, regioncalls=86520, ndraw=40, logz=-878.55, remainder_fraction=100.0000%, Lmin=-873.02, Lmax=-109.05
23:32:17 [ultranest] [DEBUG] iteration=1772, ncalls=4669, regioncalls=86840, ndraw=40, logz=-878.45, remainder_fraction=100.0000%, Lmin=-872.91, Lmax=-109.05
23:32:17 [ultranest] [DEBUG] iteration=1774, ncalls=4673, regioncalls=87000, ndraw=40, logz=-878.35, remainder_fraction=100.0000%, Lmin=-872.88, Lmax=-109.05
23:32:17 [ultranest] [DEBUG] iteration=1776, ncalls=4679, regioncalls=87240, ndraw=40, logz=-878.26, remainder_fraction=100.0000%, Lmin=-872.82, Lmax=-109.05
23:32:17 [ultranest] [DEBUG] iteration=1778, ncalls=4683, regioncalls=87400, ndraw=40, logz=-878.17, remainder_fraction=100.0000%, Lmin=-872.77, Lmax=-109.05
23:32:18 [ultranest] [DEBUG] iteration=1781, ncalls=4688, regioncalls=87600, ndraw=40, logz=-878.04, remainder_fraction=100.0000%, Lmin=-872.74, Lmax=-109.05
23:32:18 [ultranest] [DEBUG] iteration=1782, ncalls=4691, regioncalls=87720, ndraw=40, logz=-878.00, remainder_fraction=100.0000%, Lmin=-872.73, Lmax=-109.05
23:32:18 [ultranest] [DEBUG] iteration=1783, ncalls=4695, regioncalls=87880, ndraw=40, logz=-877.96, remainder_fraction=100.0000%, Lmin=-872.71, Lmax=-109.05
23:32:18 [ultranest] [DEBUG] iteration=1784, ncalls=4707, regioncalls=88360, ndraw=40, logz=-877.92, remainder_fraction=100.0000%, Lmin=-872.70, Lmax=-109.05
23:32:18 [ultranest] [DEBUG] iteration=1785, ncalls=4714, regioncalls=88640, ndraw=40, logz=-877.88, remainder_fraction=100.0000%, Lmin=-872.57, Lmax=-109.05
23:32:19 [ultranest] [DEBUG] iteration=1787, ncalls=4718, regioncalls=88800, ndraw=40, logz=-877.80, remainder_fraction=100.0000%, Lmin=-872.50, Lmax=-109.05
23:32:19 [ultranest] [DEBUG] iteration=1789, ncalls=4721, regioncalls=88920, ndraw=40, logz=-877.72, remainder_fraction=100.0000%, Lmin=-872.29, Lmax=-109.05
23:32:19 [ultranest] [DEBUG] iteration=1790, ncalls=4722, regioncalls=88960, ndraw=40, logz=-877.67, remainder_fraction=100.0000%, Lmin=-872.25, Lmax=-109.05
23:32:20 [ultranest] [DEBUG] iteration=1791, ncalls=4727, regioncalls=89160, ndraw=40, logz=-877.63, remainder_fraction=100.0000%, Lmin=-872.21, Lmax=-109.05
23:32:20 [ultranest] [DEBUG] iteration=1792, ncalls=4731, regioncalls=89320, ndraw=40, logz=-877.58, remainder_fraction=100.0000%, Lmin=-872.21, Lmax=-109.05
23:32:20 [ultranest] [DEBUG] iteration=1793, ncalls=4733, regioncalls=89400, ndraw=40, logz=-877.54, remainder_fraction=100.0000%, Lmin=-872.14, Lmax=-109.05
23:32:20 [ultranest] [DEBUG] iteration=1794, ncalls=4740, regioncalls=89680, ndraw=40, logz=-877.49, remainder_fraction=100.0000%, Lmin=-871.97, Lmax=-109.05
23:32:20 [ultranest] [DEBUG] iteration=1795, ncalls=4744, regioncalls=89840, ndraw=40, logz=-877.44, remainder_fraction=100.0000%, Lmin=-871.83, Lmax=-109.05
23:32:21 [ultranest] [DEBUG] iteration=1796, ncalls=4746, regioncalls=89920, ndraw=40, logz=-877.39, remainder_fraction=100.0000%, Lmin=-871.81, Lmax=-109.05
23:32:21 [ultranest] [DEBUG] iteration=1798, ncalls=4750, regioncalls=90080, ndraw=40, logz=-877.29, remainder_fraction=100.0000%, Lmin=-871.78, Lmax=-109.05
23:32:21 [ultranest] [DEBUG] iteration=1800, ncalls=4753, regioncalls=90200, ndraw=40, logz=-877.19, remainder_fraction=100.0000%, Lmin=-871.66, Lmax=-109.05
23:32:21 [ultranest] [DEBUG] iteration=1801, ncalls=4758, regioncalls=90400, ndraw=40, logz=-877.14, remainder_fraction=100.0000%, Lmin=-871.64, Lmax=-109.05
23:32:21 [ultranest] [DEBUG] iteration=1802, ncalls=4760, regioncalls=90480, ndraw=40, logz=-877.09, remainder_fraction=100.0000%, Lmin=-871.61, Lmax=-109.05
23:32:21 [ultranest] [DEBUG] iteration=1803, ncalls=4763, regioncalls=90600, ndraw=40, logz=-877.05, remainder_fraction=100.0000%, Lmin=-871.55, Lmax=-109.05
23:32:22 [ultranest] [DEBUG] iteration=1805, ncalls=4767, regioncalls=90760, ndraw=40, logz=-876.95, remainder_fraction=100.0000%, Lmin=-871.52, Lmax=-109.05
23:32:22 [ultranest] [DEBUG] iteration=1806, ncalls=4769, regioncalls=90840, ndraw=40, logz=-876.91, remainder_fraction=100.0000%, Lmin=-871.52, Lmax=-109.05
23:32:22 [ultranest] [DEBUG] iteration=1807, ncalls=4776, regioncalls=91120, ndraw=40, logz=-876.86, remainder_fraction=100.0000%, Lmin=-871.47, Lmax=-109.05
23:32:22 [ultranest] [DEBUG] iteration=1808, ncalls=4779, regioncalls=91240, ndraw=40, logz=-876.82, remainder_fraction=100.0000%, Lmin=-871.47, Lmax=-109.05
23:32:23 [ultranest] [DEBUG] iteration=1810, ncalls=4786, regioncalls=91520, ndraw=40, logz=-876.74, remainder_fraction=100.0000%, Lmin=-871.42, Lmax=-109.05
23:32:23 [ultranest] [DEBUG] iteration=1811, ncalls=4791, regioncalls=91720, ndraw=40, logz=-876.70, remainder_fraction=100.0000%, Lmin=-871.41, Lmax=-109.05
23:32:23 [ultranest] [DEBUG] iteration=1813, ncalls=4794, regioncalls=91840, ndraw=40, logz=-876.61, remainder_fraction=100.0000%, Lmin=-871.28, Lmax=-109.05
23:32:23 [ultranest] [DEBUG] iteration=1815, ncalls=4801, regioncalls=92120, ndraw=40, logz=-876.53, remainder_fraction=100.0000%, Lmin=-871.22, Lmax=-109.05
23:32:23 [ultranest] [DEBUG] iteration=1817, ncalls=4804, regioncalls=92240, ndraw=40, logz=-876.46, remainder_fraction=100.0000%, Lmin=-871.18, Lmax=-109.05
23:32:23 [ultranest] [DEBUG] iteration=1820, ncalls=4812, regioncalls=92560, ndraw=40, logz=-876.34, remainder_fraction=100.0000%, Lmin=-871.16, Lmax=-109.05
23:32:24 [ultranest] [DEBUG] iteration=1821, ncalls=4814, regioncalls=92640, ndraw=40, logz=-876.31, remainder_fraction=100.0000%, Lmin=-871.11, Lmax=-109.05
23:32:24 [ultranest] [DEBUG] iteration=1823, ncalls=4818, regioncalls=92800, ndraw=40, logz=-876.24, remainder_fraction=100.0000%, Lmin=-871.08, Lmax=-109.05
23:32:24 [ultranest] [DEBUG] iteration=1825, ncalls=4821, regioncalls=92920, ndraw=40, logz=-876.17, remainder_fraction=100.0000%, Lmin=-871.04, Lmax=-109.05
23:32:24 [ultranest] [DEBUG] iteration=1828, ncalls=4829, regioncalls=93240, ndraw=40, logz=-876.07, remainder_fraction=100.0000%, Lmin=-871.02, Lmax=-109.05
23:32:24 [ultranest] [DEBUG] iteration=1830, ncalls=4837, regioncalls=93560, ndraw=40, logz=-876.01, remainder_fraction=100.0000%, Lmin=-870.95, Lmax=-109.05
23:32:25 [ultranest] [DEBUG] iteration=1831, ncalls=4840, regioncalls=93680, ndraw=40, logz=-875.98, remainder_fraction=100.0000%, Lmin=-870.90, Lmax=-109.05
23:32:25 [ultranest] [DEBUG] iteration=1833, ncalls=4846, regioncalls=93920, ndraw=40, logz=-875.92, remainder_fraction=100.0000%, Lmin=-870.79, Lmax=-109.05
23:32:25 [ultranest] [DEBUG] iteration=1835, ncalls=4851, regioncalls=94120, ndraw=40, logz=-875.85, remainder_fraction=100.0000%, Lmin=-870.65, Lmax=-109.05
23:32:25 [ultranest] [DEBUG] iteration=1838, ncalls=4854, regioncalls=94240, ndraw=40, logz=-875.75, remainder_fraction=100.0000%, Lmin=-870.59, Lmax=-109.05
23:32:25 [ultranest] [DEBUG] iteration=1840, ncalls=4858, regioncalls=94400, ndraw=40, logz=-875.68, remainder_fraction=100.0000%, Lmin=-870.43, Lmax=-109.05
23:32:25 [ultranest] [DEBUG] iteration=1842, ncalls=4865, regioncalls=94680, ndraw=40, logz=-875.60, remainder_fraction=100.0000%, Lmin=-870.39, Lmax=-109.05
23:32:25 [ultranest] [DEBUG] iteration=1844, ncalls=4868, regioncalls=94800, ndraw=40, logz=-875.53, remainder_fraction=100.0000%, Lmin=-870.30, Lmax=-109.05
23:32:26 [ultranest] [DEBUG] iteration=1845, ncalls=4874, regioncalls=95040, ndraw=40, logz=-875.49, remainder_fraction=100.0000%, Lmin=-870.28, Lmax=-109.05
23:32:26 [ultranest] [DEBUG] iteration=1848, ncalls=4878, regioncalls=95200, ndraw=40, logz=-875.39, remainder_fraction=100.0000%, Lmin=-870.25, Lmax=-109.05
23:32:26 [ultranest] [DEBUG] iteration=1849, ncalls=4882, regioncalls=95360, ndraw=40, logz=-875.36, remainder_fraction=100.0000%, Lmin=-870.19, Lmax=-109.05
23:32:26 [ultranest] [DEBUG] iteration=1850, ncalls=4885, regioncalls=95480, ndraw=40, logz=-875.32, remainder_fraction=100.0000%, Lmin=-870.19, Lmax=-109.05
23:32:27 [ultranest] [DEBUG] iteration=1853, ncalls=4919, regioncalls=96840, ndraw=40, logz=-875.23, remainder_fraction=100.0000%, Lmin=-870.17, Lmax=-109.05
23:32:27 [ultranest] [DEBUG] iteration=1854, ncalls=4924, regioncalls=97040, ndraw=40, logz=-875.20, remainder_fraction=100.0000%, Lmin=-870.11, Lmax=-109.05
23:32:27 [ultranest] [DEBUG] iteration=1857, ncalls=4927, regioncalls=97160, ndraw=40, logz=-875.10, remainder_fraction=100.0000%, Lmin=-870.08, Lmax=-109.05
23:32:27 [ultranest] [DEBUG] iteration=1859, ncalls=4930, regioncalls=97280, ndraw=40, logz=-875.05, remainder_fraction=100.0000%, Lmin=-870.05, Lmax=-109.05
23:32:27 [ultranest] [DEBUG] iteration=1860, ncalls=4933, regioncalls=97400, ndraw=40, logz=-875.02, remainder_fraction=100.0000%, Lmin=-870.01, Lmax=-109.05
23:32:27 [ultranest] [DEBUG] iteration=1861, ncalls=4935, regioncalls=97480, ndraw=40, logz=-874.99, remainder_fraction=100.0000%, Lmin=-870.01, Lmax=-109.05
23:32:28 [ultranest] [DEBUG] iteration=1863, ncalls=4942, regioncalls=97760, ndraw=40, logz=-874.93, remainder_fraction=100.0000%, Lmin=-870.00, Lmax=-109.05
23:32:28 [ultranest] [DEBUG] iteration=1864, ncalls=4943, regioncalls=97800, ndraw=40, logz=-874.91, remainder_fraction=100.0000%, Lmin=-869.98, Lmax=-109.05
23:32:28 [ultranest] [DEBUG] iteration=1865, ncalls=4950, regioncalls=98080, ndraw=40, logz=-874.88, remainder_fraction=100.0000%, Lmin=-869.97, Lmax=-109.05
23:32:28 [ultranest] [DEBUG] iteration=1868, ncalls=4953, regioncalls=98200, ndraw=40, logz=-874.80, remainder_fraction=100.0000%, Lmin=-869.95, Lmax=-109.05
23:32:29 [ultranest] [DEBUG] iteration=1869, ncalls=4956, regioncalls=98320, ndraw=40, logz=-874.78, remainder_fraction=100.0000%, Lmin=-869.89, Lmax=-109.05
23:32:29 [ultranest] [DEBUG] iteration=1870, ncalls=4961, regioncalls=98520, ndraw=40, logz=-874.75, remainder_fraction=100.0000%, Lmin=-869.88, Lmax=-109.05
23:32:29 [ultranest] [DEBUG] iteration=1871, ncalls=4962, regioncalls=98560, ndraw=40, logz=-874.73, remainder_fraction=100.0000%, Lmin=-869.83, Lmax=-109.05
23:32:30 [ultranest] [DEBUG] iteration=1872, ncalls=4967, regioncalls=98760, ndraw=40, logz=-874.70, remainder_fraction=100.0000%, Lmin=-869.82, Lmax=-109.05
23:32:30 [ultranest] [DEBUG] iteration=1873, ncalls=4974, regioncalls=99040, ndraw=40, logz=-874.68, remainder_fraction=100.0000%, Lmin=-869.81, Lmax=-109.05
23:32:30 [ultranest] [DEBUG] iteration=1876, ncalls=4980, regioncalls=99280, ndraw=40, logz=-874.60, remainder_fraction=100.0000%, Lmin=-869.74, Lmax=-109.05
23:32:30 [ultranest] [DEBUG] iteration=1877, ncalls=4983, regioncalls=99400, ndraw=40, logz=-874.58, remainder_fraction=100.0000%, Lmin=-869.74, Lmax=-109.05
23:32:30 [ultranest] [DEBUG] iteration=1878, ncalls=4987, regioncalls=99560, ndraw=40, logz=-874.56, remainder_fraction=100.0000%, Lmin=-869.67, Lmax=-109.05
23:32:31 [ultranest] [DEBUG] iteration=1880, ncalls=4991, regioncalls=99720, ndraw=40, logz=-874.50, remainder_fraction=100.0000%, Lmin=-869.61, Lmax=-109.05
23:32:31 [ultranest] [DEBUG] iteration=1883, ncalls=4995, regioncalls=99880, ndraw=40, logz=-874.43, remainder_fraction=100.0000%, Lmin=-869.51, Lmax=-109.05
23:32:31 [ultranest] [DEBUG] iteration=1885, ncalls=4999, regioncalls=100040, ndraw=40, logz=-874.38, remainder_fraction=100.0000%, Lmin=-869.49, Lmax=-109.05
23:32:31 [ultranest] [DEBUG] iteration=1886, ncalls=5002, regioncalls=100160, ndraw=40, logz=-874.35, remainder_fraction=100.0000%, Lmin=-869.49, Lmax=-109.05
23:32:31 [ultranest] [DEBUG] iteration=1889, ncalls=5006, regioncalls=100320, ndraw=40, logz=-874.28, remainder_fraction=100.0000%, Lmin=-869.34, Lmax=-109.05
23:32:31 [ultranest] [DEBUG] iteration=1891, ncalls=5011, regioncalls=100520, ndraw=40, logz=-874.22, remainder_fraction=100.0000%, Lmin=-869.30, Lmax=-109.05
23:32:32 [ultranest] [DEBUG] iteration=1892, ncalls=5013, regioncalls=100600, ndraw=40, logz=-874.20, remainder_fraction=100.0000%, Lmin=-869.30, Lmax=-109.05
23:32:32 [ultranest] [DEBUG] iteration=1893, ncalls=5016, regioncalls=100720, ndraw=40, logz=-874.17, remainder_fraction=100.0000%, Lmin=-869.26, Lmax=-109.05
23:32:32 [ultranest] [DEBUG] iteration=1894, ncalls=5022, regioncalls=100960, ndraw=40, logz=-874.15, remainder_fraction=100.0000%, Lmin=-869.20, Lmax=-109.05
23:32:32 [ultranest] [DEBUG] iteration=1895, ncalls=5028, regioncalls=101200, ndraw=40, logz=-874.12, remainder_fraction=100.0000%, Lmin=-869.19, Lmax=-109.05
23:32:33 [ultranest] [DEBUG] iteration=1897, ncalls=5030, regioncalls=101280, ndraw=40, logz=-874.07, remainder_fraction=100.0000%, Lmin=-869.18, Lmax=-109.05
23:32:33 [ultranest] [DEBUG] iteration=1898, ncalls=5032, regioncalls=101360, ndraw=40, logz=-874.04, remainder_fraction=100.0000%, Lmin=-869.18, Lmax=-109.05
23:32:33 [ultranest] [DEBUG] iteration=1899, ncalls=5039, regioncalls=101640, ndraw=40, logz=-874.02, remainder_fraction=100.0000%, Lmin=-869.10, Lmax=-109.05
23:32:33 [ultranest] [DEBUG] iteration=1902, ncalls=5042, regioncalls=101760, ndraw=40, logz=-873.94, remainder_fraction=100.0000%, Lmin=-869.04, Lmax=-109.05
23:32:33 [ultranest] [DEBUG] iteration=1903, ncalls=5049, regioncalls=102040, ndraw=40, logz=-873.92, remainder_fraction=100.0000%, Lmin=-868.98, Lmax=-109.05
23:32:33 [ultranest] [DEBUG] iteration=1905, ncalls=5055, regioncalls=102280, ndraw=40, logz=-873.86, remainder_fraction=100.0000%, Lmin=-868.96, Lmax=-109.05
23:32:33 [ultranest] [DEBUG] iteration=1907, ncalls=5062, regioncalls=102560, ndraw=40, logz=-873.81, remainder_fraction=100.0000%, Lmin=-868.94, Lmax=-109.05
23:32:33 [ultranest] [DEBUG] iteration=1909, ncalls=5066, regioncalls=102720, ndraw=40, logz=-873.77, remainder_fraction=100.0000%, Lmin=-868.91, Lmax=-109.05
23:32:34 [ultranest] [DEBUG] iteration=1910, ncalls=5069, regioncalls=102840, ndraw=40, logz=-873.74, remainder_fraction=100.0000%, Lmin=-868.90, Lmax=-109.05
23:32:34 [ultranest] [DEBUG] iteration=1914, ncalls=5074, regioncalls=103040, ndraw=40, logz=-873.65, remainder_fraction=100.0000%, Lmin=-868.82, Lmax=-109.05
23:32:34 [ultranest] [DEBUG] iteration=1917, ncalls=5080, regioncalls=103280, ndraw=40, logz=-873.58, remainder_fraction=100.0000%, Lmin=-868.79, Lmax=-109.05
23:32:34 [ultranest] [DEBUG] iteration=1920, ncalls=5085, regioncalls=103480, ndraw=40, logz=-873.51, remainder_fraction=100.0000%, Lmin=-868.73, Lmax=-109.05
23:32:34 [ultranest] [DEBUG] iteration=1922, ncalls=5090, regioncalls=103680, ndraw=40, logz=-873.47, remainder_fraction=100.0000%, Lmin=-868.69, Lmax=-109.05
23:32:34 [ultranest] [DEBUG] iteration=1925, ncalls=5095, regioncalls=103880, ndraw=40, logz=-873.40, remainder_fraction=100.0000%, Lmin=-868.64, Lmax=-109.05
23:32:34 [ultranest] [DEBUG] iteration=1928, ncalls=5099, regioncalls=104040, ndraw=40, logz=-873.34, remainder_fraction=100.0000%, Lmin=-868.47, Lmax=-109.05
23:32:34 [ultranest] [DEBUG] iteration=1930, ncalls=5106, regioncalls=104320, ndraw=40, logz=-873.29, remainder_fraction=100.0000%, Lmin=-868.45, Lmax=-109.05
23:32:35 [ultranest] [DEBUG] iteration=1932, ncalls=5112, regioncalls=104560, ndraw=40, logz=-873.24, remainder_fraction=100.0000%, Lmin=-868.43, Lmax=-109.05
23:32:35 [ultranest] [DEBUG] iteration=1933, ncalls=5115, regioncalls=104680, ndraw=40, logz=-873.22, remainder_fraction=100.0000%, Lmin=-868.38, Lmax=-109.05
23:32:35 [ultranest] [DEBUG] iteration=1935, ncalls=5118, regioncalls=104800, ndraw=40, logz=-873.17, remainder_fraction=100.0000%, Lmin=-868.37, Lmax=-109.05
23:32:35 [ultranest] [DEBUG] iteration=1936, ncalls=5120, regioncalls=104880, ndraw=40, logz=-873.15, remainder_fraction=100.0000%, Lmin=-868.36, Lmax=-109.05
23:32:35 [ultranest] [DEBUG] iteration=1938, ncalls=5127, regioncalls=105160, ndraw=40, logz=-873.11, remainder_fraction=100.0000%, Lmin=-868.34, Lmax=-109.05
23:32:36 [ultranest] [DEBUG] iteration=1940, ncalls=5130, regioncalls=105280, ndraw=40, logz=-873.06, remainder_fraction=100.0000%, Lmin=-868.33, Lmax=-109.05
23:32:36 [ultranest] [DEBUG] iteration=1941, ncalls=5133, regioncalls=105400, ndraw=40, logz=-873.04, remainder_fraction=100.0000%, Lmin=-868.32, Lmax=-109.05
23:32:36 [ultranest] [DEBUG] iteration=1943, ncalls=5142, regioncalls=105760, ndraw=40, logz=-873.00, remainder_fraction=100.0000%, Lmin=-868.29, Lmax=-109.05
23:32:37 [ultranest] [DEBUG] iteration=1944, ncalls=5149, regioncalls=106040, ndraw=40, logz=-872.98, remainder_fraction=100.0000%, Lmin=-868.28, Lmax=-109.05
23:32:37 [ultranest] [DEBUG] iteration=1946, ncalls=5153, regioncalls=106200, ndraw=40, logz=-872.94, remainder_fraction=100.0000%, Lmin=-868.26, Lmax=-109.05
23:32:37 [ultranest] [DEBUG] iteration=1948, ncalls=5157, regioncalls=106360, ndraw=40, logz=-872.90, remainder_fraction=100.0000%, Lmin=-868.25, Lmax=-109.05
23:32:37 [ultranest] [DEBUG] iteration=1949, ncalls=5160, regioncalls=106480, ndraw=40, logz=-872.88, remainder_fraction=100.0000%, Lmin=-868.25, Lmax=-109.05
23:32:38 [ultranest] [DEBUG] iteration=1950, ncalls=5165, regioncalls=106680, ndraw=40, logz=-872.86, remainder_fraction=100.0000%, Lmin=-868.24, Lmax=-109.05
23:32:38 [ultranest] [DEBUG] iteration=1951, ncalls=5175, regioncalls=107080, ndraw=40, logz=-872.84, remainder_fraction=100.0000%, Lmin=-868.21, Lmax=-109.05
23:32:38 [ultranest] [DEBUG] iteration=1953, ncalls=5182, regioncalls=107360, ndraw=40, logz=-872.81, remainder_fraction=100.0000%, Lmin=-868.18, Lmax=-109.05
23:32:38 [ultranest] [DEBUG] iteration=1955, ncalls=5185, regioncalls=107480, ndraw=40, logz=-872.77, remainder_fraction=100.0000%, Lmin=-868.18, Lmax=-109.05
23:32:39 [ultranest] [DEBUG] iteration=1957, ncalls=5189, regioncalls=107640, ndraw=40, logz=-872.73, remainder_fraction=100.0000%, Lmin=-868.16, Lmax=-109.05
23:32:39 [ultranest] [DEBUG] iteration=1959, ncalls=5193, regioncalls=107800, ndraw=40, logz=-872.70, remainder_fraction=100.0000%, Lmin=-868.15, Lmax=-109.05
23:32:39 [ultranest] [DEBUG] iteration=1960, ncalls=5197, regioncalls=107960, ndraw=40, logz=-872.68, remainder_fraction=100.0000%, Lmin=-868.15, Lmax=-109.05
23:32:39 [ultranest] [DEBUG] iteration=1962, ncalls=5211, regioncalls=108520, ndraw=40, logz=-872.65, remainder_fraction=100.0000%, Lmin=-868.15, Lmax=-109.05
23:32:39 [ultranest] [DEBUG] iteration=1964, ncalls=5218, regioncalls=108800, ndraw=40, logz=-872.62, remainder_fraction=100.0000%, Lmin=-868.12, Lmax=-109.05
23:32:40 [ultranest] [DEBUG] iteration=1965, ncalls=5220, regioncalls=108880, ndraw=40, logz=-872.60, remainder_fraction=100.0000%, Lmin=-868.10, Lmax=-109.05
23:32:40 [ultranest] [DEBUG] iteration=1966, ncalls=5229, regioncalls=109240, ndraw=40, logz=-872.58, remainder_fraction=100.0000%, Lmin=-868.09, Lmax=-109.05
23:32:40 [ultranest] [DEBUG] iteration=1968, ncalls=5236, regioncalls=109520, ndraw=40, logz=-872.55, remainder_fraction=100.0000%, Lmin=-868.07, Lmax=-109.05
23:32:40 [ultranest] [DEBUG] iteration=1970, ncalls=5240, regioncalls=109680, ndraw=40, logz=-872.52, remainder_fraction=100.0000%, Lmin=-868.04, Lmax=-109.05
23:32:40 [ultranest] [DEBUG] iteration=1971, ncalls=5247, regioncalls=109960, ndraw=40, logz=-872.50, remainder_fraction=100.0000%, Lmin=-868.04, Lmax=-109.05
23:32:41 [ultranest] [DEBUG] iteration=1972, ncalls=5249, regioncalls=110040, ndraw=40, logz=-872.49, remainder_fraction=100.0000%, Lmin=-868.03, Lmax=-109.05
23:32:41 [ultranest] [DEBUG] iteration=1973, ncalls=5251, regioncalls=110120, ndraw=40, logz=-872.47, remainder_fraction=100.0000%, Lmin=-868.02, Lmax=-109.05
23:32:41 [ultranest] [DEBUG] iteration=1975, ncalls=5257, regioncalls=110360, ndraw=40, logz=-872.44, remainder_fraction=100.0000%, Lmin=-868.01, Lmax=-109.05
23:32:41 [ultranest] [DEBUG] iteration=1977, ncalls=5263, regioncalls=110600, ndraw=40, logz=-872.41, remainder_fraction=100.0000%, Lmin=-867.99, Lmax=-109.05
23:32:41 [ultranest] [DEBUG] iteration=1979, ncalls=5269, regioncalls=110840, ndraw=40, logz=-872.38, remainder_fraction=100.0000%, Lmin=-867.95, Lmax=-109.05
23:32:42 [ultranest] [DEBUG] iteration=1981, ncalls=5279, regioncalls=111240, ndraw=40, logz=-872.35, remainder_fraction=100.0000%, Lmin=-867.92, Lmax=-109.05
10:25:37 [ultranest] [DEBUG] ReactiveNestedSampler: dims=8+0, resume=True, log_dir=/home/ljy/BettiCurveCosmo/Emulator/model-fof-rsdz/mcmc_result/nwLH-Recovery/48/combined, backend=hdf5, vectorized=False, nbootstraps=30, ndraw=128..65536
10:25:38 [ultranest] [DEBUG] Testing resume consistency: [-8.72293652e+02 -8.70636477e+02  0.00000000e+00  9.82419486e-01
  8.49724318e-01  8.91018231e-01  9.35387483e-01  4.98748955e-01
  7.29120310e-03  7.14785608e-01  8.35819430e-01  4.92967795e-01
  6.39889727e-02  8.56407293e-01  1.17415499e+00  7.99499582e-01
  7.29120310e-03 -8.71128635e-01  8.35819430e+01]: u=[0.98241949 0.84972432 0.89101823 0.93538748 0.49874895 0.0072912
 0.71478561 0.83581943] -> p=[ 4.92967795e-01  6.39889727e-02  8.56407293e-01  1.17415499e+00
  7.99499582e-01  7.29120310e-03 -8.71128635e-01  8.35819430e+01] -> L=-870.6364769676085 
10:25:38 [ultranest] [INFO] Resuming from 3390 stored points
10:25:38 [ultranest] [DEBUG] run_iter dlogz=0.5, dKL=0.5, frac_remain=0.10, Lepsilon=0.0010, min_ess=400
10:25:38 [ultranest] [DEBUG] max_iters=-1, max_ncalls=-1, max_num_improvement_loops=-1, min_num_live_points=1600, cluster_num_live_points=40
10:25:38 [ultranest] [DEBUG] minimal_widths_sequence: [(-inf, 1600.0), (inf, 1600.0)]
10:25:38 [ultranest] [DEBUG] iteration=0, ncalls=4721, regioncalls=0, ndraw=40, logz=-inf, remainder_fraction=100.0000%, Lmin=-42690.24, Lmax=-109.05
10:25:38 [ultranest] [DEBUG] iteration=55, ncalls=4721, regioncalls=0, ndraw=40, logz=-5862.60, remainder_fraction=100.0000%, Lmin=-5823.74, Lmax=-109.05
10:25:38 [ultranest] [DEBUG] iteration=117, ncalls=4721, regioncalls=0, ndraw=40, logz=-3251.41, remainder_fraction=100.0000%, Lmin=-3179.67, Lmax=-109.05
10:25:39 [ultranest] [DEBUG] iteration=160, ncalls=4721, regioncalls=0, ndraw=40, logz=-2516.52, remainder_fraction=100.0000%, Lmin=-2508.89, Lmax=-109.05
10:25:39 [ultranest] [DEBUG] iteration=222, ncalls=4721, regioncalls=0, ndraw=40, logz=-2019.55, remainder_fraction=100.0000%, Lmin=-2008.64, Lmax=-109.05
10:25:39 [ultranest] [DEBUG] iteration=286, ncalls=4721, regioncalls=0, ndraw=40, logz=-1789.01, remainder_fraction=100.0000%, Lmin=-1780.02, Lmax=-109.05
10:25:39 [ultranest] [DEBUG] iteration=320, ncalls=4721, regioncalls=0, ndraw=40, logz=-1674.67, remainder_fraction=100.0000%, Lmin=-1664.53, Lmax=-109.05
10:25:39 [ultranest] [DEBUG] iteration=358, ncalls=4721, regioncalls=0, ndraw=40, logz=-1575.37, remainder_fraction=100.0000%, Lmin=-1567.26, Lmax=-109.05
10:25:39 [ultranest] [DEBUG] iteration=414, ncalls=4721, regioncalls=0, ndraw=40, logz=-1459.82, remainder_fraction=100.0000%, Lmin=-1452.28, Lmax=-109.05
10:25:39 [ultranest] [DEBUG] iteration=461, ncalls=4721, regioncalls=0, ndraw=40, logz=-1390.33, remainder_fraction=100.0000%, Lmin=-1382.01, Lmax=-109.05
10:25:39 [ultranest] [DEBUG] iteration=480, ncalls=4721, regioncalls=0, ndraw=40, logz=-1363.76, remainder_fraction=100.0000%, Lmin=-1356.06, Lmax=-109.05
10:25:39 [ultranest] [DEBUG] iteration=545, ncalls=4721, regioncalls=0, ndraw=40, logz=-1282.80, remainder_fraction=100.0000%, Lmin=-1274.80, Lmax=-109.05
10:25:39 [ultranest] [DEBUG] iteration=610, ncalls=4721, regioncalls=0, ndraw=40, logz=-1213.03, remainder_fraction=100.0000%, Lmin=-1206.27, Lmax=-109.05
10:25:40 [ultranest] [DEBUG] iteration=640, ncalls=4721, regioncalls=0, ndraw=40, logz=-1181.86, remainder_fraction=100.0000%, Lmin=-1174.07, Lmax=-109.05
10:25:40 [ultranest] [DEBUG] iteration=706, ncalls=4721, regioncalls=0, ndraw=40, logz=-1124.63, remainder_fraction=100.0000%, Lmin=-1117.79, Lmax=-109.05
10:25:40 [ultranest] [DEBUG] iteration=716, ncalls=4721, regioncalls=0, ndraw=40, logz=-1118.79, remainder_fraction=100.0000%, Lmin=-1111.25, Lmax=-109.05
10:25:40 [ultranest] [DEBUG] iteration=777, ncalls=4721, regioncalls=0, ndraw=40, logz=-1076.17, remainder_fraction=100.0000%, Lmin=-1066.45, Lmax=-109.05
10:25:40 [ultranest] [DEBUG] iteration=800, ncalls=4721, regioncalls=0, ndraw=40, logz=-1063.73, remainder_fraction=100.0000%, Lmin=-1057.10, Lmax=-109.05
10:25:40 [ultranest] [DEBUG] iteration=865, ncalls=4721, regioncalls=0, ndraw=40, logz=-1034.83, remainder_fraction=100.0000%, Lmin=-1027.58, Lmax=-109.05
10:25:40 [ultranest] [DEBUG] iteration=932, ncalls=4721, regioncalls=0, ndraw=40, logz=-1011.62, remainder_fraction=100.0000%, Lmin=-1004.92, Lmax=-109.05
10:25:40 [ultranest] [DEBUG] iteration=960, ncalls=4721, regioncalls=0, ndraw=40, logz=-999.08, remainder_fraction=100.0000%, Lmin=-992.22, Lmax=-109.05
10:25:40 [ultranest] [DEBUG] iteration=1027, ncalls=4721, regioncalls=0, ndraw=40, logz=-979.03, remainder_fraction=100.0000%, Lmin=-971.81, Lmax=-109.05
10:25:41 [ultranest] [DEBUG] iteration=1074, ncalls=4721, regioncalls=0, ndraw=40, logz=-967.01, remainder_fraction=100.0000%, Lmin=-960.65, Lmax=-109.05
10:25:41 [ultranest] [DEBUG] iteration=1120, ncalls=4721, regioncalls=0, ndraw=40, logz=-956.98, remainder_fraction=100.0000%, Lmin=-950.57, Lmax=-109.05
10:25:41 [ultranest] [DEBUG] iteration=1181, ncalls=4721, regioncalls=0, ndraw=40, logz=-943.43, remainder_fraction=100.0000%, Lmin=-936.98, Lmax=-109.05
10:25:41 [ultranest] [DEBUG] iteration=1243, ncalls=4721, regioncalls=0, ndraw=40, logz=-933.04, remainder_fraction=100.0000%, Lmin=-926.47, Lmax=-109.05
10:25:41 [ultranest] [DEBUG] iteration=1280, ncalls=4721, regioncalls=0, ndraw=40, logz=-925.30, remainder_fraction=100.0000%, Lmin=-917.80, Lmax=-109.05
10:25:41 [ultranest] [DEBUG] iteration=1346, ncalls=4721, regioncalls=0, ndraw=40, logz=-914.79, remainder_fraction=100.0000%, Lmin=-908.41, Lmax=-109.05
10:25:41 [ultranest] [DEBUG] iteration=1412, ncalls=4721, regioncalls=0, ndraw=40, logz=-907.40, remainder_fraction=100.0000%, Lmin=-901.44, Lmax=-109.05
10:25:41 [ultranest] [DEBUG] iteration=1432, ncalls=4721, regioncalls=0, ndraw=40, logz=-905.12, remainder_fraction=100.0000%, Lmin=-898.89, Lmax=-109.05
10:25:41 [ultranest] [DEBUG] iteration=1440, ncalls=4721, regioncalls=0, ndraw=40, logz=-904.20, remainder_fraction=100.0000%, Lmin=-898.25, Lmax=-109.05
10:25:41 [ultranest] [DEBUG] iteration=1505, ncalls=4721, regioncalls=0, ndraw=40, logz=-896.99, remainder_fraction=100.0000%, Lmin=-891.28, Lmax=-109.05
10:25:42 [ultranest] [DEBUG] iteration=1566, ncalls=4721, regioncalls=0, ndraw=40, logz=-892.13, remainder_fraction=100.0000%, Lmin=-886.20, Lmax=-109.05
10:25:42 [ultranest] [DEBUG] iteration=1600, ncalls=4721, regioncalls=0, ndraw=40, logz=-888.92, remainder_fraction=100.0000%, Lmin=-882.79, Lmax=-109.05
10:25:42 [ultranest] [DEBUG] iteration=1662, ncalls=4721, regioncalls=0, ndraw=40, logz=-884.30, remainder_fraction=100.0000%, Lmin=-878.72, Lmax=-109.05
10:25:42 [ultranest] [DEBUG] iteration=1727, ncalls=4721, regioncalls=0, ndraw=40, logz=-880.62, remainder_fraction=100.0000%, Lmin=-875.27, Lmax=-109.05
10:25:42 [ultranest] [DEBUG] iteration=1760, ncalls=4721, regioncalls=0, ndraw=40, logz=-879.03, remainder_fraction=100.0000%, Lmin=-873.54, Lmax=-109.05
10:25:42 [ultranest] [DEBUG] iteration=1790, ncalls=4722, regioncalls=40, ndraw=40, logz=-877.67, remainder_fraction=100.0000%, Lmin=-872.25, Lmax=-109.05
10:25:42 [ultranest] [DEBUG] iteration=1795, ncalls=4741, regioncalls=800, ndraw=40, logz=-877.44, remainder_fraction=100.0000%, Lmin=-871.83, Lmax=-109.05
10:25:42 [ultranest] [DEBUG] iteration=1797, ncalls=4755, regioncalls=1360, ndraw=40, logz=-877.34, remainder_fraction=100.0000%, Lmin=-871.79, Lmax=-109.05
10:25:42 [ultranest] [DEBUG] iteration=1803, ncalls=4771, regioncalls=2000, ndraw=40, logz=-877.05, remainder_fraction=100.0000%, Lmin=-871.55, Lmax=-109.05
10:25:43 [ultranest] [DEBUG] iteration=1809, ncalls=4785, regioncalls=2560, ndraw=40, logz=-876.78, remainder_fraction=100.0000%, Lmin=-871.42, Lmax=-109.05
10:25:43 [ultranest] [DEBUG] iteration=1812, ncalls=4802, regioncalls=3240, ndraw=40, logz=-876.66, remainder_fraction=100.0000%, Lmin=-871.31, Lmax=-109.05
10:25:43 [ultranest] [DEBUG] iteration=1817, ncalls=4814, regioncalls=3720, ndraw=40, logz=-876.46, remainder_fraction=100.0000%, Lmin=-871.18, Lmax=-109.05
10:25:43 [ultranest] [DEBUG] iteration=1821, ncalls=4827, regioncalls=4240, ndraw=40, logz=-876.31, remainder_fraction=100.0000%, Lmin=-871.11, Lmax=-109.05
10:25:43 [ultranest] [DEBUG] iteration=1828, ncalls=4839, regioncalls=4720, ndraw=40, logz=-876.07, remainder_fraction=100.0000%, Lmin=-871.02, Lmax=-109.05
10:25:43 [ultranest] [DEBUG] iteration=1830, ncalls=4853, regioncalls=5280, ndraw=40, logz=-876.01, remainder_fraction=100.0000%, Lmin=-870.95, Lmax=-109.05
10:25:43 [ultranest] [DEBUG] iteration=1835, ncalls=4867, regioncalls=5840, ndraw=40, logz=-875.85, remainder_fraction=100.0000%, Lmin=-870.75, Lmax=-109.05
10:25:43 [ultranest] [DEBUG] iteration=1841, ncalls=4881, regioncalls=6400, ndraw=40, logz=-875.65, remainder_fraction=100.0000%, Lmin=-870.43, Lmax=-109.05
10:25:44 [ultranest] [DEBUG] iteration=1846, ncalls=4901, regioncalls=7200, ndraw=40, logz=-875.48, remainder_fraction=100.0000%, Lmin=-870.28, Lmax=-109.05
10:25:44 [ultranest] [DEBUG] iteration=1850, ncalls=4914, regioncalls=7720, ndraw=40, logz=-875.34, remainder_fraction=100.0000%, Lmin=-870.19, Lmax=-109.05
10:25:44 [ultranest] [DEBUG] iteration=1857, ncalls=4928, regioncalls=8280, ndraw=40, logz=-875.12, remainder_fraction=100.0000%, Lmin=-870.08, Lmax=-109.05
10:25:44 [ultranest] [DEBUG] iteration=1863, ncalls=4952, regioncalls=9240, ndraw=40, logz=-874.95, remainder_fraction=100.0000%, Lmin=-870.00, Lmax=-109.05
10:25:44 [ultranest] [DEBUG] iteration=1868, ncalls=4968, regioncalls=9880, ndraw=40, logz=-874.82, remainder_fraction=100.0000%, Lmin=-869.95, Lmax=-109.05
10:25:44 [ultranest] [DEBUG] iteration=1874, ncalls=4980, regioncalls=10360, ndraw=40, logz=-874.66, remainder_fraction=100.0000%, Lmin=-869.80, Lmax=-109.05
10:25:44 [ultranest] [DEBUG] iteration=1878, ncalls=4992, regioncalls=10840, ndraw=40, logz=-874.56, remainder_fraction=100.0000%, Lmin=-869.67, Lmax=-109.05
10:25:44 [ultranest] [DEBUG] iteration=1882, ncalls=5006, regioncalls=11400, ndraw=40, logz=-874.46, remainder_fraction=100.0000%, Lmin=-869.56, Lmax=-25.27
10:25:44 [ultranest] [DEBUG] iteration=1887, ncalls=5018, regioncalls=11880, ndraw=40, logz=-874.33, remainder_fraction=100.0000%, Lmin=-869.42, Lmax=-25.27
10:25:45 [ultranest] [DEBUG] iteration=1893, ncalls=5040, regioncalls=12760, ndraw=40, logz=-874.17, remainder_fraction=100.0000%, Lmin=-869.20, Lmax=-25.27
10:25:45 [ultranest] [DEBUG] iteration=1898, ncalls=5053, regioncalls=13280, ndraw=40, logz=-874.04, remainder_fraction=100.0000%, Lmin=-869.10, Lmax=-25.27
10:25:45 [ultranest] [DEBUG] iteration=1902, ncalls=5070, regioncalls=13960, ndraw=40, logz=-873.94, remainder_fraction=100.0000%, Lmin=-868.96, Lmax=-25.27
10:25:45 [ultranest] [DEBUG] iteration=1908, ncalls=5083, regioncalls=14480, ndraw=40, logz=-873.78, remainder_fraction=100.0000%, Lmin=-868.91, Lmax=-25.27
10:25:45 [ultranest] [DEBUG] iteration=1912, ncalls=5097, regioncalls=15040, ndraw=40, logz=-873.69, remainder_fraction=100.0000%, Lmin=-868.84, Lmax=-25.27
10:25:45 [ultranest] [DEBUG] iteration=1914, ncalls=5111, regioncalls=15600, ndraw=40, logz=-873.64, remainder_fraction=100.0000%, Lmin=-868.82, Lmax=-25.27
10:25:45 [ultranest] [DEBUG] iteration=1920, ncalls=5125, regioncalls=16160, ndraw=40, logz=-873.50, remainder_fraction=100.0000%, Lmin=-868.73, Lmax=-25.27
10:25:46 [ultranest] [DEBUG] iteration=1925, ncalls=5142, regioncalls=16840, ndraw=40, logz=-873.39, remainder_fraction=100.0000%, Lmin=-868.64, Lmax=-25.27
10:25:46 [ultranest] [DEBUG] iteration=1930, ncalls=5156, regioncalls=17400, ndraw=40, logz=-873.28, remainder_fraction=100.0000%, Lmin=-868.44, Lmax=-25.27
10:25:46 [ultranest] [DEBUG] iteration=1932, ncalls=5172, regioncalls=18040, ndraw=40, logz=-873.23, remainder_fraction=100.0000%, Lmin=-868.38, Lmax=-25.27
10:25:46 [ultranest] [DEBUG] iteration=1937, ncalls=5192, regioncalls=18840, ndraw=40, logz=-873.12, remainder_fraction=100.0000%, Lmin=-868.34, Lmax=-25.27
10:25:46 [ultranest] [DEBUG] iteration=1940, ncalls=5204, regioncalls=19320, ndraw=40, logz=-873.05, remainder_fraction=100.0000%, Lmin=-868.32, Lmax=-25.27
10:25:46 [ultranest] [DEBUG] iteration=1946, ncalls=5216, regioncalls=19800, ndraw=40, logz=-872.93, remainder_fraction=100.0000%, Lmin=-868.25, Lmax=-25.27
10:25:46 [ultranest] [DEBUG] iteration=1948, ncalls=5228, regioncalls=20280, ndraw=40, logz=-872.89, remainder_fraction=100.0000%, Lmin=-868.25, Lmax=-25.27
10:25:46 [ultranest] [DEBUG] iteration=1951, ncalls=5241, regioncalls=20800, ndraw=40, logz=-872.83, remainder_fraction=100.0000%, Lmin=-868.18, Lmax=-25.27
10:25:46 [ultranest] [DEBUG] iteration=1954, ncalls=5257, regioncalls=21440, ndraw=40, logz=-872.78, remainder_fraction=100.0000%, Lmin=-868.16, Lmax=-25.27
10:25:47 [ultranest] [DEBUG] iteration=1960, ncalls=5271, regioncalls=22000, ndraw=40, logz=-872.67, remainder_fraction=100.0000%, Lmin=-868.12, Lmax=-25.27
10:25:47 [ultranest] [DEBUG] iteration=1963, ncalls=5284, regioncalls=22520, ndraw=40, logz=-872.62, remainder_fraction=100.0000%, Lmin=-868.07, Lmax=-25.27
10:25:47 [ultranest] [DEBUG] iteration=1966, ncalls=5298, regioncalls=23080, ndraw=40, logz=-872.57, remainder_fraction=100.0000%, Lmin=-868.05, Lmax=-25.27
10:25:47 [ultranest] [DEBUG] iteration=1974, ncalls=5311, regioncalls=23600, ndraw=40, logz=-872.44, remainder_fraction=100.0000%, Lmin=-867.95, Lmax=-25.27
10:25:47 [ultranest] [DEBUG] iteration=1978, ncalls=5324, regioncalls=24120, ndraw=40, logz=-872.38, remainder_fraction=100.0000%, Lmin=-867.92, Lmax=-25.27
10:25:47 [ultranest] [DEBUG] iteration=1983, ncalls=5337, regioncalls=24640, ndraw=40, logz=-872.30, remainder_fraction=100.0000%, Lmin=-867.89, Lmax=-25.27
10:25:47 [ultranest] [DEBUG] iteration=1986, ncalls=5351, regioncalls=25200, ndraw=40, logz=-872.26, remainder_fraction=100.0000%, Lmin=-867.88, Lmax=-25.27
10:25:47 [ultranest] [DEBUG] iteration=1990, ncalls=5377, regioncalls=26240, ndraw=40, logz=-872.20, remainder_fraction=100.0000%, Lmin=-867.86, Lmax=-25.27
10:25:48 [ultranest] [DEBUG] iteration=1995, ncalls=5390, regioncalls=26760, ndraw=40, logz=-872.13, remainder_fraction=100.0000%, Lmin=-867.85, Lmax=-25.27
10:25:48 [ultranest] [DEBUG] iteration=1999, ncalls=5403, regioncalls=27280, ndraw=40, logz=-872.08, remainder_fraction=100.0000%, Lmin=-867.83, Lmax=-25.27
10:25:48 [ultranest] [DEBUG] iteration=2001, ncalls=5415, regioncalls=27760, ndraw=40, logz=-872.06, remainder_fraction=100.0000%, Lmin=-867.83, Lmax=-25.27
10:25:48 [ultranest] [DEBUG] iteration=2006, ncalls=5427, regioncalls=28240, ndraw=40, logz=-872.00, remainder_fraction=100.0000%, Lmin=-867.81, Lmax=-25.27
10:25:48 [ultranest] [DEBUG] iteration=2010, ncalls=5447, regioncalls=29040, ndraw=40, logz=-871.95, remainder_fraction=100.0000%, Lmin=-867.81, Lmax=-25.27
10:25:48 [ultranest] [DEBUG] iteration=2016, ncalls=5460, regioncalls=29560, ndraw=40, logz=-871.89, remainder_fraction=100.0000%, Lmin=-867.80, Lmax=-25.27
10:25:48 [ultranest] [DEBUG] iteration=2022, ncalls=5473, regioncalls=30080, ndraw=40, logz=-871.82, remainder_fraction=100.0000%, Lmin=-867.78, Lmax=-25.27
10:25:48 [ultranest] [DEBUG] iteration=2027, ncalls=5486, regioncalls=30600, ndraw=40, logz=-871.78, remainder_fraction=100.0000%, Lmin=-867.76, Lmax=-25.27
10:25:49 [ultranest] [DEBUG] iteration=2029, ncalls=5501, regioncalls=31200, ndraw=40, logz=-871.76, remainder_fraction=100.0000%, Lmin=-867.76, Lmax=-25.27
10:25:49 [ultranest] [DEBUG] iteration=2033, ncalls=5515, regioncalls=31760, ndraw=40, logz=-871.72, remainder_fraction=100.0000%, Lmin=-867.73, Lmax=-25.27
10:25:49 [ultranest] [DEBUG] iteration=2039, ncalls=5530, regioncalls=32360, ndraw=40, logz=-871.66, remainder_fraction=100.0000%, Lmin=-867.70, Lmax=-25.27
10:25:49 [ultranest] [DEBUG] iteration=2041, ncalls=5550, regioncalls=33160, ndraw=40, logz=-871.64, remainder_fraction=100.0000%, Lmin=-867.67, Lmax=-25.27
10:25:49 [ultranest] [DEBUG] iteration=2043, ncalls=5563, regioncalls=33680, ndraw=40, logz=-871.63, remainder_fraction=100.0000%, Lmin=-867.66, Lmax=-25.27
10:25:49 [ultranest] [DEBUG] iteration=2046, ncalls=5576, regioncalls=34200, ndraw=40, logz=-871.60, remainder_fraction=100.0000%, Lmin=-867.63, Lmax=-25.27
10:25:49 [ultranest] [DEBUG] iteration=2053, ncalls=5589, regioncalls=34720, ndraw=40, logz=-871.53, remainder_fraction=100.0000%, Lmin=-867.59, Lmax=-25.27
10:25:49 [ultranest] [DEBUG] iteration=2056, ncalls=5601, regioncalls=35200, ndraw=40, logz=-871.51, remainder_fraction=100.0000%, Lmin=-867.56, Lmax=-25.27
10:25:50 [ultranest] [DEBUG] iteration=2060, ncalls=5612, regioncalls=35640, ndraw=40, logz=-871.47, remainder_fraction=100.0000%, Lmin=-867.53, Lmax=-25.27
10:25:50 [ultranest] [DEBUG] iteration=2063, ncalls=5628, regioncalls=36280, ndraw=40, logz=-871.45, remainder_fraction=100.0000%, Lmin=-867.51, Lmax=-25.27
10:25:50 [ultranest] [DEBUG] iteration=2068, ncalls=5643, regioncalls=36880, ndraw=40, logz=-871.40, remainder_fraction=100.0000%, Lmin=-867.47, Lmax=-25.27
10:25:50 [ultranest] [DEBUG] iteration=2074, ncalls=5654, regioncalls=37320, ndraw=40, logz=-871.35, remainder_fraction=100.0000%, Lmin=-867.42, Lmax=-25.27
10:25:50 [ultranest] [DEBUG] iteration=2080, ncalls=5672, regioncalls=38040, ndraw=40, logz=-871.30, remainder_fraction=100.0000%, Lmin=-867.38, Lmax=-25.27
10:25:50 [ultranest] [DEBUG] iteration=2086, ncalls=5689, regioncalls=38720, ndraw=40, logz=-871.25, remainder_fraction=100.0000%, Lmin=-867.29, Lmax=-25.27
10:25:50 [ultranest] [DEBUG] iteration=2087, ncalls=5704, regioncalls=39320, ndraw=40, logz=-871.24, remainder_fraction=100.0000%, Lmin=-867.28, Lmax=-25.27
10:25:50 [ultranest] [DEBUG] iteration=2093, ncalls=5715, regioncalls=39760, ndraw=40, logz=-871.18, remainder_fraction=100.0000%, Lmin=-867.15, Lmax=-25.27
10:25:51 [ultranest] [DEBUG] iteration=2095, ncalls=5728, regioncalls=40280, ndraw=40, logz=-871.16, remainder_fraction=100.0000%, Lmin=-867.13, Lmax=-25.27
10:25:51 [ultranest] [DEBUG] iteration=2099, ncalls=5751, regioncalls=41200, ndraw=40, logz=-871.13, remainder_fraction=100.0000%, Lmin=-867.05, Lmax=-25.27
10:25:51 [ultranest] [DEBUG] iteration=2104, ncalls=5773, regioncalls=42080, ndraw=40, logz=-871.08, remainder_fraction=100.0000%, Lmin=-866.98, Lmax=-25.27
10:25:51 [ultranest] [DEBUG] iteration=2108, ncalls=5789, regioncalls=42720, ndraw=40, logz=-871.04, remainder_fraction=100.0000%, Lmin=-866.93, Lmax=-25.27
10:25:51 [ultranest] [DEBUG] iteration=2116, ncalls=5800, regioncalls=43160, ndraw=40, logz=-870.95, remainder_fraction=100.0000%, Lmin=-866.79, Lmax=-25.27
10:25:51 [ultranest] [DEBUG] iteration=2118, ncalls=5813, regioncalls=43680, ndraw=40, logz=-870.93, remainder_fraction=100.0000%, Lmin=-866.75, Lmax=-25.27
10:25:51 [ultranest] [DEBUG] iteration=2123, ncalls=5824, regioncalls=44120, ndraw=40, logz=-870.88, remainder_fraction=100.0000%, Lmin=-866.69, Lmax=-25.27
10:25:52 [ultranest] [DEBUG] iteration=2125, ncalls=5838, regioncalls=44680, ndraw=40, logz=-870.86, remainder_fraction=100.0000%, Lmin=-866.62, Lmax=-25.27
10:25:52 [ultranest] [DEBUG] iteration=2129, ncalls=5851, regioncalls=45200, ndraw=40, logz=-870.81, remainder_fraction=100.0000%, Lmin=-866.61, Lmax=-25.27
10:25:52 [ultranest] [DEBUG] iteration=2133, ncalls=5864, regioncalls=45720, ndraw=40, logz=-870.77, remainder_fraction=100.0000%, Lmin=-866.53, Lmax=-25.27
10:25:52 [ultranest] [DEBUG] iteration=2135, ncalls=5883, regioncalls=46480, ndraw=40, logz=-870.74, remainder_fraction=100.0000%, Lmin=-866.51, Lmax=-25.27
10:25:52 [ultranest] [DEBUG] iteration=2140, ncalls=5894, regioncalls=46920, ndraw=40, logz=-870.68, remainder_fraction=100.0000%, Lmin=-866.38, Lmax=-25.27
10:25:52 [ultranest] [DEBUG] iteration=2143, ncalls=5908, regioncalls=47480, ndraw=40, logz=-870.65, remainder_fraction=100.0000%, Lmin=-866.30, Lmax=-25.27
10:25:52 [ultranest] [DEBUG] iteration=2148, ncalls=5915, regioncalls=47760, ndraw=40, logz=-870.58, remainder_fraction=100.0000%, Lmin=-866.21, Lmax=-25.27
10:25:52 [ultranest] [DEBUG] iteration=2151, ncalls=5926, regioncalls=48200, ndraw=40, logz=-870.55, remainder_fraction=100.0000%, Lmin=-866.09, Lmax=-25.27
10:25:53 [ultranest] [DEBUG] iteration=2155, ncalls=5951, regioncalls=49200, ndraw=40, logz=-870.49, remainder_fraction=100.0000%, Lmin=-866.01, Lmax=-25.27
10:25:53 [ultranest] [DEBUG] iteration=2162, ncalls=5961, regioncalls=49600, ndraw=40, logz=-870.39, remainder_fraction=100.0000%, Lmin=-865.96, Lmax=-25.27
10:25:53 [ultranest] [DEBUG] iteration=2168, ncalls=5974, regioncalls=50120, ndraw=40, logz=-870.30, remainder_fraction=100.0000%, Lmin=-865.68, Lmax=-25.27
10:25:53 [ultranest] [DEBUG] iteration=2174, ncalls=5986, regioncalls=50600, ndraw=40, logz=-870.21, remainder_fraction=100.0000%, Lmin=-865.60, Lmax=-25.27
10:25:53 [ultranest] [DEBUG] iteration=2177, ncalls=6001, regioncalls=51200, ndraw=40, logz=-870.16, remainder_fraction=100.0000%, Lmin=-865.58, Lmax=-25.27
10:25:53 [ultranest] [DEBUG] iteration=2182, ncalls=6014, regioncalls=51720, ndraw=40, logz=-870.08, remainder_fraction=100.0000%, Lmin=-865.50, Lmax=-25.27
10:25:53 [ultranest] [DEBUG] iteration=2185, ncalls=6026, regioncalls=52200, ndraw=40, logz=-870.03, remainder_fraction=100.0000%, Lmin=-865.40, Lmax=-25.27
10:25:54 [ultranest] [DEBUG] iteration=2191, ncalls=6038, regioncalls=52680, ndraw=40, logz=-869.94, remainder_fraction=100.0000%, Lmin=-865.32, Lmax=-25.27
10:25:54 [ultranest] [DEBUG] iteration=2194, ncalls=6059, regioncalls=53520, ndraw=40, logz=-869.89, remainder_fraction=100.0000%, Lmin=-865.09, Lmax=-25.27
10:25:54 [ultranest] [DEBUG] iteration=2198, ncalls=6076, regioncalls=54200, ndraw=40, logz=-869.81, remainder_fraction=100.0000%, Lmin=-865.02, Lmax=-25.27
10:25:54 [ultranest] [DEBUG] iteration=2203, ncalls=6091, regioncalls=54800, ndraw=40, logz=-869.71, remainder_fraction=100.0000%, Lmin=-864.87, Lmax=-25.27
10:25:54 [ultranest] [DEBUG] iteration=2209, ncalls=6103, regioncalls=55280, ndraw=40, logz=-869.59, remainder_fraction=100.0000%, Lmin=-864.70, Lmax=-25.27
10:25:54 [ultranest] [DEBUG] iteration=2215, ncalls=6119, regioncalls=55920, ndraw=40, logz=-869.47, remainder_fraction=100.0000%, Lmin=-864.53, Lmax=-25.27
10:25:54 [ultranest] [DEBUG] iteration=2219, ncalls=6138, regioncalls=56680, ndraw=40, logz=-869.38, remainder_fraction=100.0000%, Lmin=-864.37, Lmax=-25.27
10:25:54 [ultranest] [DEBUG] iteration=2221, ncalls=6150, regioncalls=57160, ndraw=40, logz=-869.33, remainder_fraction=100.0000%, Lmin=-864.32, Lmax=-25.27
10:25:55 [ultranest] [DEBUG] iteration=2226, ncalls=6162, regioncalls=57640, ndraw=40, logz=-869.22, remainder_fraction=100.0000%, Lmin=-864.25, Lmax=-25.27
10:25:55 [ultranest] [DEBUG] iteration=2231, ncalls=6177, regioncalls=58240, ndraw=40, logz=-869.11, remainder_fraction=100.0000%, Lmin=-864.14, Lmax=-25.27
10:25:55 [ultranest] [DEBUG] iteration=2235, ncalls=6190, regioncalls=58760, ndraw=40, logz=-869.02, remainder_fraction=100.0000%, Lmin=-864.02, Lmax=-25.27
10:25:55 [ultranest] [DEBUG] iteration=2238, ncalls=6201, regioncalls=59200, ndraw=40, logz=-868.95, remainder_fraction=100.0000%, Lmin=-863.93, Lmax=-25.27
10:25:55 [ultranest] [DEBUG] iteration=2240, ncalls=6207, regioncalls=59440, ndraw=40, logz=-868.90, remainder_fraction=100.0000%, Lmin=-863.88, Lmax=-25.27
10:25:55 [ultranest] [DEBUG] iteration=2242, ncalls=6221, regioncalls=60000, ndraw=40, logz=-868.86, remainder_fraction=100.0000%, Lmin=-863.86, Lmax=-25.27
10:25:55 [ultranest] [DEBUG] iteration=2244, ncalls=6235, regioncalls=60560, ndraw=40, logz=-868.81, remainder_fraction=100.0000%, Lmin=-863.77, Lmax=-25.27
10:25:55 [ultranest] [DEBUG] iteration=2248, ncalls=6253, regioncalls=61280, ndraw=40, logz=-868.72, remainder_fraction=100.0000%, Lmin=-863.65, Lmax=-25.27
10:25:56 [ultranest] [DEBUG] iteration=2250, ncalls=6266, regioncalls=61800, ndraw=40, logz=-868.67, remainder_fraction=100.0000%, Lmin=-863.62, Lmax=-25.27
10:25:56 [ultranest] [DEBUG] iteration=2254, ncalls=6278, regioncalls=62280, ndraw=40, logz=-868.58, remainder_fraction=100.0000%, Lmin=-863.58, Lmax=-25.27
10:25:56 [ultranest] [DEBUG] iteration=2260, ncalls=6295, regioncalls=62960, ndraw=40, logz=-868.44, remainder_fraction=100.0000%, Lmin=-863.44, Lmax=-25.27
10:25:56 [ultranest] [DEBUG] iteration=2263, ncalls=6306, regioncalls=63400, ndraw=40, logz=-868.37, remainder_fraction=100.0000%, Lmin=-863.40, Lmax=-25.27
10:25:56 [ultranest] [DEBUG] iteration=2269, ncalls=6320, regioncalls=63960, ndraw=40, logz=-868.24, remainder_fraction=100.0000%, Lmin=-863.21, Lmax=-25.27
10:25:56 [ultranest] [DEBUG] iteration=2272, ncalls=6336, regioncalls=64600, ndraw=40, logz=-868.17, remainder_fraction=100.0000%, Lmin=-863.16, Lmax=-25.27
10:25:56 [ultranest] [DEBUG] iteration=2275, ncalls=6355, regioncalls=65360, ndraw=40, logz=-868.10, remainder_fraction=100.0000%, Lmin=-863.10, Lmax=-25.27
10:25:56 [ultranest] [DEBUG] iteration=2280, ncalls=6366, regioncalls=65800, ndraw=40, logz=-867.98, remainder_fraction=100.0000%, Lmin=-862.91, Lmax=-25.27
10:25:57 [ultranest] [DEBUG] iteration=2286, ncalls=6377, regioncalls=66240, ndraw=40, logz=-867.83, remainder_fraction=100.0000%, Lmin=-862.53, Lmax=-25.27
10:25:57 [ultranest] [DEBUG] iteration=2292, ncalls=6391, regioncalls=66800, ndraw=40, logz=-867.66, remainder_fraction=100.0000%, Lmin=-862.40, Lmax=-25.27
10:25:57 [ultranest] [DEBUG] iteration=2296, ncalls=6402, regioncalls=67240, ndraw=40, logz=-867.55, remainder_fraction=100.0000%, Lmin=-862.31, Lmax=-25.27
10:25:57 [ultranest] [DEBUG] iteration=2299, ncalls=6416, regioncalls=67800, ndraw=40, logz=-867.46, remainder_fraction=100.0000%, Lmin=-862.27, Lmax=-25.27
10:25:57 [ultranest] [DEBUG] iteration=2303, ncalls=6433, regioncalls=68480, ndraw=40, logz=-867.36, remainder_fraction=100.0000%, Lmin=-862.16, Lmax=-25.27
10:25:57 [ultranest] [DEBUG] iteration=2305, ncalls=6447, regioncalls=69040, ndraw=40, logz=-867.30, remainder_fraction=100.0000%, Lmin=-862.04, Lmax=-25.27
10:25:57 [ultranest] [DEBUG] iteration=2311, ncalls=6464, regioncalls=69720, ndraw=40, logz=-867.11, remainder_fraction=100.0000%, Lmin=-861.57, Lmax=-25.27
10:25:57 [ultranest] [DEBUG] iteration=2313, ncalls=6476, regioncalls=70200, ndraw=40, logz=-867.03, remainder_fraction=100.0000%, Lmin=-861.50, Lmax=-25.27
10:25:58 [ultranest] [DEBUG] iteration=2317, ncalls=6489, regioncalls=70720, ndraw=40, logz=-866.88, remainder_fraction=100.0000%, Lmin=-861.31, Lmax=-25.27
10:25:58 [ultranest] [DEBUG] iteration=2318, ncalls=6506, regioncalls=71400, ndraw=40, logz=-866.85, remainder_fraction=100.0000%, Lmin=-861.19, Lmax=-25.27
10:25:58 [ultranest] [DEBUG] iteration=2321, ncalls=6519, regioncalls=71920, ndraw=40, logz=-866.72, remainder_fraction=100.0000%, Lmin=-861.05, Lmax=-25.27
10:25:58 [ultranest] [DEBUG] iteration=2325, ncalls=6531, regioncalls=72400, ndraw=40, logz=-866.56, remainder_fraction=100.0000%, Lmin=-860.82, Lmax=-25.27
10:25:58 [ultranest] [DEBUG] iteration=2329, ncalls=6544, regioncalls=72920, ndraw=40, logz=-866.38, remainder_fraction=100.0000%, Lmin=-860.73, Lmax=-25.27
10:25:58 [ultranest] [DEBUG] iteration=2333, ncalls=6559, regioncalls=73520, ndraw=40, logz=-866.21, remainder_fraction=100.0000%, Lmin=-860.46, Lmax=-25.27
10:25:58 [ultranest] [DEBUG] iteration=2338, ncalls=6572, regioncalls=74040, ndraw=40, logz=-866.00, remainder_fraction=100.0000%, Lmin=-860.31, Lmax=-25.27
10:25:58 [ultranest] [DEBUG] iteration=2342, ncalls=6584, regioncalls=74520, ndraw=40, logz=-865.84, remainder_fraction=100.0000%, Lmin=-860.18, Lmax=-25.27
10:25:59 [ultranest] [DEBUG] iteration=2344, ncalls=6596, regioncalls=75000, ndraw=40, logz=-865.76, remainder_fraction=100.0000%, Lmin=-860.07, Lmax=-25.27
10:25:59 [ultranest] [DEBUG] iteration=2348, ncalls=6609, regioncalls=75520, ndraw=40, logz=-865.59, remainder_fraction=100.0000%, Lmin=-859.85, Lmax=-25.27
10:25:59 [ultranest] [DEBUG] iteration=2350, ncalls=6621, regioncalls=76000, ndraw=40, logz=-865.50, remainder_fraction=100.0000%, Lmin=-859.82, Lmax=-25.27
10:25:59 [ultranest] [DEBUG] iteration=2353, ncalls=6633, regioncalls=76480, ndraw=40, logz=-865.37, remainder_fraction=100.0000%, Lmin=-859.56, Lmax=-25.27
10:25:59 [ultranest] [DEBUG] iteration=2355, ncalls=6649, regioncalls=77120, ndraw=40, logz=-865.28, remainder_fraction=100.0000%, Lmin=-859.48, Lmax=-25.27
10:25:59 [ultranest] [DEBUG] iteration=2358, ncalls=6662, regioncalls=77640, ndraw=40, logz=-865.14, remainder_fraction=100.0000%, Lmin=-859.39, Lmax=-25.27
10:25:59 [ultranest] [DEBUG] iteration=2362, ncalls=6675, regioncalls=78160, ndraw=40, logz=-864.97, remainder_fraction=100.0000%, Lmin=-859.30, Lmax=-25.27
10:25:59 [ultranest] [DEBUG] iteration=2365, ncalls=6688, regioncalls=78680, ndraw=40, logz=-864.85, remainder_fraction=100.0000%, Lmin=-859.20, Lmax=-25.27
10:26:00 [ultranest] [DEBUG] iteration=2369, ncalls=6699, regioncalls=79120, ndraw=40, logz=-864.69, remainder_fraction=100.0000%, Lmin=-858.94, Lmax=-25.27
10:26:00 [ultranest] [DEBUG] iteration=2371, ncalls=6722, regioncalls=80040, ndraw=40, logz=-864.60, remainder_fraction=100.0000%, Lmin=-858.90, Lmax=-25.27
10:26:00 [ultranest] [DEBUG] iteration=2373, ncalls=6736, regioncalls=80600, ndraw=40, logz=-864.52, remainder_fraction=100.0000%, Lmin=-858.85, Lmax=-25.27
10:26:00 [ultranest] [DEBUG] iteration=2377, ncalls=6746, regioncalls=81000, ndraw=40, logz=-864.37, remainder_fraction=100.0000%, Lmin=-858.79, Lmax=-25.27
10:26:00 [ultranest] [DEBUG] iteration=2379, ncalls=6755, regioncalls=81360, ndraw=40, logz=-864.29, remainder_fraction=100.0000%, Lmin=-858.77, Lmax=-25.27
10:26:00 [ultranest] [DEBUG] iteration=2381, ncalls=6770, regioncalls=81960, ndraw=40, logz=-864.22, remainder_fraction=100.0000%, Lmin=-858.63, Lmax=-25.27
10:26:00 [ultranest] [DEBUG] iteration=2385, ncalls=6781, regioncalls=82400, ndraw=40, logz=-864.08, remainder_fraction=100.0000%, Lmin=-858.58, Lmax=-25.27
10:26:01 [ultranest] [DEBUG] iteration=2388, ncalls=6791, regioncalls=82800, ndraw=40, logz=-863.98, remainder_fraction=100.0000%, Lmin=-858.53, Lmax=-25.27
10:26:01 [ultranest] [DEBUG] iteration=2393, ncalls=6800, regioncalls=83160, ndraw=40, logz=-863.82, remainder_fraction=100.0000%, Lmin=-858.40, Lmax=-25.27
10:26:01 [ultranest] [DEBUG] iteration=2396, ncalls=6810, regioncalls=83560, ndraw=40, logz=-863.73, remainder_fraction=100.0000%, Lmin=-858.32, Lmax=-25.27
10:26:01 [ultranest] [DEBUG] iteration=2398, ncalls=6830, regioncalls=84360, ndraw=40, logz=-863.67, remainder_fraction=100.0000%, Lmin=-858.27, Lmax=-25.27
10:26:01 [ultranest] [DEBUG] iteration=2400, ncalls=6839, regioncalls=84720, ndraw=40, logz=-863.60, remainder_fraction=100.0000%, Lmin=-858.17, Lmax=-25.27
10:26:01 [ultranest] [DEBUG] iteration=2401, ncalls=6850, regioncalls=85160, ndraw=40, logz=-863.57, remainder_fraction=100.0000%, Lmin=-858.15, Lmax=-25.27
10:26:01 [ultranest] [DEBUG] iteration=2404, ncalls=6867, regioncalls=85840, ndraw=40, logz=-863.48, remainder_fraction=100.0000%, Lmin=-858.01, Lmax=-25.27
10:26:02 [ultranest] [DEBUG] iteration=2408, ncalls=6877, regioncalls=86240, ndraw=40, logz=-863.35, remainder_fraction=100.0000%, Lmin=-857.92, Lmax=-25.27
10:26:02 [ultranest] [DEBUG] iteration=2411, ncalls=6905, regioncalls=87360, ndraw=40, logz=-863.26, remainder_fraction=100.0000%, Lmin=-857.85, Lmax=-25.27
10:26:02 [ultranest] [DEBUG] iteration=2413, ncalls=6926, regioncalls=88200, ndraw=40, logz=-863.20, remainder_fraction=100.0000%, Lmin=-857.80, Lmax=-25.27
10:26:02 [ultranest] [DEBUG] iteration=2416, ncalls=6939, regioncalls=88720, ndraw=40, logz=-863.11, remainder_fraction=100.0000%, Lmin=-857.70, Lmax=-25.27
10:26:02 [ultranest] [DEBUG] iteration=2418, ncalls=6949, regioncalls=89120, ndraw=40, logz=-863.05, remainder_fraction=100.0000%, Lmin=-857.59, Lmax=-25.27
10:26:02 [ultranest] [DEBUG] iteration=2422, ncalls=6959, regioncalls=89520, ndraw=40, logz=-862.92, remainder_fraction=100.0000%, Lmin=-857.38, Lmax=-25.27
10:26:03 [ultranest] [DEBUG] iteration=2425, ncalls=6968, regioncalls=89880, ndraw=40, logz=-862.82, remainder_fraction=100.0000%, Lmin=-857.35, Lmax=-25.27
10:26:03 [ultranest] [DEBUG] iteration=2428, ncalls=6977, regioncalls=90240, ndraw=40, logz=-862.72, remainder_fraction=100.0000%, Lmin=-857.26, Lmax=-25.27
10:26:03 [ultranest] [DEBUG] iteration=2430, ncalls=6987, regioncalls=90640, ndraw=40, logz=-862.66, remainder_fraction=100.0000%, Lmin=-857.16, Lmax=-25.27
10:26:03 [ultranest] [DEBUG] iteration=2435, ncalls=6997, regioncalls=91040, ndraw=40, logz=-862.50, remainder_fraction=100.0000%, Lmin=-856.89, Lmax=-25.27
10:26:03 [ultranest] [DEBUG] iteration=2437, ncalls=7008, regioncalls=91480, ndraw=40, logz=-862.42, remainder_fraction=100.0000%, Lmin=-856.77, Lmax=-25.27
10:26:03 [ultranest] [DEBUG] iteration=2439, ncalls=7017, regioncalls=91840, ndraw=40, logz=-862.35, remainder_fraction=100.0000%, Lmin=-856.68, Lmax=-25.27
10:26:03 [ultranest] [DEBUG] iteration=2440, ncalls=7027, regioncalls=92240, ndraw=40, logz=-862.31, remainder_fraction=100.0000%, Lmin=-856.66, Lmax=-25.27
10:26:03 [ultranest] [DEBUG] iteration=2443, ncalls=7036, regioncalls=92600, ndraw=40, logz=-862.20, remainder_fraction=100.0000%, Lmin=-856.63, Lmax=-25.27
10:26:03 [ultranest] [DEBUG] iteration=2445, ncalls=7045, regioncalls=92960, ndraw=40, logz=-862.13, remainder_fraction=100.0000%, Lmin=-856.58, Lmax=-25.27
10:26:04 [ultranest] [DEBUG] iteration=2447, ncalls=7058, regioncalls=93480, ndraw=40, logz=-862.06, remainder_fraction=100.0000%, Lmin=-856.53, Lmax=-25.27
10:26:04 [ultranest] [DEBUG] iteration=2450, ncalls=7069, regioncalls=93920, ndraw=40, logz=-861.96, remainder_fraction=100.0000%, Lmin=-856.37, Lmax=-25.27
10:26:04 [ultranest] [DEBUG] iteration=2455, ncalls=7079, regioncalls=94320, ndraw=40, logz=-861.77, remainder_fraction=100.0000%, Lmin=-855.97, Lmax=-25.27
10:26:04 [ultranest] [DEBUG] iteration=2457, ncalls=7096, regioncalls=95000, ndraw=40, logz=-861.69, remainder_fraction=100.0000%, Lmin=-855.80, Lmax=-25.27
10:26:04 [ultranest] [DEBUG] iteration=2460, ncalls=7108, regioncalls=95480, ndraw=40, logz=-861.55, remainder_fraction=100.0000%, Lmin=-855.69, Lmax=-25.27
10:26:04 [ultranest] [DEBUG] iteration=2463, ncalls=7117, regioncalls=95840, ndraw=40, logz=-861.40, remainder_fraction=100.0000%, Lmin=-855.51, Lmax=-25.27
10:26:04 [ultranest] [DEBUG] iteration=2465, ncalls=7134, regioncalls=96520, ndraw=40, logz=-861.30, remainder_fraction=100.0000%, Lmin=-855.41, Lmax=-25.27
10:26:05 [ultranest] [DEBUG] iteration=2467, ncalls=7144, regioncalls=96920, ndraw=40, logz=-861.21, remainder_fraction=100.0000%, Lmin=-855.40, Lmax=-25.27
10:26:05 [ultranest] [DEBUG] iteration=2470, ncalls=7153, regioncalls=97280, ndraw=40, logz=-861.08, remainder_fraction=100.0000%, Lmin=-855.27, Lmax=-25.27
10:26:05 [ultranest] [DEBUG] iteration=2472, ncalls=7167, regioncalls=97840, ndraw=40, logz=-860.99, remainder_fraction=100.0000%, Lmin=-855.26, Lmax=-25.27
10:26:05 [ultranest] [DEBUG] iteration=2475, ncalls=7176, regioncalls=98200, ndraw=40, logz=-860.87, remainder_fraction=100.0000%, Lmin=-855.13, Lmax=-25.27
10:26:05 [ultranest] [DEBUG] iteration=2479, ncalls=7186, regioncalls=98600, ndraw=40, logz=-860.70, remainder_fraction=100.0000%, Lmin=-854.95, Lmax=-25.27
10:26:05 [ultranest] [DEBUG] iteration=2482, ncalls=7196, regioncalls=99000, ndraw=40, logz=-860.57, remainder_fraction=100.0000%, Lmin=-854.80, Lmax=-25.27
10:26:05 [ultranest] [DEBUG] iteration=2485, ncalls=7205, regioncalls=99360, ndraw=40, logz=-860.45, remainder_fraction=100.0000%, Lmin=-854.52, Lmax=-25.27
10:26:05 [ultranest] [DEBUG] iteration=2488, ncalls=7218, regioncalls=99880, ndraw=40, logz=-860.30, remainder_fraction=100.0000%, Lmin=-854.43, Lmax=-25.27
10:26:06 [ultranest] [DEBUG] iteration=2490, ncalls=7229, regioncalls=100320, ndraw=40, logz=-860.21, remainder_fraction=100.0000%, Lmin=-854.33, Lmax=-25.27
10:26:06 [ultranest] [DEBUG] iteration=2493, ncalls=7239, regioncalls=100720, ndraw=40, logz=-860.07, remainder_fraction=100.0000%, Lmin=-854.16, Lmax=-25.27
10:26:06 [ultranest] [DEBUG] iteration=2496, ncalls=7260, regioncalls=101560, ndraw=40, logz=-859.93, remainder_fraction=100.0000%, Lmin=-854.04, Lmax=-25.27
10:26:06 [ultranest] [DEBUG] iteration=2499, ncalls=7271, regioncalls=102000, ndraw=40, logz=-859.80, remainder_fraction=100.0000%, Lmin=-853.99, Lmax=-25.27
10:26:06 [ultranest] [DEBUG] iteration=2500, ncalls=7283, regioncalls=102480, ndraw=40, logz=-859.75, remainder_fraction=100.0000%, Lmin=-853.96, Lmax=-25.27
10:26:06 [ultranest] [DEBUG] iteration=2501, ncalls=7297, regioncalls=103040, ndraw=40, logz=-859.71, remainder_fraction=100.0000%, Lmin=-853.95, Lmax=-25.27
10:26:06 [ultranest] [DEBUG] iteration=2503, ncalls=7315, regioncalls=103760, ndraw=40, logz=-859.63, remainder_fraction=100.0000%, Lmin=-853.87, Lmax=-25.27
10:26:07 [ultranest] [DEBUG] iteration=2505, ncalls=7324, regioncalls=104120, ndraw=40, logz=-859.55, remainder_fraction=100.0000%, Lmin=-853.79, Lmax=-25.27
10:26:07 [ultranest] [DEBUG] iteration=2506, ncalls=7342, regioncalls=104840, ndraw=40, logz=-859.51, remainder_fraction=100.0000%, Lmin=-853.74, Lmax=-25.27
10:26:07 [ultranest] [DEBUG] iteration=2510, ncalls=7357, regioncalls=105440, ndraw=40, logz=-859.35, remainder_fraction=100.0000%, Lmin=-853.58, Lmax=-25.27
10:26:07 [ultranest] [DEBUG] iteration=2514, ncalls=7374, regioncalls=106120, ndraw=40, logz=-859.18, remainder_fraction=100.0000%, Lmin=-853.36, Lmax=-25.27
10:26:07 [ultranest] [DEBUG] iteration=2516, ncalls=7387, regioncalls=106640, ndraw=40, logz=-859.10, remainder_fraction=100.0000%, Lmin=-853.27, Lmax=-25.27
10:26:07 [ultranest] [DEBUG] iteration=2520, ncalls=7398, regioncalls=107080, ndraw=40, logz=-858.92, remainder_fraction=100.0000%, Lmin=-853.10, Lmax=-25.27
10:26:08 [ultranest] [DEBUG] iteration=2525, ncalls=7412, regioncalls=107640, ndraw=40, logz=-858.72, remainder_fraction=100.0000%, Lmin=-852.92, Lmax=-25.27
10:26:08 [ultranest] [DEBUG] iteration=2528, ncalls=7435, regioncalls=108560, ndraw=40, logz=-858.60, remainder_fraction=100.0000%, Lmin=-852.89, Lmax=-25.27
10:26:08 [ultranest] [DEBUG] iteration=2531, ncalls=7456, regioncalls=109400, ndraw=40, logz=-858.48, remainder_fraction=100.0000%, Lmin=-852.78, Lmax=-25.27
10:26:08 [ultranest] [DEBUG] iteration=2533, ncalls=7470, regioncalls=109960, ndraw=40, logz=-858.41, remainder_fraction=100.0000%, Lmin=-852.68, Lmax=-25.27
10:26:08 [ultranest] [DEBUG] iteration=2534, ncalls=7481, regioncalls=110400, ndraw=40, logz=-858.37, remainder_fraction=100.0000%, Lmin=-852.67, Lmax=-25.27
10:26:08 [ultranest] [DEBUG] iteration=2538, ncalls=7490, regioncalls=110760, ndraw=40, logz=-858.22, remainder_fraction=100.0000%, Lmin=-852.52, Lmax=-25.27
10:26:09 [ultranest] [DEBUG] iteration=2541, ncalls=7503, regioncalls=111280, ndraw=40, logz=-858.11, remainder_fraction=100.0000%, Lmin=-852.44, Lmax=-25.27
10:26:09 [ultranest] [DEBUG] iteration=2544, ncalls=7511, regioncalls=111600, ndraw=40, logz=-857.99, remainder_fraction=100.0000%, Lmin=-852.25, Lmax=-25.27
10:26:09 [ultranest] [DEBUG] iteration=2547, ncalls=7526, regioncalls=112200, ndraw=40, logz=-857.87, remainder_fraction=100.0000%, Lmin=-852.05, Lmax=-25.27
10:26:09 [ultranest] [DEBUG] iteration=2553, ncalls=7538, regioncalls=112680, ndraw=40, logz=-857.63, remainder_fraction=100.0000%, Lmin=-851.91, Lmax=-25.27
10:26:09 [ultranest] [DEBUG] iteration=2559, ncalls=7548, regioncalls=113080, ndraw=40, logz=-857.40, remainder_fraction=100.0000%, Lmin=-851.64, Lmax=-25.27
10:26:09 [ultranest] [DEBUG] iteration=2560, ncalls=7551, regioncalls=113200, ndraw=40, logz=-857.36, remainder_fraction=100.0000%, Lmin=-851.64, Lmax=-25.27
10:26:09 [ultranest] [DEBUG] iteration=2563, ncalls=7562, regioncalls=113640, ndraw=40, logz=-857.25, remainder_fraction=100.0000%, Lmin=-851.44, Lmax=-25.27
10:26:09 [ultranest] [DEBUG] iteration=2569, ncalls=7574, regioncalls=114120, ndraw=40, logz=-857.01, remainder_fraction=100.0000%, Lmin=-851.23, Lmax=-25.27
10:26:09 [ultranest] [DEBUG] iteration=2571, ncalls=7586, regioncalls=114600, ndraw=40, logz=-856.93, remainder_fraction=100.0000%, Lmin=-851.19, Lmax=-25.27
10:26:10 [ultranest] [DEBUG] iteration=2575, ncalls=7601, regioncalls=115200, ndraw=40, logz=-856.79, remainder_fraction=100.0000%, Lmin=-851.14, Lmax=-25.27
10:26:10 [ultranest] [DEBUG] iteration=2579, ncalls=7616, regioncalls=115800, ndraw=40, logz=-856.64, remainder_fraction=100.0000%, Lmin=-850.98, Lmax=-25.27
10:26:10 [ultranest] [DEBUG] iteration=2584, ncalls=7629, regioncalls=116320, ndraw=40, logz=-856.46, remainder_fraction=100.0000%, Lmin=-850.70, Lmax=-25.27
10:26:10 [ultranest] [DEBUG] iteration=2589, ncalls=7640, regioncalls=116760, ndraw=40, logz=-856.26, remainder_fraction=100.0000%, Lmin=-850.35, Lmax=-25.27
10:26:10 [ultranest] [DEBUG] iteration=2592, ncalls=7656, regioncalls=117400, ndraw=40, logz=-856.13, remainder_fraction=100.0000%, Lmin=-850.30, Lmax=-25.27
10:26:10 [ultranest] [DEBUG] iteration=2594, ncalls=7675, regioncalls=118160, ndraw=40, logz=-856.05, remainder_fraction=100.0000%, Lmin=-850.14, Lmax=-25.27
10:26:10 [ultranest] [DEBUG] iteration=2599, ncalls=7687, regioncalls=118640, ndraw=40, logz=-855.84, remainder_fraction=100.0000%, Lmin=-850.06, Lmax=-25.27
10:26:10 [ultranest] [DEBUG] iteration=2603, ncalls=7702, regioncalls=119240, ndraw=40, logz=-855.68, remainder_fraction=100.0000%, Lmin=-849.86, Lmax=-25.27
10:26:11 [ultranest] [DEBUG] iteration=2606, ncalls=7723, regioncalls=120080, ndraw=40, logz=-855.56, remainder_fraction=100.0000%, Lmin=-849.77, Lmax=-25.27
10:26:11 [ultranest] [DEBUG] iteration=2610, ncalls=7741, regioncalls=120800, ndraw=40, logz=-855.41, remainder_fraction=100.0000%, Lmin=-849.70, Lmax=-25.27
10:26:11 [ultranest] [DEBUG] iteration=2614, ncalls=7756, regioncalls=121400, ndraw=40, logz=-855.27, remainder_fraction=100.0000%, Lmin=-849.60, Lmax=-25.27
10:26:11 [ultranest] [DEBUG] iteration=2618, ncalls=7769, regioncalls=121920, ndraw=40, logz=-855.13, remainder_fraction=100.0000%, Lmin=-849.41, Lmax=-25.27
10:26:11 [ultranest] [DEBUG] iteration=2620, ncalls=7782, regioncalls=122440, ndraw=40, logz=-855.05, remainder_fraction=100.0000%, Lmin=-849.30, Lmax=-25.27
10:26:11 [ultranest] [DEBUG] iteration=2624, ncalls=7793, regioncalls=122880, ndraw=40, logz=-854.91, remainder_fraction=100.0000%, Lmin=-849.26, Lmax=-25.27
10:26:11 [ultranest] [DEBUG] iteration=2626, ncalls=7811, regioncalls=123600, ndraw=40, logz=-854.84, remainder_fraction=100.0000%, Lmin=-849.12, Lmax=-25.27
10:26:12 [ultranest] [DEBUG] iteration=2628, ncalls=7823, regioncalls=124080, ndraw=40, logz=-854.77, remainder_fraction=100.0000%, Lmin=-849.00, Lmax=-25.27
10:26:12 [ultranest] [DEBUG] iteration=2629, ncalls=7835, regioncalls=124560, ndraw=40, logz=-854.73, remainder_fraction=100.0000%, Lmin=-849.00, Lmax=-25.27
10:26:12 [ultranest] [DEBUG] iteration=2632, ncalls=7852, regioncalls=125240, ndraw=40, logz=-854.62, remainder_fraction=100.0000%, Lmin=-848.95, Lmax=-25.27
10:26:12 [ultranest] [DEBUG] iteration=2635, ncalls=7872, regioncalls=126040, ndraw=40, logz=-854.52, remainder_fraction=100.0000%, Lmin=-848.91, Lmax=-25.27
10:26:12 [ultranest] [DEBUG] iteration=2640, ncalls=7888, regioncalls=126680, ndraw=40, logz=-854.35, remainder_fraction=100.0000%, Lmin=-848.67, Lmax=-25.27
10:26:12 [ultranest] [DEBUG] iteration=2644, ncalls=7901, regioncalls=127200, ndraw=40, logz=-854.22, remainder_fraction=100.0000%, Lmin=-848.54, Lmax=-25.27
10:26:12 [ultranest] [DEBUG] iteration=2650, ncalls=7911, regioncalls=127600, ndraw=40, logz=-854.01, remainder_fraction=100.0000%, Lmin=-848.38, Lmax=-25.27
10:26:12 [ultranest] [DEBUG] iteration=2655, ncalls=7923, regioncalls=128080, ndraw=40, logz=-853.85, remainder_fraction=100.0000%, Lmin=-848.19, Lmax=-25.27
10:26:13 [ultranest] [DEBUG] iteration=2661, ncalls=7934, regioncalls=128520, ndraw=40, logz=-853.65, remainder_fraction=100.0000%, Lmin=-847.99, Lmax=-25.27
10:26:13 [ultranest] [DEBUG] iteration=2663, ncalls=7950, regioncalls=129160, ndraw=40, logz=-853.58, remainder_fraction=100.0000%, Lmin=-847.87, Lmax=-25.27
10:26:13 [ultranest] [DEBUG] iteration=2667, ncalls=7968, regioncalls=129880, ndraw=40, logz=-853.44, remainder_fraction=100.0000%, Lmin=-847.74, Lmax=-25.27
10:26:13 [ultranest] [DEBUG] iteration=2670, ncalls=7981, regioncalls=130400, ndraw=40, logz=-853.34, remainder_fraction=100.0000%, Lmin=-847.63, Lmax=-25.27
10:26:13 [ultranest] [DEBUG] iteration=2672, ncalls=7996, regioncalls=131000, ndraw=40, logz=-853.27, remainder_fraction=100.0000%, Lmin=-847.58, Lmax=-25.27
10:26:13 [ultranest] [DEBUG] iteration=2676, ncalls=8019, regioncalls=131920, ndraw=40, logz=-853.13, remainder_fraction=100.0000%, Lmin=-847.23, Lmax=-25.27
10:26:13 [ultranest] [DEBUG] iteration=2681, ncalls=8031, regioncalls=132400, ndraw=40, logz=-852.92, remainder_fraction=100.0000%, Lmin=-847.08, Lmax=-25.27
10:26:14 [ultranest] [DEBUG] iteration=2683, ncalls=8047, regioncalls=133040, ndraw=40, logz=-852.84, remainder_fraction=100.0000%, Lmin=-846.99, Lmax=-25.27
10:26:14 [ultranest] [DEBUG] iteration=2688, ncalls=8058, regioncalls=133480, ndraw=40, logz=-852.64, remainder_fraction=100.0000%, Lmin=-846.72, Lmax=-25.27
10:26:14 [ultranest] [DEBUG] iteration=2692, ncalls=8071, regioncalls=134000, ndraw=40, logz=-852.48, remainder_fraction=100.0000%, Lmin=-846.67, Lmax=-25.27
10:26:14 [ultranest] [DEBUG] iteration=2695, ncalls=8101, regioncalls=135200, ndraw=40, logz=-852.37, remainder_fraction=100.0000%, Lmin=-846.60, Lmax=-25.27
10:26:14 [ultranest] [DEBUG] iteration=2700, ncalls=8114, regioncalls=135720, ndraw=40, logz=-852.19, remainder_fraction=100.0000%, Lmin=-846.46, Lmax=-25.27
10:26:14 [ultranest] [DEBUG] iteration=2705, ncalls=8129, regioncalls=136320, ndraw=40, logz=-852.02, remainder_fraction=100.0000%, Lmin=-846.34, Lmax=-25.27
10:26:14 [ultranest] [DEBUG] iteration=2709, ncalls=8142, regioncalls=136840, ndraw=40, logz=-851.89, remainder_fraction=100.0000%, Lmin=-846.25, Lmax=-25.27
10:26:15 [ultranest] [DEBUG] iteration=2712, ncalls=8160, regioncalls=137560, ndraw=40, logz=-851.79, remainder_fraction=100.0000%, Lmin=-846.15, Lmax=-25.27
10:26:15 [ultranest] [DEBUG] iteration=2715, ncalls=8176, regioncalls=138200, ndraw=40, logz=-851.70, remainder_fraction=100.0000%, Lmin=-846.00, Lmax=-25.27
10:26:15 [ultranest] [DEBUG] iteration=2720, ncalls=8195, regioncalls=138960, ndraw=40, logz=-851.52, remainder_fraction=100.0000%, Lmin=-845.77, Lmax=-25.27
10:26:15 [ultranest] [DEBUG] iteration=2722, ncalls=8208, regioncalls=139480, ndraw=40, logz=-851.45, remainder_fraction=100.0000%, Lmin=-845.71, Lmax=-25.27
10:26:15 [ultranest] [DEBUG] iteration=2725, ncalls=8219, regioncalls=139920, ndraw=40, logz=-851.35, remainder_fraction=100.0000%, Lmin=-845.62, Lmax=-25.27
10:26:15 [ultranest] [DEBUG] iteration=2728, ncalls=8230, regioncalls=140360, ndraw=40, logz=-851.24, remainder_fraction=100.0000%, Lmin=-845.48, Lmax=-25.27
10:26:15 [ultranest] [DEBUG] iteration=2733, ncalls=8242, regioncalls=140840, ndraw=40, logz=-851.06, remainder_fraction=100.0000%, Lmin=-845.24, Lmax=-25.27
10:26:16 [ultranest] [DEBUG] iteration=2737, ncalls=8256, regioncalls=141400, ndraw=40, logz=-850.91, remainder_fraction=100.0000%, Lmin=-845.16, Lmax=-25.27
10:26:16 [ultranest] [DEBUG] iteration=2743, ncalls=8272, regioncalls=142040, ndraw=40, logz=-850.71, remainder_fraction=100.0000%, Lmin=-845.00, Lmax=-25.27
10:26:16 [ultranest] [DEBUG] iteration=2746, ncalls=8283, regioncalls=142480, ndraw=40, logz=-850.61, remainder_fraction=100.0000%, Lmin=-844.95, Lmax=-25.27
10:26:16 [ultranest] [DEBUG] iteration=2750, ncalls=8294, regioncalls=142920, ndraw=40, logz=-850.48, remainder_fraction=100.0000%, Lmin=-844.78, Lmax=-25.27
10:26:16 [ultranest] [DEBUG] iteration=2753, ncalls=8307, regioncalls=143440, ndraw=40, logz=-850.38, remainder_fraction=100.0000%, Lmin=-844.70, Lmax=-25.27
10:26:16 [ultranest] [DEBUG] iteration=2756, ncalls=8320, regioncalls=143960, ndraw=40, logz=-850.29, remainder_fraction=100.0000%, Lmin=-844.65, Lmax=-25.27
10:26:16 [ultranest] [DEBUG] iteration=2760, ncalls=8333, regioncalls=144480, ndraw=40, logz=-850.17, remainder_fraction=100.0000%, Lmin=-844.52, Lmax=-25.27
10:26:16 [ultranest] [DEBUG] iteration=2763, ncalls=8344, regioncalls=144920, ndraw=40, logz=-850.08, remainder_fraction=100.0000%, Lmin=-844.48, Lmax=-25.27
10:26:16 [ultranest] [DEBUG] iteration=2767, ncalls=8356, regioncalls=145400, ndraw=40, logz=-849.96, remainder_fraction=100.0000%, Lmin=-844.40, Lmax=-25.27
10:26:17 [ultranest] [DEBUG] iteration=2771, ncalls=8369, regioncalls=145920, ndraw=40, logz=-849.85, remainder_fraction=100.0000%, Lmin=-844.32, Lmax=-25.27
10:26:17 [ultranest] [DEBUG] iteration=2774, ncalls=8380, regioncalls=146360, ndraw=40, logz=-849.77, remainder_fraction=100.0000%, Lmin=-844.24, Lmax=-25.27
10:26:17 [ultranest] [DEBUG] iteration=2777, ncalls=8391, regioncalls=146800, ndraw=40, logz=-849.69, remainder_fraction=100.0000%, Lmin=-844.19, Lmax=-25.27
10:26:17 [ultranest] [DEBUG] iteration=2781, ncalls=8402, regioncalls=147240, ndraw=40, logz=-849.58, remainder_fraction=100.0000%, Lmin=-844.07, Lmax=-25.27
10:26:17 [ultranest] [DEBUG] iteration=2785, ncalls=8413, regioncalls=147680, ndraw=40, logz=-849.47, remainder_fraction=100.0000%, Lmin=-844.00, Lmax=-25.27
10:26:17 [ultranest] [DEBUG] iteration=2790, ncalls=8442, regioncalls=148840, ndraw=40, logz=-849.34, remainder_fraction=100.0000%, Lmin=-843.86, Lmax=-25.27
10:26:17 [ultranest] [DEBUG] iteration=2793, ncalls=8463, regioncalls=149680, ndraw=40, logz=-849.26, remainder_fraction=100.0000%, Lmin=-843.79, Lmax=-25.27
10:26:18 [ultranest] [DEBUG] iteration=2797, ncalls=8476, regioncalls=150200, ndraw=40, logz=-849.16, remainder_fraction=100.0000%, Lmin=-843.69, Lmax=-25.27
10:26:18 [ultranest] [DEBUG] iteration=2800, ncalls=8496, regioncalls=151000, ndraw=40, logz=-849.08, remainder_fraction=100.0000%, Lmin=-843.52, Lmax=-25.27
10:26:18 [ultranest] [DEBUG] iteration=2803, ncalls=8507, regioncalls=151440, ndraw=40, logz=-849.00, remainder_fraction=100.0000%, Lmin=-843.32, Lmax=-25.27
10:26:18 [ultranest] [DEBUG] iteration=2807, ncalls=8520, regioncalls=151960, ndraw=40, logz=-848.87, remainder_fraction=100.0000%, Lmin=-843.16, Lmax=-25.27
10:26:18 [ultranest] [DEBUG] iteration=2812, ncalls=8534, regioncalls=152520, ndraw=40, logz=-848.72, remainder_fraction=100.0000%, Lmin=-843.02, Lmax=-25.27
10:26:18 [ultranest] [DEBUG] iteration=2815, ncalls=8547, regioncalls=153040, ndraw=40, logz=-848.62, remainder_fraction=100.0000%, Lmin=-842.98, Lmax=-25.27
10:26:18 [ultranest] [DEBUG] iteration=2818, ncalls=8561, regioncalls=153600, ndraw=40, logz=-848.53, remainder_fraction=100.0000%, Lmin=-842.90, Lmax=-25.27
10:26:18 [ultranest] [DEBUG] iteration=2823, ncalls=8573, regioncalls=154080, ndraw=40, logz=-848.39, remainder_fraction=100.0000%, Lmin=-842.81, Lmax=-25.27
10:26:19 [ultranest] [DEBUG] iteration=2827, ncalls=8591, regioncalls=154800, ndraw=40, logz=-848.28, remainder_fraction=100.0000%, Lmin=-842.74, Lmax=-25.27
10:26:19 [ultranest] [DEBUG] iteration=2829, ncalls=8606, regioncalls=155400, ndraw=40, logz=-848.23, remainder_fraction=100.0000%, Lmin=-842.71, Lmax=-25.27
10:26:19 [ultranest] [DEBUG] iteration=2832, ncalls=8618, regioncalls=155880, ndraw=40, logz=-848.14, remainder_fraction=100.0000%, Lmin=-842.62, Lmax=-25.27
10:26:19 [ultranest] [DEBUG] iteration=2836, ncalls=8632, regioncalls=156440, ndraw=40, logz=-848.04, remainder_fraction=100.0000%, Lmin=-842.52, Lmax=-25.27
10:26:19 [ultranest] [DEBUG] iteration=2839, ncalls=8647, regioncalls=157040, ndraw=40, logz=-847.96, remainder_fraction=100.0000%, Lmin=-842.43, Lmax=-25.27
10:26:19 [ultranest] [DEBUG] iteration=2844, ncalls=8659, regioncalls=157520, ndraw=40, logz=-847.83, remainder_fraction=100.0000%, Lmin=-842.36, Lmax=-25.27
10:26:19 [ultranest] [DEBUG] iteration=2847, ncalls=8670, regioncalls=157960, ndraw=40, logz=-847.76, remainder_fraction=100.0000%, Lmin=-842.28, Lmax=-25.27
10:26:20 [ultranest] [DEBUG] iteration=2851, ncalls=8689, regioncalls=158720, ndraw=40, logz=-847.66, remainder_fraction=100.0000%, Lmin=-842.20, Lmax=-25.27
10:26:20 [ultranest] [DEBUG] iteration=2855, ncalls=8702, regioncalls=159240, ndraw=40, logz=-847.56, remainder_fraction=100.0000%, Lmin=-842.15, Lmax=-25.27
10:26:20 [ultranest] [DEBUG] iteration=2856, ncalls=8719, regioncalls=159920, ndraw=40, logz=-847.54, remainder_fraction=100.0000%, Lmin=-842.10, Lmax=-25.27
10:26:20 [ultranest] [DEBUG] iteration=2860, ncalls=8736, regioncalls=160600, ndraw=40, logz=-847.44, remainder_fraction=100.0000%, Lmin=-842.03, Lmax=-25.27
10:26:20 [ultranest] [DEBUG] iteration=2864, ncalls=8750, regioncalls=161160, ndraw=40, logz=-847.35, remainder_fraction=100.0000%, Lmin=-842.00, Lmax=-25.27
10:26:20 [ultranest] [DEBUG] iteration=2868, ncalls=8763, regioncalls=161680, ndraw=40, logz=-847.27, remainder_fraction=100.0000%, Lmin=-841.92, Lmax=-25.27
10:26:20 [ultranest] [DEBUG] iteration=2872, ncalls=8774, regioncalls=162120, ndraw=40, logz=-847.18, remainder_fraction=100.0000%, Lmin=-841.78, Lmax=-25.27
10:26:21 [ultranest] [DEBUG] iteration=2875, ncalls=8790, regioncalls=162760, ndraw=40, logz=-847.11, remainder_fraction=100.0000%, Lmin=-841.56, Lmax=-25.27
10:26:21 [ultranest] [DEBUG] iteration=2880, ncalls=8804, regioncalls=163320, ndraw=40, logz=-846.97, remainder_fraction=100.0000%, Lmin=-841.38, Lmax=-25.27
10:26:21 [ultranest] [DEBUG] iteration=2883, ncalls=8817, regioncalls=163840, ndraw=40, logz=-846.89, remainder_fraction=100.0000%, Lmin=-841.28, Lmax=-25.27
10:26:21 [ultranest] [DEBUG] iteration=2885, ncalls=8829, regioncalls=164320, ndraw=40, logz=-846.84, remainder_fraction=100.0000%, Lmin=-841.28, Lmax=-25.27
10:26:21 [ultranest] [DEBUG] iteration=2888, ncalls=8849, regioncalls=165120, ndraw=40, logz=-846.76, remainder_fraction=100.0000%, Lmin=-841.17, Lmax=-25.27
10:26:21 [ultranest] [DEBUG] iteration=2891, ncalls=8863, regioncalls=165680, ndraw=40, logz=-846.68, remainder_fraction=100.0000%, Lmin=-841.11, Lmax=-25.27
10:26:21 [ultranest] [DEBUG] iteration=2893, ncalls=8876, regioncalls=166200, ndraw=40, logz=-846.63, remainder_fraction=100.0000%, Lmin=-841.09, Lmax=-25.27
10:26:22 [ultranest] [DEBUG] iteration=2897, ncalls=8887, regioncalls=166640, ndraw=40, logz=-846.52, remainder_fraction=100.0000%, Lmin=-840.97, Lmax=-25.27
10:26:22 [ultranest] [DEBUG] iteration=2899, ncalls=8901, regioncalls=167200, ndraw=40, logz=-846.47, remainder_fraction=100.0000%, Lmin=-840.95, Lmax=-25.27
10:26:22 [ultranest] [DEBUG] iteration=2902, ncalls=8911, regioncalls=167600, ndraw=40, logz=-846.39, remainder_fraction=100.0000%, Lmin=-840.86, Lmax=-25.27
10:26:22 [ultranest] [DEBUG] iteration=2905, ncalls=8922, regioncalls=168040, ndraw=40, logz=-846.32, remainder_fraction=100.0000%, Lmin=-840.79, Lmax=-25.27
10:26:22 [ultranest] [DEBUG] iteration=2907, ncalls=8949, regioncalls=169120, ndraw=40, logz=-846.27, remainder_fraction=100.0000%, Lmin=-840.76, Lmax=-25.27
10:26:22 [ultranest] [DEBUG] iteration=2910, ncalls=8964, regioncalls=169720, ndraw=40, logz=-846.19, remainder_fraction=100.0000%, Lmin=-840.63, Lmax=-25.27
10:26:22 [ultranest] [DEBUG] iteration=2913, ncalls=8976, regioncalls=170200, ndraw=40, logz=-846.11, remainder_fraction=100.0000%, Lmin=-840.44, Lmax=-25.27
10:26:22 [ultranest] [DEBUG] iteration=2915, ncalls=8989, regioncalls=170720, ndraw=40, logz=-846.05, remainder_fraction=100.0000%, Lmin=-840.33, Lmax=-25.27
10:26:23 [ultranest] [DEBUG] iteration=2918, ncalls=9011, regioncalls=171600, ndraw=40, logz=-845.96, remainder_fraction=100.0000%, Lmin=-840.28, Lmax=-25.27
10:26:23 [ultranest] [DEBUG] iteration=2922, ncalls=9026, regioncalls=172200, ndraw=40, logz=-845.85, remainder_fraction=100.0000%, Lmin=-840.13, Lmax=-25.27
10:26:23 [ultranest] [DEBUG] iteration=2927, ncalls=9038, regioncalls=172680, ndraw=40, logz=-845.69, remainder_fraction=100.0000%, Lmin=-839.98, Lmax=-25.27
10:26:23 [ultranest] [DEBUG] iteration=2930, ncalls=9053, regioncalls=173280, ndraw=40, logz=-845.60, remainder_fraction=100.0000%, Lmin=-839.81, Lmax=-25.27
10:26:23 [ultranest] [DEBUG] iteration=2933, ncalls=9076, regioncalls=174200, ndraw=40, logz=-845.51, remainder_fraction=100.0000%, Lmin=-839.67, Lmax=-25.27
10:26:23 [ultranest] [DEBUG] iteration=2935, ncalls=9090, regioncalls=174760, ndraw=40, logz=-845.44, remainder_fraction=100.0000%, Lmin=-839.60, Lmax=-25.27
10:26:23 [ultranest] [DEBUG] iteration=2937, ncalls=9104, regioncalls=175320, ndraw=40, logz=-845.37, remainder_fraction=100.0000%, Lmin=-839.51, Lmax=-25.27
10:26:24 [ultranest] [DEBUG] iteration=2940, ncalls=9119, regioncalls=175920, ndraw=40, logz=-845.27, remainder_fraction=100.0000%, Lmin=-839.38, Lmax=-25.27
10:26:24 [ultranest] [DEBUG] iteration=2942, ncalls=9132, regioncalls=176440, ndraw=40, logz=-845.20, remainder_fraction=100.0000%, Lmin=-839.27, Lmax=-25.27
10:26:24 [ultranest] [DEBUG] iteration=2945, ncalls=9145, regioncalls=176960, ndraw=40, logz=-845.09, remainder_fraction=100.0000%, Lmin=-839.23, Lmax=-25.27
10:26:24 [ultranest] [DEBUG] iteration=2946, ncalls=9162, regioncalls=177640, ndraw=40, logz=-845.05, remainder_fraction=100.0000%, Lmin=-839.22, Lmax=-25.27
10:26:24 [ultranest] [DEBUG] iteration=2947, ncalls=9175, regioncalls=178160, ndraw=40, logz=-845.02, remainder_fraction=100.0000%, Lmin=-839.16, Lmax=-25.27
10:26:24 [ultranest] [DEBUG] iteration=2952, ncalls=9185, regioncalls=178560, ndraw=40, logz=-844.86, remainder_fraction=100.0000%, Lmin=-839.12, Lmax=-25.27
10:26:24 [ultranest] [DEBUG] iteration=2956, ncalls=9196, regioncalls=179000, ndraw=40, logz=-844.74, remainder_fraction=100.0000%, Lmin=-839.00, Lmax=-25.27
10:26:24 [ultranest] [DEBUG] iteration=2957, ncalls=9210, regioncalls=179560, ndraw=40, logz=-844.71, remainder_fraction=100.0000%, Lmin=-838.95, Lmax=-25.27
10:26:25 [ultranest] [DEBUG] iteration=2961, ncalls=9218, regioncalls=179880, ndraw=40, logz=-844.59, remainder_fraction=100.0000%, Lmin=-838.87, Lmax=-25.27
10:26:25 [ultranest] [DEBUG] iteration=2962, ncalls=9228, regioncalls=180280, ndraw=40, logz=-844.56, remainder_fraction=100.0000%, Lmin=-838.85, Lmax=-25.27
10:26:25 [ultranest] [DEBUG] iteration=2965, ncalls=9238, regioncalls=180680, ndraw=40, logz=-844.47, remainder_fraction=100.0000%, Lmin=-838.73, Lmax=-25.27
10:26:25 [ultranest] [DEBUG] iteration=2967, ncalls=9253, regioncalls=181280, ndraw=40, logz=-844.41, remainder_fraction=100.0000%, Lmin=-838.61, Lmax=-25.27
10:26:25 [ultranest] [DEBUG] iteration=2970, ncalls=9262, regioncalls=181640, ndraw=40, logz=-844.31, remainder_fraction=100.0000%, Lmin=-838.47, Lmax=-25.27
10:26:25 [ultranest] [DEBUG] iteration=2974, ncalls=9271, regioncalls=182000, ndraw=40, logz=-844.18, remainder_fraction=100.0000%, Lmin=-838.39, Lmax=-25.27
10:26:25 [ultranest] [DEBUG] iteration=2978, ncalls=9289, regioncalls=182720, ndraw=40, logz=-844.06, remainder_fraction=100.0000%, Lmin=-838.25, Lmax=-25.27
10:26:26 [ultranest] [DEBUG] iteration=2981, ncalls=9300, regioncalls=183160, ndraw=40, logz=-843.96, remainder_fraction=100.0000%, Lmin=-838.22, Lmax=-25.27
10:26:26 [ultranest] [DEBUG] iteration=2982, ncalls=9315, regioncalls=183760, ndraw=40, logz=-843.93, remainder_fraction=100.0000%, Lmin=-838.16, Lmax=-25.27
10:26:26 [ultranest] [DEBUG] iteration=2987, ncalls=9329, regioncalls=184320, ndraw=40, logz=-843.78, remainder_fraction=100.0000%, Lmin=-838.04, Lmax=-25.27
10:26:26 [ultranest] [DEBUG] iteration=2990, ncalls=9349, regioncalls=185120, ndraw=40, logz=-843.69, remainder_fraction=100.0000%, Lmin=-837.97, Lmax=-25.27
10:26:26 [ultranest] [DEBUG] iteration=2994, ncalls=9357, regioncalls=185440, ndraw=40, logz=-843.58, remainder_fraction=100.0000%, Lmin=-837.76, Lmax=-25.27
10:26:26 [ultranest] [DEBUG] iteration=2998, ncalls=9368, regioncalls=185880, ndraw=40, logz=-843.45, remainder_fraction=100.0000%, Lmin=-837.68, Lmax=-25.27
10:26:26 [ultranest] [DEBUG] iteration=3001, ncalls=9380, regioncalls=186360, ndraw=40, logz=-843.36, remainder_fraction=100.0000%, Lmin=-837.64, Lmax=-25.27
10:26:27 [ultranest] [DEBUG] iteration=3003, ncalls=9394, regioncalls=186920, ndraw=40, logz=-843.31, remainder_fraction=100.0000%, Lmin=-837.64, Lmax=-25.27
10:26:27 [ultranest] [DEBUG] iteration=3005, ncalls=9414, regioncalls=187720, ndraw=40, logz=-843.25, remainder_fraction=100.0000%, Lmin=-837.53, Lmax=-25.27
10:26:27 [ultranest] [DEBUG] iteration=3006, ncalls=9431, regioncalls=188400, ndraw=40, logz=-843.22, remainder_fraction=100.0000%, Lmin=-837.53, Lmax=-25.27
10:26:27 [ultranest] [DEBUG] iteration=3009, ncalls=9440, regioncalls=188760, ndraw=40, logz=-843.14, remainder_fraction=100.0000%, Lmin=-837.45, Lmax=-25.27
10:26:27 [ultranest] [DEBUG] iteration=3013, ncalls=9456, regioncalls=189400, ndraw=40, logz=-843.03, remainder_fraction=100.0000%, Lmin=-837.32, Lmax=-25.27
10:26:28 [ultranest] [DEBUG] iteration=3015, ncalls=9473, regioncalls=190080, ndraw=40, logz=-842.97, remainder_fraction=100.0000%, Lmin=-837.26, Lmax=-25.27
10:26:28 [ultranest] [DEBUG] iteration=3021, ncalls=9485, regioncalls=190560, ndraw=40, logz=-842.80, remainder_fraction=100.0000%, Lmin=-837.16, Lmax=-25.27
10:26:28 [ultranest] [DEBUG] iteration=3024, ncalls=9497, regioncalls=191040, ndraw=40, logz=-842.73, remainder_fraction=100.0000%, Lmin=-837.11, Lmax=-25.27
10:26:28 [ultranest] [DEBUG] iteration=3027, ncalls=9512, regioncalls=191640, ndraw=40, logz=-842.65, remainder_fraction=100.0000%, Lmin=-837.01, Lmax=-25.27
10:26:28 [ultranest] [DEBUG] iteration=3029, ncalls=9523, regioncalls=192080, ndraw=40, logz=-842.60, remainder_fraction=100.0000%, Lmin=-837.00, Lmax=-25.27
10:26:28 [ultranest] [DEBUG] iteration=3031, ncalls=9532, regioncalls=192440, ndraw=40, logz=-842.55, remainder_fraction=100.0000%, Lmin=-836.92, Lmax=-25.27
10:26:28 [ultranest] [DEBUG] iteration=3033, ncalls=9553, regioncalls=193280, ndraw=40, logz=-842.50, remainder_fraction=100.0000%, Lmin=-836.87, Lmax=-25.27
10:26:29 [ultranest] [DEBUG] iteration=3035, ncalls=9570, regioncalls=193960, ndraw=40, logz=-842.44, remainder_fraction=100.0000%, Lmin=-836.79, Lmax=-25.27
10:26:29 [ultranest] [DEBUG] iteration=3039, ncalls=9588, regioncalls=194680, ndraw=40, logz=-842.34, remainder_fraction=100.0000%, Lmin=-836.61, Lmax=-25.27
10:26:29 [ultranest] [DEBUG] iteration=3040, ncalls=9589, regioncalls=194720, ndraw=40, logz=-842.31, remainder_fraction=100.0000%, Lmin=-836.52, Lmax=-25.27
10:26:29 [ultranest] [DEBUG] iteration=3042, ncalls=9601, regioncalls=195200, ndraw=40, logz=-842.25, remainder_fraction=100.0000%, Lmin=-836.50, Lmax=-25.27
10:26:29 [ultranest] [DEBUG] iteration=3046, ncalls=9610, regioncalls=195560, ndraw=40, logz=-842.13, remainder_fraction=100.0000%, Lmin=-836.42, Lmax=-25.27
10:26:29 [ultranest] [DEBUG] iteration=3048, ncalls=9624, regioncalls=196120, ndraw=40, logz=-842.08, remainder_fraction=100.0000%, Lmin=-836.36, Lmax=-25.27
10:26:29 [ultranest] [DEBUG] iteration=3050, ncalls=9635, regioncalls=196560, ndraw=40, logz=-842.02, remainder_fraction=100.0000%, Lmin=-836.32, Lmax=-25.27
10:26:30 [ultranest] [DEBUG] iteration=3051, ncalls=9646, regioncalls=197000, ndraw=40, logz=-842.00, remainder_fraction=100.0000%, Lmin=-836.30, Lmax=-25.27
10:26:30 [ultranest] [DEBUG] iteration=3053, ncalls=9659, regioncalls=197520, ndraw=40, logz=-841.94, remainder_fraction=100.0000%, Lmin=-836.23, Lmax=-25.27
10:26:30 [ultranest] [DEBUG] iteration=3057, ncalls=9678, regioncalls=198280, ndraw=40, logz=-841.83, remainder_fraction=100.0000%, Lmin=-836.02, Lmax=-25.27
10:26:30 [ultranest] [DEBUG] iteration=3060, ncalls=9698, regioncalls=199080, ndraw=40, logz=-841.74, remainder_fraction=100.0000%, Lmin=-835.93, Lmax=-25.27
10:26:30 [ultranest] [DEBUG] iteration=3063, ncalls=9708, regioncalls=199480, ndraw=40, logz=-841.65, remainder_fraction=100.0000%, Lmin=-835.89, Lmax=-25.27
10:26:30 [ultranest] [DEBUG] iteration=3067, ncalls=9719, regioncalls=199920, ndraw=40, logz=-841.53, remainder_fraction=100.0000%, Lmin=-835.75, Lmax=-25.27
10:26:31 [ultranest] [DEBUG] iteration=3071, ncalls=9740, regioncalls=200760, ndraw=40, logz=-841.42, remainder_fraction=100.0000%, Lmin=-835.66, Lmax=-25.27
10:26:31 [ultranest] [DEBUG] iteration=3072, ncalls=9751, regioncalls=201200, ndraw=40, logz=-841.39, remainder_fraction=100.0000%, Lmin=-835.65, Lmax=-25.27
10:26:31 [ultranest] [DEBUG] iteration=3076, ncalls=9761, regioncalls=201600, ndraw=40, logz=-841.28, remainder_fraction=100.0000%, Lmin=-835.52, Lmax=-25.27
10:26:31 [ultranest] [DEBUG] iteration=3077, ncalls=9770, regioncalls=201960, ndraw=40, logz=-841.25, remainder_fraction=100.0000%, Lmin=-835.50, Lmax=-25.27
10:26:31 [ultranest] [DEBUG] iteration=3079, ncalls=9779, regioncalls=202320, ndraw=40, logz=-841.19, remainder_fraction=100.0000%, Lmin=-835.44, Lmax=-25.27
10:26:31 [ultranest] [DEBUG] iteration=3082, ncalls=9788, regioncalls=202680, ndraw=40, logz=-841.11, remainder_fraction=100.0000%, Lmin=-835.32, Lmax=-25.27
10:26:31 [ultranest] [DEBUG] iteration=3084, ncalls=9797, regioncalls=203040, ndraw=40, logz=-841.05, remainder_fraction=100.0000%, Lmin=-835.28, Lmax=-25.27
10:26:31 [ultranest] [DEBUG] iteration=3085, ncalls=9812, regioncalls=203640, ndraw=40, logz=-841.02, remainder_fraction=100.0000%, Lmin=-835.27, Lmax=-25.27
10:26:32 [ultranest] [DEBUG] iteration=3087, ncalls=9831, regioncalls=204400, ndraw=40, logz=-840.96, remainder_fraction=100.0000%, Lmin=-835.17, Lmax=-25.27
10:26:32 [ultranest] [DEBUG] iteration=3088, ncalls=9843, regioncalls=204880, ndraw=40, logz=-840.93, remainder_fraction=100.0000%, Lmin=-835.17, Lmax=-25.27
10:26:32 [ultranest] [DEBUG] iteration=3090, ncalls=9859, regioncalls=205520, ndraw=40, logz=-840.88, remainder_fraction=100.0000%, Lmin=-835.13, Lmax=-25.27
10:26:32 [ultranest] [DEBUG] iteration=3092, ncalls=9872, regioncalls=206040, ndraw=40, logz=-840.82, remainder_fraction=100.0000%, Lmin=-835.12, Lmax=-25.27
10:26:32 [ultranest] [DEBUG] iteration=3095, ncalls=9894, regioncalls=206920, ndraw=40, logz=-840.74, remainder_fraction=100.0000%, Lmin=-834.97, Lmax=-25.27
10:26:32 [ultranest] [DEBUG] iteration=3098, ncalls=9906, regioncalls=207400, ndraw=40, logz=-840.66, remainder_fraction=100.0000%, Lmin=-834.93, Lmax=-25.27
10:26:33 [ultranest] [DEBUG] iteration=3099, ncalls=9929, regioncalls=208320, ndraw=40, logz=-840.63, remainder_fraction=100.0000%, Lmin=-834.90, Lmax=-25.27
10:26:33 [ultranest] [DEBUG] iteration=3101, ncalls=9943, regioncalls=208880, ndraw=40, logz=-840.57, remainder_fraction=100.0000%, Lmin=-834.90, Lmax=-25.27
10:26:33 [ultranest] [DEBUG] iteration=3104, ncalls=9954, regioncalls=209320, ndraw=40, logz=-840.50, remainder_fraction=100.0000%, Lmin=-834.84, Lmax=-25.27
10:26:33 [ultranest] [DEBUG] iteration=3107, ncalls=9967, regioncalls=209840, ndraw=40, logz=-840.42, remainder_fraction=100.0000%, Lmin=-834.72, Lmax=-25.27
10:26:33 [ultranest] [DEBUG] iteration=3112, ncalls=9992, regioncalls=210840, ndraw=40, logz=-840.29, remainder_fraction=100.0000%, Lmin=-834.57, Lmax=-25.27
10:26:33 [ultranest] [DEBUG] iteration=3116, ncalls=10003, regioncalls=211280, ndraw=40, logz=-840.19, remainder_fraction=100.0000%, Lmin=-834.42, Lmax=-25.27
10:26:33 [ultranest] [DEBUG] iteration=3119, ncalls=10015, regioncalls=211760, ndraw=40, logz=-840.10, remainder_fraction=100.0000%, Lmin=-834.31, Lmax=-25.27
10:26:33 [ultranest] [DEBUG] iteration=3123, ncalls=10029, regioncalls=212320, ndraw=40, logz=-839.98, remainder_fraction=100.0000%, Lmin=-834.17, Lmax=-25.27
10:26:34 [ultranest] [DEBUG] iteration=3126, ncalls=10047, regioncalls=213040, ndraw=40, logz=-839.90, remainder_fraction=100.0000%, Lmin=-834.16, Lmax=-25.27
10:26:34 [ultranest] [DEBUG] iteration=3130, ncalls=10063, regioncalls=213680, ndraw=40, logz=-839.78, remainder_fraction=100.0000%, Lmin=-834.02, Lmax=-25.27
10:26:34 [ultranest] [DEBUG] iteration=3132, ncalls=10075, regioncalls=214160, ndraw=40, logz=-839.73, remainder_fraction=100.0000%, Lmin=-834.00, Lmax=-25.27
10:26:34 [ultranest] [DEBUG] iteration=3137, ncalls=10085, regioncalls=214560, ndraw=40, logz=-839.60, remainder_fraction=100.0000%, Lmin=-833.94, Lmax=-25.27
10:26:34 [ultranest] [DEBUG] iteration=3140, ncalls=10100, regioncalls=215160, ndraw=40, logz=-839.53, remainder_fraction=100.0000%, Lmin=-833.90, Lmax=-25.27
10:26:34 [ultranest] [DEBUG] iteration=3142, ncalls=10113, regioncalls=215680, ndraw=40, logz=-839.48, remainder_fraction=100.0000%, Lmin=-833.89, Lmax=-25.27
10:26:34 [ultranest] [DEBUG] iteration=3144, ncalls=10131, regioncalls=216400, ndraw=40, logz=-839.43, remainder_fraction=100.0000%, Lmin=-833.86, Lmax=-25.27
10:26:34 [ultranest] [DEBUG] iteration=3146, ncalls=10143, regioncalls=216880, ndraw=40, logz=-839.39, remainder_fraction=100.0000%, Lmin=-833.86, Lmax=-25.27
10:26:35 [ultranest] [DEBUG] iteration=3147, ncalls=10157, regioncalls=217440, ndraw=40, logz=-839.37, remainder_fraction=100.0000%, Lmin=-833.84, Lmax=-25.27
10:26:35 [ultranest] [DEBUG] iteration=3148, ncalls=10174, regioncalls=218120, ndraw=40, logz=-839.34, remainder_fraction=100.0000%, Lmin=-833.84, Lmax=-25.27
10:26:35 [ultranest] [DEBUG] iteration=3151, ncalls=10186, regioncalls=218600, ndraw=40, logz=-839.28, remainder_fraction=100.0000%, Lmin=-833.75, Lmax=-25.27
10:26:35 [ultranest] [DEBUG] iteration=3155, ncalls=10200, regioncalls=219160, ndraw=40, logz=-839.19, remainder_fraction=100.0000%, Lmin=-833.64, Lmax=-25.27
10:26:35 [ultranest] [DEBUG] iteration=3158, ncalls=10212, regioncalls=219640, ndraw=40, logz=-839.13, remainder_fraction=100.0000%, Lmin=-833.56, Lmax=-25.27
10:26:35 [ultranest] [DEBUG] iteration=3160, ncalls=10225, regioncalls=220160, ndraw=40, logz=-839.08, remainder_fraction=100.0000%, Lmin=-833.48, Lmax=-25.27
10:26:35 [ultranest] [DEBUG] iteration=3161, ncalls=10237, regioncalls=220640, ndraw=40, logz=-839.06, remainder_fraction=100.0000%, Lmin=-833.46, Lmax=-25.27
10:26:35 [ultranest] [DEBUG] iteration=3164, ncalls=10250, regioncalls=221160, ndraw=40, logz=-838.99, remainder_fraction=100.0000%, Lmin=-833.35, Lmax=-25.27
10:26:36 [ultranest] [DEBUG] iteration=3169, ncalls=10280, regioncalls=222360, ndraw=40, logz=-838.87, remainder_fraction=100.0000%, Lmin=-833.23, Lmax=-25.27
10:26:36 [ultranest] [DEBUG] iteration=3171, ncalls=10294, regioncalls=222920, ndraw=40, logz=-838.82, remainder_fraction=100.0000%, Lmin=-833.17, Lmax=-25.27
10:26:36 [ultranest] [DEBUG] iteration=3176, ncalls=10306, regioncalls=223400, ndraw=40, logz=-838.70, remainder_fraction=100.0000%, Lmin=-833.07, Lmax=-25.27
10:26:36 [ultranest] [DEBUG] iteration=3178, ncalls=10321, regioncalls=224000, ndraw=40, logz=-838.65, remainder_fraction=100.0000%, Lmin=-832.99, Lmax=-25.27
10:26:36 [ultranest] [DEBUG] iteration=3180, ncalls=10336, regioncalls=224600, ndraw=40, logz=-838.60, remainder_fraction=100.0000%, Lmin=-832.94, Lmax=-25.27
10:26:36 [ultranest] [DEBUG] iteration=3185, ncalls=10348, regioncalls=225080, ndraw=40, logz=-838.48, remainder_fraction=100.0000%, Lmin=-832.85, Lmax=-25.27
10:26:36 [ultranest] [DEBUG] iteration=3191, ncalls=10360, regioncalls=225560, ndraw=40, logz=-838.34, remainder_fraction=100.0000%, Lmin=-832.62, Lmax=-25.27
10:26:37 [ultranest] [DEBUG] iteration=3193, ncalls=10374, regioncalls=226120, ndraw=40, logz=-838.29, remainder_fraction=100.0000%, Lmin=-832.48, Lmax=-25.27
10:26:37 [ultranest] [DEBUG] iteration=3196, ncalls=10386, regioncalls=226600, ndraw=40, logz=-838.20, remainder_fraction=100.0000%, Lmin=-832.38, Lmax=-25.27
10:26:37 [ultranest] [DEBUG] iteration=3198, ncalls=10403, regioncalls=227280, ndraw=40, logz=-838.14, remainder_fraction=100.0000%, Lmin=-832.29, Lmax=-25.27
10:26:37 [ultranest] [DEBUG] iteration=3200, ncalls=10415, regioncalls=227760, ndraw=40, logz=-838.09, remainder_fraction=100.0000%, Lmin=-832.28, Lmax=-25.27
10:26:37 [ultranest] [DEBUG] iteration=3201, ncalls=10427, regioncalls=228240, ndraw=40, logz=-838.06, remainder_fraction=100.0000%, Lmin=-832.26, Lmax=-25.27
10:26:37 [ultranest] [DEBUG] iteration=3204, ncalls=10441, regioncalls=228800, ndraw=40, logz=-837.98, remainder_fraction=100.0000%, Lmin=-832.21, Lmax=-25.27
10:26:37 [ultranest] [DEBUG] iteration=3207, ncalls=10458, regioncalls=229480, ndraw=40, logz=-837.90, remainder_fraction=100.0000%, Lmin=-832.15, Lmax=-25.27
10:26:37 [ultranest] [DEBUG] iteration=3212, ncalls=10472, regioncalls=230040, ndraw=40, logz=-837.77, remainder_fraction=100.0000%, Lmin=-832.08, Lmax=-25.27
10:26:38 [ultranest] [DEBUG] iteration=3215, ncalls=10488, regioncalls=230680, ndraw=40, logz=-837.70, remainder_fraction=100.0000%, Lmin=-832.04, Lmax=-25.27
10:26:38 [ultranest] [DEBUG] iteration=3216, ncalls=10509, regioncalls=231520, ndraw=40, logz=-837.67, remainder_fraction=100.0000%, Lmin=-832.04, Lmax=-25.27
10:26:38 [ultranest] [DEBUG] iteration=3220, ncalls=10524, regioncalls=232120, ndraw=40, logz=-837.58, remainder_fraction=100.0000%, Lmin=-831.97, Lmax=-25.27
10:26:38 [ultranest] [DEBUG] iteration=3222, ncalls=10536, regioncalls=232600, ndraw=40, logz=-837.53, remainder_fraction=100.0000%, Lmin=-831.91, Lmax=-25.27
10:26:39 [ultranest] [DEBUG] iteration=3225, ncalls=10574, regioncalls=234120, ndraw=40, logz=-837.47, remainder_fraction=100.0000%, Lmin=-831.82, Lmax=-25.27
10:26:39 [ultranest] [DEBUG] iteration=3226, ncalls=10594, regioncalls=234920, ndraw=40, logz=-837.44, remainder_fraction=100.0000%, Lmin=-831.78, Lmax=-25.27
10:26:39 [ultranest] [DEBUG] iteration=3227, ncalls=10606, regioncalls=235400, ndraw=40, logz=-837.42, remainder_fraction=100.0000%, Lmin=-831.74, Lmax=-25.27
10:26:39 [ultranest] [DEBUG] iteration=3229, ncalls=10618, regioncalls=235880, ndraw=40, logz=-837.37, remainder_fraction=100.0000%, Lmin=-831.72, Lmax=-25.27
10:26:39 [ultranest] [DEBUG] iteration=3233, ncalls=10629, regioncalls=236320, ndraw=40, logz=-837.28, remainder_fraction=100.0000%, Lmin=-831.59, Lmax=-25.27
10:26:39 [ultranest] [DEBUG] iteration=3236, ncalls=10640, regioncalls=236760, ndraw=40, logz=-837.21, remainder_fraction=100.0000%, Lmin=-831.55, Lmax=-25.27
10:26:39 [ultranest] [DEBUG] iteration=3239, ncalls=10654, regioncalls=237320, ndraw=40, logz=-837.14, remainder_fraction=100.0000%, Lmin=-831.51, Lmax=-25.27
10:26:39 [ultranest] [DEBUG] iteration=3243, ncalls=10672, regioncalls=238040, ndraw=40, logz=-837.04, remainder_fraction=100.0000%, Lmin=-831.40, Lmax=-25.27
10:26:40 [ultranest] [DEBUG] iteration=3244, ncalls=10694, regioncalls=238920, ndraw=40, logz=-837.02, remainder_fraction=100.0000%, Lmin=-831.39, Lmax=-25.27
10:26:40 [ultranest] [DEBUG] iteration=3247, ncalls=10715, regioncalls=239760, ndraw=40, logz=-836.95, remainder_fraction=100.0000%, Lmin=-831.36, Lmax=-25.27
10:26:40 [ultranest] [DEBUG] iteration=3248, ncalls=10732, regioncalls=240440, ndraw=40, logz=-836.93, remainder_fraction=100.0000%, Lmin=-831.35, Lmax=-25.27
10:26:40 [ultranest] [DEBUG] iteration=3250, ncalls=10752, regioncalls=241240, ndraw=40, logz=-836.89, remainder_fraction=100.0000%, Lmin=-831.31, Lmax=-25.27
10:26:40 [ultranest] [DEBUG] iteration=3253, ncalls=10766, regioncalls=241800, ndraw=40, logz=-836.83, remainder_fraction=100.0000%, Lmin=-831.23, Lmax=-25.27
10:26:40 [ultranest] [DEBUG] iteration=3255, ncalls=10778, regioncalls=242280, ndraw=40, logz=-836.78, remainder_fraction=100.0000%, Lmin=-831.19, Lmax=-25.27
10:26:40 [ultranest] [DEBUG] iteration=3257, ncalls=10792, regioncalls=242840, ndraw=40, logz=-836.74, remainder_fraction=100.0000%, Lmin=-831.13, Lmax=-25.27
10:26:41 [ultranest] [DEBUG] iteration=3259, ncalls=10808, regioncalls=243480, ndraw=40, logz=-836.69, remainder_fraction=100.0000%, Lmin=-831.05, Lmax=-25.27
10:26:41 [ultranest] [DEBUG] iteration=3260, ncalls=10841, regioncalls=244800, ndraw=40, logz=-836.67, remainder_fraction=100.0000%, Lmin=-831.01, Lmax=-25.27
10:26:41 [ultranest] [DEBUG] iteration=3262, ncalls=10860, regioncalls=245560, ndraw=40, logz=-836.62, remainder_fraction=100.0000%, Lmin=-830.97, Lmax=-25.27
10:26:41 [ultranest] [DEBUG] iteration=3265, ncalls=10871, regioncalls=246000, ndraw=40, logz=-836.56, remainder_fraction=100.0000%, Lmin=-830.91, Lmax=-25.27
10:26:41 [ultranest] [DEBUG] iteration=3269, ncalls=10890, regioncalls=246760, ndraw=40, logz=-836.46, remainder_fraction=100.0000%, Lmin=-830.84, Lmax=-25.27
10:26:41 [ultranest] [DEBUG] iteration=3270, ncalls=10906, regioncalls=247400, ndraw=40, logz=-836.44, remainder_fraction=100.0000%, Lmin=-830.82, Lmax=-25.27
10:26:42 [ultranest] [DEBUG] iteration=3271, ncalls=10924, regioncalls=248120, ndraw=40, logz=-836.42, remainder_fraction=100.0000%, Lmin=-830.80, Lmax=-25.27
10:26:42 [ultranest] [DEBUG] iteration=3272, ncalls=10937, regioncalls=248640, ndraw=40, logz=-836.40, remainder_fraction=100.0000%, Lmin=-830.70, Lmax=-25.27
10:26:42 [ultranest] [DEBUG] iteration=3274, ncalls=10949, regioncalls=249120, ndraw=40, logz=-836.35, remainder_fraction=100.0000%, Lmin=-830.64, Lmax=-25.27
10:26:42 [ultranest] [DEBUG] iteration=3275, ncalls=10976, regioncalls=250200, ndraw=40, logz=-836.33, remainder_fraction=100.0000%, Lmin=-830.64, Lmax=-25.27
10:26:42 [ultranest] [DEBUG] iteration=3277, ncalls=10996, regioncalls=251000, ndraw=40, logz=-836.28, remainder_fraction=100.0000%, Lmin=-830.63, Lmax=-25.27
10:26:42 [ultranest] [DEBUG] iteration=3281, ncalls=11008, regioncalls=251480, ndraw=40, logz=-836.19, remainder_fraction=100.0000%, Lmin=-830.52, Lmax=-25.27
10:26:42 [ultranest] [DEBUG] iteration=3283, ncalls=11022, regioncalls=252040, ndraw=40, logz=-836.14, remainder_fraction=100.0000%, Lmin=-830.48, Lmax=-25.27
10:26:43 [ultranest] [DEBUG] iteration=3286, ncalls=11034, regioncalls=252520, ndraw=40, logz=-836.07, remainder_fraction=100.0000%, Lmin=-830.44, Lmax=-25.27
10:26:43 [ultranest] [DEBUG] iteration=3289, ncalls=11045, regioncalls=252960, ndraw=40, logz=-836.01, remainder_fraction=100.0000%, Lmin=-830.37, Lmax=-25.27
10:26:43 [ultranest] [DEBUG] iteration=3292, ncalls=11059, regioncalls=253520, ndraw=40, logz=-835.94, remainder_fraction=100.0000%, Lmin=-830.27, Lmax=-25.27
10:26:43 [ultranest] [DEBUG] iteration=3294, ncalls=11087, regioncalls=254640, ndraw=40, logz=-835.90, remainder_fraction=100.0000%, Lmin=-830.24, Lmax=-25.27
10:26:43 [ultranest] [DEBUG] iteration=3297, ncalls=11099, regioncalls=255120, ndraw=40, logz=-835.83, remainder_fraction=100.0000%, Lmin=-830.20, Lmax=-25.27
10:26:43 [ultranest] [DEBUG] iteration=3299, ncalls=11112, regioncalls=255640, ndraw=40, logz=-835.78, remainder_fraction=100.0000%, Lmin=-830.09, Lmax=-25.27
10:26:43 [ultranest] [DEBUG] iteration=3301, ncalls=11126, regioncalls=256200, ndraw=40, logz=-835.74, remainder_fraction=100.0000%, Lmin=-830.07, Lmax=-25.27
10:26:44 [ultranest] [DEBUG] iteration=3303, ncalls=11157, regioncalls=257440, ndraw=40, logz=-835.69, remainder_fraction=100.0000%, Lmin=-830.00, Lmax=-25.27
10:26:44 [ultranest] [DEBUG] iteration=3307, ncalls=11169, regioncalls=257920, ndraw=40, logz=-835.60, remainder_fraction=100.0000%, Lmin=-829.93, Lmax=-25.27
10:26:44 [ultranest] [DEBUG] iteration=3310, ncalls=11188, regioncalls=258680, ndraw=40, logz=-835.53, remainder_fraction=100.0000%, Lmin=-829.85, Lmax=-25.27
10:26:44 [ultranest] [DEBUG] iteration=3313, ncalls=11201, regioncalls=259200, ndraw=40, logz=-835.46, remainder_fraction=100.0000%, Lmin=-829.76, Lmax=-25.27
10:26:44 [ultranest] [DEBUG] iteration=3317, ncalls=11224, regioncalls=260120, ndraw=40, logz=-835.37, remainder_fraction=100.0000%, Lmin=-829.60, Lmax=-25.27
10:26:44 [ultranest] [DEBUG] iteration=3320, ncalls=11237, regioncalls=260640, ndraw=40, logz=-835.30, remainder_fraction=100.0000%, Lmin=-829.54, Lmax=-25.27
10:26:45 [ultranest] [DEBUG] iteration=3322, ncalls=11249, regioncalls=261120, ndraw=40, logz=-835.25, remainder_fraction=100.0000%, Lmin=-829.49, Lmax=-25.27
10:26:45 [ultranest] [DEBUG] iteration=3326, ncalls=11264, regioncalls=261720, ndraw=40, logz=-835.15, remainder_fraction=100.0000%, Lmin=-829.36, Lmax=-25.27
10:26:45 [ultranest] [DEBUG] iteration=3329, ncalls=11277, regioncalls=262240, ndraw=40, logz=-835.07, remainder_fraction=100.0000%, Lmin=-829.34, Lmax=-25.27
10:26:45 [ultranest] [DEBUG] iteration=3334, ncalls=11287, regioncalls=262640, ndraw=40, logz=-834.96, remainder_fraction=100.0000%, Lmin=-829.27, Lmax=-25.27
10:26:45 [ultranest] [DEBUG] iteration=3336, ncalls=11303, regioncalls=263280, ndraw=40, logz=-834.91, remainder_fraction=100.0000%, Lmin=-829.24, Lmax=-25.27
10:26:45 [ultranest] [DEBUG] iteration=3339, ncalls=11321, regioncalls=264000, ndraw=40, logz=-834.84, remainder_fraction=100.0000%, Lmin=-829.23, Lmax=-25.27
10:26:45 [ultranest] [DEBUG] iteration=3343, ncalls=11343, regioncalls=264880, ndraw=40, logz=-834.76, remainder_fraction=100.0000%, Lmin=-829.14, Lmax=-25.27
10:26:45 [ultranest] [DEBUG] iteration=3348, ncalls=11354, regioncalls=265320, ndraw=40, logz=-834.66, remainder_fraction=100.0000%, Lmin=-829.06, Lmax=-25.27
10:26:46 [ultranest] [DEBUG] iteration=3350, ncalls=11371, regioncalls=266000, ndraw=40, logz=-834.62, remainder_fraction=100.0000%, Lmin=-829.04, Lmax=-25.27
10:26:46 [ultranest] [DEBUG] iteration=3353, ncalls=11393, regioncalls=266880, ndraw=40, logz=-834.56, remainder_fraction=100.0000%, Lmin=-829.00, Lmax=-25.27
10:26:46 [ultranest] [DEBUG] iteration=3356, ncalls=11407, regioncalls=267440, ndraw=40, logz=-834.49, remainder_fraction=100.0000%, Lmin=-828.89, Lmax=-25.27
10:26:46 [ultranest] [DEBUG] iteration=3358, ncalls=11421, regioncalls=268000, ndraw=40, logz=-834.45, remainder_fraction=100.0000%, Lmin=-828.87, Lmax=-25.27
10:26:46 [ultranest] [DEBUG] iteration=3359, ncalls=11456, regioncalls=269400, ndraw=40, logz=-834.43, remainder_fraction=100.0000%, Lmin=-828.83, Lmax=-25.27
10:26:46 [ultranest] [DEBUG] iteration=3360, ncalls=11457, regioncalls=269440, ndraw=40, logz=-834.41, remainder_fraction=100.0000%, Lmin=-828.82, Lmax=-25.27
10:26:46 [ultranest] [DEBUG] iteration=3361, ncalls=11469, regioncalls=269920, ndraw=40, logz=-834.39, remainder_fraction=100.0000%, Lmin=-828.82, Lmax=-25.27
10:26:47 [ultranest] [DEBUG] iteration=3364, ncalls=11486, regioncalls=270600, ndraw=40, logz=-834.33, remainder_fraction=100.0000%, Lmin=-828.79, Lmax=-25.27
10:26:47 [ultranest] [DEBUG] iteration=3368, ncalls=11499, regioncalls=271120, ndraw=40, logz=-834.26, remainder_fraction=100.0000%, Lmin=-828.74, Lmax=-25.27
10:26:47 [ultranest] [DEBUG] iteration=3369, ncalls=11512, regioncalls=271640, ndraw=40, logz=-834.24, remainder_fraction=100.0000%, Lmin=-828.72, Lmax=-25.27
10:26:47 [ultranest] [DEBUG] iteration=3372, ncalls=11524, regioncalls=272120, ndraw=40, logz=-834.18, remainder_fraction=100.0000%, Lmin=-828.63, Lmax=-25.27
10:26:47 [ultranest] [DEBUG] iteration=3374, ncalls=11538, regioncalls=272680, ndraw=40, logz=-834.14, remainder_fraction=100.0000%, Lmin=-828.57, Lmax=-25.27
10:26:47 [ultranest] [DEBUG] iteration=3376, ncalls=11552, regioncalls=273240, ndraw=40, logz=-834.10, remainder_fraction=100.0000%, Lmin=-828.43, Lmax=-25.27
10:26:47 [ultranest] [DEBUG] iteration=3378, ncalls=11565, regioncalls=273760, ndraw=40, logz=-834.06, remainder_fraction=100.0000%, Lmin=-828.36, Lmax=-25.27
10:26:47 [ultranest] [DEBUG] iteration=3381, ncalls=11578, regioncalls=274280, ndraw=40, logz=-833.99, remainder_fraction=100.0000%, Lmin=-828.34, Lmax=-25.27
10:26:48 [ultranest] [DEBUG] iteration=3385, ncalls=11589, regioncalls=274720, ndraw=40, logz=-833.91, remainder_fraction=100.0000%, Lmin=-828.27, Lmax=-25.27
10:26:48 [ultranest] [DEBUG] iteration=3389, ncalls=11607, regioncalls=275440, ndraw=40, logz=-833.82, remainder_fraction=100.0000%, Lmin=-828.24, Lmax=-25.27
10:26:48 [ultranest] [DEBUG] iteration=3392, ncalls=11659, regioncalls=277520, ndraw=40, logz=-833.77, remainder_fraction=100.0000%, Lmin=-828.22, Lmax=-25.27
10:26:48 [ultranest] [DEBUG] iteration=3395, ncalls=11679, regioncalls=278320, ndraw=40, logz=-833.71, remainder_fraction=100.0000%, Lmin=-828.18, Lmax=-25.27
10:26:48 [ultranest] [DEBUG] iteration=3398, ncalls=11695, regioncalls=278960, ndraw=40, logz=-833.65, remainder_fraction=100.0000%, Lmin=-828.04, Lmax=-25.27
10:26:49 [ultranest] [DEBUG] iteration=3401, ncalls=11720, regioncalls=279960, ndraw=40, logz=-833.59, remainder_fraction=100.0000%, Lmin=-828.00, Lmax=-25.27
10:26:49 [ultranest] [DEBUG] iteration=3404, ncalls=11732, regioncalls=280440, ndraw=40, logz=-833.53, remainder_fraction=100.0000%, Lmin=-827.97, Lmax=-25.27
10:26:49 [ultranest] [DEBUG] iteration=3408, ncalls=11746, regioncalls=281000, ndraw=40, logz=-833.45, remainder_fraction=100.0000%, Lmin=-827.88, Lmax=-25.27
10:26:49 [ultranest] [DEBUG] iteration=3411, ncalls=11762, regioncalls=281640, ndraw=40, logz=-833.40, remainder_fraction=100.0000%, Lmin=-827.86, Lmax=-25.27
10:26:49 [ultranest] [DEBUG] iteration=3414, ncalls=11775, regioncalls=282160, ndraw=40, logz=-833.34, remainder_fraction=100.0000%, Lmin=-827.82, Lmax=-25.27
10:26:49 [ultranest] [DEBUG] iteration=3416, ncalls=11788, regioncalls=282680, ndraw=40, logz=-833.30, remainder_fraction=100.0000%, Lmin=-827.70, Lmax=-25.27
10:26:49 [ultranest] [DEBUG] iteration=3418, ncalls=11801, regioncalls=283200, ndraw=40, logz=-833.26, remainder_fraction=100.0000%, Lmin=-827.70, Lmax=-25.27
10:26:50 [ultranest] [DEBUG] iteration=3420, ncalls=11827, regioncalls=284240, ndraw=40, logz=-833.23, remainder_fraction=100.0000%, Lmin=-827.69, Lmax=-25.27
10:26:50 [ultranest] [DEBUG] iteration=3422, ncalls=11840, regioncalls=284760, ndraw=40, logz=-833.19, remainder_fraction=100.0000%, Lmin=-827.68, Lmax=-25.27
10:26:50 [ultranest] [DEBUG] iteration=3424, ncalls=11854, regioncalls=285320, ndraw=40, logz=-833.15, remainder_fraction=100.0000%, Lmin=-827.63, Lmax=-25.27
10:26:50 [ultranest] [DEBUG] iteration=3428, ncalls=11868, regioncalls=285880, ndraw=40, logz=-833.08, remainder_fraction=100.0000%, Lmin=-827.54, Lmax=-25.27
10:26:50 [ultranest] [DEBUG] iteration=3430, ncalls=11892, regioncalls=286840, ndraw=40, logz=-833.04, remainder_fraction=100.0000%, Lmin=-827.50, Lmax=-25.27
10:26:50 [ultranest] [DEBUG] iteration=3432, ncalls=11915, regioncalls=287760, ndraw=40, logz=-833.01, remainder_fraction=100.0000%, Lmin=-827.47, Lmax=-25.27
10:26:51 [ultranest] [DEBUG] iteration=3435, ncalls=11928, regioncalls=288280, ndraw=40, logz=-832.95, remainder_fraction=100.0000%, Lmin=-827.40, Lmax=-25.27
10:26:51 [ultranest] [DEBUG] iteration=3437, ncalls=11941, regioncalls=288800, ndraw=40, logz=-832.91, remainder_fraction=100.0000%, Lmin=-827.36, Lmax=-25.27
10:26:51 [ultranest] [DEBUG] iteration=3441, ncalls=11952, regioncalls=289240, ndraw=40, logz=-832.84, remainder_fraction=100.0000%, Lmin=-827.29, Lmax=-25.27
10:26:51 [ultranest] [DEBUG] iteration=3444, ncalls=11965, regioncalls=289760, ndraw=40, logz=-832.78, remainder_fraction=100.0000%, Lmin=-827.25, Lmax=-25.27
10:26:51 [ultranest] [DEBUG] iteration=3448, ncalls=11977, regioncalls=290240, ndraw=40, logz=-832.71, remainder_fraction=100.0000%, Lmin=-827.21, Lmax=-25.27
10:26:51 [ultranest] [DEBUG] iteration=3450, ncalls=11990, regioncalls=290760, ndraw=40, logz=-832.68, remainder_fraction=100.0000%, Lmin=-827.20, Lmax=-25.27
10:26:51 [ultranest] [DEBUG] iteration=3451, ncalls=12013, regioncalls=291680, ndraw=40, logz=-832.66, remainder_fraction=100.0000%, Lmin=-827.20, Lmax=-25.27
10:26:52 [ultranest] [DEBUG] iteration=3454, ncalls=12036, regioncalls=292600, ndraw=40, logz=-832.61, remainder_fraction=100.0000%, Lmin=-827.07, Lmax=-25.27
10:26:52 [ultranest] [DEBUG] iteration=3458, ncalls=12064, regioncalls=293720, ndraw=40, logz=-832.53, remainder_fraction=100.0000%, Lmin=-827.02, Lmax=-25.27
10:26:52 [ultranest] [DEBUG] iteration=3462, ncalls=12076, regioncalls=294200, ndraw=40, logz=-832.46, remainder_fraction=100.0000%, Lmin=-826.98, Lmax=-25.27
10:26:52 [ultranest] [DEBUG] iteration=3463, ncalls=12096, regioncalls=295000, ndraw=40, logz=-832.45, remainder_fraction=100.0000%, Lmin=-826.98, Lmax=-25.27
10:26:52 [ultranest] [DEBUG] iteration=3466, ncalls=12108, regioncalls=295480, ndraw=40, logz=-832.39, remainder_fraction=100.0000%, Lmin=-826.91, Lmax=-25.27
10:26:52 [ultranest] [DEBUG] iteration=3469, ncalls=12123, regioncalls=296080, ndraw=40, logz=-832.34, remainder_fraction=100.0000%, Lmin=-826.89, Lmax=-25.27
10:26:52 [ultranest] [DEBUG] iteration=3471, ncalls=12137, regioncalls=296640, ndraw=40, logz=-832.31, remainder_fraction=100.0000%, Lmin=-826.87, Lmax=-25.27
10:26:53 [ultranest] [DEBUG] iteration=3474, ncalls=12150, regioncalls=297160, ndraw=40, logz=-832.26, remainder_fraction=100.0000%, Lmin=-826.83, Lmax=-25.27
10:26:53 [ultranest] [DEBUG] iteration=3477, ncalls=12162, regioncalls=297640, ndraw=40, logz=-832.21, remainder_fraction=100.0000%, Lmin=-826.71, Lmax=-25.27
10:26:53 [ultranest] [DEBUG] iteration=3481, ncalls=12174, regioncalls=298120, ndraw=40, logz=-832.15, remainder_fraction=100.0000%, Lmin=-826.64, Lmax=-25.27
10:26:53 [ultranest] [DEBUG] iteration=3482, ncalls=12216, regioncalls=299800, ndraw=40, logz=-832.13, remainder_fraction=100.0000%, Lmin=-826.56, Lmax=-25.27
10:26:53 [ultranest] [DEBUG] iteration=3485, ncalls=12229, regioncalls=300320, ndraw=40, logz=-832.07, remainder_fraction=100.0000%, Lmin=-826.45, Lmax=-25.27
10:26:53 [ultranest] [DEBUG] iteration=3488, ncalls=12248, regioncalls=301080, ndraw=40, logz=-832.01, remainder_fraction=100.0000%, Lmin=-826.37, Lmax=-25.27
10:26:53 [ultranest] [DEBUG] iteration=3491, ncalls=12259, regioncalls=301520, ndraw=40, logz=-831.96, remainder_fraction=100.0000%, Lmin=-826.31, Lmax=-25.27
10:26:54 [ultranest] [DEBUG] iteration=3496, ncalls=12281, regioncalls=302400, ndraw=40, logz=-831.86, remainder_fraction=100.0000%, Lmin=-826.16, Lmax=-25.27
10:26:54 [ultranest] [DEBUG] iteration=3499, ncalls=12306, regioncalls=303400, ndraw=40, logz=-831.79, remainder_fraction=100.0000%, Lmin=-826.09, Lmax=-25.27
10:26:54 [ultranest] [DEBUG] iteration=3500, ncalls=12320, regioncalls=303960, ndraw=40, logz=-831.77, remainder_fraction=100.0000%, Lmin=-826.09, Lmax=-25.27
10:26:54 [ultranest] [DEBUG] iteration=3505, ncalls=12333, regioncalls=304480, ndraw=40, logz=-831.67, remainder_fraction=100.0000%, Lmin=-825.98, Lmax=-25.27
10:26:54 [ultranest] [DEBUG] iteration=3507, ncalls=12372, regioncalls=306040, ndraw=40, logz=-831.63, remainder_fraction=100.0000%, Lmin=-825.96, Lmax=-25.27
10:26:55 [ultranest] [DEBUG] iteration=3509, ncalls=12384, regioncalls=306520, ndraw=40, logz=-831.59, remainder_fraction=100.0000%, Lmin=-825.95, Lmax=-25.27
10:26:55 [ultranest] [DEBUG] iteration=3510, ncalls=12403, regioncalls=307280, ndraw=40, logz=-831.57, remainder_fraction=100.0000%, Lmin=-825.94, Lmax=-25.27
10:26:55 [ultranest] [DEBUG] iteration=3512, ncalls=12426, regioncalls=308200, ndraw=40, logz=-831.53, remainder_fraction=100.0000%, Lmin=-825.88, Lmax=-25.27
10:26:55 [ultranest] [DEBUG] iteration=3515, ncalls=12458, regioncalls=309480, ndraw=40, logz=-831.47, remainder_fraction=100.0000%, Lmin=-825.81, Lmax=-25.27
10:26:55 [ultranest] [DEBUG] iteration=3517, ncalls=12475, regioncalls=310160, ndraw=40, logz=-831.43, remainder_fraction=100.0000%, Lmin=-825.70, Lmax=-25.27
10:26:55 [ultranest] [DEBUG] iteration=3519, ncalls=12489, regioncalls=310720, ndraw=40, logz=-831.39, remainder_fraction=100.0000%, Lmin=-825.67, Lmax=-25.27
10:26:56 [ultranest] [DEBUG] iteration=3520, ncalls=12500, regioncalls=311160, ndraw=40, logz=-831.37, remainder_fraction=100.0000%, Lmin=-825.64, Lmax=-25.27
10:26:56 [ultranest] [DEBUG] iteration=3523, ncalls=12519, regioncalls=311920, ndraw=40, logz=-831.31, remainder_fraction=100.0000%, Lmin=-825.58, Lmax=-25.27
10:26:56 [ultranest] [DEBUG] iteration=3526, ncalls=12532, regioncalls=312440, ndraw=40, logz=-831.24, remainder_fraction=100.0000%, Lmin=-825.49, Lmax=-25.27
10:26:56 [ultranest] [DEBUG] iteration=3529, ncalls=12548, regioncalls=313080, ndraw=40, logz=-831.18, remainder_fraction=100.0000%, Lmin=-825.42, Lmax=-25.27
10:26:56 [ultranest] [DEBUG] iteration=3532, ncalls=12560, regioncalls=313560, ndraw=40, logz=-831.12, remainder_fraction=100.0000%, Lmin=-825.40, Lmax=-25.27
10:26:56 [ultranest] [DEBUG] iteration=3534, ncalls=12580, regioncalls=314360, ndraw=40, logz=-831.07, remainder_fraction=100.0000%, Lmin=-825.38, Lmax=-25.27
10:26:56 [ultranest] [DEBUG] iteration=3537, ncalls=12595, regioncalls=314960, ndraw=40, logz=-831.01, remainder_fraction=100.0000%, Lmin=-825.32, Lmax=-25.27
10:26:57 [ultranest] [DEBUG] iteration=3538, ncalls=12612, regioncalls=315640, ndraw=40, logz=-830.99, remainder_fraction=100.0000%, Lmin=-825.31, Lmax=-25.27
10:26:57 [ultranest] [DEBUG] iteration=3542, ncalls=12623, regioncalls=316080, ndraw=40, logz=-830.91, remainder_fraction=100.0000%, Lmin=-825.18, Lmax=-25.27
10:26:57 [ultranest] [DEBUG] iteration=3545, ncalls=12635, regioncalls=316560, ndraw=40, logz=-830.85, remainder_fraction=100.0000%, Lmin=-825.05, Lmax=-25.27
10:26:57 [ultranest] [DEBUG] iteration=3546, ncalls=12652, regioncalls=317240, ndraw=40, logz=-830.83, remainder_fraction=100.0000%, Lmin=-825.03, Lmax=-25.27
10:26:57 [ultranest] [DEBUG] iteration=3549, ncalls=12671, regioncalls=318000, ndraw=40, logz=-830.76, remainder_fraction=100.0000%, Lmin=-824.96, Lmax=-25.27
10:26:57 [ultranest] [DEBUG] iteration=3551, ncalls=12684, regioncalls=318520, ndraw=40, logz=-830.71, remainder_fraction=100.0000%, Lmin=-824.91, Lmax=-25.27
10:26:57 [ultranest] [DEBUG] iteration=3554, ncalls=12695, regioncalls=318960, ndraw=40, logz=-830.65, remainder_fraction=100.0000%, Lmin=-824.84, Lmax=-25.27
10:26:57 [ultranest] [DEBUG] iteration=3557, ncalls=12710, regioncalls=319560, ndraw=40, logz=-830.58, remainder_fraction=100.0000%, Lmin=-824.80, Lmax=-25.27
10:26:58 [ultranest] [DEBUG] iteration=3558, ncalls=12740, regioncalls=320760, ndraw=40, logz=-830.56, remainder_fraction=100.0000%, Lmin=-824.79, Lmax=-25.27
10:26:58 [ultranest] [DEBUG] iteration=3559, ncalls=12752, regioncalls=321240, ndraw=40, logz=-830.54, remainder_fraction=100.0000%, Lmin=-824.73, Lmax=-25.27
10:26:58 [ultranest] [DEBUG] iteration=3562, ncalls=12770, regioncalls=321960, ndraw=40, logz=-830.47, remainder_fraction=100.0000%, Lmin=-824.65, Lmax=-25.27
10:26:58 [ultranest] [DEBUG] iteration=3565, ncalls=12791, regioncalls=322800, ndraw=40, logz=-830.40, remainder_fraction=100.0000%, Lmin=-824.60, Lmax=-25.27
10:26:58 [ultranest] [DEBUG] iteration=3569, ncalls=12806, regioncalls=323400, ndraw=40, logz=-830.31, remainder_fraction=100.0000%, Lmin=-824.50, Lmax=-25.27
10:26:59 [ultranest] [DEBUG] iteration=3571, ncalls=12834, regioncalls=324520, ndraw=40, logz=-830.27, remainder_fraction=100.0000%, Lmin=-824.42, Lmax=-25.27
10:26:59 [ultranest] [DEBUG] iteration=3572, ncalls=12847, regioncalls=325040, ndraw=40, logz=-830.25, remainder_fraction=100.0000%, Lmin=-824.40, Lmax=-25.27
10:26:59 [ultranest] [DEBUG] iteration=3574, ncalls=12860, regioncalls=325560, ndraw=40, logz=-830.20, remainder_fraction=100.0000%, Lmin=-824.32, Lmax=-25.27
10:26:59 [ultranest] [DEBUG] iteration=3577, ncalls=12875, regioncalls=326160, ndraw=40, logz=-830.13, remainder_fraction=100.0000%, Lmin=-824.27, Lmax=-25.27
10:26:59 [ultranest] [DEBUG] iteration=3580, ncalls=12883, regioncalls=326480, ndraw=40, logz=-830.06, remainder_fraction=100.0000%, Lmin=-824.23, Lmax=-25.27
10:26:59 [ultranest] [DEBUG] iteration=3582, ncalls=12905, regioncalls=327360, ndraw=40, logz=-830.02, remainder_fraction=100.0000%, Lmin=-824.17, Lmax=-25.27
10:27:00 [ultranest] [DEBUG] iteration=3584, ncalls=12926, regioncalls=328200, ndraw=40, logz=-829.97, remainder_fraction=100.0000%, Lmin=-824.09, Lmax=-25.27
10:27:00 [ultranest] [DEBUG] iteration=3587, ncalls=12937, regioncalls=328640, ndraw=40, logz=-829.90, remainder_fraction=100.0000%, Lmin=-824.02, Lmax=-25.27
10:27:00 [ultranest] [DEBUG] iteration=3590, ncalls=12963, regioncalls=329680, ndraw=40, logz=-829.83, remainder_fraction=100.0000%, Lmin=-823.98, Lmax=-25.27
10:27:00 [ultranest] [DEBUG] iteration=3593, ncalls=12981, regioncalls=330400, ndraw=40, logz=-829.76, remainder_fraction=100.0000%, Lmin=-823.95, Lmax=-25.27
10:27:00 [ultranest] [DEBUG] iteration=3595, ncalls=12994, regioncalls=330920, ndraw=40, logz=-829.72, remainder_fraction=100.0000%, Lmin=-823.84, Lmax=-25.27
10:27:00 [ultranest] [DEBUG] iteration=3596, ncalls=13009, regioncalls=331520, ndraw=40, logz=-829.70, remainder_fraction=100.0000%, Lmin=-823.77, Lmax=-25.27
10:27:00 [ultranest] [DEBUG] iteration=3600, ncalls=13024, regioncalls=332120, ndraw=40, logz=-829.60, remainder_fraction=100.0000%, Lmin=-823.73, Lmax=-25.27
10:27:01 [ultranest] [DEBUG] iteration=3603, ncalls=13039, regioncalls=332720, ndraw=40, logz=-829.53, remainder_fraction=100.0000%, Lmin=-823.59, Lmax=-25.27
10:27:01 [ultranest] [DEBUG] iteration=3605, ncalls=13060, regioncalls=333560, ndraw=40, logz=-829.48, remainder_fraction=100.0000%, Lmin=-823.58, Lmax=-25.27
10:27:01 [ultranest] [DEBUG] iteration=3607, ncalls=13085, regioncalls=334560, ndraw=40, logz=-829.43, remainder_fraction=100.0000%, Lmin=-823.55, Lmax=-25.27
10:27:01 [ultranest] [DEBUG] iteration=3609, ncalls=13100, regioncalls=335160, ndraw=40, logz=-829.38, remainder_fraction=100.0000%, Lmin=-823.50, Lmax=-25.27
10:27:01 [ultranest] [DEBUG] iteration=3611, ncalls=13113, regioncalls=335680, ndraw=40, logz=-829.34, remainder_fraction=100.0000%, Lmin=-823.46, Lmax=-25.27
10:27:01 [ultranest] [DEBUG] iteration=3616, ncalls=13127, regioncalls=336240, ndraw=40, logz=-829.23, remainder_fraction=100.0000%, Lmin=-823.42, Lmax=-25.27
10:27:01 [ultranest] [DEBUG] iteration=3617, ncalls=13140, regioncalls=336760, ndraw=40, logz=-829.20, remainder_fraction=100.0000%, Lmin=-823.40, Lmax=-25.27
10:27:02 [ultranest] [DEBUG] iteration=3620, ncalls=13154, regioncalls=337320, ndraw=40, logz=-829.14, remainder_fraction=100.0000%, Lmin=-823.38, Lmax=-25.27
10:27:02 [ultranest] [DEBUG] iteration=3623, ncalls=13180, regioncalls=338360, ndraw=40, logz=-829.08, remainder_fraction=100.0000%, Lmin=-823.34, Lmax=-25.27
10:27:02 [ultranest] [DEBUG] iteration=3624, ncalls=13196, regioncalls=339000, ndraw=40, logz=-829.06, remainder_fraction=100.0000%, Lmin=-823.34, Lmax=-25.27
10:27:02 [ultranest] [DEBUG] iteration=3626, ncalls=13217, regioncalls=339840, ndraw=40, logz=-829.02, remainder_fraction=100.0000%, Lmin=-823.24, Lmax=-25.27
10:27:02 [ultranest] [DEBUG] iteration=3631, ncalls=13228, regioncalls=340280, ndraw=40, logz=-828.92, remainder_fraction=100.0000%, Lmin=-823.15, Lmax=-25.27
10:27:02 [ultranest] [DEBUG] iteration=3633, ncalls=13246, regioncalls=341000, ndraw=40, logz=-828.88, remainder_fraction=100.0000%, Lmin=-823.11, Lmax=-25.27
10:27:03 [ultranest] [DEBUG] iteration=3635, ncalls=13261, regioncalls=341600, ndraw=40, logz=-828.83, remainder_fraction=100.0000%, Lmin=-823.10, Lmax=-25.27
10:27:03 [ultranest] [DEBUG] iteration=3636, ncalls=13283, regioncalls=342480, ndraw=40, logz=-828.82, remainder_fraction=100.0000%, Lmin=-823.08, Lmax=-25.27
10:27:03 [ultranest] [DEBUG] iteration=3638, ncalls=13299, regioncalls=343120, ndraw=40, logz=-828.78, remainder_fraction=100.0000%, Lmin=-823.06, Lmax=-25.27
10:27:03 [ultranest] [DEBUG] iteration=3641, ncalls=13312, regioncalls=343640, ndraw=40, logz=-828.72, remainder_fraction=100.0000%, Lmin=-823.03, Lmax=-25.27
10:27:03 [ultranest] [DEBUG] iteration=3643, ncalls=13342, regioncalls=344840, ndraw=40, logz=-828.68, remainder_fraction=100.0000%, Lmin=-823.02, Lmax=-25.27
10:27:03 [ultranest] [DEBUG] iteration=3644, ncalls=13368, regioncalls=345880, ndraw=40, logz=-828.66, remainder_fraction=100.0000%, Lmin=-823.02, Lmax=-25.27
10:27:04 [ultranest] [DEBUG] iteration=3645, ncalls=13383, regioncalls=346480, ndraw=40, logz=-828.64, remainder_fraction=100.0000%, Lmin=-823.01, Lmax=-25.27
10:27:04 [ultranest] [DEBUG] iteration=3647, ncalls=13401, regioncalls=347200, ndraw=40, logz=-828.61, remainder_fraction=100.0000%, Lmin=-822.99, Lmax=-25.27
10:27:04 [ultranest] [DEBUG] iteration=3650, ncalls=13420, regioncalls=347960, ndraw=40, logz=-828.56, remainder_fraction=100.0000%, Lmin=-822.94, Lmax=-25.27
10:27:04 [ultranest] [DEBUG] iteration=3651, ncalls=13448, regioncalls=349080, ndraw=40, logz=-828.54, remainder_fraction=100.0000%, Lmin=-822.94, Lmax=-25.27
10:27:04 [ultranest] [DEBUG] iteration=3653, ncalls=13465, regioncalls=349760, ndraw=40, logz=-828.50, remainder_fraction=100.0000%, Lmin=-822.88, Lmax=-25.27
10:27:04 [ultranest] [DEBUG] iteration=3655, ncalls=13478, regioncalls=350280, ndraw=40, logz=-828.47, remainder_fraction=100.0000%, Lmin=-822.85, Lmax=-25.27
10:27:04 [ultranest] [DEBUG] iteration=3658, ncalls=13489, regioncalls=350720, ndraw=40, logz=-828.42, remainder_fraction=100.0000%, Lmin=-822.79, Lmax=-25.27
10:27:05 [ultranest] [DEBUG] iteration=3660, ncalls=13512, regioncalls=351640, ndraw=40, logz=-828.38, remainder_fraction=100.0000%, Lmin=-822.75, Lmax=-25.27
10:27:05 [ultranest] [DEBUG] iteration=3663, ncalls=13523, regioncalls=352080, ndraw=40, logz=-828.33, remainder_fraction=100.0000%, Lmin=-822.70, Lmax=-25.27
10:27:05 [ultranest] [DEBUG] iteration=3666, ncalls=13540, regioncalls=352760, ndraw=40, logz=-828.28, remainder_fraction=100.0000%, Lmin=-822.50, Lmax=-25.27
10:27:05 [ultranest] [DEBUG] iteration=3668, ncalls=13564, regioncalls=353720, ndraw=40, logz=-828.24, remainder_fraction=100.0000%, Lmin=-822.50, Lmax=-25.27
10:27:05 [ultranest] [DEBUG] iteration=3671, ncalls=13581, regioncalls=354400, ndraw=40, logz=-828.18, remainder_fraction=100.0000%, Lmin=-822.47, Lmax=-25.27
10:27:06 [ultranest] [DEBUG] iteration=3672, ncalls=13610, regioncalls=355560, ndraw=40, logz=-828.16, remainder_fraction=100.0000%, Lmin=-822.46, Lmax=-25.27
10:27:06 [ultranest] [DEBUG] iteration=3674, ncalls=13623, regioncalls=356080, ndraw=40, logz=-828.12, remainder_fraction=100.0000%, Lmin=-822.45, Lmax=-25.27
10:27:06 [ultranest] [DEBUG] iteration=3678, ncalls=13654, regioncalls=357320, ndraw=40, logz=-828.05, remainder_fraction=100.0000%, Lmin=-822.43, Lmax=-25.27
10:27:06 [ultranest] [DEBUG] iteration=3680, ncalls=13669, regioncalls=357920, ndraw=40, logz=-828.02, remainder_fraction=100.0000%, Lmin=-822.40, Lmax=-25.27
10:27:06 [ultranest] [DEBUG] iteration=3683, ncalls=13687, regioncalls=358640, ndraw=40, logz=-827.97, remainder_fraction=100.0000%, Lmin=-822.27, Lmax=-25.27
10:27:06 [ultranest] [DEBUG] iteration=3689, ncalls=13711, regioncalls=359600, ndraw=40, logz=-827.86, remainder_fraction=100.0000%, Lmin=-822.20, Lmax=-25.27
10:27:07 [ultranest] [DEBUG] iteration=3692, ncalls=13724, regioncalls=360120, ndraw=40, logz=-827.81, remainder_fraction=100.0000%, Lmin=-822.15, Lmax=-25.27
10:27:07 [ultranest] [DEBUG] iteration=3695, ncalls=13740, regioncalls=360760, ndraw=40, logz=-827.75, remainder_fraction=100.0000%, Lmin=-822.13, Lmax=-25.27
10:27:07 [ultranest] [DEBUG] iteration=3699, ncalls=13764, regioncalls=361720, ndraw=40, logz=-827.68, remainder_fraction=100.0000%, Lmin=-822.02, Lmax=-25.27
10:27:07 [ultranest] [DEBUG] iteration=3703, ncalls=13776, regioncalls=362200, ndraw=40, logz=-827.62, remainder_fraction=100.0000%, Lmin=-822.00, Lmax=-25.27
10:27:07 [ultranest] [DEBUG] iteration=3704, ncalls=13802, regioncalls=363240, ndraw=40, logz=-827.60, remainder_fraction=100.0000%, Lmin=-821.99, Lmax=-25.27
10:27:07 [ultranest] [DEBUG] iteration=3706, ncalls=13816, regioncalls=363800, ndraw=40, logz=-827.56, remainder_fraction=100.0000%, Lmin=-821.90, Lmax=-25.27
10:27:08 [ultranest] [DEBUG] iteration=3709, ncalls=13836, regioncalls=364600, ndraw=40, logz=-827.51, remainder_fraction=100.0000%, Lmin=-821.84, Lmax=-25.27
10:27:08 [ultranest] [DEBUG] iteration=3710, ncalls=13884, regioncalls=366520, ndraw=40, logz=-827.49, remainder_fraction=100.0000%, Lmin=-821.83, Lmax=-25.27
10:27:08 [ultranest] [DEBUG] iteration=3713, ncalls=13908, regioncalls=367480, ndraw=40, logz=-827.44, remainder_fraction=100.0000%, Lmin=-821.78, Lmax=-25.27
10:27:08 [ultranest] [DEBUG] iteration=3716, ncalls=13919, regioncalls=367920, ndraw=40, logz=-827.39, remainder_fraction=100.0000%, Lmin=-821.74, Lmax=-25.27
10:27:09 [ultranest] [DEBUG] iteration=3717, ncalls=13952, regioncalls=369240, ndraw=40, logz=-827.37, remainder_fraction=100.0000%, Lmin=-821.72, Lmax=-25.27
10:27:09 [ultranest] [DEBUG] iteration=3718, ncalls=13973, regioncalls=370080, ndraw=40, logz=-827.35, remainder_fraction=100.0000%, Lmin=-821.72, Lmax=-25.27
10:27:09 [ultranest] [DEBUG] iteration=3721, ncalls=13990, regioncalls=370760, ndraw=40, logz=-827.30, remainder_fraction=100.0000%, Lmin=-821.69, Lmax=-25.27
10:27:09 [ultranest] [DEBUG] iteration=3724, ncalls=14005, regioncalls=371360, ndraw=40, logz=-827.25, remainder_fraction=100.0000%, Lmin=-821.65, Lmax=-25.27
10:27:09 [ultranest] [DEBUG] iteration=3727, ncalls=14016, regioncalls=371800, ndraw=40, logz=-827.21, remainder_fraction=100.0000%, Lmin=-821.61, Lmax=-25.27
10:27:09 [ultranest] [DEBUG] iteration=3729, ncalls=14028, regioncalls=372280, ndraw=40, logz=-827.17, remainder_fraction=100.0000%, Lmin=-821.59, Lmax=-25.27
10:27:09 [ultranest] [DEBUG] iteration=3732, ncalls=14040, regioncalls=372760, ndraw=40, logz=-827.12, remainder_fraction=100.0000%, Lmin=-821.51, Lmax=-25.27
10:27:09 [ultranest] [DEBUG] iteration=3736, ncalls=14054, regioncalls=373320, ndraw=40, logz=-827.06, remainder_fraction=100.0000%, Lmin=-821.48, Lmax=-25.27
10:27:10 [ultranest] [DEBUG] iteration=3737, ncalls=14087, regioncalls=374640, ndraw=40, logz=-827.04, remainder_fraction=100.0000%, Lmin=-821.46, Lmax=-25.27
10:27:10 [ultranest] [DEBUG] iteration=3740, ncalls=14106, regioncalls=375400, ndraw=40, logz=-827.00, remainder_fraction=100.0000%, Lmin=-821.42, Lmax=-25.27
10:27:10 [ultranest] [DEBUG] iteration=3742, ncalls=14123, regioncalls=376080, ndraw=40, logz=-826.96, remainder_fraction=100.0000%, Lmin=-821.40, Lmax=-25.27
10:27:10 [ultranest] [DEBUG] iteration=3743, ncalls=14147, regioncalls=377040, ndraw=40, logz=-826.95, remainder_fraction=100.0000%, Lmin=-821.38, Lmax=-25.27
10:27:10 [ultranest] [DEBUG] iteration=3744, ncalls=14163, regioncalls=377680, ndraw=40, logz=-826.93, remainder_fraction=100.0000%, Lmin=-821.38, Lmax=-25.27
10:27:11 [ultranest] [DEBUG] iteration=3747, ncalls=14193, regioncalls=378880, ndraw=40, logz=-826.89, remainder_fraction=100.0000%, Lmin=-821.27, Lmax=-25.27
10:27:11 [ultranest] [DEBUG] iteration=3750, ncalls=14206, regioncalls=379400, ndraw=40, logz=-826.84, remainder_fraction=100.0000%, Lmin=-821.22, Lmax=-25.27
10:27:11 [ultranest] [DEBUG] iteration=3753, ncalls=14219, regioncalls=379920, ndraw=40, logz=-826.79, remainder_fraction=100.0000%, Lmin=-821.20, Lmax=-25.27
10:27:11 [ultranest] [DEBUG] iteration=3756, ncalls=14237, regioncalls=380640, ndraw=40, logz=-826.74, remainder_fraction=100.0000%, Lmin=-821.15, Lmax=-25.27
10:27:11 [ultranest] [DEBUG] iteration=3758, ncalls=14254, regioncalls=381320, ndraw=40, logz=-826.71, remainder_fraction=100.0000%, Lmin=-821.09, Lmax=-25.27
10:27:11 [ultranest] [DEBUG] iteration=3760, ncalls=14276, regioncalls=382200, ndraw=40, logz=-826.68, remainder_fraction=100.0000%, Lmin=-821.08, Lmax=-25.27
10:27:12 [ultranest] [DEBUG] iteration=3765, ncalls=14288, regioncalls=382680, ndraw=40, logz=-826.60, remainder_fraction=100.0000%, Lmin=-820.99, Lmax=-25.27
10:27:12 [ultranest] [DEBUG] iteration=3768, ncalls=14302, regioncalls=383240, ndraw=40, logz=-826.55, remainder_fraction=100.0000%, Lmin=-820.89, Lmax=-25.27
10:27:12 [ultranest] [DEBUG] iteration=3771, ncalls=14316, regioncalls=383800, ndraw=40, logz=-826.50, remainder_fraction=100.0000%, Lmin=-820.87, Lmax=-25.27
10:27:12 [ultranest] [DEBUG] iteration=3774, ncalls=14335, regioncalls=384560, ndraw=40, logz=-826.45, remainder_fraction=100.0000%, Lmin=-820.77, Lmax=-25.27
10:27:12 [ultranest] [DEBUG] iteration=3777, ncalls=14354, regioncalls=385320, ndraw=40, logz=-826.40, remainder_fraction=100.0000%, Lmin=-820.75, Lmax=-25.27
10:27:12 [ultranest] [DEBUG] iteration=3780, ncalls=14375, regioncalls=386160, ndraw=40, logz=-826.35, remainder_fraction=100.0000%, Lmin=-820.68, Lmax=-25.27
10:27:12 [ultranest] [DEBUG] iteration=3783, ncalls=14398, regioncalls=387080, ndraw=40, logz=-826.30, remainder_fraction=100.0000%, Lmin=-820.63, Lmax=-25.27
10:27:13 [ultranest] [DEBUG] iteration=3785, ncalls=14431, regioncalls=388400, ndraw=40, logz=-826.26, remainder_fraction=100.0000%, Lmin=-820.60, Lmax=-25.27
10:27:13 [ultranest] [DEBUG] iteration=3787, ncalls=14445, regioncalls=388960, ndraw=40, logz=-826.23, remainder_fraction=100.0000%, Lmin=-820.55, Lmax=-25.27
10:27:13 [ultranest] [DEBUG] iteration=3789, ncalls=14475, regioncalls=390160, ndraw=40, logz=-826.20, remainder_fraction=100.0000%, Lmin=-820.54, Lmax=-25.27
10:27:13 [ultranest] [DEBUG] iteration=3790, ncalls=14496, regioncalls=391000, ndraw=40, logz=-826.18, remainder_fraction=100.0000%, Lmin=-820.54, Lmax=-25.27
10:27:14 [ultranest] [DEBUG] iteration=3793, ncalls=14520, regioncalls=391960, ndraw=40, logz=-826.13, remainder_fraction=100.0000%, Lmin=-820.51, Lmax=-25.27
10:27:14 [ultranest] [DEBUG] iteration=3794, ncalls=14536, regioncalls=392600, ndraw=40, logz=-826.11, remainder_fraction=100.0000%, Lmin=-820.43, Lmax=-25.27
10:27:14 [ultranest] [DEBUG] iteration=3796, ncalls=14564, regioncalls=393720, ndraw=40, logz=-826.08, remainder_fraction=100.0000%, Lmin=-820.42, Lmax=-25.27
10:27:14 [ultranest] [DEBUG] iteration=3798, ncalls=14578, regioncalls=394280, ndraw=40, logz=-826.05, remainder_fraction=100.0000%, Lmin=-820.41, Lmax=-25.27
10:27:14 [ultranest] [DEBUG] iteration=3800, ncalls=14592, regioncalls=394840, ndraw=40, logz=-826.02, remainder_fraction=100.0000%, Lmin=-820.39, Lmax=-25.27
10:27:14 [ultranest] [DEBUG] iteration=3802, ncalls=14617, regioncalls=395840, ndraw=40, logz=-825.98, remainder_fraction=100.0000%, Lmin=-820.38, Lmax=-25.27
10:27:15 [ultranest] [DEBUG] iteration=3803, ncalls=14639, regioncalls=396720, ndraw=40, logz=-825.97, remainder_fraction=100.0000%, Lmin=-820.34, Lmax=-25.27
10:27:15 [ultranest] [DEBUG] iteration=3804, ncalls=14660, regioncalls=397560, ndraw=40, logz=-825.95, remainder_fraction=100.0000%, Lmin=-820.33, Lmax=-25.27
10:27:15 [ultranest] [DEBUG] iteration=3807, ncalls=14672, regioncalls=398040, ndraw=40, logz=-825.90, remainder_fraction=100.0000%, Lmin=-820.26, Lmax=-25.27
10:27:15 [ultranest] [DEBUG] iteration=3808, ncalls=14694, regioncalls=398920, ndraw=40, logz=-825.89, remainder_fraction=100.0000%, Lmin=-820.23, Lmax=-25.27
10:27:15 [ultranest] [DEBUG] iteration=3809, ncalls=14706, regioncalls=399400, ndraw=40, logz=-825.87, remainder_fraction=100.0000%, Lmin=-820.22, Lmax=-25.27
10:27:15 [ultranest] [DEBUG] iteration=3811, ncalls=14728, regioncalls=400280, ndraw=40, logz=-825.84, remainder_fraction=100.0000%, Lmin=-820.19, Lmax=-25.27
10:27:15 [ultranest] [DEBUG] iteration=3813, ncalls=14742, regioncalls=400840, ndraw=40, logz=-825.81, remainder_fraction=100.0000%, Lmin=-820.16, Lmax=-25.27
10:27:16 [ultranest] [DEBUG] iteration=3815, ncalls=14758, regioncalls=401480, ndraw=40, logz=-825.77, remainder_fraction=100.0000%, Lmin=-820.12, Lmax=-25.27
10:27:16 [ultranest] [DEBUG] iteration=3817, ncalls=14776, regioncalls=402200, ndraw=40, logz=-825.74, remainder_fraction=100.0000%, Lmin=-820.09, Lmax=-25.27
10:27:16 [ultranest] [DEBUG] iteration=3820, ncalls=14792, regioncalls=402840, ndraw=40, logz=-825.69, remainder_fraction=100.0000%, Lmin=-820.05, Lmax=-25.27
10:27:16 [ultranest] [DEBUG] iteration=3821, ncalls=14815, regioncalls=403760, ndraw=40, logz=-825.68, remainder_fraction=100.0000%, Lmin=-820.05, Lmax=-25.27
10:27:16 [ultranest] [DEBUG] iteration=3824, ncalls=14826, regioncalls=404200, ndraw=40, logz=-825.63, remainder_fraction=100.0000%, Lmin=-820.00, Lmax=-25.27
10:27:16 [ultranest] [DEBUG] iteration=3827, ncalls=14845, regioncalls=404960, ndraw=40, logz=-825.58, remainder_fraction=100.0000%, Lmin=-819.89, Lmax=-25.27
10:27:17 [ultranest] [DEBUG] iteration=3831, ncalls=14879, regioncalls=406320, ndraw=40, logz=-825.51, remainder_fraction=100.0000%, Lmin=-819.79, Lmax=-25.27
10:27:17 [ultranest] [DEBUG] iteration=3833, ncalls=14932, regioncalls=408440, ndraw=40, logz=-825.48, remainder_fraction=100.0000%, Lmin=-819.78, Lmax=-25.27
10:27:17 [ultranest] [DEBUG] iteration=3834, ncalls=14956, regioncalls=409400, ndraw=40, logz=-825.46, remainder_fraction=100.0000%, Lmin=-819.76, Lmax=-25.27
10:27:17 [ultranest] [DEBUG] iteration=3835, ncalls=14970, regioncalls=409960, ndraw=40, logz=-825.44, remainder_fraction=100.0000%, Lmin=-819.76, Lmax=-25.27
10:27:18 [ultranest] [DEBUG] iteration=3837, ncalls=14983, regioncalls=410480, ndraw=40, logz=-825.41, remainder_fraction=100.0000%, Lmin=-819.72, Lmax=-25.27
10:27:18 [ultranest] [DEBUG] iteration=3840, ncalls=14988, regioncalls=410680, ndraw=40, logz=-825.36, remainder_fraction=100.0000%, Lmin=-819.66, Lmax=-25.27
10:27:18 [ultranest] [DEBUG] iteration=3843, ncalls=14999, regioncalls=411120, ndraw=40, logz=-825.31, remainder_fraction=100.0000%, Lmin=-819.60, Lmax=-25.27
10:27:18 [ultranest] [DEBUG] iteration=3845, ncalls=15012, regioncalls=411640, ndraw=40, logz=-825.28, remainder_fraction=100.0000%, Lmin=-819.58, Lmax=-25.27
10:27:18 [ultranest] [DEBUG] iteration=3847, ncalls=15038, regioncalls=412680, ndraw=40, logz=-825.24, remainder_fraction=100.0000%, Lmin=-819.56, Lmax=-25.27
10:27:18 [ultranest] [DEBUG] iteration=3848, ncalls=15052, regioncalls=413240, ndraw=40, logz=-825.23, remainder_fraction=100.0000%, Lmin=-819.55, Lmax=-25.27
10:27:18 [ultranest] [DEBUG] iteration=3849, ncalls=15064, regioncalls=413720, ndraw=40, logz=-825.21, remainder_fraction=100.0000%, Lmin=-819.54, Lmax=-25.27
10:27:18 [ultranest] [DEBUG] iteration=3852, ncalls=15090, regioncalls=414760, ndraw=40, logz=-825.16, remainder_fraction=100.0000%, Lmin=-819.42, Lmax=-25.27
10:27:19 [ultranest] [DEBUG] iteration=3856, ncalls=15101, regioncalls=415200, ndraw=40, logz=-825.09, remainder_fraction=100.0000%, Lmin=-819.35, Lmax=-25.27
10:27:19 [ultranest] [DEBUG] iteration=3857, ncalls=15121, regioncalls=416000, ndraw=40, logz=-825.07, remainder_fraction=100.0000%, Lmin=-819.35, Lmax=-25.27
10:27:19 [ultranest] [DEBUG] iteration=3861, ncalls=15136, regioncalls=416600, ndraw=40, logz=-825.01, remainder_fraction=100.0000%, Lmin=-819.30, Lmax=-25.27
10:27:19 [ultranest] [DEBUG] iteration=3864, ncalls=15160, regioncalls=417560, ndraw=40, logz=-824.96, remainder_fraction=100.0000%, Lmin=-819.19, Lmax=-25.27
10:27:19 [ultranest] [DEBUG] iteration=3865, ncalls=15177, regioncalls=418240, ndraw=40, logz=-824.94, remainder_fraction=100.0000%, Lmin=-819.19, Lmax=-25.27
10:27:19 [ultranest] [DEBUG] iteration=3868, ncalls=15188, regioncalls=418680, ndraw=40, logz=-824.89, remainder_fraction=100.0000%, Lmin=-819.14, Lmax=-25.27
10:27:19 [ultranest] [DEBUG] iteration=3871, ncalls=15200, regioncalls=419160, ndraw=40, logz=-824.84, remainder_fraction=100.0000%, Lmin=-819.10, Lmax=-25.27
10:27:20 [ultranest] [DEBUG] iteration=3874, ncalls=15239, regioncalls=420720, ndraw=40, logz=-824.78, remainder_fraction=100.0000%, Lmin=-819.07, Lmax=-25.27
10:27:20 [ultranest] [DEBUG] iteration=3875, ncalls=15258, regioncalls=421480, ndraw=40, logz=-824.77, remainder_fraction=100.0000%, Lmin=-819.05, Lmax=-25.27
10:27:20 [ultranest] [DEBUG] iteration=3876, ncalls=15272, regioncalls=422040, ndraw=40, logz=-824.75, remainder_fraction=100.0000%, Lmin=-819.02, Lmax=-25.27
10:27:20 [ultranest] [DEBUG] iteration=3877, ncalls=15298, regioncalls=423080, ndraw=40, logz=-824.73, remainder_fraction=100.0000%, Lmin=-819.01, Lmax=-25.27
10:27:20 [ultranest] [DEBUG] iteration=3879, ncalls=15312, regioncalls=423640, ndraw=40, logz=-824.70, remainder_fraction=100.0000%, Lmin=-818.96, Lmax=-25.27
10:27:21 [ultranest] [DEBUG] iteration=3881, ncalls=15326, regioncalls=424200, ndraw=40, logz=-824.67, remainder_fraction=100.0000%, Lmin=-818.95, Lmax=-25.27
10:27:21 [ultranest] [DEBUG] iteration=3884, ncalls=15360, regioncalls=425560, ndraw=40, logz=-824.62, remainder_fraction=100.0000%, Lmin=-818.89, Lmax=-25.27
10:27:21 [ultranest] [DEBUG] iteration=3886, ncalls=15384, regioncalls=426520, ndraw=40, logz=-824.58, remainder_fraction=100.0000%, Lmin=-818.84, Lmax=-25.27
10:27:21 [ultranest] [DEBUG] iteration=3889, ncalls=15401, regioncalls=427200, ndraw=40, logz=-824.53, remainder_fraction=100.0000%, Lmin=-818.81, Lmax=-25.27
10:27:21 [ultranest] [DEBUG] iteration=3890, ncalls=15421, regioncalls=428000, ndraw=40, logz=-824.52, remainder_fraction=100.0000%, Lmin=-818.80, Lmax=-25.27
10:27:21 [ultranest] [DEBUG] iteration=3891, ncalls=15434, regioncalls=428520, ndraw=40, logz=-824.50, remainder_fraction=100.0000%, Lmin=-818.79, Lmax=-25.27
10:27:22 [ultranest] [DEBUG] iteration=3894, ncalls=15450, regioncalls=429160, ndraw=40, logz=-824.45, remainder_fraction=100.0000%, Lmin=-818.72, Lmax=-25.27
10:27:22 [ultranest] [DEBUG] iteration=3896, ncalls=15473, regioncalls=430080, ndraw=40, logz=-824.42, remainder_fraction=100.0000%, Lmin=-818.72, Lmax=-25.27
10:27:22 [ultranest] [DEBUG] iteration=3898, ncalls=15487, regioncalls=430640, ndraw=40, logz=-824.38, remainder_fraction=100.0000%, Lmin=-818.70, Lmax=-25.27
10:27:22 [ultranest] [DEBUG] iteration=3901, ncalls=15499, regioncalls=431120, ndraw=40, logz=-824.33, remainder_fraction=100.0000%, Lmin=-818.63, Lmax=-25.27
10:27:23 [ultranest] [DEBUG] iteration=3903, ncalls=15535, regioncalls=432560, ndraw=40, logz=-824.30, remainder_fraction=100.0000%, Lmin=-818.60, Lmax=-25.27
10:27:23 [ultranest] [DEBUG] iteration=3905, ncalls=15557, regioncalls=433440, ndraw=40, logz=-824.27, remainder_fraction=100.0000%, Lmin=-818.58, Lmax=-25.27
10:27:23 [ultranest] [DEBUG] iteration=3908, ncalls=15573, regioncalls=434080, ndraw=40, logz=-824.22, remainder_fraction=100.0000%, Lmin=-818.56, Lmax=-25.27
10:27:23 [ultranest] [DEBUG] iteration=3910, ncalls=15594, regioncalls=434920, ndraw=40, logz=-824.19, remainder_fraction=100.0000%, Lmin=-818.56, Lmax=-25.27
10:27:24 [ultranest] [DEBUG] iteration=3913, ncalls=15637, regioncalls=436640, ndraw=40, logz=-824.15, remainder_fraction=100.0000%, Lmin=-818.53, Lmax=-25.27
10:27:24 [ultranest] [DEBUG] iteration=3916, ncalls=15650, regioncalls=437160, ndraw=40, logz=-824.10, remainder_fraction=100.0000%, Lmin=-818.48, Lmax=-25.27
10:27:24 [ultranest] [DEBUG] iteration=3918, ncalls=15667, regioncalls=437840, ndraw=40, logz=-824.07, remainder_fraction=100.0000%, Lmin=-818.47, Lmax=-25.27
10:27:24 [ultranest] [DEBUG] iteration=3922, ncalls=15681, regioncalls=438400, ndraw=40, logz=-824.02, remainder_fraction=100.0000%, Lmin=-818.43, Lmax=-25.27
10:27:24 [ultranest] [DEBUG] iteration=3923, ncalls=15706, regioncalls=439400, ndraw=40, logz=-824.00, remainder_fraction=100.0000%, Lmin=-818.43, Lmax=-25.27
10:27:24 [ultranest] [DEBUG] iteration=3926, ncalls=15719, regioncalls=439920, ndraw=40, logz=-823.96, remainder_fraction=100.0000%, Lmin=-818.38, Lmax=-25.27
10:27:25 [ultranest] [DEBUG] iteration=3927, ncalls=15747, regioncalls=441040, ndraw=40, logz=-823.95, remainder_fraction=100.0000%, Lmin=-818.38, Lmax=-25.27
10:27:25 [ultranest] [DEBUG] iteration=3930, ncalls=15762, regioncalls=441640, ndraw=40, logz=-823.90, remainder_fraction=100.0000%, Lmin=-818.36, Lmax=-25.27
10:27:25 [ultranest] [DEBUG] iteration=3931, ncalls=15776, regioncalls=442200, ndraw=40, logz=-823.89, remainder_fraction=100.0000%, Lmin=-818.35, Lmax=-25.27
10:27:25 [ultranest] [DEBUG] iteration=3933, ncalls=15791, regioncalls=442800, ndraw=40, logz=-823.86, remainder_fraction=100.0000%, Lmin=-818.32, Lmax=-25.27
10:27:25 [ultranest] [DEBUG] iteration=3935, ncalls=15812, regioncalls=443640, ndraw=40, logz=-823.84, remainder_fraction=100.0000%, Lmin=-818.31, Lmax=-25.27
10:27:25 [ultranest] [DEBUG] iteration=3938, ncalls=15827, regioncalls=444240, ndraw=40, logz=-823.80, remainder_fraction=100.0000%, Lmin=-818.26, Lmax=-25.27
10:27:26 [ultranest] [DEBUG] iteration=3939, ncalls=15850, regioncalls=445160, ndraw=40, logz=-823.78, remainder_fraction=100.0000%, Lmin=-818.25, Lmax=-25.27
10:27:26 [ultranest] [DEBUG] iteration=3942, ncalls=15862, regioncalls=445640, ndraw=40, logz=-823.74, remainder_fraction=100.0000%, Lmin=-818.22, Lmax=-25.27
10:27:26 [ultranest] [DEBUG] iteration=3946, ncalls=15888, regioncalls=446680, ndraw=40, logz=-823.69, remainder_fraction=100.0000%, Lmin=-818.10, Lmax=-25.27
10:27:26 [ultranest] [DEBUG] iteration=3947, ncalls=15900, regioncalls=447160, ndraw=40, logz=-823.67, remainder_fraction=100.0000%, Lmin=-818.10, Lmax=-25.27
10:27:26 [ultranest] [DEBUG] iteration=3949, ncalls=15925, regioncalls=448160, ndraw=40, logz=-823.65, remainder_fraction=100.0000%, Lmin=-818.06, Lmax=-25.27
10:27:27 [ultranest] [DEBUG] iteration=3951, ncalls=15945, regioncalls=448960, ndraw=40, logz=-823.62, remainder_fraction=100.0000%, Lmin=-818.05, Lmax=-25.27
10:27:27 [ultranest] [DEBUG] iteration=3955, ncalls=15956, regioncalls=449400, ndraw=40, logz=-823.56, remainder_fraction=100.0000%, Lmin=-818.02, Lmax=-25.27
10:27:27 [ultranest] [DEBUG] iteration=3957, ncalls=15968, regioncalls=449880, ndraw=40, logz=-823.54, remainder_fraction=100.0000%, Lmin=-817.98, Lmax=-25.27
10:27:27 [ultranest] [DEBUG] iteration=3960, ncalls=15980, regioncalls=450360, ndraw=40, logz=-823.50, remainder_fraction=100.0000%, Lmin=-817.94, Lmax=-25.27
10:27:27 [ultranest] [DEBUG] iteration=3963, ncalls=16008, regioncalls=451480, ndraw=40, logz=-823.46, remainder_fraction=100.0000%, Lmin=-817.88, Lmax=-25.27
10:27:27 [ultranest] [DEBUG] iteration=3965, ncalls=16035, regioncalls=452560, ndraw=40, logz=-823.43, remainder_fraction=100.0000%, Lmin=-817.86, Lmax=-25.27
10:27:27 [ultranest] [DEBUG] iteration=3967, ncalls=16055, regioncalls=453360, ndraw=40, logz=-823.40, remainder_fraction=100.0000%, Lmin=-817.82, Lmax=-25.27
10:27:28 [ultranest] [DEBUG] iteration=3970, ncalls=16072, regioncalls=454040, ndraw=40, logz=-823.36, remainder_fraction=100.0000%, Lmin=-817.78, Lmax=-25.27
10:27:28 [ultranest] [DEBUG] iteration=3972, ncalls=16089, regioncalls=454720, ndraw=40, logz=-823.33, remainder_fraction=100.0000%, Lmin=-817.73, Lmax=-25.27
10:27:28 [ultranest] [DEBUG] iteration=3974, ncalls=16103, regioncalls=455280, ndraw=40, logz=-823.30, remainder_fraction=100.0000%, Lmin=-817.72, Lmax=-25.27
10:27:28 [ultranest] [DEBUG] iteration=3975, ncalls=16124, regioncalls=456120, ndraw=40, logz=-823.29, remainder_fraction=100.0000%, Lmin=-817.71, Lmax=-25.27
10:27:28 [ultranest] [DEBUG] iteration=3977, ncalls=16138, regioncalls=456680, ndraw=40, logz=-823.26, remainder_fraction=100.0000%, Lmin=-817.70, Lmax=-25.27
10:27:28 [ultranest] [DEBUG] iteration=3979, ncalls=16154, regioncalls=457320, ndraw=40, logz=-823.24, remainder_fraction=100.0000%, Lmin=-817.65, Lmax=-25.27
10:27:28 [ultranest] [DEBUG] iteration=3980, ncalls=16167, regioncalls=457840, ndraw=40, logz=-823.22, remainder_fraction=100.0000%, Lmin=-817.62, Lmax=-25.27
10:27:29 [ultranest] [DEBUG] iteration=3982, ncalls=16185, regioncalls=458560, ndraw=40, logz=-823.19, remainder_fraction=100.0000%, Lmin=-817.61, Lmax=-25.27
10:27:29 [ultranest] [DEBUG] iteration=3983, ncalls=16200, regioncalls=459160, ndraw=40, logz=-823.18, remainder_fraction=100.0000%, Lmin=-817.53, Lmax=-25.27
10:27:29 [ultranest] [DEBUG] iteration=3986, ncalls=16212, regioncalls=459640, ndraw=40, logz=-823.14, remainder_fraction=100.0000%, Lmin=-817.52, Lmax=-25.27
10:27:29 [ultranest] [DEBUG] iteration=3988, ncalls=16249, regioncalls=461120, ndraw=40, logz=-823.11, remainder_fraction=100.0000%, Lmin=-817.49, Lmax=-25.27
10:27:29 [ultranest] [DEBUG] iteration=3991, ncalls=16270, regioncalls=461960, ndraw=40, logz=-823.07, remainder_fraction=100.0000%, Lmin=-817.44, Lmax=-25.27
10:27:30 [ultranest] [DEBUG] iteration=3995, ncalls=16285, regioncalls=462560, ndraw=40, logz=-823.01, remainder_fraction=100.0000%, Lmin=-817.36, Lmax=-25.27
10:27:30 [ultranest] [DEBUG] iteration=3996, ncalls=16304, regioncalls=463320, ndraw=40, logz=-822.99, remainder_fraction=100.0000%, Lmin=-817.34, Lmax=-25.27
10:27:30 [ultranest] [DEBUG] iteration=3997, ncalls=16320, regioncalls=463960, ndraw=40, logz=-822.98, remainder_fraction=100.0000%, Lmin=-817.33, Lmax=-25.27
10:27:30 [ultranest] [DEBUG] iteration=3998, ncalls=16335, regioncalls=464560, ndraw=40, logz=-822.96, remainder_fraction=100.0000%, Lmin=-817.32, Lmax=-25.27
10:27:30 [ultranest] [DEBUG] iteration=4000, ncalls=16359, regioncalls=465520, ndraw=40, logz=-822.94, remainder_fraction=100.0000%, Lmin=-817.31, Lmax=-25.27
10:27:30 [ultranest] [DEBUG] iteration=4002, ncalls=16376, regioncalls=466200, ndraw=40, logz=-822.91, remainder_fraction=100.0000%, Lmin=-817.25, Lmax=-25.27
10:27:30 [ultranest] [DEBUG] iteration=4004, ncalls=16388, regioncalls=466680, ndraw=40, logz=-822.88, remainder_fraction=100.0000%, Lmin=-817.25, Lmax=-25.27
10:27:31 [ultranest] [DEBUG] iteration=4007, ncalls=16420, regioncalls=467960, ndraw=40, logz=-822.84, remainder_fraction=100.0000%, Lmin=-817.22, Lmax=-25.27
10:27:31 [ultranest] [DEBUG] iteration=4009, ncalls=16441, regioncalls=468800, ndraw=40, logz=-822.81, remainder_fraction=100.0000%, Lmin=-817.21, Lmax=-25.27
10:27:31 [ultranest] [DEBUG] iteration=4011, ncalls=16503, regioncalls=471280, ndraw=40, logz=-822.78, remainder_fraction=100.0000%, Lmin=-817.20, Lmax=-25.27
10:27:31 [ultranest] [DEBUG] iteration=4012, ncalls=16515, regioncalls=471760, ndraw=40, logz=-822.77, remainder_fraction=100.0000%, Lmin=-817.19, Lmax=-25.27
10:27:32 [ultranest] [DEBUG] iteration=4013, ncalls=16534, regioncalls=472520, ndraw=40, logz=-822.75, remainder_fraction=100.0000%, Lmin=-817.18, Lmax=-25.27
10:27:32 [ultranest] [DEBUG] iteration=4014, ncalls=16552, regioncalls=473240, ndraw=40, logz=-822.74, remainder_fraction=100.0000%, Lmin=-817.15, Lmax=-25.27
10:27:32 [ultranest] [DEBUG] iteration=4015, ncalls=16565, regioncalls=473760, ndraw=40, logz=-822.73, remainder_fraction=100.0000%, Lmin=-817.10, Lmax=-25.27
10:27:32 [ultranest] [DEBUG] iteration=4016, ncalls=16577, regioncalls=474240, ndraw=40, logz=-822.71, remainder_fraction=100.0000%, Lmin=-817.08, Lmax=-25.27
10:27:32 [ultranest] [DEBUG] iteration=4019, ncalls=16616, regioncalls=475800, ndraw=40, logz=-822.67, remainder_fraction=100.0000%, Lmin=-817.05, Lmax=-25.27
10:27:33 [ultranest] [DEBUG] iteration=4021, ncalls=16639, regioncalls=476720, ndraw=40, logz=-822.64, remainder_fraction=100.0000%, Lmin=-817.01, Lmax=-25.27
10:27:33 [ultranest] [DEBUG] iteration=4023, ncalls=16666, regioncalls=477800, ndraw=40, logz=-822.62, remainder_fraction=100.0000%, Lmin=-816.99, Lmax=-25.27
10:27:33 [ultranest] [DEBUG] iteration=4026, ncalls=16684, regioncalls=478520, ndraw=40, logz=-822.57, remainder_fraction=100.0000%, Lmin=-816.96, Lmax=-25.27
10:27:33 [ultranest] [DEBUG] iteration=4028, ncalls=16699, regioncalls=479120, ndraw=40, logz=-822.55, remainder_fraction=100.0000%, Lmin=-816.92, Lmax=-25.27
10:27:33 [ultranest] [DEBUG] iteration=4029, ncalls=16720, regioncalls=479960, ndraw=40, logz=-822.53, remainder_fraction=100.0000%, Lmin=-816.88, Lmax=-25.27
10:27:33 [ultranest] [DEBUG] iteration=4031, ncalls=16741, regioncalls=480800, ndraw=40, logz=-822.50, remainder_fraction=100.0000%, Lmin=-816.86, Lmax=-25.27
10:27:34 [ultranest] [DEBUG] iteration=4034, ncalls=16778, regioncalls=482280, ndraw=40, logz=-822.46, remainder_fraction=100.0000%, Lmin=-816.81, Lmax=-25.27
10:27:34 [ultranest] [DEBUG] iteration=4036, ncalls=16811, regioncalls=483600, ndraw=40, logz=-822.43, remainder_fraction=100.0000%, Lmin=-816.78, Lmax=-25.27
10:27:34 [ultranest] [DEBUG] iteration=4039, ncalls=16825, regioncalls=484160, ndraw=40, logz=-822.39, remainder_fraction=100.0000%, Lmin=-816.70, Lmax=-25.27
10:27:34 [ultranest] [DEBUG] iteration=4041, ncalls=16844, regioncalls=484920, ndraw=40, logz=-822.36, remainder_fraction=100.0000%, Lmin=-816.68, Lmax=-25.27
10:27:34 [ultranest] [DEBUG] iteration=4043, ncalls=16858, regioncalls=485480, ndraw=40, logz=-822.33, remainder_fraction=100.0000%, Lmin=-816.66, Lmax=-25.27
10:27:35 [ultranest] [DEBUG] iteration=4046, ncalls=16875, regioncalls=486160, ndraw=40, logz=-822.29, remainder_fraction=100.0000%, Lmin=-816.63, Lmax=-25.27
10:27:35 [ultranest] [DEBUG] iteration=4048, ncalls=16893, regioncalls=486880, ndraw=40, logz=-822.26, remainder_fraction=100.0000%, Lmin=-816.60, Lmax=-25.27
10:27:35 [ultranest] [DEBUG] iteration=4052, ncalls=16909, regioncalls=487520, ndraw=40, logz=-822.20, remainder_fraction=100.0000%, Lmin=-816.58, Lmax=-25.27
10:27:35 [ultranest] [DEBUG] iteration=4054, ncalls=16926, regioncalls=488200, ndraw=40, logz=-822.18, remainder_fraction=100.0000%, Lmin=-816.54, Lmax=-25.27
10:27:36 [ultranest] [DEBUG] iteration=4056, ncalls=16981, regioncalls=490400, ndraw=40, logz=-822.15, remainder_fraction=100.0000%, Lmin=-816.50, Lmax=-25.27
10:27:36 [ultranest] [DEBUG] iteration=4057, ncalls=17005, regioncalls=491360, ndraw=40, logz=-822.14, remainder_fraction=100.0000%, Lmin=-816.49, Lmax=-25.27
10:27:36 [ultranest] [DEBUG] iteration=4059, ncalls=17019, regioncalls=491920, ndraw=40, logz=-822.11, remainder_fraction=100.0000%, Lmin=-816.43, Lmax=-25.27
10:27:36 [ultranest] [DEBUG] iteration=4061, ncalls=17050, regioncalls=493160, ndraw=40, logz=-822.08, remainder_fraction=100.0000%, Lmin=-816.41, Lmax=-25.27
10:27:36 [ultranest] [DEBUG] iteration=4063, ncalls=17084, regioncalls=494520, ndraw=40, logz=-822.05, remainder_fraction=100.0000%, Lmin=-816.37, Lmax=-25.27
10:27:37 [ultranest] [DEBUG] iteration=4064, ncalls=17102, regioncalls=495240, ndraw=40, logz=-822.04, remainder_fraction=100.0000%, Lmin=-816.36, Lmax=-25.27
10:27:37 [ultranest] [DEBUG] iteration=4066, ncalls=17134, regioncalls=496520, ndraw=40, logz=-822.01, remainder_fraction=100.0000%, Lmin=-816.34, Lmax=-25.27
10:27:37 [ultranest] [DEBUG] iteration=4068, ncalls=17149, regioncalls=497120, ndraw=40, logz=-821.98, remainder_fraction=100.0000%, Lmin=-816.33, Lmax=-25.27
10:27:37 [ultranest] [DEBUG] iteration=4070, ncalls=17161, regioncalls=497600, ndraw=40, logz=-821.95, remainder_fraction=100.0000%, Lmin=-816.32, Lmax=-25.27
10:27:37 [ultranest] [DEBUG] iteration=4073, ncalls=17204, regioncalls=499320, ndraw=40, logz=-821.91, remainder_fraction=100.0000%, Lmin=-816.24, Lmax=-25.27
10:27:38 [ultranest] [DEBUG] iteration=4074, ncalls=17221, regioncalls=500000, ndraw=40, logz=-821.90, remainder_fraction=100.0000%, Lmin=-816.23, Lmax=-25.27
10:27:38 [ultranest] [DEBUG] iteration=4076, ncalls=17240, regioncalls=500760, ndraw=40, logz=-821.87, remainder_fraction=100.0000%, Lmin=-816.22, Lmax=-25.27
10:27:38 [ultranest] [DEBUG] iteration=4079, ncalls=17266, regioncalls=501800, ndraw=40, logz=-821.83, remainder_fraction=100.0000%, Lmin=-816.18, Lmax=-25.27
10:27:38 [ultranest] [DEBUG] iteration=4080, ncalls=17298, regioncalls=503080, ndraw=40, logz=-821.81, remainder_fraction=100.0000%, Lmin=-816.09, Lmax=-25.27
10:27:38 [ultranest] [DEBUG] iteration=4082, ncalls=17312, regioncalls=503640, ndraw=40, logz=-821.78, remainder_fraction=100.0000%, Lmin=-816.06, Lmax=-25.27
10:27:39 [ultranest] [DEBUG] iteration=4083, ncalls=17354, regioncalls=505320, ndraw=40, logz=-821.77, remainder_fraction=100.0000%, Lmin=-816.04, Lmax=-25.27
10:27:39 [ultranest] [DEBUG] iteration=4085, ncalls=17375, regioncalls=506160, ndraw=40, logz=-821.74, remainder_fraction=100.0000%, Lmin=-816.04, Lmax=-25.27
10:27:39 [ultranest] [DEBUG] iteration=4088, ncalls=17388, regioncalls=506680, ndraw=40, logz=-821.70, remainder_fraction=100.0000%, Lmin=-815.97, Lmax=-25.27
10:27:39 [ultranest] [DEBUG] iteration=4089, ncalls=17404, regioncalls=507320, ndraw=40, logz=-821.68, remainder_fraction=100.0000%, Lmin=-815.95, Lmax=-25.27
10:27:39 [ultranest] [DEBUG] iteration=4092, ncalls=17418, regioncalls=507880, ndraw=40, logz=-821.64, remainder_fraction=100.0000%, Lmin=-815.95, Lmax=-25.27
10:27:39 [ultranest] [DEBUG] iteration=4094, ncalls=17434, regioncalls=508520, ndraw=40, logz=-821.61, remainder_fraction=100.0000%, Lmin=-815.90, Lmax=-25.27
10:27:40 [ultranest] [DEBUG] iteration=4095, ncalls=17451, regioncalls=509200, ndraw=40, logz=-821.60, remainder_fraction=100.0000%, Lmin=-815.89, Lmax=-25.27
10:27:40 [ultranest] [DEBUG] iteration=4098, ncalls=17472, regioncalls=510040, ndraw=40, logz=-821.55, remainder_fraction=100.0000%, Lmin=-815.82, Lmax=-25.27
10:27:40 [ultranest] [DEBUG] iteration=4099, ncalls=17517, regioncalls=511840, ndraw=40, logz=-821.54, remainder_fraction=100.0000%, Lmin=-815.82, Lmax=-25.27
10:27:40 [ultranest] [DEBUG] iteration=4101, ncalls=17529, regioncalls=512320, ndraw=40, logz=-821.51, remainder_fraction=100.0000%, Lmin=-815.78, Lmax=-25.27
10:27:40 [ultranest] [DEBUG] iteration=4104, ncalls=17545, regioncalls=512960, ndraw=40, logz=-821.46, remainder_fraction=100.0000%, Lmin=-815.70, Lmax=-25.27
10:27:41 [ultranest] [DEBUG] iteration=4106, ncalls=17568, regioncalls=513880, ndraw=40, logz=-821.43, remainder_fraction=100.0000%, Lmin=-815.69, Lmax=-25.27
10:27:41 [ultranest] [DEBUG] iteration=4108, ncalls=17583, regioncalls=514480, ndraw=40, logz=-821.40, remainder_fraction=100.0000%, Lmin=-815.68, Lmax=-25.27
10:27:41 [ultranest] [DEBUG] iteration=4109, ncalls=17603, regioncalls=515280, ndraw=40, logz=-821.39, remainder_fraction=100.0000%, Lmin=-815.67, Lmax=-25.27
10:27:41 [ultranest] [DEBUG] iteration=4111, ncalls=17619, regioncalls=515920, ndraw=40, logz=-821.36, remainder_fraction=100.0000%, Lmin=-815.60, Lmax=-25.27
10:27:41 [ultranest] [DEBUG] iteration=4114, ncalls=17631, regioncalls=516400, ndraw=40, logz=-821.32, remainder_fraction=100.0000%, Lmin=-815.58, Lmax=-25.27
10:27:41 [ultranest] [DEBUG] iteration=4119, ncalls=17661, regioncalls=517600, ndraw=40, logz=-821.24, remainder_fraction=100.0000%, Lmin=-815.48, Lmax=-25.27
10:27:42 [ultranest] [DEBUG] iteration=4121, ncalls=17686, regioncalls=518600, ndraw=40, logz=-821.21, remainder_fraction=100.0000%, Lmin=-815.43, Lmax=-25.27
10:27:42 [ultranest] [DEBUG] iteration=4123, ncalls=17702, regioncalls=519240, ndraw=40, logz=-821.18, remainder_fraction=100.0000%, Lmin=-815.39, Lmax=-25.27
10:27:42 [ultranest] [DEBUG] iteration=4126, ncalls=17718, regioncalls=519880, ndraw=40, logz=-821.14, remainder_fraction=100.0000%, Lmin=-815.36, Lmax=-25.27
10:27:42 [ultranest] [DEBUG] iteration=4128, ncalls=17743, regioncalls=520880, ndraw=40, logz=-821.10, remainder_fraction=100.0000%, Lmin=-815.32, Lmax=-25.27
10:27:42 [ultranest] [DEBUG] iteration=4131, ncalls=17755, regioncalls=521360, ndraw=40, logz=-821.06, remainder_fraction=100.0000%, Lmin=-815.30, Lmax=-25.27
10:27:43 [ultranest] [DEBUG] iteration=4134, ncalls=17788, regioncalls=522680, ndraw=40, logz=-821.01, remainder_fraction=100.0000%, Lmin=-815.24, Lmax=-25.27
10:27:43 [ultranest] [DEBUG] iteration=4135, ncalls=17809, regioncalls=523520, ndraw=40, logz=-821.00, remainder_fraction=100.0000%, Lmin=-815.20, Lmax=-25.27
10:27:43 [ultranest] [DEBUG] iteration=4138, ncalls=17826, regioncalls=524200, ndraw=40, logz=-820.95, remainder_fraction=100.0000%, Lmin=-815.15, Lmax=-25.27
10:27:43 [ultranest] [DEBUG] iteration=4140, ncalls=17852, regioncalls=525240, ndraw=40, logz=-820.92, remainder_fraction=100.0000%, Lmin=-815.13, Lmax=-25.27
10:27:43 [ultranest] [DEBUG] iteration=4142, ncalls=17870, regioncalls=525960, ndraw=40, logz=-820.89, remainder_fraction=100.0000%, Lmin=-815.11, Lmax=-25.27
10:27:43 [ultranest] [DEBUG] iteration=4145, ncalls=17885, regioncalls=526560, ndraw=40, logz=-820.85, remainder_fraction=100.0000%, Lmin=-815.08, Lmax=-25.27
10:27:44 [ultranest] [DEBUG] iteration=4146, ncalls=17899, regioncalls=527120, ndraw=40, logz=-820.83, remainder_fraction=100.0000%, Lmin=-815.07, Lmax=-25.27
10:27:44 [ultranest] [DEBUG] iteration=4147, ncalls=17926, regioncalls=528200, ndraw=40, logz=-820.82, remainder_fraction=100.0000%, Lmin=-815.06, Lmax=-25.27
10:27:44 [ultranest] [DEBUG] iteration=4150, ncalls=17950, regioncalls=529160, ndraw=40, logz=-820.77, remainder_fraction=100.0000%, Lmin=-815.03, Lmax=-25.27
10:27:44 [ultranest] [DEBUG] iteration=4152, ncalls=17980, regioncalls=530360, ndraw=40, logz=-820.74, remainder_fraction=100.0000%, Lmin=-815.01, Lmax=-25.27
10:27:44 [ultranest] [DEBUG] iteration=4156, ncalls=17998, regioncalls=531080, ndraw=40, logz=-820.69, remainder_fraction=100.0000%, Lmin=-814.93, Lmax=-25.27
10:27:44 [ultranest] [DEBUG] iteration=4157, ncalls=18013, regioncalls=531680, ndraw=40, logz=-820.67, remainder_fraction=100.0000%, Lmin=-814.91, Lmax=-25.27
10:27:45 [ultranest] [DEBUG] iteration=4159, ncalls=18033, regioncalls=532480, ndraw=40, logz=-820.64, remainder_fraction=100.0000%, Lmin=-814.90, Lmax=-25.27
10:27:45 [ultranest] [DEBUG] iteration=4160, ncalls=18037, regioncalls=532640, ndraw=40, logz=-820.63, remainder_fraction=100.0000%, Lmin=-814.90, Lmax=-25.27
10:27:45 [ultranest] [DEBUG] iteration=4161, ncalls=18087, regioncalls=534640, ndraw=40, logz=-820.61, remainder_fraction=100.0000%, Lmin=-814.89, Lmax=-25.27
10:27:45 [ultranest] [DEBUG] iteration=4163, ncalls=18105, regioncalls=535360, ndraw=40, logz=-820.59, remainder_fraction=100.0000%, Lmin=-814.85, Lmax=-25.27
10:27:45 [ultranest] [DEBUG] iteration=4165, ncalls=18119, regioncalls=535920, ndraw=40, logz=-820.56, remainder_fraction=100.0000%, Lmin=-814.82, Lmax=-25.27
10:27:46 [ultranest] [DEBUG] iteration=4166, ncalls=18139, regioncalls=536720, ndraw=40, logz=-820.54, remainder_fraction=100.0000%, Lmin=-814.82, Lmax=-25.27
10:27:46 [ultranest] [DEBUG] iteration=4168, ncalls=18161, regioncalls=537600, ndraw=40, logz=-820.52, remainder_fraction=100.0000%, Lmin=-814.80, Lmax=-25.27
10:27:46 [ultranest] [DEBUG] iteration=4169, ncalls=18174, regioncalls=538120, ndraw=40, logz=-820.50, remainder_fraction=100.0000%, Lmin=-814.80, Lmax=-25.27
10:27:46 [ultranest] [DEBUG] iteration=4172, ncalls=18186, regioncalls=538600, ndraw=40, logz=-820.46, remainder_fraction=100.0000%, Lmin=-814.77, Lmax=-25.27
10:27:46 [ultranest] [DEBUG] iteration=4174, ncalls=18206, regioncalls=539400, ndraw=40, logz=-820.43, remainder_fraction=100.0000%, Lmin=-814.63, Lmax=-25.27
10:27:46 [ultranest] [DEBUG] iteration=4176, ncalls=18226, regioncalls=540200, ndraw=40, logz=-820.40, remainder_fraction=100.0000%, Lmin=-814.58, Lmax=-25.27
10:27:46 [ultranest] [DEBUG] iteration=4179, ncalls=18237, regioncalls=540640, ndraw=40, logz=-820.36, remainder_fraction=100.0000%, Lmin=-814.53, Lmax=-25.27
10:27:47 [ultranest] [DEBUG] iteration=4181, ncalls=18274, regioncalls=542120, ndraw=40, logz=-820.33, remainder_fraction=100.0000%, Lmin=-814.52, Lmax=-25.27
10:27:47 [ultranest] [DEBUG] iteration=4183, ncalls=18301, regioncalls=543200, ndraw=40, logz=-820.30, remainder_fraction=100.0000%, Lmin=-814.50, Lmax=-25.27
10:27:47 [ultranest] [DEBUG] iteration=4185, ncalls=18356, regioncalls=545400, ndraw=40, logz=-820.27, remainder_fraction=100.0000%, Lmin=-814.48, Lmax=-25.27
10:27:48 [ultranest] [DEBUG] iteration=4188, ncalls=18388, regioncalls=546680, ndraw=40, logz=-820.22, remainder_fraction=100.0000%, Lmin=-814.47, Lmax=-25.27
10:27:48 [ultranest] [DEBUG] iteration=4190, ncalls=18405, regioncalls=547360, ndraw=40, logz=-820.19, remainder_fraction=100.0000%, Lmin=-814.45, Lmax=-25.27
10:27:48 [ultranest] [DEBUG] iteration=4192, ncalls=18421, regioncalls=548000, ndraw=40, logz=-820.17, remainder_fraction=100.0000%, Lmin=-814.41, Lmax=-25.27
10:27:48 [ultranest] [DEBUG] iteration=4195, ncalls=18436, regioncalls=548600, ndraw=40, logz=-820.12, remainder_fraction=100.0000%, Lmin=-814.34, Lmax=-25.27
10:27:48 [ultranest] [DEBUG] iteration=4197, ncalls=18453, regioncalls=549280, ndraw=40, logz=-820.09, remainder_fraction=100.0000%, Lmin=-814.33, Lmax=-25.27
10:27:49 [ultranest] [DEBUG] iteration=4198, ncalls=18485, regioncalls=550560, ndraw=40, logz=-820.08, remainder_fraction=100.0000%, Lmin=-814.31, Lmax=-25.27
10:27:49 [ultranest] [DEBUG] iteration=4201, ncalls=18512, regioncalls=551640, ndraw=40, logz=-820.03, remainder_fraction=100.0000%, Lmin=-814.19, Lmax=-25.27
10:27:49 [ultranest] [DEBUG] iteration=4202, ncalls=18533, regioncalls=552480, ndraw=40, logz=-820.02, remainder_fraction=100.0000%, Lmin=-814.15, Lmax=-25.27
10:27:50 [ultranest] [DEBUG] iteration=4204, ncalls=18599, regioncalls=555120, ndraw=40, logz=-819.99, remainder_fraction=100.0000%, Lmin=-814.10, Lmax=-25.27
10:27:50 [ultranest] [DEBUG] iteration=4207, ncalls=18612, regioncalls=555640, ndraw=40, logz=-819.94, remainder_fraction=100.0000%, Lmin=-814.06, Lmax=-25.27
10:27:50 [ultranest] [DEBUG] iteration=4209, ncalls=18646, regioncalls=557000, ndraw=40, logz=-819.91, remainder_fraction=100.0000%, Lmin=-814.01, Lmax=-25.27
10:27:50 [ultranest] [DEBUG] iteration=4211, ncalls=18670, regioncalls=557960, ndraw=40, logz=-819.87, remainder_fraction=100.0000%, Lmin=-813.97, Lmax=-25.27
10:27:50 [ultranest] [DEBUG] iteration=4213, ncalls=18689, regioncalls=558720, ndraw=40, logz=-819.84, remainder_fraction=100.0000%, Lmin=-813.95, Lmax=-25.27
10:27:51 [ultranest] [DEBUG] iteration=4215, ncalls=18713, regioncalls=559680, ndraw=40, logz=-819.81, remainder_fraction=100.0000%, Lmin=-813.90, Lmax=-25.27
10:27:51 [ultranest] [DEBUG] iteration=4217, ncalls=18734, regioncalls=560520, ndraw=40, logz=-819.78, remainder_fraction=100.0000%, Lmin=-813.88, Lmax=-25.27
10:27:51 [ultranest] [DEBUG] iteration=4219, ncalls=18750, regioncalls=561160, ndraw=40, logz=-819.74, remainder_fraction=100.0000%, Lmin=-813.86, Lmax=-25.27
10:27:51 [ultranest] [DEBUG] iteration=4223, ncalls=18764, regioncalls=561720, ndraw=40, logz=-819.68, remainder_fraction=100.0000%, Lmin=-813.83, Lmax=-25.27
10:27:51 [ultranest] [DEBUG] iteration=4225, ncalls=18786, regioncalls=562600, ndraw=40, logz=-819.65, remainder_fraction=100.0000%, Lmin=-813.80, Lmax=-25.27
10:27:51 [ultranest] [DEBUG] iteration=4227, ncalls=18801, regioncalls=563200, ndraw=40, logz=-819.62, remainder_fraction=100.0000%, Lmin=-813.77, Lmax=-25.27
10:27:51 [ultranest] [DEBUG] iteration=4229, ncalls=18822, regioncalls=564040, ndraw=40, logz=-819.59, remainder_fraction=100.0000%, Lmin=-813.74, Lmax=-25.27
10:27:52 [ultranest] [DEBUG] iteration=4230, ncalls=18836, regioncalls=564600, ndraw=40, logz=-819.57, remainder_fraction=100.0000%, Lmin=-813.72, Lmax=-25.27
10:27:52 [ultranest] [DEBUG] iteration=4232, ncalls=18882, regioncalls=566440, ndraw=40, logz=-819.54, remainder_fraction=100.0000%, Lmin=-813.64, Lmax=-25.27
10:27:52 [ultranest] [DEBUG] iteration=4234, ncalls=18899, regioncalls=567120, ndraw=40, logz=-819.51, remainder_fraction=100.0000%, Lmin=-813.62, Lmax=-25.27
10:27:52 [ultranest] [DEBUG] iteration=4235, ncalls=18914, regioncalls=567720, ndraw=40, logz=-819.49, remainder_fraction=100.0000%, Lmin=-813.62, Lmax=-25.27
10:27:52 [ultranest] [DEBUG] iteration=4236, ncalls=18934, regioncalls=568520, ndraw=40, logz=-819.48, remainder_fraction=100.0000%, Lmin=-813.62, Lmax=-25.27
10:27:53 [ultranest] [DEBUG] iteration=4239, ncalls=18945, regioncalls=568960, ndraw=40, logz=-819.43, remainder_fraction=100.0000%, Lmin=-813.57, Lmax=-25.27
10:27:53 [ultranest] [DEBUG] iteration=4241, ncalls=18959, regioncalls=569520, ndraw=40, logz=-819.40, remainder_fraction=100.0000%, Lmin=-813.53, Lmax=-25.27
10:27:53 [ultranest] [DEBUG] iteration=4242, ncalls=18977, regioncalls=570240, ndraw=40, logz=-819.38, remainder_fraction=100.0000%, Lmin=-813.51, Lmax=-25.27
10:27:53 [ultranest] [DEBUG] iteration=4243, ncalls=18989, regioncalls=570720, ndraw=40, logz=-819.37, remainder_fraction=100.0000%, Lmin=-813.51, Lmax=-25.27
10:27:53 [ultranest] [DEBUG] iteration=4244, ncalls=19008, regioncalls=571480, ndraw=40, logz=-819.35, remainder_fraction=100.0000%, Lmin=-813.48, Lmax=-25.27
10:27:53 [ultranest] [DEBUG] iteration=4247, ncalls=19027, regioncalls=572240, ndraw=40, logz=-819.31, remainder_fraction=100.0000%, Lmin=-813.42, Lmax=-25.27
10:27:53 [ultranest] [DEBUG] iteration=4249, ncalls=19045, regioncalls=572960, ndraw=40, logz=-819.27, remainder_fraction=100.0000%, Lmin=-813.41, Lmax=-25.27
10:27:54 [ultranest] [DEBUG] iteration=4251, ncalls=19058, regioncalls=573480, ndraw=40, logz=-819.24, remainder_fraction=100.0000%, Lmin=-813.30, Lmax=-25.27
10:27:54 [ultranest] [DEBUG] iteration=4256, ncalls=19084, regioncalls=574520, ndraw=40, logz=-819.16, remainder_fraction=100.0000%, Lmin=-813.21, Lmax=-25.27
10:27:54 [ultranest] [DEBUG] iteration=4257, ncalls=19104, regioncalls=575320, ndraw=40, logz=-819.15, remainder_fraction=100.0000%, Lmin=-813.19, Lmax=-25.27
10:27:54 [ultranest] [DEBUG] iteration=4260, ncalls=19119, regioncalls=575920, ndraw=40, logz=-819.10, remainder_fraction=100.0000%, Lmin=-813.17, Lmax=-25.27
10:27:54 [ultranest] [DEBUG] iteration=4261, ncalls=19133, regioncalls=576480, ndraw=40, logz=-819.08, remainder_fraction=100.0000%, Lmin=-813.11, Lmax=-25.27
10:27:55 [ultranest] [DEBUG] iteration=4262, ncalls=19183, regioncalls=578480, ndraw=40, logz=-819.06, remainder_fraction=100.0000%, Lmin=-813.10, Lmax=-25.27
10:27:55 [ultranest] [DEBUG] iteration=4263, ncalls=19201, regioncalls=579200, ndraw=40, logz=-819.05, remainder_fraction=100.0000%, Lmin=-813.10, Lmax=-25.27
10:27:55 [ultranest] [DEBUG] iteration=4264, ncalls=19219, regioncalls=579920, ndraw=40, logz=-819.03, remainder_fraction=100.0000%, Lmin=-813.06, Lmax=-25.27
10:27:55 [ultranest] [DEBUG] iteration=4266, ncalls=19231, regioncalls=580400, ndraw=40, logz=-819.00, remainder_fraction=100.0000%, Lmin=-813.05, Lmax=-25.27
10:27:55 [ultranest] [DEBUG] iteration=4267, ncalls=19252, regioncalls=581240, ndraw=40, logz=-818.98, remainder_fraction=100.0000%, Lmin=-813.04, Lmax=-25.27
10:27:56 [ultranest] [DEBUG] iteration=4271, ncalls=19306, regioncalls=583400, ndraw=40, logz=-818.91, remainder_fraction=100.0000%, Lmin=-812.95, Lmax=-25.27
10:27:56 [ultranest] [DEBUG] iteration=4272, ncalls=19321, regioncalls=584000, ndraw=40, logz=-818.90, remainder_fraction=100.0000%, Lmin=-812.95, Lmax=-25.27
10:27:56 [ultranest] [DEBUG] iteration=4273, ncalls=19336, regioncalls=584600, ndraw=40, logz=-818.88, remainder_fraction=100.0000%, Lmin=-812.95, Lmax=-25.27
10:27:56 [ultranest] [DEBUG] iteration=4275, ncalls=19354, regioncalls=585320, ndraw=40, logz=-818.85, remainder_fraction=100.0000%, Lmin=-812.92, Lmax=-25.27
10:27:56 [ultranest] [DEBUG] iteration=4278, ncalls=19371, regioncalls=586000, ndraw=40, logz=-818.80, remainder_fraction=100.0000%, Lmin=-812.87, Lmax=-25.27
10:27:56 [ultranest] [DEBUG] iteration=4281, ncalls=19396, regioncalls=587000, ndraw=40, logz=-818.75, remainder_fraction=100.0000%, Lmin=-812.82, Lmax=-25.27
10:27:57 [ultranest] [DEBUG] iteration=4283, ncalls=19435, regioncalls=588560, ndraw=40, logz=-818.72, remainder_fraction=100.0000%, Lmin=-812.81, Lmax=-25.27
10:27:57 [ultranest] [DEBUG] iteration=4286, ncalls=19450, regioncalls=589160, ndraw=40, logz=-818.67, remainder_fraction=100.0000%, Lmin=-812.69, Lmax=-25.27
10:27:57 [ultranest] [DEBUG] iteration=4289, ncalls=19465, regioncalls=589760, ndraw=40, logz=-818.62, remainder_fraction=100.0000%, Lmin=-812.65, Lmax=-25.27
10:27:57 [ultranest] [DEBUG] iteration=4290, ncalls=19477, regioncalls=590240, ndraw=40, logz=-818.60, remainder_fraction=100.0000%, Lmin=-812.64, Lmax=-25.27
10:27:57 [ultranest] [DEBUG] iteration=4294, ncalls=19490, regioncalls=590760, ndraw=40, logz=-818.54, remainder_fraction=100.0000%, Lmin=-812.57, Lmax=-25.27
10:27:58 [ultranest] [DEBUG] iteration=4296, ncalls=19500, regioncalls=591160, ndraw=40, logz=-818.50, remainder_fraction=100.0000%, Lmin=-812.55, Lmax=-25.27
10:27:58 [ultranest] [DEBUG] iteration=4297, ncalls=19515, regioncalls=591760, ndraw=40, logz=-818.49, remainder_fraction=100.0000%, Lmin=-812.55, Lmax=-25.27
10:27:58 [ultranest] [DEBUG] iteration=4298, ncalls=19547, regioncalls=593040, ndraw=40, logz=-818.47, remainder_fraction=100.0000%, Lmin=-812.55, Lmax=-25.27
10:27:58 [ultranest] [DEBUG] iteration=4299, ncalls=19597, regioncalls=595040, ndraw=40, logz=-818.46, remainder_fraction=100.0000%, Lmin=-812.52, Lmax=-25.27
10:27:59 [ultranest] [DEBUG] iteration=4301, ncalls=19618, regioncalls=595880, ndraw=40, logz=-818.42, remainder_fraction=100.0000%, Lmin=-812.45, Lmax=-25.27
10:27:59 [ultranest] [DEBUG] iteration=4302, ncalls=19633, regioncalls=596480, ndraw=40, logz=-818.41, remainder_fraction=100.0000%, Lmin=-812.44, Lmax=-25.27
10:27:59 [ultranest] [DEBUG] iteration=4304, ncalls=19650, regioncalls=597160, ndraw=40, logz=-818.38, remainder_fraction=100.0000%, Lmin=-812.41, Lmax=-25.27
10:27:59 [ultranest] [DEBUG] iteration=4307, ncalls=19662, regioncalls=597640, ndraw=40, logz=-818.33, remainder_fraction=100.0000%, Lmin=-812.39, Lmax=-25.27
10:27:59 [ultranest] [DEBUG] iteration=4309, ncalls=19712, regioncalls=599640, ndraw=40, logz=-818.30, remainder_fraction=100.0000%, Lmin=-812.37, Lmax=-25.27
10:28:00 [ultranest] [DEBUG] iteration=4310, ncalls=19736, regioncalls=600600, ndraw=40, logz=-818.28, remainder_fraction=100.0000%, Lmin=-812.35, Lmax=-25.27
10:28:00 [ultranest] [DEBUG] iteration=4312, ncalls=19749, regioncalls=601120, ndraw=40, logz=-818.25, remainder_fraction=100.0000%, Lmin=-812.31, Lmax=-25.27
10:28:00 [ultranest] [DEBUG] iteration=4314, ncalls=19769, regioncalls=601920, ndraw=40, logz=-818.22, remainder_fraction=100.0000%, Lmin=-812.30, Lmax=-25.27
10:28:00 [ultranest] [DEBUG] iteration=4317, ncalls=19788, regioncalls=602680, ndraw=40, logz=-818.17, remainder_fraction=100.0000%, Lmin=-812.27, Lmax=-25.27
10:28:00 [ultranest] [DEBUG] iteration=4320, ncalls=19813, regioncalls=603680, ndraw=40, logz=-818.12, remainder_fraction=100.0000%, Lmin=-812.20, Lmax=-25.27
10:28:00 [ultranest] [DEBUG] iteration=4322, ncalls=19832, regioncalls=604440, ndraw=40, logz=-818.09, remainder_fraction=100.0000%, Lmin=-812.15, Lmax=-25.27
10:28:01 [ultranest] [DEBUG] iteration=4323, ncalls=19889, regioncalls=606720, ndraw=40, logz=-818.08, remainder_fraction=100.0000%, Lmin=-812.14, Lmax=-25.27
10:28:01 [ultranest] [DEBUG] iteration=4325, ncalls=19909, regioncalls=607520, ndraw=40, logz=-818.05, remainder_fraction=100.0000%, Lmin=-812.10, Lmax=-25.27
10:28:01 [ultranest] [DEBUG] iteration=4326, ncalls=19961, regioncalls=609600, ndraw=40, logz=-818.03, remainder_fraction=100.0000%, Lmin=-812.09, Lmax=-25.27
10:28:02 [ultranest] [DEBUG] iteration=4330, ncalls=19991, regioncalls=610800, ndraw=40, logz=-817.97, remainder_fraction=100.0000%, Lmin=-812.08, Lmax=-25.27
10:28:02 [ultranest] [DEBUG] iteration=4332, ncalls=20014, regioncalls=611720, ndraw=40, logz=-817.94, remainder_fraction=100.0000%, Lmin=-812.03, Lmax=-25.27
10:28:02 [ultranest] [DEBUG] iteration=4334, ncalls=20046, regioncalls=613000, ndraw=40, logz=-817.91, remainder_fraction=100.0000%, Lmin=-812.01, Lmax=-25.27
10:28:02 [ultranest] [DEBUG] iteration=4338, ncalls=20071, regioncalls=614000, ndraw=40, logz=-817.85, remainder_fraction=100.0000%, Lmin=-811.95, Lmax=-25.27
10:28:03 [ultranest] [DEBUG] iteration=4340, ncalls=20111, regioncalls=615600, ndraw=40, logz=-817.82, remainder_fraction=100.0000%, Lmin=-811.91, Lmax=-25.27
10:28:03 [ultranest] [DEBUG] iteration=4343, ncalls=20134, regioncalls=616520, ndraw=40, logz=-817.77, remainder_fraction=100.0000%, Lmin=-811.87, Lmax=-25.27
10:28:03 [ultranest] [DEBUG] iteration=4345, ncalls=20154, regioncalls=617320, ndraw=40, logz=-817.74, remainder_fraction=100.0000%, Lmin=-811.80, Lmax=-25.27
10:28:03 [ultranest] [DEBUG] iteration=4348, ncalls=20183, regioncalls=618480, ndraw=40, logz=-817.70, remainder_fraction=100.0000%, Lmin=-811.77, Lmax=-25.27
10:28:04 [ultranest] [DEBUG] iteration=4349, ncalls=20195, regioncalls=618960, ndraw=40, logz=-817.68, remainder_fraction=100.0000%, Lmin=-811.74, Lmax=-25.27
10:28:04 [ultranest] [DEBUG] iteration=4351, ncalls=20208, regioncalls=619480, ndraw=40, logz=-817.65, remainder_fraction=100.0000%, Lmin=-811.66, Lmax=-25.27
10:28:04 [ultranest] [DEBUG] iteration=4353, ncalls=20224, regioncalls=620120, ndraw=40, logz=-817.62, remainder_fraction=100.0000%, Lmin=-811.64, Lmax=-25.27
10:28:04 [ultranest] [DEBUG] iteration=4354, ncalls=20258, regioncalls=621480, ndraw=40, logz=-817.60, remainder_fraction=100.0000%, Lmin=-811.61, Lmax=-25.27
10:28:04 [ultranest] [DEBUG] iteration=4356, ncalls=20271, regioncalls=622000, ndraw=40, logz=-817.57, remainder_fraction=100.0000%, Lmin=-811.57, Lmax=-25.27
10:28:04 [ultranest] [DEBUG] iteration=4357, ncalls=20289, regioncalls=622720, ndraw=40, logz=-817.55, remainder_fraction=100.0000%, Lmin=-811.56, Lmax=-25.27
10:28:05 [ultranest] [DEBUG] iteration=4358, ncalls=20352, regioncalls=625240, ndraw=40, logz=-817.53, remainder_fraction=100.0000%, Lmin=-811.56, Lmax=-25.27
10:28:05 [ultranest] [DEBUG] iteration=4360, ncalls=20378, regioncalls=626280, ndraw=40, logz=-817.50, remainder_fraction=100.0000%, Lmin=-811.49, Lmax=-25.27
10:28:05 [ultranest] [DEBUG] iteration=4362, ncalls=20390, regioncalls=626760, ndraw=40, logz=-817.47, remainder_fraction=100.0000%, Lmin=-811.43, Lmax=-25.27
10:28:05 [ultranest] [DEBUG] iteration=4364, ncalls=20409, regioncalls=627520, ndraw=40, logz=-817.43, remainder_fraction=100.0000%, Lmin=-811.42, Lmax=-25.27
10:28:06 [ultranest] [DEBUG] iteration=4365, ncalls=20436, regioncalls=628600, ndraw=40, logz=-817.42, remainder_fraction=100.0000%, Lmin=-811.40, Lmax=-25.27
10:28:06 [ultranest] [DEBUG] iteration=4366, ncalls=20451, regioncalls=629200, ndraw=40, logz=-817.40, remainder_fraction=100.0000%, Lmin=-811.40, Lmax=-25.27
10:28:06 [ultranest] [DEBUG] iteration=4367, ncalls=20467, regioncalls=629840, ndraw=40, logz=-817.39, remainder_fraction=100.0000%, Lmin=-811.37, Lmax=-25.27
10:28:06 [ultranest] [DEBUG] iteration=4370, ncalls=20486, regioncalls=630600, ndraw=40, logz=-817.34, remainder_fraction=100.0000%, Lmin=-811.35, Lmax=-25.27
10:28:06 [ultranest] [DEBUG] iteration=4373, ncalls=20526, regioncalls=632200, ndraw=40, logz=-817.29, remainder_fraction=100.0000%, Lmin=-811.27, Lmax=-25.27
10:28:07 [ultranest] [DEBUG] iteration=4374, ncalls=20548, regioncalls=633080, ndraw=40, logz=-817.27, remainder_fraction=100.0000%, Lmin=-811.25, Lmax=-25.27
10:28:07 [ultranest] [DEBUG] iteration=4375, ncalls=20571, regioncalls=634000, ndraw=40, logz=-817.25, remainder_fraction=100.0000%, Lmin=-811.23, Lmax=-25.27
10:28:07 [ultranest] [DEBUG] iteration=4377, ncalls=20584, regioncalls=634520, ndraw=40, logz=-817.22, remainder_fraction=100.0000%, Lmin=-811.22, Lmax=-25.27
10:28:07 [ultranest] [DEBUG] iteration=4379, ncalls=20624, regioncalls=636120, ndraw=40, logz=-817.19, remainder_fraction=100.0000%, Lmin=-811.20, Lmax=-25.27
10:28:07 [ultranest] [DEBUG] iteration=4380, ncalls=20642, regioncalls=636840, ndraw=40, logz=-817.17, remainder_fraction=100.0000%, Lmin=-811.17, Lmax=-25.27
10:28:08 [ultranest] [DEBUG] iteration=4382, ncalls=20661, regioncalls=637600, ndraw=40, logz=-817.14, remainder_fraction=100.0000%, Lmin=-811.16, Lmax=-25.27
10:28:08 [ultranest] [DEBUG] iteration=4384, ncalls=20680, regioncalls=638360, ndraw=40, logz=-817.11, remainder_fraction=100.0000%, Lmin=-811.11, Lmax=-25.27
10:28:08 [ultranest] [DEBUG] iteration=4386, ncalls=20702, regioncalls=639240, ndraw=40, logz=-817.08, remainder_fraction=100.0000%, Lmin=-811.05, Lmax=-25.27
10:28:08 [ultranest] [DEBUG] iteration=4388, ncalls=20748, regioncalls=641080, ndraw=40, logz=-817.04, remainder_fraction=100.0000%, Lmin=-811.04, Lmax=-25.27
10:28:08 [ultranest] [DEBUG] iteration=4392, ncalls=20765, regioncalls=641760, ndraw=40, logz=-816.98, remainder_fraction=100.0000%, Lmin=-811.01, Lmax=-25.27
10:28:09 [ultranest] [DEBUG] iteration=4394, ncalls=20790, regioncalls=642760, ndraw=40, logz=-816.95, remainder_fraction=100.0000%, Lmin=-810.92, Lmax=-25.27
10:28:09 [ultranest] [DEBUG] iteration=4396, ncalls=20804, regioncalls=643320, ndraw=40, logz=-816.91, remainder_fraction=100.0000%, Lmin=-810.89, Lmax=-25.27
10:28:09 [ultranest] [DEBUG] iteration=4397, ncalls=20825, regioncalls=644160, ndraw=40, logz=-816.90, remainder_fraction=100.0000%, Lmin=-810.88, Lmax=-25.27
10:28:09 [ultranest] [DEBUG] iteration=4398, ncalls=20847, regioncalls=645040, ndraw=40, logz=-816.88, remainder_fraction=100.0000%, Lmin=-810.87, Lmax=-25.27
10:28:09 [ultranest] [DEBUG] iteration=4399, ncalls=20871, regioncalls=646000, ndraw=40, logz=-816.87, remainder_fraction=100.0000%, Lmin=-810.86, Lmax=-25.27
10:28:09 [ultranest] [DEBUG] iteration=4401, ncalls=20884, regioncalls=646520, ndraw=40, logz=-816.83, remainder_fraction=100.0000%, Lmin=-810.85, Lmax=-25.27
10:28:10 [ultranest] [DEBUG] iteration=4403, ncalls=20897, regioncalls=647040, ndraw=40, logz=-816.80, remainder_fraction=100.0000%, Lmin=-810.80, Lmax=-25.27
10:28:10 [ultranest] [DEBUG] iteration=4404, ncalls=20913, regioncalls=647680, ndraw=40, logz=-816.79, remainder_fraction=100.0000%, Lmin=-810.78, Lmax=-25.27
10:28:10 [ultranest] [DEBUG] iteration=4406, ncalls=20928, regioncalls=648280, ndraw=40, logz=-816.75, remainder_fraction=100.0000%, Lmin=-810.75, Lmax=-25.27
10:28:10 [ultranest] [DEBUG] iteration=4408, ncalls=20942, regioncalls=648840, ndraw=40, logz=-816.72, remainder_fraction=100.0000%, Lmin=-810.73, Lmax=-25.27
10:28:10 [ultranest] [DEBUG] iteration=4411, ncalls=20992, regioncalls=650840, ndraw=40, logz=-816.67, remainder_fraction=100.0000%, Lmin=-810.67, Lmax=-25.27
10:28:11 [ultranest] [DEBUG] iteration=4413, ncalls=21010, regioncalls=651560, ndraw=40, logz=-816.64, remainder_fraction=100.0000%, Lmin=-810.65, Lmax=-25.27
10:28:11 [ultranest] [DEBUG] iteration=4416, ncalls=21039, regioncalls=652720, ndraw=40, logz=-816.59, remainder_fraction=100.0000%, Lmin=-810.58, Lmax=-25.27
10:28:11 [ultranest] [DEBUG] iteration=4417, ncalls=21057, regioncalls=653440, ndraw=40, logz=-816.58, remainder_fraction=100.0000%, Lmin=-810.56, Lmax=-25.27
10:28:11 [ultranest] [DEBUG] iteration=4419, ncalls=21070, regioncalls=653960, ndraw=40, logz=-816.55, remainder_fraction=100.0000%, Lmin=-810.55, Lmax=-25.27
10:28:11 [ultranest] [DEBUG] iteration=4422, ncalls=21089, regioncalls=654720, ndraw=40, logz=-816.50, remainder_fraction=100.0000%, Lmin=-810.45, Lmax=-25.27
10:28:11 [ultranest] [DEBUG] iteration=4423, ncalls=21102, regioncalls=655240, ndraw=40, logz=-816.48, remainder_fraction=100.0000%, Lmin=-810.45, Lmax=-25.27
10:28:12 [ultranest] [DEBUG] iteration=4424, ncalls=21121, regioncalls=656000, ndraw=40, logz=-816.47, remainder_fraction=100.0000%, Lmin=-810.44, Lmax=-25.27
10:28:12 [ultranest] [DEBUG] iteration=4429, ncalls=21145, regioncalls=656960, ndraw=40, logz=-816.39, remainder_fraction=100.0000%, Lmin=-810.41, Lmax=-25.27
10:28:12 [ultranest] [DEBUG] iteration=4431, ncalls=21162, regioncalls=657640, ndraw=40, logz=-816.36, remainder_fraction=100.0000%, Lmin=-810.36, Lmax=-25.27
10:28:12 [ultranest] [DEBUG] iteration=4432, ncalls=21174, regioncalls=658120, ndraw=40, logz=-816.34, remainder_fraction=100.0000%, Lmin=-810.33, Lmax=-25.27
10:28:12 [ultranest] [DEBUG] iteration=4433, ncalls=21193, regioncalls=658880, ndraw=40, logz=-816.32, remainder_fraction=100.0000%, Lmin=-810.31, Lmax=-25.27
10:28:12 [ultranest] [DEBUG] iteration=4434, ncalls=21206, regioncalls=659400, ndraw=40, logz=-816.31, remainder_fraction=100.0000%, Lmin=-810.31, Lmax=-25.27
10:28:12 [ultranest] [DEBUG] iteration=4436, ncalls=21229, regioncalls=660320, ndraw=40, logz=-816.28, remainder_fraction=100.0000%, Lmin=-810.29, Lmax=-25.27
10:28:13 [ultranest] [DEBUG] iteration=4439, ncalls=21246, regioncalls=661000, ndraw=40, logz=-816.23, remainder_fraction=100.0000%, Lmin=-810.19, Lmax=-25.27
10:28:13 [ultranest] [DEBUG] iteration=4440, ncalls=21265, regioncalls=661760, ndraw=40, logz=-816.21, remainder_fraction=100.0000%, Lmin=-810.19, Lmax=-25.27
10:28:13 [ultranest] [DEBUG] iteration=4442, ncalls=21294, regioncalls=662920, ndraw=40, logz=-816.18, remainder_fraction=100.0000%, Lmin=-810.15, Lmax=-25.27
10:28:13 [ultranest] [DEBUG] iteration=4445, ncalls=21320, regioncalls=663960, ndraw=40, logz=-816.13, remainder_fraction=100.0000%, Lmin=-810.10, Lmax=-25.27
10:28:14 [ultranest] [DEBUG] iteration=4447, ncalls=21360, regioncalls=665560, ndraw=40, logz=-816.10, remainder_fraction=100.0000%, Lmin=-810.05, Lmax=-25.27
10:28:14 [ultranest] [DEBUG] iteration=4448, ncalls=21375, regioncalls=666160, ndraw=40, logz=-816.08, remainder_fraction=100.0000%, Lmin=-810.04, Lmax=-25.27
10:28:14 [ultranest] [DEBUG] iteration=4449, ncalls=21413, regioncalls=667680, ndraw=40, logz=-816.07, remainder_fraction=100.0000%, Lmin=-810.04, Lmax=-25.27
10:28:14 [ultranest] [DEBUG] iteration=4451, ncalls=21436, regioncalls=668600, ndraw=40, logz=-816.04, remainder_fraction=100.0000%, Lmin=-809.97, Lmax=-25.27
10:28:14 [ultranest] [DEBUG] iteration=4452, ncalls=21451, regioncalls=669200, ndraw=40, logz=-816.02, remainder_fraction=100.0000%, Lmin=-809.97, Lmax=-25.27
10:28:15 [ultranest] [DEBUG] iteration=4455, ncalls=21484, regioncalls=670520, ndraw=40, logz=-815.97, remainder_fraction=100.0000%, Lmin=-809.94, Lmax=-25.27
10:28:15 [ultranest] [DEBUG] iteration=4456, ncalls=21501, regioncalls=671200, ndraw=40, logz=-815.96, remainder_fraction=100.0000%, Lmin=-809.93, Lmax=-25.27
10:28:15 [ultranest] [DEBUG] iteration=4457, ncalls=21516, regioncalls=671800, ndraw=40, logz=-815.94, remainder_fraction=100.0000%, Lmin=-809.93, Lmax=-25.27
10:28:15 [ultranest] [DEBUG] iteration=4459, ncalls=21550, regioncalls=673160, ndraw=40, logz=-815.91, remainder_fraction=100.0000%, Lmin=-809.91, Lmax=-25.27
10:28:16 [ultranest] [DEBUG] iteration=4462, ncalls=21603, regioncalls=675280, ndraw=40, logz=-815.86, remainder_fraction=100.0000%, Lmin=-809.90, Lmax=-25.27
10:28:16 [ultranest] [DEBUG] iteration=4463, ncalls=21616, regioncalls=675800, ndraw=40, logz=-815.85, remainder_fraction=100.0000%, Lmin=-809.90, Lmax=-25.27
10:28:16 [ultranest] [DEBUG] iteration=4464, ncalls=21637, regioncalls=676640, ndraw=40, logz=-815.83, remainder_fraction=100.0000%, Lmin=-809.89, Lmax=-25.27
10:28:16 [ultranest] [DEBUG] iteration=4466, ncalls=21662, regioncalls=677640, ndraw=40, logz=-815.81, remainder_fraction=100.0000%, Lmin=-809.87, Lmax=-25.27
10:28:16 [ultranest] [DEBUG] iteration=4467, ncalls=21675, regioncalls=678160, ndraw=40, logz=-815.79, remainder_fraction=100.0000%, Lmin=-809.87, Lmax=-25.27
10:28:16 [ultranest] [DEBUG] iteration=4469, ncalls=21688, regioncalls=678680, ndraw=40, logz=-815.76, remainder_fraction=100.0000%, Lmin=-809.86, Lmax=-25.27
10:28:17 [ultranest] [DEBUG] iteration=4473, ncalls=21701, regioncalls=679200, ndraw=40, logz=-815.71, remainder_fraction=100.0000%, Lmin=-809.81, Lmax=-25.27
10:28:17 [ultranest] [DEBUG] iteration=4474, ncalls=21720, regioncalls=679960, ndraw=40, logz=-815.69, remainder_fraction=100.0000%, Lmin=-809.79, Lmax=-25.27
10:28:17 [ultranest] [DEBUG] iteration=4476, ncalls=21740, regioncalls=680760, ndraw=40, logz=-815.67, remainder_fraction=100.0000%, Lmin=-809.77, Lmax=-25.27
10:28:17 [ultranest] [DEBUG] iteration=4477, ncalls=21754, regioncalls=681320, ndraw=40, logz=-815.65, remainder_fraction=100.0000%, Lmin=-809.76, Lmax=-25.27
10:28:17 [ultranest] [DEBUG] iteration=4479, ncalls=21786, regioncalls=682600, ndraw=40, logz=-815.62, remainder_fraction=100.0000%, Lmin=-809.76, Lmax=-25.27
10:28:17 [ultranest] [DEBUG] iteration=4480, ncalls=21816, regioncalls=683800, ndraw=40, logz=-815.61, remainder_fraction=100.0000%, Lmin=-809.74, Lmax=-25.27
10:28:18 [ultranest] [DEBUG] iteration=4481, ncalls=21828, regioncalls=684280, ndraw=40, logz=-815.60, remainder_fraction=100.0000%, Lmin=-809.73, Lmax=-25.27
10:28:18 [ultranest] [DEBUG] iteration=4482, ncalls=21842, regioncalls=684840, ndraw=40, logz=-815.58, remainder_fraction=100.0000%, Lmin=-809.72, Lmax=-25.27
10:28:18 [ultranest] [DEBUG] iteration=4483, ncalls=21861, regioncalls=685600, ndraw=40, logz=-815.57, remainder_fraction=100.0000%, Lmin=-809.72, Lmax=-25.27
10:28:18 [ultranest] [DEBUG] iteration=4485, ncalls=21873, regioncalls=686080, ndraw=40, logz=-815.54, remainder_fraction=100.0000%, Lmin=-809.68, Lmax=-25.27
10:28:18 [ultranest] [DEBUG] iteration=4486, ncalls=21892, regioncalls=686840, ndraw=40, logz=-815.53, remainder_fraction=100.0000%, Lmin=-809.68, Lmax=-25.27
10:28:18 [ultranest] [DEBUG] iteration=4488, ncalls=21913, regioncalls=687680, ndraw=40, logz=-815.51, remainder_fraction=100.0000%, Lmin=-809.65, Lmax=-25.27
10:28:19 [ultranest] [DEBUG] iteration=4490, ncalls=21937, regioncalls=688640, ndraw=40, logz=-815.48, remainder_fraction=100.0000%, Lmin=-809.62, Lmax=-25.27
10:28:19 [ultranest] [DEBUG] iteration=4491, ncalls=21949, regioncalls=689120, ndraw=40, logz=-815.47, remainder_fraction=100.0000%, Lmin=-809.61, Lmax=-25.27
10:28:19 [ultranest] [DEBUG] iteration=4494, ncalls=21995, regioncalls=690960, ndraw=40, logz=-815.43, remainder_fraction=100.0000%, Lmin=-809.54, Lmax=-25.27
10:28:19 [ultranest] [DEBUG] iteration=4495, ncalls=22014, regioncalls=691720, ndraw=40, logz=-815.41, remainder_fraction=100.0000%, Lmin=-809.54, Lmax=-25.27
10:28:19 [ultranest] [DEBUG] iteration=4497, ncalls=22034, regioncalls=692520, ndraw=40, logz=-815.39, remainder_fraction=100.0000%, Lmin=-809.48, Lmax=-25.27
10:28:20 [ultranest] [DEBUG] iteration=4499, ncalls=22055, regioncalls=693360, ndraw=40, logz=-815.36, remainder_fraction=100.0000%, Lmin=-809.46, Lmax=-25.27
10:28:20 [ultranest] [DEBUG] iteration=4502, ncalls=22067, regioncalls=693840, ndraw=40, logz=-815.32, remainder_fraction=100.0000%, Lmin=-809.43, Lmax=-25.27
10:28:20 [ultranest] [DEBUG] iteration=4503, ncalls=22081, regioncalls=694400, ndraw=40, logz=-815.30, remainder_fraction=100.0000%, Lmin=-809.39, Lmax=-25.27
10:28:20 [ultranest] [DEBUG] iteration=4505, ncalls=22135, regioncalls=696560, ndraw=40, logz=-815.28, remainder_fraction=100.0000%, Lmin=-809.36, Lmax=-25.27
10:28:20 [ultranest] [DEBUG] iteration=4506, ncalls=22162, regioncalls=697640, ndraw=40, logz=-815.26, remainder_fraction=100.0000%, Lmin=-809.35, Lmax=-25.27
10:28:21 [ultranest] [DEBUG] iteration=4508, ncalls=22182, regioncalls=698440, ndraw=40, logz=-815.24, remainder_fraction=100.0000%, Lmin=-809.32, Lmax=-25.27
10:28:21 [ultranest] [DEBUG] iteration=4511, ncalls=22221, regioncalls=700000, ndraw=40, logz=-815.19, remainder_fraction=100.0000%, Lmin=-809.27, Lmax=-25.27
10:28:21 [ultranest] [DEBUG] iteration=4512, ncalls=22237, regioncalls=700640, ndraw=40, logz=-815.18, remainder_fraction=100.0000%, Lmin=-809.26, Lmax=-25.27
10:28:21 [ultranest] [DEBUG] iteration=4515, ncalls=22249, regioncalls=701120, ndraw=40, logz=-815.14, remainder_fraction=100.0000%, Lmin=-809.22, Lmax=-25.27
10:28:21 [ultranest] [DEBUG] iteration=4516, ncalls=22279, regioncalls=702320, ndraw=40, logz=-815.12, remainder_fraction=100.0000%, Lmin=-809.20, Lmax=-25.27
10:28:22 [ultranest] [DEBUG] iteration=4517, ncalls=22294, regioncalls=702920, ndraw=40, logz=-815.11, remainder_fraction=100.0000%, Lmin=-809.18, Lmax=-25.27
10:28:22 [ultranest] [DEBUG] iteration=4519, ncalls=22306, regioncalls=703400, ndraw=40, logz=-815.08, remainder_fraction=100.0000%, Lmin=-809.10, Lmax=-25.27
10:28:22 [ultranest] [DEBUG] iteration=4521, ncalls=22326, regioncalls=704200, ndraw=40, logz=-815.05, remainder_fraction=100.0000%, Lmin=-809.07, Lmax=-25.27
10:28:22 [ultranest] [DEBUG] iteration=4523, ncalls=22351, regioncalls=705200, ndraw=40, logz=-815.02, remainder_fraction=100.0000%, Lmin=-809.03, Lmax=-25.27
10:28:22 [ultranest] [DEBUG] iteration=4524, ncalls=22368, regioncalls=705880, ndraw=40, logz=-815.01, remainder_fraction=100.0000%, Lmin=-809.01, Lmax=-25.27
10:28:22 [ultranest] [DEBUG] iteration=4528, ncalls=22381, regioncalls=706400, ndraw=40, logz=-814.95, remainder_fraction=100.0000%, Lmin=-808.90, Lmax=-25.27
10:28:23 [ultranest] [DEBUG] iteration=4530, ncalls=22425, regioncalls=708160, ndraw=40, logz=-814.92, remainder_fraction=100.0000%, Lmin=-808.87, Lmax=-25.27
10:28:23 [ultranest] [DEBUG] iteration=4533, ncalls=22442, regioncalls=708840, ndraw=40, logz=-814.87, remainder_fraction=100.0000%, Lmin=-808.83, Lmax=-25.27
10:28:23 [ultranest] [DEBUG] iteration=4535, ncalls=22454, regioncalls=709320, ndraw=40, logz=-814.84, remainder_fraction=100.0000%, Lmin=-808.80, Lmax=-25.27
10:28:23 [ultranest] [DEBUG] iteration=4536, ncalls=22470, regioncalls=709960, ndraw=40, logz=-814.83, remainder_fraction=100.0000%, Lmin=-808.79, Lmax=-25.27
10:28:23 [ultranest] [DEBUG] iteration=4538, ncalls=22492, regioncalls=710840, ndraw=40, logz=-814.80, remainder_fraction=100.0000%, Lmin=-808.74, Lmax=-25.27
10:28:24 [ultranest] [DEBUG] iteration=4541, ncalls=22535, regioncalls=712560, ndraw=40, logz=-814.75, remainder_fraction=100.0000%, Lmin=-808.67, Lmax=-25.27
10:28:24 [ultranest] [DEBUG] iteration=4545, ncalls=22547, regioncalls=713040, ndraw=40, logz=-814.69, remainder_fraction=100.0000%, Lmin=-808.57, Lmax=-25.27
10:28:24 [ultranest] [DEBUG] iteration=4548, ncalls=22570, regioncalls=713960, ndraw=40, logz=-814.64, remainder_fraction=100.0000%, Lmin=-808.50, Lmax=-25.27
10:28:24 [ultranest] [DEBUG] iteration=4551, ncalls=22586, regioncalls=714600, ndraw=40, logz=-814.59, remainder_fraction=100.0000%, Lmin=-808.49, Lmax=-25.27
10:28:24 [ultranest] [DEBUG] iteration=4553, ncalls=22612, regioncalls=715640, ndraw=40, logz=-814.56, remainder_fraction=100.0000%, Lmin=-808.49, Lmax=-25.27
10:28:25 [ultranest] [DEBUG] iteration=4554, ncalls=22638, regioncalls=716680, ndraw=40, logz=-814.54, remainder_fraction=100.0000%, Lmin=-808.46, Lmax=-25.27
10:28:25 [ultranest] [DEBUG] iteration=4556, ncalls=22650, regioncalls=717160, ndraw=40, logz=-814.51, remainder_fraction=100.0000%, Lmin=-808.45, Lmax=-25.27
10:28:25 [ultranest] [DEBUG] iteration=4558, ncalls=22672, regioncalls=718040, ndraw=40, logz=-814.48, remainder_fraction=100.0000%, Lmin=-808.39, Lmax=-25.27
10:28:25 [ultranest] [DEBUG] iteration=4560, ncalls=22700, regioncalls=719160, ndraw=40, logz=-814.45, remainder_fraction=100.0000%, Lmin=-808.34, Lmax=-25.27
10:28:25 [ultranest] [DEBUG] iteration=4561, ncalls=22717, regioncalls=719840, ndraw=40, logz=-814.43, remainder_fraction=100.0000%, Lmin=-808.32, Lmax=-25.27
10:28:25 [ultranest] [DEBUG] iteration=4564, ncalls=22735, regioncalls=720560, ndraw=40, logz=-814.38, remainder_fraction=100.0000%, Lmin=-808.28, Lmax=-25.27
10:28:26 [ultranest] [DEBUG] iteration=4567, ncalls=22780, regioncalls=722360, ndraw=40, logz=-814.33, remainder_fraction=100.0000%, Lmin=-808.21, Lmax=-25.27
10:28:26 [ultranest] [DEBUG] iteration=4568, ncalls=22797, regioncalls=723040, ndraw=40, logz=-814.32, remainder_fraction=100.0000%, Lmin=-808.19, Lmax=-25.27
10:28:26 [ultranest] [DEBUG] iteration=4572, ncalls=22812, regioncalls=723640, ndraw=40, logz=-814.25, remainder_fraction=100.0000%, Lmin=-808.15, Lmax=-25.27
10:28:26 [ultranest] [DEBUG] iteration=4574, ncalls=22830, regioncalls=724360, ndraw=40, logz=-814.22, remainder_fraction=100.0000%, Lmin=-808.12, Lmax=-25.27
10:28:26 [ultranest] [DEBUG] iteration=4577, ncalls=22846, regioncalls=725000, ndraw=40, logz=-814.17, remainder_fraction=100.0000%, Lmin=-808.09, Lmax=-25.27
10:28:27 [ultranest] [DEBUG] iteration=4578, ncalls=22865, regioncalls=725760, ndraw=40, logz=-814.16, remainder_fraction=100.0000%, Lmin=-808.04, Lmax=-25.27
10:28:27 [ultranest] [DEBUG] iteration=4579, ncalls=22888, regioncalls=726680, ndraw=40, logz=-814.14, remainder_fraction=100.0000%, Lmin=-808.04, Lmax=-25.27
10:28:27 [ultranest] [DEBUG] iteration=4580, ncalls=22911, regioncalls=727600, ndraw=40, logz=-814.12, remainder_fraction=100.0000%, Lmin=-808.03, Lmax=-25.27
10:28:27 [ultranest] [DEBUG] iteration=4581, ncalls=22927, regioncalls=728240, ndraw=40, logz=-814.11, remainder_fraction=100.0000%, Lmin=-808.01, Lmax=-25.27
10:28:27 [ultranest] [DEBUG] iteration=4584, ncalls=22951, regioncalls=729200, ndraw=40, logz=-814.06, remainder_fraction=100.0000%, Lmin=-807.97, Lmax=-25.27
10:28:27 [ultranest] [DEBUG] iteration=4585, ncalls=22963, regioncalls=729680, ndraw=40, logz=-814.05, remainder_fraction=100.0000%, Lmin=-807.90, Lmax=-25.27
10:28:28 [ultranest] [DEBUG] iteration=4587, ncalls=22976, regioncalls=730200, ndraw=40, logz=-814.01, remainder_fraction=100.0000%, Lmin=-807.87, Lmax=-25.27
10:28:28 [ultranest] [DEBUG] iteration=4588, ncalls=22994, regioncalls=730920, ndraw=40, logz=-814.00, remainder_fraction=100.0000%, Lmin=-807.87, Lmax=-25.27
10:28:28 [ultranest] [DEBUG] iteration=4590, ncalls=23006, regioncalls=731400, ndraw=40, logz=-813.97, remainder_fraction=100.0000%, Lmin=-807.84, Lmax=-25.27
10:28:28 [ultranest] [DEBUG] iteration=4592, ncalls=23019, regioncalls=731920, ndraw=40, logz=-813.93, remainder_fraction=100.0000%, Lmin=-807.84, Lmax=-25.27
10:28:28 [ultranest] [DEBUG] iteration=4594, ncalls=23032, regioncalls=732440, ndraw=40, logz=-813.90, remainder_fraction=100.0000%, Lmin=-807.83, Lmax=-25.27
10:28:28 [ultranest] [DEBUG] iteration=4595, ncalls=23045, regioncalls=732960, ndraw=40, logz=-813.89, remainder_fraction=100.0000%, Lmin=-807.83, Lmax=-25.27
10:28:28 [ultranest] [DEBUG] iteration=4598, ncalls=23058, regioncalls=733480, ndraw=40, logz=-813.84, remainder_fraction=100.0000%, Lmin=-807.79, Lmax=-25.27
10:28:28 [ultranest] [DEBUG] iteration=4600, ncalls=23079, regioncalls=734320, ndraw=40, logz=-813.81, remainder_fraction=100.0000%, Lmin=-807.77, Lmax=-25.27
10:28:29 [ultranest] [DEBUG] iteration=4602, ncalls=23092, regioncalls=734840, ndraw=40, logz=-813.78, remainder_fraction=100.0000%, Lmin=-807.76, Lmax=-25.27
10:28:29 [ultranest] [DEBUG] iteration=4606, ncalls=23108, regioncalls=735480, ndraw=40, logz=-813.73, remainder_fraction=100.0000%, Lmin=-807.71, Lmax=-25.27
10:28:29 [ultranest] [DEBUG] iteration=4608, ncalls=23121, regioncalls=736000, ndraw=40, logz=-813.70, remainder_fraction=100.0000%, Lmin=-807.70, Lmax=-25.27
10:28:29 [ultranest] [DEBUG] iteration=4610, ncalls=23152, regioncalls=737240, ndraw=40, logz=-813.67, remainder_fraction=100.0000%, Lmin=-807.69, Lmax=-25.27
10:28:29 [ultranest] [DEBUG] iteration=4611, ncalls=23192, regioncalls=738840, ndraw=40, logz=-813.66, remainder_fraction=100.0000%, Lmin=-807.68, Lmax=-25.27
10:28:30 [ultranest] [DEBUG] iteration=4612, ncalls=23210, regioncalls=739560, ndraw=40, logz=-813.64, remainder_fraction=100.0000%, Lmin=-807.68, Lmax=-25.27
10:28:30 [ultranest] [DEBUG] iteration=4613, ncalls=23244, regioncalls=740920, ndraw=40, logz=-813.63, remainder_fraction=100.0000%, Lmin=-807.67, Lmax=-25.27
10:28:30 [ultranest] [DEBUG] iteration=4615, ncalls=23267, regioncalls=741840, ndraw=40, logz=-813.60, remainder_fraction=100.0000%, Lmin=-807.64, Lmax=-25.27
10:28:30 [ultranest] [DEBUG] iteration=4617, ncalls=23281, regioncalls=742400, ndraw=40, logz=-813.58, remainder_fraction=100.0000%, Lmin=-807.63, Lmax=-25.27
10:28:30 [ultranest] [DEBUG] iteration=4619, ncalls=23319, regioncalls=743920, ndraw=40, logz=-813.55, remainder_fraction=100.0000%, Lmin=-807.57, Lmax=-25.27
10:28:31 [ultranest] [DEBUG] iteration=4620, ncalls=23340, regioncalls=744760, ndraw=40, logz=-813.54, remainder_fraction=100.0000%, Lmin=-807.57, Lmax=-25.27
10:28:31 [ultranest] [DEBUG] iteration=4621, ncalls=23365, regioncalls=745760, ndraw=40, logz=-813.52, remainder_fraction=100.0000%, Lmin=-807.56, Lmax=-25.27
10:28:31 [ultranest] [DEBUG] iteration=4623, ncalls=23379, regioncalls=746320, ndraw=40, logz=-813.49, remainder_fraction=100.0000%, Lmin=-807.51, Lmax=-25.27
10:28:31 [ultranest] [DEBUG] iteration=4626, ncalls=23428, regioncalls=748280, ndraw=40, logz=-813.45, remainder_fraction=100.0000%, Lmin=-807.48, Lmax=-25.27
10:28:32 [ultranest] [DEBUG] iteration=4627, ncalls=23450, regioncalls=749160, ndraw=40, logz=-813.44, remainder_fraction=100.0000%, Lmin=-807.45, Lmax=-25.27
10:28:32 [ultranest] [DEBUG] iteration=4630, ncalls=23469, regioncalls=749920, ndraw=40, logz=-813.40, remainder_fraction=100.0000%, Lmin=-807.37, Lmax=-25.27
10:28:32 [ultranest] [DEBUG] iteration=4631, ncalls=23490, regioncalls=750760, ndraw=40, logz=-813.38, remainder_fraction=100.0000%, Lmin=-807.37, Lmax=-25.27
10:28:32 [ultranest] [DEBUG] iteration=4632, ncalls=23506, regioncalls=751400, ndraw=40, logz=-813.37, remainder_fraction=100.0000%, Lmin=-807.36, Lmax=-25.27
10:28:32 [ultranest] [DEBUG] iteration=4633, ncalls=23532, regioncalls=752440, ndraw=40, logz=-813.36, remainder_fraction=100.0000%, Lmin=-807.34, Lmax=-25.27
10:28:32 [ultranest] [DEBUG] iteration=4634, ncalls=23552, regioncalls=753240, ndraw=40, logz=-813.34, remainder_fraction=100.0000%, Lmin=-807.34, Lmax=-25.27
10:28:33 [ultranest] [DEBUG] iteration=4636, ncalls=23586, regioncalls=754600, ndraw=40, logz=-813.31, remainder_fraction=100.0000%, Lmin=-807.29, Lmax=-25.27
10:28:33 [ultranest] [DEBUG] iteration=4637, ncalls=23610, regioncalls=755560, ndraw=40, logz=-813.30, remainder_fraction=100.0000%, Lmin=-807.28, Lmax=-25.27
10:28:33 [ultranest] [DEBUG] iteration=4640, ncalls=23630, regioncalls=756360, ndraw=40, logz=-813.26, remainder_fraction=100.0000%, Lmin=-807.27, Lmax=-25.27
10:28:33 [ultranest] [DEBUG] iteration=4642, ncalls=23644, regioncalls=756920, ndraw=40, logz=-813.23, remainder_fraction=100.0000%, Lmin=-807.25, Lmax=-25.27
10:28:34 [ultranest] [DEBUG] iteration=4643, ncalls=23675, regioncalls=758160, ndraw=40, logz=-813.22, remainder_fraction=100.0000%, Lmin=-807.25, Lmax=-25.27
10:28:34 [ultranest] [DEBUG] iteration=4646, ncalls=23689, regioncalls=758720, ndraw=40, logz=-813.18, remainder_fraction=100.0000%, Lmin=-807.19, Lmax=-25.27
10:28:34 [ultranest] [DEBUG] iteration=4648, ncalls=23709, regioncalls=759520, ndraw=40, logz=-813.15, remainder_fraction=100.0000%, Lmin=-807.18, Lmax=-25.27
10:28:34 [ultranest] [DEBUG] iteration=4650, ncalls=23725, regioncalls=760160, ndraw=40, logz=-813.12, remainder_fraction=100.0000%, Lmin=-807.15, Lmax=-25.27
10:28:34 [ultranest] [DEBUG] iteration=4654, ncalls=23748, regioncalls=761080, ndraw=40, logz=-813.07, remainder_fraction=100.0000%, Lmin=-807.01, Lmax=-25.27
10:28:34 [ultranest] [DEBUG] iteration=4656, ncalls=23761, regioncalls=761600, ndraw=40, logz=-813.04, remainder_fraction=100.0000%, Lmin=-806.99, Lmax=-25.27
10:28:35 [ultranest] [DEBUG] iteration=4658, ncalls=23785, regioncalls=762560, ndraw=40, logz=-813.01, remainder_fraction=100.0000%, Lmin=-806.96, Lmax=-25.27
10:28:35 [ultranest] [DEBUG] iteration=4660, ncalls=23797, regioncalls=763040, ndraw=40, logz=-812.98, remainder_fraction=100.0000%, Lmin=-806.91, Lmax=-25.27
10:28:35 [ultranest] [DEBUG] iteration=4663, ncalls=23808, regioncalls=763480, ndraw=40, logz=-812.94, remainder_fraction=100.0000%, Lmin=-806.90, Lmax=-25.27
10:28:35 [ultranest] [DEBUG] iteration=4664, ncalls=23825, regioncalls=764160, ndraw=40, logz=-812.92, remainder_fraction=100.0000%, Lmin=-806.89, Lmax=-25.27
10:28:35 [ultranest] [DEBUG] iteration=4665, ncalls=23848, regioncalls=765080, ndraw=40, logz=-812.91, remainder_fraction=100.0000%, Lmin=-806.86, Lmax=-25.27
10:28:35 [ultranest] [DEBUG] iteration=4666, ncalls=23877, regioncalls=766240, ndraw=40, logz=-812.89, remainder_fraction=100.0000%, Lmin=-806.84, Lmax=-25.27
10:28:36 [ultranest] [DEBUG] iteration=4668, ncalls=23898, regioncalls=767080, ndraw=40, logz=-812.87, remainder_fraction=100.0000%, Lmin=-806.81, Lmax=-25.27
10:28:36 [ultranest] [DEBUG] iteration=4669, ncalls=23919, regioncalls=767920, ndraw=40, logz=-812.85, remainder_fraction=100.0000%, Lmin=-806.79, Lmax=-25.27
10:28:36 [ultranest] [DEBUG] iteration=4672, ncalls=23959, regioncalls=769520, ndraw=40, logz=-812.81, remainder_fraction=100.0000%, Lmin=-806.79, Lmax=-25.27
10:28:36 [ultranest] [DEBUG] iteration=4675, ncalls=23977, regioncalls=770240, ndraw=40, logz=-812.77, remainder_fraction=100.0000%, Lmin=-806.77, Lmax=-25.27
10:28:37 [ultranest] [DEBUG] iteration=4678, ncalls=24004, regioncalls=771320, ndraw=40, logz=-812.73, remainder_fraction=100.0000%, Lmin=-806.75, Lmax=-25.27
10:28:37 [ultranest] [DEBUG] iteration=4680, ncalls=24018, regioncalls=771880, ndraw=40, logz=-812.70, remainder_fraction=100.0000%, Lmin=-806.73, Lmax=-25.27
10:28:37 [ultranest] [DEBUG] iteration=4683, ncalls=24051, regioncalls=773200, ndraw=40, logz=-812.66, remainder_fraction=100.0000%, Lmin=-806.62, Lmax=-25.27
10:28:37 [ultranest] [DEBUG] iteration=4685, ncalls=24074, regioncalls=774120, ndraw=40, logz=-812.63, remainder_fraction=100.0000%, Lmin=-806.60, Lmax=-25.27
10:28:37 [ultranest] [DEBUG] iteration=4687, ncalls=24090, regioncalls=774760, ndraw=40, logz=-812.61, remainder_fraction=100.0000%, Lmin=-806.57, Lmax=-25.27
10:28:38 [ultranest] [DEBUG] iteration=4689, ncalls=24112, regioncalls=775640, ndraw=40, logz=-812.58, remainder_fraction=100.0000%, Lmin=-806.54, Lmax=-25.27
10:28:38 [ultranest] [DEBUG] iteration=4690, ncalls=24124, regioncalls=776120, ndraw=40, logz=-812.56, remainder_fraction=100.0000%, Lmin=-806.53, Lmax=-25.27
10:28:38 [ultranest] [DEBUG] iteration=4692, ncalls=24142, regioncalls=776840, ndraw=40, logz=-812.54, remainder_fraction=100.0000%, Lmin=-806.51, Lmax=-25.27
10:28:38 [ultranest] [DEBUG] iteration=4693, ncalls=24156, regioncalls=777400, ndraw=40, logz=-812.52, remainder_fraction=100.0000%, Lmin=-806.47, Lmax=-25.27
10:28:38 [ultranest] [DEBUG] iteration=4696, ncalls=24183, regioncalls=778480, ndraw=40, logz=-812.48, remainder_fraction=100.0000%, Lmin=-806.40, Lmax=-25.27
10:28:38 [ultranest] [DEBUG] iteration=4698, ncalls=24198, regioncalls=779080, ndraw=40, logz=-812.45, remainder_fraction=100.0000%, Lmin=-806.35, Lmax=-25.27
10:28:39 [ultranest] [DEBUG] iteration=4701, ncalls=24222, regioncalls=780040, ndraw=40, logz=-812.41, remainder_fraction=100.0000%, Lmin=-806.33, Lmax=-25.27
10:28:39 [ultranest] [DEBUG] iteration=4703, ncalls=24235, regioncalls=780560, ndraw=40, logz=-812.38, remainder_fraction=100.0000%, Lmin=-806.32, Lmax=-25.27
10:28:39 [ultranest] [DEBUG] iteration=4705, ncalls=24248, regioncalls=781080, ndraw=40, logz=-812.35, remainder_fraction=100.0000%, Lmin=-806.31, Lmax=-25.27
10:28:39 [ultranest] [DEBUG] iteration=4706, ncalls=24268, regioncalls=781880, ndraw=40, logz=-812.34, remainder_fraction=100.0000%, Lmin=-806.30, Lmax=-25.27
10:28:39 [ultranest] [DEBUG] iteration=4707, ncalls=24290, regioncalls=782760, ndraw=40, logz=-812.32, remainder_fraction=100.0000%, Lmin=-806.29, Lmax=-25.27
10:28:39 [ultranest] [DEBUG] iteration=4710, ncalls=24309, regioncalls=783520, ndraw=40, logz=-812.28, remainder_fraction=100.0000%, Lmin=-806.22, Lmax=-25.27
10:28:39 [ultranest] [DEBUG] iteration=4713, ncalls=24330, regioncalls=784360, ndraw=40, logz=-812.24, remainder_fraction=100.0000%, Lmin=-806.17, Lmax=-25.27
10:28:40 [ultranest] [DEBUG] iteration=4715, ncalls=24352, regioncalls=785240, ndraw=40, logz=-812.21, remainder_fraction=100.0000%, Lmin=-806.15, Lmax=-25.27
10:28:40 [ultranest] [DEBUG] iteration=4716, ncalls=24371, regioncalls=786000, ndraw=40, logz=-812.20, remainder_fraction=100.0000%, Lmin=-806.14, Lmax=-25.27
10:28:40 [ultranest] [DEBUG] iteration=4719, ncalls=24387, regioncalls=786640, ndraw=40, logz=-812.16, remainder_fraction=100.0000%, Lmin=-806.12, Lmax=-25.27
10:28:40 [ultranest] [DEBUG] iteration=4722, ncalls=24422, regioncalls=788040, ndraw=40, logz=-812.12, remainder_fraction=100.0000%, Lmin=-806.10, Lmax=-25.27
10:28:41 [ultranest] [DEBUG] iteration=4723, ncalls=24458, regioncalls=789480, ndraw=40, logz=-812.10, remainder_fraction=100.0000%, Lmin=-806.08, Lmax=-25.27
10:28:41 [ultranest] [DEBUG] iteration=4725, ncalls=24506, regioncalls=791400, ndraw=40, logz=-812.08, remainder_fraction=100.0000%, Lmin=-806.04, Lmax=-25.27
10:28:41 [ultranest] [DEBUG] iteration=4727, ncalls=24533, regioncalls=792480, ndraw=40, logz=-812.05, remainder_fraction=100.0000%, Lmin=-805.99, Lmax=-25.27
10:28:41 [ultranest] [DEBUG] iteration=4729, ncalls=24553, regioncalls=793280, ndraw=40, logz=-812.02, remainder_fraction=100.0000%, Lmin=-805.97, Lmax=-25.27
10:28:42 [ultranest] [DEBUG] iteration=4732, ncalls=24591, regioncalls=794800, ndraw=40, logz=-811.98, remainder_fraction=100.0000%, Lmin=-805.93, Lmax=-25.27
10:28:42 [ultranest] [DEBUG] iteration=4735, ncalls=24636, regioncalls=796600, ndraw=40, logz=-811.94, remainder_fraction=100.0000%, Lmin=-805.90, Lmax=-25.27
10:28:42 [ultranest] [DEBUG] iteration=4736, ncalls=24654, regioncalls=797320, ndraw=40, logz=-811.92, remainder_fraction=100.0000%, Lmin=-805.84, Lmax=-25.27
10:28:42 [ultranest] [DEBUG] iteration=4738, ncalls=24676, regioncalls=798200, ndraw=40, logz=-811.90, remainder_fraction=100.0000%, Lmin=-805.83, Lmax=-25.27
10:28:43 [ultranest] [DEBUG] iteration=4740, ncalls=24696, regioncalls=799000, ndraw=40, logz=-811.87, remainder_fraction=100.0000%, Lmin=-805.80, Lmax=-25.27
10:28:43 [ultranest] [DEBUG] iteration=4742, ncalls=24710, regioncalls=799560, ndraw=40, logz=-811.84, remainder_fraction=100.0000%, Lmin=-805.80, Lmax=-25.27
10:28:43 [ultranest] [DEBUG] iteration=4744, ncalls=24729, regioncalls=800320, ndraw=40, logz=-811.81, remainder_fraction=100.0000%, Lmin=-805.79, Lmax=-25.27
10:28:43 [ultranest] [DEBUG] iteration=4746, ncalls=24760, regioncalls=801560, ndraw=40, logz=-811.79, remainder_fraction=100.0000%, Lmin=-805.78, Lmax=-25.27
10:28:43 [ultranest] [DEBUG] iteration=4748, ncalls=24776, regioncalls=802200, ndraw=40, logz=-811.76, remainder_fraction=100.0000%, Lmin=-805.75, Lmax=-25.27
10:28:43 [ultranest] [DEBUG] iteration=4749, ncalls=24788, regioncalls=802680, ndraw=40, logz=-811.75, remainder_fraction=100.0000%, Lmin=-805.74, Lmax=-25.27
10:28:44 [ultranest] [DEBUG] iteration=4751, ncalls=24808, regioncalls=803480, ndraw=40, logz=-811.72, remainder_fraction=100.0000%, Lmin=-805.73, Lmax=-25.27
10:28:44 [ultranest] [DEBUG] iteration=4752, ncalls=24822, regioncalls=804040, ndraw=40, logz=-811.71, remainder_fraction=100.0000%, Lmin=-805.72, Lmax=-25.27
10:28:44 [ultranest] [DEBUG] iteration=4753, ncalls=24837, regioncalls=804640, ndraw=40, logz=-811.70, remainder_fraction=100.0000%, Lmin=-805.70, Lmax=-25.27
10:28:44 [ultranest] [DEBUG] iteration=4754, ncalls=24863, regioncalls=805680, ndraw=40, logz=-811.68, remainder_fraction=100.0000%, Lmin=-805.66, Lmax=-25.27
10:28:44 [ultranest] [DEBUG] iteration=4755, ncalls=24888, regioncalls=806680, ndraw=40, logz=-811.67, remainder_fraction=100.0000%, Lmin=-805.64, Lmax=-25.27
10:28:44 [ultranest] [DEBUG] iteration=4757, ncalls=24901, regioncalls=807200, ndraw=40, logz=-811.65, remainder_fraction=100.0000%, Lmin=-805.62, Lmax=-25.27
10:28:45 [ultranest] [DEBUG] iteration=4759, ncalls=24931, regioncalls=808400, ndraw=40, logz=-811.62, remainder_fraction=100.0000%, Lmin=-805.60, Lmax=-25.27
10:28:45 [ultranest] [DEBUG] iteration=4760, ncalls=24947, regioncalls=809040, ndraw=40, logz=-811.61, remainder_fraction=100.0000%, Lmin=-805.60, Lmax=-25.27
10:28:45 [ultranest] [DEBUG] iteration=4762, ncalls=24989, regioncalls=810720, ndraw=40, logz=-811.58, remainder_fraction=100.0000%, Lmin=-805.58, Lmax=-25.27
10:28:45 [ultranest] [DEBUG] iteration=4764, ncalls=25001, regioncalls=811200, ndraw=40, logz=-811.55, remainder_fraction=100.0000%, Lmin=-805.53, Lmax=-25.27
10:28:46 [ultranest] [DEBUG] iteration=4765, ncalls=25048, regioncalls=813080, ndraw=40, logz=-811.54, remainder_fraction=100.0000%, Lmin=-805.50, Lmax=-25.27
10:28:46 [ultranest] [DEBUG] iteration=4766, ncalls=25083, regioncalls=814480, ndraw=40, logz=-811.53, remainder_fraction=100.0000%, Lmin=-805.50, Lmax=-25.27
10:28:46 [ultranest] [DEBUG] iteration=4767, ncalls=25096, regioncalls=815000, ndraw=40, logz=-811.52, remainder_fraction=100.0000%, Lmin=-805.46, Lmax=-25.27
10:28:46 [ultranest] [DEBUG] iteration=4768, ncalls=25110, regioncalls=815560, ndraw=40, logz=-811.50, remainder_fraction=100.0000%, Lmin=-805.45, Lmax=-25.27
10:28:46 [ultranest] [DEBUG] iteration=4770, ncalls=25136, regioncalls=816600, ndraw=40, logz=-811.48, remainder_fraction=100.0000%, Lmin=-805.43, Lmax=-25.27
10:28:47 [ultranest] [DEBUG] iteration=4772, ncalls=25191, regioncalls=818800, ndraw=40, logz=-811.45, remainder_fraction=100.0000%, Lmin=-805.39, Lmax=-25.27
10:28:47 [ultranest] [DEBUG] iteration=4775, ncalls=25246, regioncalls=821000, ndraw=40, logz=-811.41, remainder_fraction=100.0000%, Lmin=-805.37, Lmax=-25.27
10:28:48 [ultranest] [DEBUG] iteration=4777, ncalls=25271, regioncalls=822000, ndraw=40, logz=-811.38, remainder_fraction=100.0000%, Lmin=-805.35, Lmax=-25.27
10:28:48 [ultranest] [DEBUG] iteration=4780, ncalls=25284, regioncalls=822520, ndraw=40, logz=-811.34, remainder_fraction=100.0000%, Lmin=-805.28, Lmax=-25.27
10:28:48 [ultranest] [DEBUG] iteration=4783, ncalls=25314, regioncalls=823720, ndraw=40, logz=-811.30, remainder_fraction=100.0000%, Lmin=-805.25, Lmax=-25.27
10:28:48 [ultranest] [DEBUG] iteration=4785, ncalls=25343, regioncalls=824880, ndraw=40, logz=-811.28, remainder_fraction=100.0000%, Lmin=-805.25, Lmax=-25.27
10:28:48 [ultranest] [DEBUG] iteration=4787, ncalls=25370, regioncalls=825960, ndraw=40, logz=-811.25, remainder_fraction=100.0000%, Lmin=-805.22, Lmax=-25.27
10:28:49 [ultranest] [DEBUG] iteration=4789, ncalls=25382, regioncalls=826440, ndraw=40, logz=-811.22, remainder_fraction=100.0000%, Lmin=-805.20, Lmax=-25.27
10:28:49 [ultranest] [DEBUG] iteration=4792, ncalls=25396, regioncalls=827000, ndraw=40, logz=-811.19, remainder_fraction=100.0000%, Lmin=-805.17, Lmax=-25.27
10:28:49 [ultranest] [DEBUG] iteration=4795, ncalls=25408, regioncalls=827480, ndraw=40, logz=-811.15, remainder_fraction=100.0000%, Lmin=-805.16, Lmax=-25.27
10:28:49 [ultranest] [DEBUG] iteration=4798, ncalls=25425, regioncalls=828160, ndraw=40, logz=-811.11, remainder_fraction=100.0000%, Lmin=-805.11, Lmax=-25.27
10:28:49 [ultranest] [DEBUG] iteration=4800, ncalls=25476, regioncalls=830200, ndraw=40, logz=-811.09, remainder_fraction=100.0000%, Lmin=-805.11, Lmax=-25.27
10:28:50 [ultranest] [DEBUG] iteration=4801, ncalls=25499, regioncalls=831120, ndraw=40, logz=-811.07, remainder_fraction=100.0000%, Lmin=-805.09, Lmax=-25.27
10:28:50 [ultranest] [DEBUG] iteration=4802, ncalls=25515, regioncalls=831760, ndraw=40, logz=-811.06, remainder_fraction=100.0000%, Lmin=-805.05, Lmax=-25.27
10:28:50 [ultranest] [DEBUG] iteration=4804, ncalls=25536, regioncalls=832600, ndraw=40, logz=-811.04, remainder_fraction=100.0000%, Lmin=-805.05, Lmax=-25.27
10:28:50 [ultranest] [DEBUG] iteration=4808, ncalls=25564, regioncalls=833720, ndraw=40, logz=-810.99, remainder_fraction=100.0000%, Lmin=-804.95, Lmax=-25.27
10:28:50 [ultranest] [DEBUG] iteration=4809, ncalls=25582, regioncalls=834440, ndraw=40, logz=-810.97, remainder_fraction=100.0000%, Lmin=-804.94, Lmax=-25.27
10:28:50 [ultranest] [DEBUG] iteration=4810, ncalls=25596, regioncalls=835000, ndraw=40, logz=-810.96, remainder_fraction=100.0000%, Lmin=-804.94, Lmax=-25.27
10:28:51 [ultranest] [DEBUG] iteration=4813, ncalls=25666, regioncalls=837800, ndraw=40, logz=-810.92, remainder_fraction=100.0000%, Lmin=-804.92, Lmax=-25.27
10:28:51 [ultranest] [DEBUG] iteration=4814, ncalls=25689, regioncalls=838720, ndraw=40, logz=-810.91, remainder_fraction=100.0000%, Lmin=-804.92, Lmax=-25.27
10:28:52 [ultranest] [DEBUG] iteration=4815, ncalls=25723, regioncalls=840080, ndraw=40, logz=-810.90, remainder_fraction=100.0000%, Lmin=-804.91, Lmax=-25.27
10:28:52 [ultranest] [DEBUG] iteration=4818, ncalls=25759, regioncalls=841520, ndraw=40, logz=-810.86, remainder_fraction=100.0000%, Lmin=-804.85, Lmax=-25.27
10:28:52 [ultranest] [DEBUG] iteration=4820, ncalls=25772, regioncalls=842040, ndraw=40, logz=-810.84, remainder_fraction=100.0000%, Lmin=-804.83, Lmax=-25.27
10:28:52 [ultranest] [DEBUG] iteration=4822, ncalls=25789, regioncalls=842720, ndraw=40, logz=-810.81, remainder_fraction=100.0000%, Lmin=-804.77, Lmax=-25.27
10:28:52 [ultranest] [DEBUG] iteration=4823, ncalls=25804, regioncalls=843320, ndraw=40, logz=-810.80, remainder_fraction=100.0000%, Lmin=-804.77, Lmax=-25.27
10:28:52 [ultranest] [DEBUG] iteration=4826, ncalls=25831, regioncalls=844400, ndraw=40, logz=-810.76, remainder_fraction=100.0000%, Lmin=-804.72, Lmax=-25.27
10:28:53 [ultranest] [DEBUG] iteration=4829, ncalls=25854, regioncalls=845320, ndraw=40, logz=-810.72, remainder_fraction=100.0000%, Lmin=-804.63, Lmax=-25.27
10:28:53 [ultranest] [DEBUG] iteration=4831, ncalls=25866, regioncalls=845800, ndraw=40, logz=-810.69, remainder_fraction=100.0000%, Lmin=-804.60, Lmax=-25.27
10:28:53 [ultranest] [DEBUG] iteration=4833, ncalls=25892, regioncalls=846840, ndraw=40, logz=-810.67, remainder_fraction=100.0000%, Lmin=-804.57, Lmax=-25.27
10:28:53 [ultranest] [DEBUG] iteration=4837, ncalls=25914, regioncalls=847720, ndraw=40, logz=-810.61, remainder_fraction=100.0000%, Lmin=-804.52, Lmax=-25.27
10:28:53 [ultranest] [DEBUG] iteration=4840, ncalls=25932, regioncalls=848440, ndraw=40, logz=-810.57, remainder_fraction=100.0000%, Lmin=-804.49, Lmax=-25.27
10:28:54 [ultranest] [DEBUG] iteration=4843, ncalls=25955, regioncalls=849360, ndraw=40, logz=-810.53, remainder_fraction=100.0000%, Lmin=-804.48, Lmax=-25.27
10:28:54 [ultranest] [DEBUG] iteration=4844, ncalls=25969, regioncalls=849920, ndraw=40, logz=-810.52, remainder_fraction=100.0000%, Lmin=-804.40, Lmax=-25.27
10:28:54 [ultranest] [DEBUG] iteration=4847, ncalls=26001, regioncalls=851200, ndraw=40, logz=-810.48, remainder_fraction=100.0000%, Lmin=-804.35, Lmax=-25.27
10:28:54 [ultranest] [DEBUG] iteration=4849, ncalls=26015, regioncalls=851760, ndraw=40, logz=-810.45, remainder_fraction=100.0000%, Lmin=-804.33, Lmax=-25.27
10:28:54 [ultranest] [DEBUG] iteration=4851, ncalls=26026, regioncalls=852200, ndraw=40, logz=-810.43, remainder_fraction=100.0000%, Lmin=-804.30, Lmax=-25.27
10:28:54 [ultranest] [DEBUG] iteration=4853, ncalls=26057, regioncalls=853440, ndraw=40, logz=-810.40, remainder_fraction=100.0000%, Lmin=-804.26, Lmax=-25.27
10:28:55 [ultranest] [DEBUG] iteration=4854, ncalls=26070, regioncalls=853960, ndraw=40, logz=-810.38, remainder_fraction=100.0000%, Lmin=-804.24, Lmax=-25.27
10:28:55 [ultranest] [DEBUG] iteration=4855, ncalls=26082, regioncalls=854440, ndraw=40, logz=-810.37, remainder_fraction=100.0000%, Lmin=-804.24, Lmax=-25.27
10:28:55 [ultranest] [DEBUG] iteration=4858, ncalls=26100, regioncalls=855160, ndraw=40, logz=-810.33, remainder_fraction=100.0000%, Lmin=-804.20, Lmax=-25.27
10:28:55 [ultranest] [DEBUG] iteration=4859, ncalls=26113, regioncalls=855680, ndraw=40, logz=-810.32, remainder_fraction=100.0000%, Lmin=-804.19, Lmax=-25.27
10:28:55 [ultranest] [DEBUG] iteration=4860, ncalls=26131, regioncalls=856400, ndraw=40, logz=-810.30, remainder_fraction=100.0000%, Lmin=-804.19, Lmax=-25.27
10:28:55 [ultranest] [DEBUG] iteration=4861, ncalls=26148, regioncalls=857080, ndraw=40, logz=-810.29, remainder_fraction=100.0000%, Lmin=-804.18, Lmax=-25.27
10:28:55 [ultranest] [DEBUG] iteration=4862, ncalls=26168, regioncalls=857880, ndraw=40, logz=-810.27, remainder_fraction=100.0000%, Lmin=-804.18, Lmax=-25.27
10:28:56 [ultranest] [DEBUG] iteration=4864, ncalls=26186, regioncalls=858600, ndraw=40, logz=-810.25, remainder_fraction=100.0000%, Lmin=-804.17, Lmax=-25.27
10:28:56 [ultranest] [DEBUG] iteration=4867, ncalls=26200, regioncalls=859160, ndraw=40, logz=-810.21, remainder_fraction=100.0000%, Lmin=-804.12, Lmax=-25.27
10:28:56 [ultranest] [DEBUG] iteration=4869, ncalls=26216, regioncalls=859800, ndraw=40, logz=-810.18, remainder_fraction=100.0000%, Lmin=-804.07, Lmax=-25.27
10:28:56 [ultranest] [DEBUG] iteration=4870, ncalls=26243, regioncalls=860880, ndraw=40, logz=-810.17, remainder_fraction=100.0000%, Lmin=-804.06, Lmax=-25.27
10:28:56 [ultranest] [DEBUG] iteration=4871, ncalls=26282, regioncalls=862440, ndraw=40, logz=-810.16, remainder_fraction=100.0000%, Lmin=-804.01, Lmax=-25.27
10:28:57 [ultranest] [DEBUG] iteration=4872, ncalls=26311, regioncalls=863600, ndraw=40, logz=-810.14, remainder_fraction=100.0000%, Lmin=-803.97, Lmax=-25.27
10:28:57 [ultranest] [DEBUG] iteration=4873, ncalls=26342, regioncalls=864840, ndraw=40, logz=-810.13, remainder_fraction=100.0000%, Lmin=-803.97, Lmax=-25.27
10:28:57 [ultranest] [DEBUG] iteration=4876, ncalls=26368, regioncalls=865880, ndraw=40, logz=-810.09, remainder_fraction=100.0000%, Lmin=-803.92, Lmax=-25.27
10:28:57 [ultranest] [DEBUG] iteration=4877, ncalls=26380, regioncalls=866360, ndraw=40, logz=-810.07, remainder_fraction=100.0000%, Lmin=-803.90, Lmax=-25.27
10:28:57 [ultranest] [DEBUG] iteration=4879, ncalls=26398, regioncalls=867080, ndraw=40, logz=-810.04, remainder_fraction=100.0000%, Lmin=-803.88, Lmax=-25.27
10:28:58 [ultranest] [DEBUG] iteration=4881, ncalls=26422, regioncalls=868040, ndraw=40, logz=-810.02, remainder_fraction=100.0000%, Lmin=-803.85, Lmax=-25.27
10:28:58 [ultranest] [DEBUG] iteration=4882, ncalls=26434, regioncalls=868520, ndraw=40, logz=-810.00, remainder_fraction=100.0000%, Lmin=-803.85, Lmax=-25.27
10:28:58 [ultranest] [DEBUG] iteration=4886, ncalls=26448, regioncalls=869080, ndraw=40, logz=-809.95, remainder_fraction=100.0000%, Lmin=-803.76, Lmax=-25.27
10:28:58 [ultranest] [DEBUG] iteration=4887, ncalls=26460, regioncalls=869560, ndraw=40, logz=-809.93, remainder_fraction=100.0000%, Lmin=-803.74, Lmax=-25.27
10:28:58 [ultranest] [DEBUG] iteration=4888, ncalls=26479, regioncalls=870320, ndraw=40, logz=-809.92, remainder_fraction=100.0000%, Lmin=-803.73, Lmax=-25.27
10:28:58 [ultranest] [DEBUG] iteration=4889, ncalls=26498, regioncalls=871080, ndraw=40, logz=-809.90, remainder_fraction=100.0000%, Lmin=-803.73, Lmax=-25.27
10:28:59 [ultranest] [DEBUG] iteration=4891, ncalls=26524, regioncalls=872120, ndraw=40, logz=-809.88, remainder_fraction=100.0000%, Lmin=-803.72, Lmax=-25.27
10:28:59 [ultranest] [DEBUG] iteration=4893, ncalls=26544, regioncalls=872920, ndraw=40, logz=-809.85, remainder_fraction=100.0000%, Lmin=-803.70, Lmax=-25.27
10:28:59 [ultranest] [DEBUG] iteration=4895, ncalls=26623, regioncalls=876080, ndraw=40, logz=-809.82, remainder_fraction=100.0000%, Lmin=-803.67, Lmax=-25.27
10:29:00 [ultranest] [DEBUG] iteration=4896, ncalls=26681, regioncalls=878400, ndraw=40, logz=-809.81, remainder_fraction=100.0000%, Lmin=-803.66, Lmax=-25.27
10:29:00 [ultranest] [DEBUG] iteration=4897, ncalls=26697, regioncalls=879040, ndraw=40, logz=-809.79, remainder_fraction=100.0000%, Lmin=-803.65, Lmax=-25.27
10:29:00 [ultranest] [DEBUG] iteration=4900, ncalls=26713, regioncalls=879680, ndraw=40, logz=-809.75, remainder_fraction=100.0000%, Lmin=-803.62, Lmax=-25.27
10:29:00 [ultranest] [DEBUG] iteration=4901, ncalls=26737, regioncalls=880640, ndraw=40, logz=-809.74, remainder_fraction=100.0000%, Lmin=-803.60, Lmax=-25.27
10:29:01 [ultranest] [DEBUG] iteration=4904, ncalls=26762, regioncalls=881640, ndraw=40, logz=-809.70, remainder_fraction=100.0000%, Lmin=-803.55, Lmax=-25.27
10:29:01 [ultranest] [DEBUG] iteration=4907, ncalls=26775, regioncalls=882160, ndraw=40, logz=-809.66, remainder_fraction=100.0000%, Lmin=-803.50, Lmax=-25.27
10:29:01 [ultranest] [DEBUG] iteration=4910, ncalls=26790, regioncalls=882760, ndraw=40, logz=-809.61, remainder_fraction=100.0000%, Lmin=-803.41, Lmax=-25.27
10:29:01 [ultranest] [DEBUG] iteration=4911, ncalls=26818, regioncalls=883880, ndraw=40, logz=-809.60, remainder_fraction=100.0000%, Lmin=-803.41, Lmax=-25.27
10:29:01 [ultranest] [DEBUG] iteration=4912, ncalls=26834, regioncalls=884520, ndraw=40, logz=-809.59, remainder_fraction=100.0000%, Lmin=-803.40, Lmax=-25.27
10:29:02 [ultranest] [DEBUG] iteration=4913, ncalls=26870, regioncalls=885960, ndraw=40, logz=-809.57, remainder_fraction=100.0000%, Lmin=-803.38, Lmax=-25.27
10:29:02 [ultranest] [DEBUG] iteration=4914, ncalls=26898, regioncalls=887080, ndraw=40, logz=-809.56, remainder_fraction=100.0000%, Lmin=-803.37, Lmax=-25.27
10:29:02 [ultranest] [DEBUG] iteration=4915, ncalls=26910, regioncalls=887560, ndraw=40, logz=-809.54, remainder_fraction=100.0000%, Lmin=-803.37, Lmax=-25.27
10:29:02 [ultranest] [DEBUG] iteration=4917, ncalls=26961, regioncalls=889600, ndraw=40, logz=-809.52, remainder_fraction=100.0000%, Lmin=-803.31, Lmax=-25.27
10:29:02 [ultranest] [DEBUG] iteration=4919, ncalls=26976, regioncalls=890200, ndraw=40, logz=-809.49, remainder_fraction=100.0000%, Lmin=-803.29, Lmax=-25.27
10:29:03 [ultranest] [DEBUG] iteration=4920, ncalls=27013, regioncalls=891680, ndraw=40, logz=-809.47, remainder_fraction=100.0000%, Lmin=-803.27, Lmax=-25.27
10:29:03 [ultranest] [DEBUG] iteration=4921, ncalls=27039, regioncalls=892720, ndraw=40, logz=-809.46, remainder_fraction=100.0000%, Lmin=-803.25, Lmax=-25.27
10:29:03 [ultranest] [DEBUG] iteration=4922, ncalls=27063, regioncalls=893680, ndraw=40, logz=-809.45, remainder_fraction=100.0000%, Lmin=-803.23, Lmax=-25.27
10:29:04 [ultranest] [DEBUG] iteration=4924, ncalls=27108, regioncalls=895480, ndraw=40, logz=-809.42, remainder_fraction=100.0000%, Lmin=-803.20, Lmax=-25.27
10:29:04 [ultranest] [DEBUG] iteration=4927, ncalls=27119, regioncalls=895920, ndraw=40, logz=-809.37, remainder_fraction=100.0000%, Lmin=-803.14, Lmax=-25.27
10:29:04 [ultranest] [DEBUG] iteration=4930, ncalls=27156, regioncalls=897400, ndraw=40, logz=-809.33, remainder_fraction=100.0000%, Lmin=-803.12, Lmax=-25.27
10:29:04 [ultranest] [DEBUG] iteration=4931, ncalls=27173, regioncalls=898080, ndraw=40, logz=-809.32, remainder_fraction=100.0000%, Lmin=-803.10, Lmax=-25.27
10:29:04 [ultranest] [DEBUG] iteration=4933, ncalls=27203, regioncalls=899280, ndraw=40, logz=-809.29, remainder_fraction=100.0000%, Lmin=-803.07, Lmax=-25.27
10:29:05 [ultranest] [DEBUG] iteration=4936, ncalls=27278, regioncalls=902280, ndraw=40, logz=-809.24, remainder_fraction=100.0000%, Lmin=-802.98, Lmax=-25.27
10:29:05 [ultranest] [DEBUG] iteration=4940, ncalls=27295, regioncalls=902960, ndraw=40, logz=-809.18, remainder_fraction=100.0000%, Lmin=-802.83, Lmax=-25.27
10:29:05 [ultranest] [DEBUG] iteration=4941, ncalls=27316, regioncalls=903800, ndraw=40, logz=-809.17, remainder_fraction=100.0000%, Lmin=-802.80, Lmax=-25.27
10:29:06 [ultranest] [DEBUG] iteration=4944, ncalls=27330, regioncalls=904360, ndraw=40, logz=-809.12, remainder_fraction=100.0000%, Lmin=-802.72, Lmax=-25.27
10:29:06 [ultranest] [DEBUG] iteration=4946, ncalls=27348, regioncalls=905080, ndraw=40, logz=-809.08, remainder_fraction=100.0000%, Lmin=-802.69, Lmax=-25.27
10:29:06 [ultranest] [DEBUG] iteration=4949, ncalls=27363, regioncalls=905680, ndraw=40, logz=-809.03, remainder_fraction=100.0000%, Lmin=-802.68, Lmax=-25.27
10:29:06 [ultranest] [DEBUG] iteration=4950, ncalls=27380, regioncalls=906360, ndraw=40, logz=-809.02, remainder_fraction=100.0000%, Lmin=-802.67, Lmax=-25.27
10:29:06 [ultranest] [DEBUG] iteration=4951, ncalls=27426, regioncalls=908200, ndraw=40, logz=-809.00, remainder_fraction=100.0000%, Lmin=-802.66, Lmax=-25.27
10:29:07 [ultranest] [DEBUG] iteration=4952, ncalls=27446, regioncalls=909000, ndraw=40, logz=-808.98, remainder_fraction=100.0000%, Lmin=-802.66, Lmax=-25.27
10:29:07 [ultranest] [DEBUG] iteration=4954, ncalls=27459, regioncalls=909520, ndraw=40, logz=-808.95, remainder_fraction=100.0000%, Lmin=-802.62, Lmax=-25.27
10:29:07 [ultranest] [DEBUG] iteration=4956, ncalls=27485, regioncalls=910560, ndraw=40, logz=-808.92, remainder_fraction=100.0000%, Lmin=-802.62, Lmax=-25.27
10:29:07 [ultranest] [DEBUG] iteration=4958, ncalls=27515, regioncalls=911760, ndraw=40, logz=-808.89, remainder_fraction=100.0000%, Lmin=-802.59, Lmax=-25.27
10:29:08 [ultranest] [DEBUG] iteration=4960, ncalls=27561, regioncalls=913600, ndraw=40, logz=-808.86, remainder_fraction=100.0000%, Lmin=-802.54, Lmax=-25.27
10:29:08 [ultranest] [DEBUG] iteration=4962, ncalls=27573, regioncalls=914080, ndraw=40, logz=-808.83, remainder_fraction=100.0000%, Lmin=-802.51, Lmax=-25.27
10:29:08 [ultranest] [DEBUG] iteration=4963, ncalls=27585, regioncalls=914560, ndraw=40, logz=-808.81, remainder_fraction=100.0000%, Lmin=-802.50, Lmax=-25.27
10:29:08 [ultranest] [DEBUG] iteration=4964, ncalls=27597, regioncalls=915040, ndraw=40, logz=-808.80, remainder_fraction=100.0000%, Lmin=-802.48, Lmax=-25.27
10:29:08 [ultranest] [DEBUG] iteration=4966, ncalls=27618, regioncalls=915880, ndraw=40, logz=-808.77, remainder_fraction=100.0000%, Lmin=-802.46, Lmax=-25.27
10:29:08 [ultranest] [DEBUG] iteration=4967, ncalls=27635, regioncalls=916560, ndraw=40, logz=-808.75, remainder_fraction=100.0000%, Lmin=-802.46, Lmax=-25.27
10:29:09 [ultranest] [DEBUG] iteration=4968, ncalls=27673, regioncalls=918080, ndraw=40, logz=-808.74, remainder_fraction=100.0000%, Lmin=-802.42, Lmax=-25.27
10:29:09 [ultranest] [DEBUG] iteration=4970, ncalls=27686, regioncalls=918600, ndraw=40, logz=-808.71, remainder_fraction=100.0000%, Lmin=-802.41, Lmax=-25.27
10:29:09 [ultranest] [DEBUG] iteration=4971, ncalls=27699, regioncalls=919120, ndraw=40, logz=-808.69, remainder_fraction=100.0000%, Lmin=-802.37, Lmax=-25.27
10:29:09 [ultranest] [DEBUG] iteration=4974, ncalls=27710, regioncalls=919560, ndraw=40, logz=-808.65, remainder_fraction=100.0000%, Lmin=-802.36, Lmax=-25.27
10:29:09 [ultranest] [DEBUG] iteration=4976, ncalls=27728, regioncalls=920280, ndraw=40, logz=-808.62, remainder_fraction=100.0000%, Lmin=-802.32, Lmax=-25.27
10:29:10 [ultranest] [DEBUG] iteration=4978, ncalls=27799, regioncalls=923120, ndraw=40, logz=-808.59, remainder_fraction=100.0000%, Lmin=-802.27, Lmax=-25.27
10:29:10 [ultranest] [DEBUG] iteration=4979, ncalls=27818, regioncalls=923880, ndraw=40, logz=-808.57, remainder_fraction=100.0000%, Lmin=-802.25, Lmax=-25.27
10:29:10 [ultranest] [DEBUG] iteration=4982, ncalls=27875, regioncalls=926160, ndraw=40, logz=-808.53, remainder_fraction=100.0000%, Lmin=-802.19, Lmax=-25.27
10:29:10 [ultranest] [DEBUG] iteration=4986, ncalls=27891, regioncalls=926800, ndraw=40, logz=-808.46, remainder_fraction=100.0000%, Lmin=-802.14, Lmax=-25.27
10:29:11 [ultranest] [DEBUG] iteration=4988, ncalls=27925, regioncalls=928160, ndraw=40, logz=-808.43, remainder_fraction=100.0000%, Lmin=-802.06, Lmax=-25.27
10:29:11 [ultranest] [DEBUG] iteration=4990, ncalls=27950, regioncalls=929160, ndraw=40, logz=-808.40, remainder_fraction=100.0000%, Lmin=-802.04, Lmax=-25.27
10:29:11 [ultranest] [DEBUG] iteration=4992, ncalls=27968, regioncalls=929880, ndraw=40, logz=-808.37, remainder_fraction=100.0000%, Lmin=-802.01, Lmax=-25.27
10:29:11 [ultranest] [DEBUG] iteration=4993, ncalls=27997, regioncalls=931040, ndraw=40, logz=-808.35, remainder_fraction=100.0000%, Lmin=-801.99, Lmax=-25.27
10:29:12 [ultranest] [DEBUG] iteration=4994, ncalls=28042, regioncalls=932840, ndraw=40, logz=-808.34, remainder_fraction=100.0000%, Lmin=-801.95, Lmax=-25.27
10:29:12 [ultranest] [DEBUG] iteration=4997, ncalls=28070, regioncalls=933960, ndraw=40, logz=-808.29, remainder_fraction=100.0000%, Lmin=-801.91, Lmax=-25.27
10:29:12 [ultranest] [DEBUG] iteration=5000, ncalls=28091, regioncalls=934800, ndraw=40, logz=-808.24, remainder_fraction=100.0000%, Lmin=-801.90, Lmax=-25.27
10:29:12 [ultranest] [DEBUG] iteration=5001, ncalls=28103, regioncalls=935280, ndraw=40, logz=-808.23, remainder_fraction=100.0000%, Lmin=-801.89, Lmax=-25.27
10:29:12 [ultranest] [DEBUG] iteration=5004, ncalls=28121, regioncalls=936000, ndraw=40, logz=-808.18, remainder_fraction=100.0000%, Lmin=-801.85, Lmax=-25.27
10:29:13 [ultranest] [DEBUG] iteration=5005, ncalls=28135, regioncalls=936560, ndraw=40, logz=-808.16, remainder_fraction=100.0000%, Lmin=-801.84, Lmax=-25.27
10:29:13 [ultranest] [DEBUG] iteration=5006, ncalls=28171, regioncalls=938000, ndraw=40, logz=-808.15, remainder_fraction=100.0000%, Lmin=-801.83, Lmax=-25.27
10:29:13 [ultranest] [DEBUG] iteration=5007, ncalls=28190, regioncalls=938760, ndraw=40, logz=-808.13, remainder_fraction=100.0000%, Lmin=-801.82, Lmax=-25.27
10:29:13 [ultranest] [DEBUG] iteration=5009, ncalls=28206, regioncalls=939400, ndraw=40, logz=-808.10, remainder_fraction=100.0000%, Lmin=-801.78, Lmax=-25.27
10:29:13 [ultranest] [DEBUG] iteration=5010, ncalls=28223, regioncalls=940080, ndraw=40, logz=-808.09, remainder_fraction=100.0000%, Lmin=-801.77, Lmax=-25.27
10:29:14 [ultranest] [DEBUG] iteration=5012, ncalls=28226, regioncalls=940200, ndraw=40, logz=-808.06, remainder_fraction=100.0000%, Lmin=-801.74, Lmax=-25.27
10:29:14 [ultranest] [DEBUG] iteration=5014, ncalls=28237, regioncalls=940640, ndraw=40, logz=-808.03, remainder_fraction=100.0000%, Lmin=-801.73, Lmax=-25.27
10:29:14 [ultranest] [DEBUG] iteration=5015, ncalls=28250, regioncalls=941160, ndraw=40, logz=-808.01, remainder_fraction=100.0000%, Lmin=-801.72, Lmax=-25.27
10:29:14 [ultranest] [DEBUG] iteration=5016, ncalls=28273, regioncalls=942080, ndraw=40, logz=-808.00, remainder_fraction=100.0000%, Lmin=-801.71, Lmax=-25.27
10:29:14 [ultranest] [DEBUG] iteration=5017, ncalls=28325, regioncalls=944160, ndraw=40, logz=-807.99, remainder_fraction=100.0000%, Lmin=-801.70, Lmax=-25.27
10:29:15 [ultranest] [DEBUG] iteration=5019, ncalls=28378, regioncalls=946280, ndraw=40, logz=-807.96, remainder_fraction=100.0000%, Lmin=-801.70, Lmax=-25.27
10:29:15 [ultranest] [DEBUG] iteration=5020, ncalls=28391, regioncalls=946800, ndraw=40, logz=-807.94, remainder_fraction=100.0000%, Lmin=-801.69, Lmax=-25.27
10:29:15 [ultranest] [DEBUG] iteration=5022, ncalls=28414, regioncalls=947720, ndraw=40, logz=-807.92, remainder_fraction=100.0000%, Lmin=-801.66, Lmax=-25.27
10:29:15 [ultranest] [DEBUG] iteration=5024, ncalls=28442, regioncalls=948840, ndraw=40, logz=-807.89, remainder_fraction=100.0000%, Lmin=-801.64, Lmax=-25.27
10:29:16 [ultranest] [DEBUG] iteration=5025, ncalls=28471, regioncalls=950000, ndraw=40, logz=-807.87, remainder_fraction=100.0000%, Lmin=-801.60, Lmax=-25.27
10:29:16 [ultranest] [DEBUG] iteration=5026, ncalls=28495, regioncalls=950960, ndraw=40, logz=-807.86, remainder_fraction=100.0000%, Lmin=-801.59, Lmax=-25.27
10:29:16 [ultranest] [DEBUG] iteration=5029, ncalls=28508, regioncalls=951480, ndraw=40, logz=-807.82, remainder_fraction=100.0000%, Lmin=-801.56, Lmax=-25.27
10:29:16 [ultranest] [DEBUG] iteration=5031, ncalls=28534, regioncalls=952520, ndraw=40, logz=-807.79, remainder_fraction=100.0000%, Lmin=-801.54, Lmax=-25.27
10:29:16 [ultranest] [DEBUG] iteration=5033, ncalls=28549, regioncalls=953120, ndraw=40, logz=-807.76, remainder_fraction=100.0000%, Lmin=-801.53, Lmax=-25.27
10:29:17 [ultranest] [DEBUG] iteration=5034, ncalls=28571, regioncalls=954000, ndraw=40, logz=-807.75, remainder_fraction=100.0000%, Lmin=-801.52, Lmax=-25.27
10:29:17 [ultranest] [DEBUG] iteration=5036, ncalls=28600, regioncalls=955160, ndraw=40, logz=-807.72, remainder_fraction=100.0000%, Lmin=-801.51, Lmax=-25.27
10:29:17 [ultranest] [DEBUG] iteration=5038, ncalls=28616, regioncalls=955800, ndraw=40, logz=-807.69, remainder_fraction=100.0000%, Lmin=-801.47, Lmax=-25.27
10:29:17 [ultranest] [DEBUG] iteration=5041, ncalls=28629, regioncalls=956320, ndraw=40, logz=-807.65, remainder_fraction=100.0000%, Lmin=-801.43, Lmax=-25.27
10:29:17 [ultranest] [DEBUG] iteration=5042, ncalls=28650, regioncalls=957160, ndraw=40, logz=-807.64, remainder_fraction=100.0000%, Lmin=-801.39, Lmax=-25.27
10:29:18 [ultranest] [DEBUG] iteration=5044, ncalls=28696, regioncalls=959000, ndraw=40, logz=-807.61, remainder_fraction=100.0000%, Lmin=-801.37, Lmax=-25.27
10:29:18 [ultranest] [DEBUG] iteration=5045, ncalls=28751, regioncalls=961200, ndraw=40, logz=-807.60, remainder_fraction=100.0000%, Lmin=-801.37, Lmax=-25.27
10:29:18 [ultranest] [DEBUG] iteration=5046, ncalls=28763, regioncalls=961680, ndraw=40, logz=-807.59, remainder_fraction=100.0000%, Lmin=-801.35, Lmax=-25.27
10:29:18 [ultranest] [DEBUG] iteration=5048, ncalls=28789, regioncalls=962720, ndraw=40, logz=-807.56, remainder_fraction=100.0000%, Lmin=-801.33, Lmax=-25.27
10:29:19 [ultranest] [DEBUG] iteration=5051, ncalls=28808, regioncalls=963480, ndraw=40, logz=-807.52, remainder_fraction=100.0000%, Lmin=-801.30, Lmax=-25.27
10:29:19 [ultranest] [DEBUG] iteration=5052, ncalls=28825, regioncalls=964160, ndraw=40, logz=-807.51, remainder_fraction=100.0000%, Lmin=-801.30, Lmax=-25.27
10:29:19 [ultranest] [DEBUG] iteration=5055, ncalls=28841, regioncalls=964800, ndraw=40, logz=-807.47, remainder_fraction=100.0000%, Lmin=-801.28, Lmax=-25.27
10:29:19 [ultranest] [DEBUG] iteration=5058, ncalls=28863, regioncalls=965680, ndraw=40, logz=-807.43, remainder_fraction=100.0000%, Lmin=-801.27, Lmax=-25.27
10:29:19 [ultranest] [DEBUG] iteration=5059, ncalls=28877, regioncalls=966240, ndraw=40, logz=-807.42, remainder_fraction=100.0000%, Lmin=-801.27, Lmax=-25.27
10:29:19 [ultranest] [DEBUG] iteration=5061, ncalls=28891, regioncalls=966800, ndraw=40, logz=-807.39, remainder_fraction=100.0000%, Lmin=-801.26, Lmax=-25.27
10:29:19 [ultranest] [DEBUG] iteration=5062, ncalls=28908, regioncalls=967480, ndraw=40, logz=-807.38, remainder_fraction=100.0000%, Lmin=-801.25, Lmax=-25.27
10:29:20 [ultranest] [DEBUG] iteration=5064, ncalls=28927, regioncalls=968240, ndraw=40, logz=-807.36, remainder_fraction=100.0000%, Lmin=-801.22, Lmax=-25.27
10:29:20 [ultranest] [DEBUG] iteration=5066, ncalls=28967, regioncalls=969840, ndraw=40, logz=-807.33, remainder_fraction=100.0000%, Lmin=-801.20, Lmax=-25.27
10:29:20 [ultranest] [DEBUG] iteration=5067, ncalls=29008, regioncalls=971480, ndraw=40, logz=-807.32, remainder_fraction=100.0000%, Lmin=-801.20, Lmax=-25.27
10:29:20 [ultranest] [DEBUG] iteration=5068, ncalls=29024, regioncalls=972120, ndraw=40, logz=-807.31, remainder_fraction=100.0000%, Lmin=-801.18, Lmax=-25.27
10:29:21 [ultranest] [DEBUG] iteration=5072, ncalls=29058, regioncalls=973480, ndraw=40, logz=-807.26, remainder_fraction=100.0000%, Lmin=-801.10, Lmax=-25.27
10:29:21 [ultranest] [DEBUG] iteration=5073, ncalls=29087, regioncalls=974640, ndraw=40, logz=-807.25, remainder_fraction=100.0000%, Lmin=-801.10, Lmax=-25.27
10:29:21 [ultranest] [DEBUG] iteration=5077, ncalls=29102, regioncalls=975240, ndraw=40, logz=-807.20, remainder_fraction=100.0000%, Lmin=-801.04, Lmax=-25.27
10:29:21 [ultranest] [DEBUG] iteration=5081, ncalls=29137, regioncalls=976640, ndraw=40, logz=-807.15, remainder_fraction=100.0000%, Lmin=-800.94, Lmax=-25.27
10:29:22 [ultranest] [DEBUG] iteration=5082, ncalls=29151, regioncalls=977200, ndraw=40, logz=-807.14, remainder_fraction=100.0000%, Lmin=-800.94, Lmax=-25.27
10:29:22 [ultranest] [DEBUG] iteration=5085, ncalls=29188, regioncalls=978680, ndraw=40, logz=-807.10, remainder_fraction=100.0000%, Lmin=-800.89, Lmax=-25.27
10:29:22 [ultranest] [DEBUG] iteration=5089, ncalls=29238, regioncalls=980680, ndraw=40, logz=-807.05, remainder_fraction=100.0000%, Lmin=-800.83, Lmax=-25.27
10:29:23 [ultranest] [DEBUG] iteration=5092, ncalls=29288, regioncalls=982680, ndraw=40, logz=-807.01, remainder_fraction=100.0000%, Lmin=-800.80, Lmax=-25.27
10:29:23 [ultranest] [DEBUG] iteration=5094, ncalls=29307, regioncalls=983440, ndraw=40, logz=-806.98, remainder_fraction=100.0000%, Lmin=-800.78, Lmax=-25.27
10:29:23 [ultranest] [DEBUG] iteration=5096, ncalls=29322, regioncalls=984040, ndraw=40, logz=-806.96, remainder_fraction=100.0000%, Lmin=-800.74, Lmax=-25.27
10:29:23 [ultranest] [DEBUG] iteration=5098, ncalls=29339, regioncalls=984720, ndraw=40, logz=-806.93, remainder_fraction=100.0000%, Lmin=-800.73, Lmax=-25.27
10:29:23 [ultranest] [DEBUG] iteration=5099, ncalls=29381, regioncalls=986400, ndraw=40, logz=-806.92, remainder_fraction=100.0000%, Lmin=-800.72, Lmax=-25.27
10:29:24 [ultranest] [DEBUG] iteration=5102, ncalls=29402, regioncalls=987240, ndraw=40, logz=-806.88, remainder_fraction=100.0000%, Lmin=-800.68, Lmax=-25.27
10:29:24 [ultranest] [DEBUG] iteration=5103, ncalls=29455, regioncalls=989360, ndraw=40, logz=-806.87, remainder_fraction=100.0000%, Lmin=-800.66, Lmax=-25.27
10:29:24 [ultranest] [DEBUG] iteration=5104, ncalls=29481, regioncalls=990400, ndraw=40, logz=-806.85, remainder_fraction=100.0000%, Lmin=-800.61, Lmax=-25.27
10:29:25 [ultranest] [DEBUG] iteration=5106, ncalls=29506, regioncalls=991400, ndraw=40, logz=-806.83, remainder_fraction=100.0000%, Lmin=-800.61, Lmax=-25.27
10:29:25 [ultranest] [DEBUG] iteration=5108, ncalls=29531, regioncalls=992400, ndraw=40, logz=-806.80, remainder_fraction=100.0000%, Lmin=-800.60, Lmax=-25.27
10:29:25 [ultranest] [DEBUG] iteration=5109, ncalls=29571, regioncalls=994000, ndraw=40, logz=-806.79, remainder_fraction=100.0000%, Lmin=-800.59, Lmax=-25.27
10:29:25 [ultranest] [DEBUG] iteration=5110, ncalls=29588, regioncalls=994680, ndraw=40, logz=-806.78, remainder_fraction=100.0000%, Lmin=-800.58, Lmax=-25.27
10:29:26 [ultranest] [DEBUG] iteration=5113, ncalls=29631, regioncalls=996400, ndraw=40, logz=-806.74, remainder_fraction=100.0000%, Lmin=-800.55, Lmax=-25.27
10:29:26 [ultranest] [DEBUG] iteration=5115, ncalls=29654, regioncalls=997320, ndraw=40, logz=-806.72, remainder_fraction=100.0000%, Lmin=-800.51, Lmax=-25.27
10:29:26 [ultranest] [DEBUG] iteration=5117, ncalls=29672, regioncalls=998040, ndraw=40, logz=-806.69, remainder_fraction=100.0000%, Lmin=-800.47, Lmax=-25.27
10:29:26 [ultranest] [DEBUG] iteration=5118, ncalls=29687, regioncalls=998640, ndraw=40, logz=-806.68, remainder_fraction=100.0000%, Lmin=-800.45, Lmax=-25.27
10:29:26 [ultranest] [DEBUG] iteration=5119, ncalls=29700, regioncalls=999160, ndraw=40, logz=-806.66, remainder_fraction=100.0000%, Lmin=-800.44, Lmax=-25.27
10:29:26 [ultranest] [DEBUG] iteration=5120, ncalls=29701, regioncalls=999200, ndraw=40, logz=-806.65, remainder_fraction=100.0000%, Lmin=-800.41, Lmax=-25.27
10:29:26 [ultranest] [DEBUG] iteration=5122, ncalls=29728, regioncalls=1000280, ndraw=40, logz=-806.63, remainder_fraction=100.0000%, Lmin=-800.37, Lmax=-25.27
10:29:27 [ultranest] [DEBUG] iteration=5124, ncalls=29767, regioncalls=1001840, ndraw=40, logz=-806.60, remainder_fraction=100.0000%, Lmin=-800.35, Lmax=-25.27
10:29:27 [ultranest] [DEBUG] iteration=5127, ncalls=29836, regioncalls=1004600, ndraw=40, logz=-806.56, remainder_fraction=100.0000%, Lmin=-800.33, Lmax=-25.27
10:29:28 [ultranest] [DEBUG] iteration=5129, ncalls=29860, regioncalls=1005560, ndraw=40, logz=-806.53, remainder_fraction=100.0000%, Lmin=-800.31, Lmax=-25.27
10:29:28 [ultranest] [DEBUG] iteration=5131, ncalls=29874, regioncalls=1006120, ndraw=40, logz=-806.51, remainder_fraction=100.0000%, Lmin=-800.30, Lmax=-25.27
10:29:28 [ultranest] [DEBUG] iteration=5133, ncalls=29912, regioncalls=1007640, ndraw=40, logz=-806.48, remainder_fraction=100.0000%, Lmin=-800.28, Lmax=-25.27
10:29:28 [ultranest] [DEBUG] iteration=5135, ncalls=29927, regioncalls=1008240, ndraw=40, logz=-806.46, remainder_fraction=100.0000%, Lmin=-800.26, Lmax=-25.27
10:29:28 [ultranest] [DEBUG] iteration=5137, ncalls=29943, regioncalls=1008880, ndraw=40, logz=-806.44, remainder_fraction=100.0000%, Lmin=-800.22, Lmax=-25.27
10:29:29 [ultranest] [DEBUG] iteration=5141, ncalls=29969, regioncalls=1009920, ndraw=40, logz=-806.39, remainder_fraction=100.0000%, Lmin=-800.19, Lmax=-25.27
10:29:29 [ultranest] [DEBUG] iteration=5142, ncalls=30053, regioncalls=1013280, ndraw=40, logz=-806.37, remainder_fraction=100.0000%, Lmin=-800.19, Lmax=-25.27
10:29:29 [ultranest] [DEBUG] iteration=5143, ncalls=30075, regioncalls=1014160, ndraw=40, logz=-806.36, remainder_fraction=100.0000%, Lmin=-800.17, Lmax=-25.27
10:29:30 [ultranest] [DEBUG] iteration=5144, ncalls=30087, regioncalls=1014640, ndraw=40, logz=-806.35, remainder_fraction=100.0000%, Lmin=-800.16, Lmax=-25.27
10:29:30 [ultranest] [DEBUG] iteration=5146, ncalls=30116, regioncalls=1015800, ndraw=40, logz=-806.32, remainder_fraction=100.0000%, Lmin=-800.13, Lmax=-25.27
10:29:30 [ultranest] [DEBUG] iteration=5147, ncalls=30184, regioncalls=1018520, ndraw=40, logz=-806.31, remainder_fraction=100.0000%, Lmin=-800.10, Lmax=-25.27
10:29:31 [ultranest] [DEBUG] iteration=5149, ncalls=30201, regioncalls=1019200, ndraw=40, logz=-806.29, remainder_fraction=100.0000%, Lmin=-800.07, Lmax=-25.27
10:29:31 [ultranest] [DEBUG] iteration=5151, ncalls=30225, regioncalls=1020160, ndraw=40, logz=-806.26, remainder_fraction=100.0000%, Lmin=-800.06, Lmax=-25.27
10:29:31 [ultranest] [DEBUG] iteration=5152, ncalls=30266, regioncalls=1021800, ndraw=40, logz=-806.25, remainder_fraction=100.0000%, Lmin=-800.06, Lmax=-25.27
10:29:32 [ultranest] [DEBUG] iteration=5153, ncalls=30343, regioncalls=1024880, ndraw=40, logz=-806.24, remainder_fraction=100.0000%, Lmin=-800.04, Lmax=-25.27
10:29:32 [ultranest] [DEBUG] iteration=5154, ncalls=30381, regioncalls=1026400, ndraw=40, logz=-806.23, remainder_fraction=100.0000%, Lmin=-800.04, Lmax=-25.27
10:29:32 [ultranest] [DEBUG] iteration=5156, ncalls=30411, regioncalls=1027600, ndraw=40, logz=-806.20, remainder_fraction=100.0000%, Lmin=-800.02, Lmax=-25.27
10:29:33 [ultranest] [DEBUG] iteration=5158, ncalls=30449, regioncalls=1029120, ndraw=40, logz=-806.18, remainder_fraction=100.0000%, Lmin=-800.01, Lmax=-25.27
10:29:33 [ultranest] [DEBUG] iteration=5160, ncalls=30463, regioncalls=1029680, ndraw=40, logz=-806.16, remainder_fraction=100.0000%, Lmin=-799.98, Lmax=-25.27
10:29:33 [ultranest] [DEBUG] iteration=5161, ncalls=30513, regioncalls=1031680, ndraw=40, logz=-806.14, remainder_fraction=100.0000%, Lmin=-799.97, Lmax=-25.27
10:29:33 [ultranest] [DEBUG] iteration=5163, ncalls=30529, regioncalls=1032320, ndraw=40, logz=-806.12, remainder_fraction=100.0000%, Lmin=-799.95, Lmax=-25.27
10:29:33 [ultranest] [DEBUG] iteration=5164, ncalls=30551, regioncalls=1033200, ndraw=40, logz=-806.11, remainder_fraction=100.0000%, Lmin=-799.95, Lmax=-25.27
10:29:34 [ultranest] [DEBUG] iteration=5166, ncalls=30589, regioncalls=1034720, ndraw=40, logz=-806.08, remainder_fraction=100.0000%, Lmin=-799.94, Lmax=-25.27
10:29:34 [ultranest] [DEBUG] iteration=5168, ncalls=30619, regioncalls=1035920, ndraw=40, logz=-806.06, remainder_fraction=100.0000%, Lmin=-799.91, Lmax=-25.27
10:29:34 [ultranest] [DEBUG] iteration=5169, ncalls=30638, regioncalls=1036680, ndraw=40, logz=-806.05, remainder_fraction=100.0000%, Lmin=-799.91, Lmax=-25.27
10:29:34 [ultranest] [DEBUG] iteration=5170, ncalls=30658, regioncalls=1037480, ndraw=40, logz=-806.04, remainder_fraction=100.0000%, Lmin=-799.88, Lmax=-25.27
10:29:35 [ultranest] [DEBUG] iteration=5172, ncalls=30690, regioncalls=1038760, ndraw=40, logz=-806.01, remainder_fraction=100.0000%, Lmin=-799.76, Lmax=-25.27
10:29:35 [ultranest] [DEBUG] iteration=5174, ncalls=30710, regioncalls=1039560, ndraw=40, logz=-805.99, remainder_fraction=100.0000%, Lmin=-799.74, Lmax=-25.27
10:29:35 [ultranest] [DEBUG] iteration=5176, ncalls=30735, regioncalls=1040560, ndraw=40, logz=-805.96, remainder_fraction=100.0000%, Lmin=-799.69, Lmax=-25.27
10:29:35 [ultranest] [DEBUG] iteration=5178, ncalls=30752, regioncalls=1041240, ndraw=40, logz=-805.94, remainder_fraction=100.0000%, Lmin=-799.64, Lmax=-25.27
10:29:36 [ultranest] [DEBUG] iteration=5179, ncalls=30812, regioncalls=1043640, ndraw=40, logz=-805.92, remainder_fraction=100.0000%, Lmin=-799.61, Lmax=-25.27
10:29:36 [ultranest] [DEBUG] iteration=5180, ncalls=30833, regioncalls=1044480, ndraw=40, logz=-805.91, remainder_fraction=100.0000%, Lmin=-799.59, Lmax=-25.27
10:29:36 [ultranest] [DEBUG] iteration=5181, ncalls=30858, regioncalls=1045480, ndraw=40, logz=-805.90, remainder_fraction=100.0000%, Lmin=-799.59, Lmax=-25.27
10:29:37 [ultranest] [DEBUG] iteration=5182, ncalls=30911, regioncalls=1047600, ndraw=40, logz=-805.88, remainder_fraction=100.0000%, Lmin=-799.58, Lmax=-25.27
10:29:37 [ultranest] [DEBUG] iteration=5185, ncalls=30924, regioncalls=1048120, ndraw=40, logz=-805.84, remainder_fraction=100.0000%, Lmin=-799.56, Lmax=-25.27
10:29:37 [ultranest] [DEBUG] iteration=5188, ncalls=30945, regioncalls=1048960, ndraw=40, logz=-805.80, remainder_fraction=100.0000%, Lmin=-799.52, Lmax=-25.27
10:29:37 [ultranest] [DEBUG] iteration=5190, ncalls=30967, regioncalls=1049840, ndraw=40, logz=-805.78, remainder_fraction=100.0000%, Lmin=-799.46, Lmax=-25.27
10:29:37 [ultranest] [DEBUG] iteration=5191, ncalls=31007, regioncalls=1051440, ndraw=40, logz=-805.77, remainder_fraction=100.0000%, Lmin=-799.44, Lmax=-25.27
10:29:38 [ultranest] [DEBUG] iteration=5193, ncalls=31022, regioncalls=1052040, ndraw=40, logz=-805.74, remainder_fraction=100.0000%, Lmin=-799.42, Lmax=-25.27
10:29:38 [ultranest] [DEBUG] iteration=5194, ncalls=31044, regioncalls=1052920, ndraw=40, logz=-805.72, remainder_fraction=100.0000%, Lmin=-799.41, Lmax=-25.27
10:29:38 [ultranest] [DEBUG] iteration=5195, ncalls=31058, regioncalls=1053480, ndraw=40, logz=-805.71, remainder_fraction=100.0000%, Lmin=-799.39, Lmax=-25.27
10:29:38 [ultranest] [DEBUG] iteration=5196, ncalls=31075, regioncalls=1054160, ndraw=40, logz=-805.70, remainder_fraction=100.0000%, Lmin=-799.39, Lmax=-25.27
10:29:38 [ultranest] [DEBUG] iteration=5197, ncalls=31094, regioncalls=1054920, ndraw=40, logz=-805.68, remainder_fraction=100.0000%, Lmin=-799.39, Lmax=-25.27
10:29:38 [ultranest] [DEBUG] iteration=5199, ncalls=31117, regioncalls=1055840, ndraw=40, logz=-805.66, remainder_fraction=100.0000%, Lmin=-799.31, Lmax=-25.27
10:29:39 [ultranest] [DEBUG] iteration=5200, ncalls=31176, regioncalls=1058200, ndraw=40, logz=-805.64, remainder_fraction=100.0000%, Lmin=-799.31, Lmax=-25.27
10:29:39 [ultranest] [DEBUG] iteration=5202, ncalls=31193, regioncalls=1058880, ndraw=40, logz=-805.62, remainder_fraction=100.0000%, Lmin=-799.29, Lmax=-25.27
10:29:39 [ultranest] [DEBUG] iteration=5204, ncalls=31208, regioncalls=1059480, ndraw=40, logz=-805.59, remainder_fraction=100.0000%, Lmin=-799.23, Lmax=-25.27
10:29:39 [ultranest] [DEBUG] iteration=5206, ncalls=31220, regioncalls=1059960, ndraw=40, logz=-805.56, remainder_fraction=100.0000%, Lmin=-799.19, Lmax=-25.27
10:29:39 [ultranest] [DEBUG] iteration=5208, ncalls=31247, regioncalls=1061040, ndraw=40, logz=-805.53, remainder_fraction=100.0000%, Lmin=-799.17, Lmax=-25.27
10:29:40 [ultranest] [DEBUG] iteration=5209, ncalls=31318, regioncalls=1063880, ndraw=40, logz=-805.52, remainder_fraction=100.0000%, Lmin=-799.17, Lmax=-25.27
10:29:40 [ultranest] [DEBUG] iteration=5210, ncalls=31334, regioncalls=1064520, ndraw=40, logz=-805.51, remainder_fraction=100.0000%, Lmin=-799.16, Lmax=-25.27
10:29:40 [ultranest] [DEBUG] iteration=5211, ncalls=31356, regioncalls=1065400, ndraw=40, logz=-805.49, remainder_fraction=100.0000%, Lmin=-799.06, Lmax=-25.27
10:29:41 [ultranest] [DEBUG] iteration=5213, ncalls=31371, regioncalls=1066000, ndraw=40, logz=-805.46, remainder_fraction=100.0000%, Lmin=-799.04, Lmax=-25.27
10:29:41 [ultranest] [DEBUG] iteration=5216, ncalls=31408, regioncalls=1067480, ndraw=40, logz=-805.42, remainder_fraction=100.0000%, Lmin=-799.01, Lmax=-25.27
10:29:41 [ultranest] [DEBUG] iteration=5220, ncalls=31428, regioncalls=1068280, ndraw=40, logz=-805.36, remainder_fraction=100.0000%, Lmin=-798.95, Lmax=-25.27
10:29:41 [ultranest] [DEBUG] iteration=5222, ncalls=31454, regioncalls=1069320, ndraw=40, logz=-805.33, remainder_fraction=100.0000%, Lmin=-798.90, Lmax=-25.27
10:29:41 [ultranest] [DEBUG] iteration=5223, ncalls=31470, regioncalls=1069960, ndraw=40, logz=-805.32, remainder_fraction=100.0000%, Lmin=-798.88, Lmax=-25.27
10:29:42 [ultranest] [DEBUG] iteration=5224, ncalls=31552, regioncalls=1073240, ndraw=40, logz=-805.30, remainder_fraction=100.0000%, Lmin=-798.88, Lmax=-25.27
10:29:42 [ultranest] [DEBUG] iteration=5225, ncalls=31586, regioncalls=1074600, ndraw=40, logz=-805.29, remainder_fraction=100.0000%, Lmin=-798.87, Lmax=-25.27
10:29:43 [ultranest] [DEBUG] iteration=5227, ncalls=31618, regioncalls=1075880, ndraw=40, logz=-805.26, remainder_fraction=100.0000%, Lmin=-798.83, Lmax=-25.27
10:29:43 [ultranest] [DEBUG] iteration=5229, ncalls=31640, regioncalls=1076760, ndraw=40, logz=-805.23, remainder_fraction=100.0000%, Lmin=-798.82, Lmax=-25.27
10:29:43 [ultranest] [DEBUG] iteration=5231, ncalls=31655, regioncalls=1077360, ndraw=40, logz=-805.20, remainder_fraction=100.0000%, Lmin=-798.78, Lmax=-25.27
10:29:43 [ultranest] [DEBUG] iteration=5233, ncalls=31672, regioncalls=1078040, ndraw=40, logz=-805.17, remainder_fraction=100.0000%, Lmin=-798.77, Lmax=-25.27
10:29:43 [ultranest] [DEBUG] iteration=5234, ncalls=31691, regioncalls=1078800, ndraw=40, logz=-805.16, remainder_fraction=100.0000%, Lmin=-798.77, Lmax=-25.27
10:29:44 [ultranest] [DEBUG] iteration=5236, ncalls=31726, regioncalls=1080200, ndraw=40, logz=-805.13, remainder_fraction=100.0000%, Lmin=-798.73, Lmax=-25.27
10:29:44 [ultranest] [DEBUG] iteration=5237, ncalls=31743, regioncalls=1080880, ndraw=40, logz=-805.12, remainder_fraction=100.0000%, Lmin=-798.72, Lmax=-25.27
10:29:44 [ultranest] [DEBUG] iteration=5239, ncalls=31761, regioncalls=1081600, ndraw=40, logz=-805.09, remainder_fraction=100.0000%, Lmin=-798.71, Lmax=-25.27
10:29:44 [ultranest] [DEBUG] iteration=5242, ncalls=31784, regioncalls=1082520, ndraw=40, logz=-805.05, remainder_fraction=100.0000%, Lmin=-798.66, Lmax=-25.27
10:29:44 [ultranest] [DEBUG] iteration=5243, ncalls=31822, regioncalls=1084040, ndraw=40, logz=-805.03, remainder_fraction=100.0000%, Lmin=-798.64, Lmax=-25.27
10:29:44 [ultranest] [DEBUG] iteration=5244, ncalls=31836, regioncalls=1084600, ndraw=40, logz=-805.02, remainder_fraction=100.0000%, Lmin=-798.64, Lmax=-25.27
10:29:45 [ultranest] [DEBUG] iteration=5245, ncalls=31852, regioncalls=1085240, ndraw=40, logz=-805.01, remainder_fraction=100.0000%, Lmin=-798.63, Lmax=-25.27
10:29:45 [ultranest] [DEBUG] iteration=5247, ncalls=31887, regioncalls=1086640, ndraw=40, logz=-804.98, remainder_fraction=100.0000%, Lmin=-798.60, Lmax=-25.27
10:29:45 [ultranest] [DEBUG] iteration=5249, ncalls=31899, regioncalls=1087120, ndraw=40, logz=-804.95, remainder_fraction=100.0000%, Lmin=-798.59, Lmax=-25.27
10:29:45 [ultranest] [DEBUG] iteration=5250, ncalls=31948, regioncalls=1089080, ndraw=40, logz=-804.94, remainder_fraction=100.0000%, Lmin=-798.58, Lmax=-25.27
10:29:46 [ultranest] [DEBUG] iteration=5252, ncalls=31966, regioncalls=1089800, ndraw=40, logz=-804.91, remainder_fraction=100.0000%, Lmin=-798.57, Lmax=-25.27
10:29:46 [ultranest] [DEBUG] iteration=5255, ncalls=32002, regioncalls=1091240, ndraw=40, logz=-804.87, remainder_fraction=100.0000%, Lmin=-798.53, Lmax=-25.27
10:29:46 [ultranest] [DEBUG] iteration=5257, ncalls=32014, regioncalls=1091720, ndraw=40, logz=-804.84, remainder_fraction=100.0000%, Lmin=-798.53, Lmax=-25.27
10:29:46 [ultranest] [DEBUG] iteration=5258, ncalls=32044, regioncalls=1092920, ndraw=40, logz=-804.83, remainder_fraction=100.0000%, Lmin=-798.53, Lmax=-25.27
10:29:47 [ultranest] [DEBUG] iteration=5260, ncalls=32085, regioncalls=1094560, ndraw=40, logz=-804.81, remainder_fraction=100.0000%, Lmin=-798.50, Lmax=-25.27
10:29:47 [ultranest] [DEBUG] iteration=5261, ncalls=32108, regioncalls=1095480, ndraw=40, logz=-804.79, remainder_fraction=100.0000%, Lmin=-798.50, Lmax=-25.27
10:29:47 [ultranest] [DEBUG] iteration=5262, ncalls=32120, regioncalls=1095960, ndraw=40, logz=-804.78, remainder_fraction=100.0000%, Lmin=-798.49, Lmax=-25.27
10:29:47 [ultranest] [DEBUG] iteration=5265, ncalls=32140, regioncalls=1096760, ndraw=40, logz=-804.74, remainder_fraction=100.0000%, Lmin=-798.45, Lmax=-25.27
10:29:47 [ultranest] [DEBUG] iteration=5268, ncalls=32157, regioncalls=1097440, ndraw=40, logz=-804.71, remainder_fraction=100.0000%, Lmin=-798.38, Lmax=-25.27
10:29:47 [ultranest] [DEBUG] iteration=5271, ncalls=32170, regioncalls=1097960, ndraw=40, logz=-804.67, remainder_fraction=100.0000%, Lmin=-798.35, Lmax=-25.27
10:29:48 [ultranest] [DEBUG] iteration=5273, ncalls=32187, regioncalls=1098640, ndraw=40, logz=-804.64, remainder_fraction=100.0000%, Lmin=-798.31, Lmax=-25.27
10:29:48 [ultranest] [DEBUG] iteration=5276, ncalls=32206, regioncalls=1099400, ndraw=40, logz=-804.60, remainder_fraction=100.0000%, Lmin=-798.27, Lmax=-25.27
10:29:48 [ultranest] [DEBUG] iteration=5279, ncalls=32243, regioncalls=1100880, ndraw=40, logz=-804.56, remainder_fraction=100.0000%, Lmin=-798.23, Lmax=-25.27
10:29:48 [ultranest] [DEBUG] iteration=5280, ncalls=32272, regioncalls=1102040, ndraw=40, logz=-804.55, remainder_fraction=100.0000%, Lmin=-798.23, Lmax=-25.27
10:29:48 [ultranest] [DEBUG] iteration=5281, ncalls=32292, regioncalls=1102840, ndraw=40, logz=-804.54, remainder_fraction=100.0000%, Lmin=-798.19, Lmax=-25.27
10:29:49 [ultranest] [DEBUG] iteration=5283, ncalls=32333, regioncalls=1104480, ndraw=40, logz=-804.51, remainder_fraction=100.0000%, Lmin=-798.14, Lmax=-25.27
10:29:49 [ultranest] [DEBUG] iteration=5284, ncalls=32347, regioncalls=1105040, ndraw=40, logz=-804.50, remainder_fraction=100.0000%, Lmin=-798.13, Lmax=-25.27
10:29:49 [ultranest] [DEBUG] iteration=5285, ncalls=32385, regioncalls=1106560, ndraw=40, logz=-804.48, remainder_fraction=100.0000%, Lmin=-798.11, Lmax=-25.27
10:29:49 [ultranest] [DEBUG] iteration=5286, ncalls=32403, regioncalls=1107280, ndraw=40, logz=-804.47, remainder_fraction=100.0000%, Lmin=-798.11, Lmax=-25.27
10:29:49 [ultranest] [DEBUG] iteration=5288, ncalls=32415, regioncalls=1107760, ndraw=40, logz=-804.44, remainder_fraction=100.0000%, Lmin=-798.10, Lmax=-25.27
10:29:50 [ultranest] [DEBUG] iteration=5290, ncalls=32471, regioncalls=1110000, ndraw=40, logz=-804.42, remainder_fraction=100.0000%, Lmin=-798.08, Lmax=-25.27
10:29:50 [ultranest] [DEBUG] iteration=5293, ncalls=32489, regioncalls=1110720, ndraw=40, logz=-804.38, remainder_fraction=100.0000%, Lmin=-798.05, Lmax=-25.27
10:29:50 [ultranest] [DEBUG] iteration=5295, ncalls=32503, regioncalls=1111280, ndraw=40, logz=-804.35, remainder_fraction=100.0000%, Lmin=-798.02, Lmax=-25.27
10:29:50 [ultranest] [DEBUG] iteration=5297, ncalls=32527, regioncalls=1112240, ndraw=40, logz=-804.33, remainder_fraction=100.0000%, Lmin=-798.01, Lmax=-25.27
10:29:51 [ultranest] [DEBUG] iteration=5298, ncalls=32558, regioncalls=1113480, ndraw=40, logz=-804.32, remainder_fraction=100.0000%, Lmin=-798.00, Lmax=-25.27
10:29:51 [ultranest] [DEBUG] iteration=5299, ncalls=32581, regioncalls=1114400, ndraw=40, logz=-804.30, remainder_fraction=100.0000%, Lmin=-797.98, Lmax=-25.27
10:29:51 [ultranest] [DEBUG] iteration=5300, ncalls=32616, regioncalls=1115800, ndraw=40, logz=-804.29, remainder_fraction=100.0000%, Lmin=-797.98, Lmax=-25.27
10:29:51 [ultranest] [DEBUG] iteration=5302, ncalls=32631, regioncalls=1116400, ndraw=40, logz=-804.27, remainder_fraction=100.0000%, Lmin=-797.97, Lmax=-25.27
10:29:52 [ultranest] [DEBUG] iteration=5305, ncalls=32653, regioncalls=1117280, ndraw=40, logz=-804.23, remainder_fraction=100.0000%, Lmin=-797.94, Lmax=-25.27
10:29:52 [ultranest] [DEBUG] iteration=5306, ncalls=32706, regioncalls=1119400, ndraw=40, logz=-804.22, remainder_fraction=100.0000%, Lmin=-797.94, Lmax=-25.27
10:29:52 [ultranest] [DEBUG] iteration=5308, ncalls=32718, regioncalls=1119880, ndraw=40, logz=-804.19, remainder_fraction=100.0000%, Lmin=-797.93, Lmax=-25.27
10:29:52 [ultranest] [DEBUG] iteration=5309, ncalls=32735, regioncalls=1120560, ndraw=40, logz=-804.18, remainder_fraction=100.0000%, Lmin=-797.91, Lmax=-25.27
10:29:52 [ultranest] [DEBUG] iteration=5310, ncalls=32758, regioncalls=1121480, ndraw=40, logz=-804.17, remainder_fraction=100.0000%, Lmin=-797.89, Lmax=-25.27
10:29:53 [ultranest] [DEBUG] iteration=5311, ncalls=32793, regioncalls=1122880, ndraw=40, logz=-804.16, remainder_fraction=100.0000%, Lmin=-797.89, Lmax=-25.27
10:29:53 [ultranest] [DEBUG] iteration=5314, ncalls=32825, regioncalls=1124160, ndraw=40, logz=-804.12, remainder_fraction=100.0000%, Lmin=-797.84, Lmax=-25.27
10:29:53 [ultranest] [DEBUG] iteration=5315, ncalls=32848, regioncalls=1125080, ndraw=40, logz=-804.11, remainder_fraction=100.0000%, Lmin=-797.84, Lmax=-25.27
10:29:53 [ultranest] [DEBUG] iteration=5316, ncalls=32863, regioncalls=1125680, ndraw=40, logz=-804.10, remainder_fraction=100.0000%, Lmin=-797.83, Lmax=-25.27
10:29:54 [ultranest] [DEBUG] iteration=5317, ncalls=32888, regioncalls=1126680, ndraw=40, logz=-804.09, remainder_fraction=100.0000%, Lmin=-797.81, Lmax=-25.27
10:29:54 [ultranest] [DEBUG] iteration=5319, ncalls=32915, regioncalls=1127760, ndraw=40, logz=-804.06, remainder_fraction=100.0000%, Lmin=-797.78, Lmax=-25.27
10:29:54 [ultranest] [DEBUG] iteration=5322, ncalls=32932, regioncalls=1128440, ndraw=40, logz=-804.03, remainder_fraction=100.0000%, Lmin=-797.75, Lmax=-25.27
10:29:54 [ultranest] [DEBUG] iteration=5324, ncalls=32944, regioncalls=1128920, ndraw=40, logz=-804.00, remainder_fraction=100.0000%, Lmin=-797.71, Lmax=-25.27
10:29:54 [ultranest] [DEBUG] iteration=5325, ncalls=32958, regioncalls=1129480, ndraw=40, logz=-803.99, remainder_fraction=100.0000%, Lmin=-797.70, Lmax=-25.27
10:29:54 [ultranest] [DEBUG] iteration=5328, ncalls=32987, regioncalls=1130640, ndraw=40, logz=-803.96, remainder_fraction=100.0000%, Lmin=-797.64, Lmax=-25.27
10:29:55 [ultranest] [DEBUG] iteration=5329, ncalls=33024, regioncalls=1132120, ndraw=40, logz=-803.94, remainder_fraction=100.0000%, Lmin=-797.63, Lmax=-25.27
10:29:55 [ultranest] [DEBUG] iteration=5330, ncalls=33063, regioncalls=1133680, ndraw=40, logz=-803.93, remainder_fraction=100.0000%, Lmin=-797.62, Lmax=-25.27
10:29:55 [ultranest] [DEBUG] iteration=5333, ncalls=33078, regioncalls=1134280, ndraw=40, logz=-803.89, remainder_fraction=100.0000%, Lmin=-797.59, Lmax=-25.27
10:29:55 [ultranest] [DEBUG] iteration=5335, ncalls=33091, regioncalls=1134800, ndraw=40, logz=-803.87, remainder_fraction=100.0000%, Lmin=-797.58, Lmax=-25.27
10:29:55 [ultranest] [DEBUG] iteration=5336, ncalls=33108, regioncalls=1135480, ndraw=40, logz=-803.86, remainder_fraction=100.0000%, Lmin=-797.56, Lmax=-25.27
10:29:56 [ultranest] [DEBUG] iteration=5339, ncalls=33159, regioncalls=1137520, ndraw=40, logz=-803.82, remainder_fraction=100.0000%, Lmin=-797.53, Lmax=-25.27
10:29:56 [ultranest] [DEBUG] iteration=5341, ncalls=33179, regioncalls=1138320, ndraw=40, logz=-803.80, remainder_fraction=100.0000%, Lmin=-797.53, Lmax=-25.27
10:29:56 [ultranest] [DEBUG] iteration=5343, ncalls=33201, regioncalls=1139200, ndraw=40, logz=-803.77, remainder_fraction=100.0000%, Lmin=-797.51, Lmax=-25.27
10:29:57 [ultranest] [DEBUG] iteration=5344, ncalls=33270, regioncalls=1141960, ndraw=40, logz=-803.76, remainder_fraction=100.0000%, Lmin=-797.51, Lmax=-25.27
10:29:57 [ultranest] [DEBUG] iteration=5345, ncalls=33293, regioncalls=1142880, ndraw=40, logz=-803.75, remainder_fraction=100.0000%, Lmin=-797.50, Lmax=-25.27
10:29:57 [ultranest] [DEBUG] iteration=5346, ncalls=33305, regioncalls=1143360, ndraw=40, logz=-803.74, remainder_fraction=100.0000%, Lmin=-797.49, Lmax=-25.27
10:29:57 [ultranest] [DEBUG] iteration=5347, ncalls=33323, regioncalls=1144080, ndraw=40, logz=-803.73, remainder_fraction=100.0000%, Lmin=-797.44, Lmax=-25.27
10:29:57 [ultranest] [DEBUG] iteration=5350, ncalls=33337, regioncalls=1144640, ndraw=40, logz=-803.69, remainder_fraction=100.0000%, Lmin=-797.42, Lmax=-25.27
10:29:58 [ultranest] [DEBUG] iteration=5351, ncalls=33378, regioncalls=1146280, ndraw=40, logz=-803.68, remainder_fraction=100.0000%, Lmin=-797.39, Lmax=-25.27
10:29:58 [ultranest] [DEBUG] iteration=5354, ncalls=33389, regioncalls=1146720, ndraw=40, logz=-803.65, remainder_fraction=100.0000%, Lmin=-797.34, Lmax=-25.27
10:29:58 [ultranest] [DEBUG] iteration=5355, ncalls=33403, regioncalls=1147280, ndraw=40, logz=-803.63, remainder_fraction=100.0000%, Lmin=-797.34, Lmax=-25.27
10:29:58 [ultranest] [DEBUG] iteration=5356, ncalls=33420, regioncalls=1147960, ndraw=40, logz=-803.62, remainder_fraction=100.0000%, Lmin=-797.29, Lmax=-25.27
10:29:59 [ultranest] [DEBUG] iteration=5357, ncalls=33466, regioncalls=1149800, ndraw=40, logz=-803.61, remainder_fraction=100.0000%, Lmin=-797.29, Lmax=-25.27
10:29:59 [ultranest] [DEBUG] iteration=5359, ncalls=33506, regioncalls=1151400, ndraw=40, logz=-803.59, remainder_fraction=100.0000%, Lmin=-797.25, Lmax=-25.27
10:29:59 [ultranest] [DEBUG] iteration=5361, ncalls=33544, regioncalls=1152920, ndraw=40, logz=-803.56, remainder_fraction=100.0000%, Lmin=-797.21, Lmax=-25.27
10:29:59 [ultranest] [DEBUG] iteration=5363, ncalls=33578, regioncalls=1154280, ndraw=40, logz=-803.54, remainder_fraction=100.0000%, Lmin=-797.20, Lmax=-25.27
10:30:00 [ultranest] [DEBUG] iteration=5365, ncalls=33590, regioncalls=1154760, ndraw=40, logz=-803.51, remainder_fraction=100.0000%, Lmin=-797.19, Lmax=-25.27
10:30:00 [ultranest] [DEBUG] iteration=5367, ncalls=33605, regioncalls=1155360, ndraw=40, logz=-803.49, remainder_fraction=100.0000%, Lmin=-797.13, Lmax=-25.27
10:30:00 [ultranest] [DEBUG] iteration=5368, ncalls=33624, regioncalls=1156120, ndraw=40, logz=-803.48, remainder_fraction=100.0000%, Lmin=-797.09, Lmax=-25.27
10:30:00 [ultranest] [DEBUG] iteration=5370, ncalls=33633, regioncalls=1156480, ndraw=40, logz=-803.45, remainder_fraction=100.0000%, Lmin=-797.05, Lmax=-25.27
10:30:00 [ultranest] [DEBUG] iteration=5371, ncalls=33651, regioncalls=1157200, ndraw=40, logz=-803.44, remainder_fraction=100.0000%, Lmin=-797.05, Lmax=-25.27
10:30:01 [ultranest] [DEBUG] iteration=5372, ncalls=33715, regioncalls=1159760, ndraw=40, logz=-803.42, remainder_fraction=100.0000%, Lmin=-797.04, Lmax=-25.27
10:30:01 [ultranest] [DEBUG] iteration=5373, ncalls=33730, regioncalls=1160360, ndraw=40, logz=-803.41, remainder_fraction=100.0000%, Lmin=-797.04, Lmax=-25.27
10:30:01 [ultranest] [DEBUG] iteration=5376, ncalls=33741, regioncalls=1160800, ndraw=40, logz=-803.37, remainder_fraction=100.0000%, Lmin=-796.97, Lmax=-25.27
10:30:01 [ultranest] [DEBUG] iteration=5377, ncalls=33773, regioncalls=1162080, ndraw=40, logz=-803.36, remainder_fraction=100.0000%, Lmin=-796.97, Lmax=-25.27
10:30:02 [ultranest] [DEBUG] iteration=5379, ncalls=33791, regioncalls=1162800, ndraw=40, logz=-803.33, remainder_fraction=100.0000%, Lmin=-796.93, Lmax=-25.27
10:30:03 [ultranest] [DEBUG] iteration=5380, ncalls=33920, regioncalls=1167960, ndraw=40, logz=-803.32, remainder_fraction=100.0000%, Lmin=-796.89, Lmax=-25.27
10:30:03 [ultranest] [DEBUG] iteration=5382, ncalls=33968, regioncalls=1169880, ndraw=40, logz=-803.29, remainder_fraction=100.0000%, Lmin=-796.85, Lmax=-25.27
10:30:03 [ultranest] [DEBUG] iteration=5383, ncalls=33980, regioncalls=1170360, ndraw=40, logz=-803.28, remainder_fraction=100.0000%, Lmin=-796.84, Lmax=-25.27
10:30:03 [ultranest] [DEBUG] iteration=5384, ncalls=34025, regioncalls=1172160, ndraw=40, logz=-803.27, remainder_fraction=100.0000%, Lmin=-796.81, Lmax=-25.27
10:30:04 [ultranest] [DEBUG] iteration=5385, ncalls=34041, regioncalls=1172800, ndraw=40, logz=-803.25, remainder_fraction=100.0000%, Lmin=-796.79, Lmax=-25.27
10:30:04 [ultranest] [DEBUG] iteration=5387, ncalls=34105, regioncalls=1175360, ndraw=40, logz=-803.23, remainder_fraction=100.0000%, Lmin=-796.77, Lmax=-25.27
10:30:04 [ultranest] [DEBUG] iteration=5389, ncalls=34125, regioncalls=1176160, ndraw=40, logz=-803.20, remainder_fraction=100.0000%, Lmin=-796.75, Lmax=-25.27
10:30:04 [ultranest] [DEBUG] iteration=5391, ncalls=34138, regioncalls=1176680, ndraw=40, logz=-803.17, remainder_fraction=100.0000%, Lmin=-796.75, Lmax=-25.27
10:30:05 [ultranest] [DEBUG] iteration=5392, ncalls=34163, regioncalls=1177680, ndraw=40, logz=-803.16, remainder_fraction=100.0000%, Lmin=-796.75, Lmax=-25.27
10:30:05 [ultranest] [DEBUG] iteration=5393, ncalls=34183, regioncalls=1178480, ndraw=40, logz=-803.15, remainder_fraction=100.0000%, Lmin=-796.72, Lmax=-25.27
10:30:05 [ultranest] [DEBUG] iteration=5394, ncalls=34201, regioncalls=1179200, ndraw=40, logz=-803.13, remainder_fraction=100.0000%, Lmin=-796.71, Lmax=-25.27
10:30:05 [ultranest] [DEBUG] iteration=5395, ncalls=34221, regioncalls=1180000, ndraw=40, logz=-803.12, remainder_fraction=100.0000%, Lmin=-796.71, Lmax=-25.27
10:30:05 [ultranest] [DEBUG] iteration=5396, ncalls=34238, regioncalls=1180680, ndraw=40, logz=-803.11, remainder_fraction=100.0000%, Lmin=-796.65, Lmax=-25.27
10:30:05 [ultranest] [DEBUG] iteration=5397, ncalls=34256, regioncalls=1181400, ndraw=40, logz=-803.09, remainder_fraction=100.0000%, Lmin=-796.64, Lmax=-25.27
10:30:06 [ultranest] [DEBUG] iteration=5399, ncalls=34318, regioncalls=1183880, ndraw=40, logz=-803.07, remainder_fraction=100.0000%, Lmin=-796.63, Lmax=-25.27
10:30:06 [ultranest] [DEBUG] iteration=5401, ncalls=34340, regioncalls=1184760, ndraw=40, logz=-803.04, remainder_fraction=100.0000%, Lmin=-796.61, Lmax=-25.27
10:30:06 [ultranest] [DEBUG] iteration=5402, ncalls=34364, regioncalls=1185720, ndraw=40, logz=-803.03, remainder_fraction=100.0000%, Lmin=-796.60, Lmax=-25.27
10:30:07 [ultranest] [DEBUG] iteration=5404, ncalls=34402, regioncalls=1187240, ndraw=40, logz=-803.00, remainder_fraction=100.0000%, Lmin=-796.54, Lmax=-25.27
10:30:07 [ultranest] [DEBUG] iteration=5406, ncalls=34417, regioncalls=1187840, ndraw=40, logz=-802.97, remainder_fraction=100.0000%, Lmin=-796.53, Lmax=-25.27
10:30:07 [ultranest] [DEBUG] iteration=5409, ncalls=34428, regioncalls=1188280, ndraw=40, logz=-802.93, remainder_fraction=100.0000%, Lmin=-796.49, Lmax=-25.27
10:30:07 [ultranest] [DEBUG] iteration=5411, ncalls=34449, regioncalls=1189120, ndraw=40, logz=-802.91, remainder_fraction=100.0000%, Lmin=-796.44, Lmax=-25.27
10:30:07 [ultranest] [DEBUG] iteration=5413, ncalls=34467, regioncalls=1189840, ndraw=40, logz=-802.88, remainder_fraction=100.0000%, Lmin=-796.35, Lmax=-25.27
10:30:08 [ultranest] [DEBUG] iteration=5414, ncalls=34527, regioncalls=1192240, ndraw=40, logz=-802.86, remainder_fraction=100.0000%, Lmin=-796.35, Lmax=-25.27
10:30:08 [ultranest] [DEBUG] iteration=5415, ncalls=34540, regioncalls=1192760, ndraw=40, logz=-802.85, remainder_fraction=100.0000%, Lmin=-796.34, Lmax=-25.27
10:30:08 [ultranest] [DEBUG] iteration=5418, ncalls=34607, regioncalls=1195440, ndraw=40, logz=-802.81, remainder_fraction=100.0000%, Lmin=-796.30, Lmax=-25.27
10:30:09 [ultranest] [DEBUG] iteration=5419, ncalls=34629, regioncalls=1196320, ndraw=40, logz=-802.79, remainder_fraction=100.0000%, Lmin=-796.27, Lmax=-25.27
10:30:09 [ultranest] [DEBUG] iteration=5420, ncalls=34643, regioncalls=1196880, ndraw=40, logz=-802.78, remainder_fraction=100.0000%, Lmin=-796.24, Lmax=-25.27
10:30:09 [ultranest] [DEBUG] iteration=5421, ncalls=34666, regioncalls=1197800, ndraw=40, logz=-802.76, remainder_fraction=100.0000%, Lmin=-796.21, Lmax=-25.27
10:30:09 [ultranest] [DEBUG] iteration=5423, ncalls=34692, regioncalls=1198840, ndraw=40, logz=-802.74, remainder_fraction=100.0000%, Lmin=-796.16, Lmax=-25.27
10:30:10 [ultranest] [DEBUG] iteration=5426, ncalls=34727, regioncalls=1200240, ndraw=40, logz=-802.69, remainder_fraction=100.0000%, Lmin=-796.10, Lmax=-25.27
10:30:10 [ultranest] [DEBUG] iteration=5427, ncalls=34761, regioncalls=1201600, ndraw=40, logz=-802.67, remainder_fraction=100.0000%, Lmin=-796.10, Lmax=-25.27
10:30:10 [ultranest] [DEBUG] iteration=5429, ncalls=34830, regioncalls=1204360, ndraw=40, logz=-802.64, remainder_fraction=100.0000%, Lmin=-796.06, Lmax=-25.27
10:30:10 [ultranest] [DEBUG] iteration=5431, ncalls=34844, regioncalls=1204920, ndraw=40, logz=-802.61, remainder_fraction=100.0000%, Lmin=-796.03, Lmax=-25.27
10:30:11 [ultranest] [DEBUG] iteration=5432, ncalls=34890, regioncalls=1206760, ndraw=40, logz=-802.60, remainder_fraction=100.0000%, Lmin=-796.02, Lmax=-25.27
10:30:11 [ultranest] [DEBUG] iteration=5433, ncalls=34904, regioncalls=1207320, ndraw=40, logz=-802.58, remainder_fraction=100.0000%, Lmin=-796.01, Lmax=-25.27
10:30:11 [ultranest] [DEBUG] iteration=5434, ncalls=34936, regioncalls=1208600, ndraw=40, logz=-802.57, remainder_fraction=100.0000%, Lmin=-795.96, Lmax=-25.27
10:30:11 [ultranest] [DEBUG] iteration=5435, ncalls=34950, regioncalls=1209160, ndraw=40, logz=-802.55, remainder_fraction=100.0000%, Lmin=-795.93, Lmax=-25.27
10:30:12 [ultranest] [DEBUG] iteration=5436, ncalls=34968, regioncalls=1209880, ndraw=40, logz=-802.54, remainder_fraction=100.0000%, Lmin=-795.93, Lmax=-25.27
10:30:12 [ultranest] [DEBUG] iteration=5437, ncalls=34988, regioncalls=1210680, ndraw=40, logz=-802.52, remainder_fraction=100.0000%, Lmin=-795.91, Lmax=-25.27
10:30:12 [ultranest] [DEBUG] iteration=5439, ncalls=35007, regioncalls=1211440, ndraw=40, logz=-802.49, remainder_fraction=100.0000%, Lmin=-795.90, Lmax=-25.27
10:30:12 [ultranest] [DEBUG] iteration=5440, ncalls=35011, regioncalls=1211600, ndraw=40, logz=-802.48, remainder_fraction=100.0000%, Lmin=-795.86, Lmax=-25.27
10:30:12 [ultranest] [DEBUG] iteration=5443, ncalls=35031, regioncalls=1212400, ndraw=40, logz=-802.43, remainder_fraction=100.0000%, Lmin=-795.76, Lmax=-25.27
10:30:12 [ultranest] [DEBUG] iteration=5445, ncalls=35051, regioncalls=1213200, ndraw=40, logz=-802.40, remainder_fraction=100.0000%, Lmin=-795.75, Lmax=-25.27
10:30:13 [ultranest] [DEBUG] iteration=5446, ncalls=35084, regioncalls=1214520, ndraw=40, logz=-802.38, remainder_fraction=100.0000%, Lmin=-795.71, Lmax=-25.27
10:30:13 [ultranest] [DEBUG] iteration=5447, ncalls=35121, regioncalls=1216000, ndraw=40, logz=-802.37, remainder_fraction=100.0000%, Lmin=-795.65, Lmax=-25.27
10:30:13 [ultranest] [DEBUG] iteration=5448, ncalls=35171, regioncalls=1218000, ndraw=40, logz=-802.35, remainder_fraction=100.0000%, Lmin=-795.65, Lmax=-25.27
10:30:14 [ultranest] [DEBUG] iteration=5449, ncalls=35201, regioncalls=1219200, ndraw=40, logz=-802.33, remainder_fraction=100.0000%, Lmin=-795.63, Lmax=-25.27
10:30:14 [ultranest] [DEBUG] iteration=5451, ncalls=35237, regioncalls=1220640, ndraw=40, logz=-802.30, remainder_fraction=100.0000%, Lmin=-795.62, Lmax=-25.27
10:30:14 [ultranest] [DEBUG] iteration=5452, ncalls=35257, regioncalls=1221440, ndraw=40, logz=-802.28, remainder_fraction=100.0000%, Lmin=-795.56, Lmax=-25.27
10:30:14 [ultranest] [DEBUG] iteration=5454, ncalls=35278, regioncalls=1222280, ndraw=40, logz=-802.25, remainder_fraction=100.0000%, Lmin=-795.55, Lmax=-25.27
10:30:14 [ultranest] [DEBUG] iteration=5458, ncalls=35293, regioncalls=1222880, ndraw=40, logz=-802.18, remainder_fraction=100.0000%, Lmin=-795.48, Lmax=-25.27
10:30:14 [ultranest] [DEBUG] iteration=5460, ncalls=35305, regioncalls=1223360, ndraw=40, logz=-802.15, remainder_fraction=100.0000%, Lmin=-795.44, Lmax=-25.27
10:30:15 [ultranest] [DEBUG] iteration=5463, ncalls=35339, regioncalls=1224720, ndraw=40, logz=-802.10, remainder_fraction=100.0000%, Lmin=-795.40, Lmax=-25.27
10:30:15 [ultranest] [DEBUG] iteration=5465, ncalls=35356, regioncalls=1225400, ndraw=40, logz=-802.07, remainder_fraction=100.0000%, Lmin=-795.37, Lmax=-25.27
10:30:15 [ultranest] [DEBUG] iteration=5466, ncalls=35384, regioncalls=1226520, ndraw=40, logz=-802.05, remainder_fraction=100.0000%, Lmin=-795.37, Lmax=-25.27
10:30:15 [ultranest] [DEBUG] iteration=5468, ncalls=35397, regioncalls=1227040, ndraw=40, logz=-802.02, remainder_fraction=100.0000%, Lmin=-795.35, Lmax=-25.27
10:30:16 [ultranest] [DEBUG] iteration=5470, ncalls=35434, regioncalls=1228520, ndraw=40, logz=-801.98, remainder_fraction=100.0000%, Lmin=-795.31, Lmax=-25.27
10:30:16 [ultranest] [DEBUG] iteration=5471, ncalls=35497, regioncalls=1231040, ndraw=40, logz=-801.97, remainder_fraction=100.0000%, Lmin=-795.31, Lmax=-25.27
10:30:16 [ultranest] [DEBUG] iteration=5473, ncalls=35514, regioncalls=1231720, ndraw=40, logz=-801.94, remainder_fraction=100.0000%, Lmin=-795.30, Lmax=-25.27
10:30:16 [ultranest] [DEBUG] iteration=5474, ncalls=35540, regioncalls=1232760, ndraw=40, logz=-801.92, remainder_fraction=100.0000%, Lmin=-795.28, Lmax=-25.27
10:30:17 [ultranest] [DEBUG] iteration=5475, ncalls=35567, regioncalls=1233840, ndraw=40, logz=-801.91, remainder_fraction=100.0000%, Lmin=-795.28, Lmax=-25.27
10:30:17 [ultranest] [DEBUG] iteration=5476, ncalls=35621, regioncalls=1236000, ndraw=40, logz=-801.89, remainder_fraction=100.0000%, Lmin=-795.27, Lmax=-25.27
10:30:18 [ultranest] [DEBUG] iteration=5477, ncalls=35674, regioncalls=1238120, ndraw=40, logz=-801.88, remainder_fraction=100.0000%, Lmin=-795.26, Lmax=-25.27
10:30:18 [ultranest] [DEBUG] iteration=5479, ncalls=35693, regioncalls=1238880, ndraw=40, logz=-801.85, remainder_fraction=100.0000%, Lmin=-795.23, Lmax=-25.27
10:30:18 [ultranest] [DEBUG] iteration=5481, ncalls=35768, regioncalls=1241880, ndraw=40, logz=-801.82, remainder_fraction=100.0000%, Lmin=-795.18, Lmax=-25.27
10:30:19 [ultranest] [DEBUG] iteration=5483, ncalls=35786, regioncalls=1242600, ndraw=40, logz=-801.78, remainder_fraction=100.0000%, Lmin=-795.15, Lmax=-25.27
10:30:19 [ultranest] [DEBUG] iteration=5484, ncalls=35814, regioncalls=1243720, ndraw=40, logz=-801.77, remainder_fraction=100.0000%, Lmin=-795.14, Lmax=-25.27
10:30:19 [ultranest] [DEBUG] iteration=5485, ncalls=35826, regioncalls=1244200, ndraw=40, logz=-801.75, remainder_fraction=100.0000%, Lmin=-795.13, Lmax=-25.27
10:30:19 [ultranest] [DEBUG] iteration=5487, ncalls=35850, regioncalls=1245160, ndraw=40, logz=-801.72, remainder_fraction=100.0000%, Lmin=-795.09, Lmax=-25.27
10:30:19 [ultranest] [DEBUG] iteration=5488, ncalls=35889, regioncalls=1246720, ndraw=40, logz=-801.71, remainder_fraction=100.0000%, Lmin=-795.06, Lmax=-25.27
10:30:20 [ultranest] [DEBUG] iteration=5489, ncalls=35922, regioncalls=1248040, ndraw=40, logz=-801.69, remainder_fraction=100.0000%, Lmin=-795.06, Lmax=-25.27
10:30:20 [ultranest] [DEBUG] iteration=5490, ncalls=35950, regioncalls=1249160, ndraw=40, logz=-801.68, remainder_fraction=100.0000%, Lmin=-795.05, Lmax=-25.27
10:30:20 [ultranest] [DEBUG] iteration=5492, ncalls=35980, regioncalls=1250360, ndraw=40, logz=-801.65, remainder_fraction=100.0000%, Lmin=-795.03, Lmax=-25.27
10:30:21 [ultranest] [DEBUG] iteration=5493, ncalls=36024, regioncalls=1252120, ndraw=40, logz=-801.63, remainder_fraction=100.0000%, Lmin=-795.01, Lmax=-25.27
10:30:21 [ultranest] [DEBUG] iteration=5496, ncalls=36087, regioncalls=1254640, ndraw=40, logz=-801.59, remainder_fraction=100.0000%, Lmin=-795.00, Lmax=-25.27
10:30:22 [ultranest] [DEBUG] iteration=5497, ncalls=36154, regioncalls=1257320, ndraw=40, logz=-801.57, remainder_fraction=100.0000%, Lmin=-795.00, Lmax=-25.27
10:30:22 [ultranest] [DEBUG] iteration=5499, ncalls=36168, regioncalls=1257880, ndraw=40, logz=-801.54, remainder_fraction=100.0000%, Lmin=-794.96, Lmax=-25.27
10:30:22 [ultranest] [DEBUG] iteration=5500, ncalls=36250, regioncalls=1261160, ndraw=40, logz=-801.53, remainder_fraction=100.0000%, Lmin=-794.95, Lmax=-25.27
10:30:23 [ultranest] [DEBUG] iteration=5501, ncalls=36262, regioncalls=1261640, ndraw=40, logz=-801.52, remainder_fraction=100.0000%, Lmin=-794.94, Lmax=-25.27
10:30:23 [ultranest] [DEBUG] iteration=5502, ncalls=36276, regioncalls=1262200, ndraw=40, logz=-801.50, remainder_fraction=100.0000%, Lmin=-794.94, Lmax=-25.27
10:30:23 [ultranest] [DEBUG] iteration=5503, ncalls=36300, regioncalls=1263160, ndraw=40, logz=-801.49, remainder_fraction=100.0000%, Lmin=-794.93, Lmax=-25.27
10:30:23 [ultranest] [DEBUG] iteration=5505, ncalls=36321, regioncalls=1264000, ndraw=40, logz=-801.46, remainder_fraction=100.0000%, Lmin=-794.91, Lmax=-25.27
10:30:23 [ultranest] [DEBUG] iteration=5506, ncalls=36357, regioncalls=1265440, ndraw=40, logz=-801.45, remainder_fraction=100.0000%, Lmin=-794.90, Lmax=-25.27
10:30:24 [ultranest] [DEBUG] iteration=5507, ncalls=36369, regioncalls=1265920, ndraw=40, logz=-801.43, remainder_fraction=100.0000%, Lmin=-794.88, Lmax=-25.27
10:30:24 [ultranest] [DEBUG] iteration=5508, ncalls=36386, regioncalls=1266600, ndraw=40, logz=-801.42, remainder_fraction=100.0000%, Lmin=-794.86, Lmax=-25.27
10:30:25 [ultranest] [DEBUG] iteration=5509, ncalls=36526, regioncalls=1272200, ndraw=40, logz=-801.40, remainder_fraction=100.0000%, Lmin=-794.84, Lmax=-25.27
10:30:25 [ultranest] [DEBUG] iteration=5511, ncalls=36544, regioncalls=1272920, ndraw=40, logz=-801.38, remainder_fraction=100.0000%, Lmin=-794.81, Lmax=-25.27
10:30:25 [ultranest] [DEBUG] iteration=5513, ncalls=36592, regioncalls=1274840, ndraw=40, logz=-801.35, remainder_fraction=100.0000%, Lmin=-794.78, Lmax=-25.27
10:30:26 [ultranest] [DEBUG] iteration=5515, ncalls=36631, regioncalls=1276400, ndraw=40, logz=-801.32, remainder_fraction=100.0000%, Lmin=-794.76, Lmax=-25.27
10:30:26 [ultranest] [DEBUG] iteration=5516, ncalls=36672, regioncalls=1278040, ndraw=40, logz=-801.31, remainder_fraction=100.0000%, Lmin=-794.74, Lmax=-25.27
10:30:26 [ultranest] [DEBUG] iteration=5517, ncalls=36684, regioncalls=1278520, ndraw=40, logz=-801.29, remainder_fraction=100.0000%, Lmin=-794.73, Lmax=-25.27
10:30:27 [ultranest] [DEBUG] iteration=5519, ncalls=36735, regioncalls=1280560, ndraw=40, logz=-801.26, remainder_fraction=100.0000%, Lmin=-794.73, Lmax=-25.27
10:30:27 [ultranest] [DEBUG] iteration=5520, ncalls=36831, regioncalls=1284400, ndraw=40, logz=-801.25, remainder_fraction=100.0000%, Lmin=-794.72, Lmax=-25.27
10:30:28 [ultranest] [DEBUG] iteration=5521, ncalls=36863, regioncalls=1285680, ndraw=40, logz=-801.24, remainder_fraction=100.0000%, Lmin=-794.71, Lmax=-25.27
10:30:28 [ultranest] [DEBUG] iteration=5523, ncalls=36881, regioncalls=1286400, ndraw=40, logz=-801.21, remainder_fraction=100.0000%, Lmin=-794.69, Lmax=-25.27
10:30:28 [ultranest] [DEBUG] iteration=5524, ncalls=36897, regioncalls=1287040, ndraw=40, logz=-801.20, remainder_fraction=100.0000%, Lmin=-794.68, Lmax=-25.27
10:30:29 [ultranest] [DEBUG] iteration=5525, ncalls=36963, regioncalls=1289680, ndraw=40, logz=-801.18, remainder_fraction=100.0000%, Lmin=-794.65, Lmax=-25.27
10:30:29 [ultranest] [DEBUG] iteration=5526, ncalls=36979, regioncalls=1290320, ndraw=40, logz=-801.17, remainder_fraction=100.0000%, Lmin=-794.65, Lmax=-25.27
10:30:29 [ultranest] [DEBUG] iteration=5527, ncalls=36997, regioncalls=1291040, ndraw=40, logz=-801.16, remainder_fraction=100.0000%, Lmin=-794.65, Lmax=-25.27
10:30:29 [ultranest] [DEBUG] iteration=5528, ncalls=37026, regioncalls=1292200, ndraw=40, logz=-801.14, remainder_fraction=100.0000%, Lmin=-794.61, Lmax=-25.27
10:30:29 [ultranest] [DEBUG] iteration=5530, ncalls=37043, regioncalls=1292880, ndraw=40, logz=-801.12, remainder_fraction=100.0000%, Lmin=-794.58, Lmax=-25.27
10:30:29 [ultranest] [DEBUG] iteration=5531, ncalls=37059, regioncalls=1293520, ndraw=40, logz=-801.10, remainder_fraction=100.0000%, Lmin=-794.57, Lmax=-25.27
10:30:30 [ultranest] [DEBUG] iteration=5534, ncalls=37078, regioncalls=1294280, ndraw=40, logz=-801.06, remainder_fraction=100.0000%, Lmin=-794.56, Lmax=-25.27
10:30:30 [ultranest] [DEBUG] iteration=5537, ncalls=37097, regioncalls=1295040, ndraw=40, logz=-801.02, remainder_fraction=100.0000%, Lmin=-794.53, Lmax=-25.27
10:30:30 [ultranest] [DEBUG] iteration=5539, ncalls=37145, regioncalls=1296960, ndraw=40, logz=-801.00, remainder_fraction=100.0000%, Lmin=-794.52, Lmax=-25.27
10:30:30 [ultranest] [DEBUG] iteration=5542, ncalls=37162, regioncalls=1297640, ndraw=40, logz=-800.96, remainder_fraction=100.0000%, Lmin=-794.50, Lmax=-25.27
10:30:30 [ultranest] [DEBUG] iteration=5544, ncalls=37175, regioncalls=1298160, ndraw=40, logz=-800.94, remainder_fraction=100.0000%, Lmin=-794.46, Lmax=-25.27
10:30:31 [ultranest] [DEBUG] iteration=5546, ncalls=37205, regioncalls=1299360, ndraw=40, logz=-800.91, remainder_fraction=100.0000%, Lmin=-794.44, Lmax=-25.27
10:30:31 [ultranest] [DEBUG] iteration=5548, ncalls=37246, regioncalls=1301000, ndraw=40, logz=-800.89, remainder_fraction=100.0000%, Lmin=-794.39, Lmax=-25.27
10:30:31 [ultranest] [DEBUG] iteration=5550, ncalls=37282, regioncalls=1302440, ndraw=40, logz=-800.86, remainder_fraction=100.0000%, Lmin=-794.38, Lmax=-25.27
10:30:32 [ultranest] [DEBUG] iteration=5551, ncalls=37315, regioncalls=1303760, ndraw=40, logz=-800.85, remainder_fraction=100.0000%, Lmin=-794.34, Lmax=-25.27
10:30:32 [ultranest] [DEBUG] iteration=5554, ncalls=37334, regioncalls=1304520, ndraw=40, logz=-800.81, remainder_fraction=100.0000%, Lmin=-794.32, Lmax=-25.27
10:30:32 [ultranest] [DEBUG] iteration=5555, ncalls=37350, regioncalls=1305160, ndraw=40, logz=-800.80, remainder_fraction=100.0000%, Lmin=-794.32, Lmax=-25.27
10:30:32 [ultranest] [DEBUG] iteration=5558, ncalls=37361, regioncalls=1305600, ndraw=40, logz=-800.76, remainder_fraction=100.0000%, Lmin=-794.28, Lmax=-25.27
10:30:32 [ultranest] [DEBUG] iteration=5560, ncalls=37379, regioncalls=1306320, ndraw=40, logz=-800.73, remainder_fraction=100.0000%, Lmin=-794.28, Lmax=-25.27
10:30:32 [ultranest] [DEBUG] iteration=5561, ncalls=37391, regioncalls=1306800, ndraw=40, logz=-800.72, remainder_fraction=100.0000%, Lmin=-794.21, Lmax=-25.27
10:30:32 [ultranest] [DEBUG] iteration=5562, ncalls=37404, regioncalls=1307320, ndraw=40, logz=-800.71, remainder_fraction=100.0000%, Lmin=-794.19, Lmax=-25.27
10:30:32 [ultranest] [DEBUG] iteration=5563, ncalls=37420, regioncalls=1307960, ndraw=40, logz=-800.70, remainder_fraction=100.0000%, Lmin=-794.17, Lmax=-25.27
10:30:33 [ultranest] [DEBUG] iteration=5564, ncalls=37433, regioncalls=1308480, ndraw=40, logz=-800.68, remainder_fraction=100.0000%, Lmin=-794.17, Lmax=-25.27
10:30:33 [ultranest] [DEBUG] iteration=5565, ncalls=37460, regioncalls=1309560, ndraw=40, logz=-800.67, remainder_fraction=100.0000%, Lmin=-794.16, Lmax=-25.27
10:30:33 [ultranest] [DEBUG] iteration=5567, ncalls=37492, regioncalls=1310840, ndraw=40, logz=-800.64, remainder_fraction=100.0000%, Lmin=-794.12, Lmax=-25.27
10:30:33 [ultranest] [DEBUG] iteration=5569, ncalls=37511, regioncalls=1311600, ndraw=40, logz=-800.62, remainder_fraction=100.0000%, Lmin=-794.10, Lmax=-25.27
10:30:33 [ultranest] [DEBUG] iteration=5570, ncalls=37530, regioncalls=1312360, ndraw=40, logz=-800.60, remainder_fraction=100.0000%, Lmin=-794.05, Lmax=-25.27
10:30:34 [ultranest] [DEBUG] iteration=5573, ncalls=37572, regioncalls=1314040, ndraw=40, logz=-800.56, remainder_fraction=100.0000%, Lmin=-793.99, Lmax=-25.27
10:30:34 [ultranest] [DEBUG] iteration=5575, ncalls=37600, regioncalls=1315160, ndraw=40, logz=-800.54, remainder_fraction=100.0000%, Lmin=-793.98, Lmax=-25.27
10:30:34 [ultranest] [DEBUG] iteration=5576, ncalls=37632, regioncalls=1316440, ndraw=40, logz=-800.52, remainder_fraction=100.0000%, Lmin=-793.97, Lmax=-25.27
10:30:35 [ultranest] [DEBUG] iteration=5577, ncalls=37685, regioncalls=1318560, ndraw=40, logz=-800.51, remainder_fraction=100.0000%, Lmin=-793.96, Lmax=-25.27
10:30:35 [ultranest] [DEBUG] iteration=5579, ncalls=37708, regioncalls=1319480, ndraw=40, logz=-800.48, remainder_fraction=100.0000%, Lmin=-793.93, Lmax=-25.27
10:30:35 [ultranest] [DEBUG] iteration=5581, ncalls=37743, regioncalls=1320880, ndraw=40, logz=-800.46, remainder_fraction=100.0000%, Lmin=-793.87, Lmax=-25.27
10:30:36 [ultranest] [DEBUG] iteration=5584, ncalls=37784, regioncalls=1322520, ndraw=40, logz=-800.41, remainder_fraction=100.0000%, Lmin=-793.79, Lmax=-25.27
10:30:36 [ultranest] [DEBUG] iteration=5585, ncalls=37811, regioncalls=1323600, ndraw=40, logz=-800.40, remainder_fraction=100.0000%, Lmin=-793.75, Lmax=-25.27
10:30:36 [ultranest] [DEBUG] iteration=5587, ncalls=37833, regioncalls=1324480, ndraw=40, logz=-800.37, remainder_fraction=100.0000%, Lmin=-793.67, Lmax=-25.27
10:30:36 [ultranest] [DEBUG] iteration=5589, ncalls=37853, regioncalls=1325280, ndraw=40, logz=-800.34, remainder_fraction=100.0000%, Lmin=-793.55, Lmax=-25.27
10:30:36 [ultranest] [DEBUG] iteration=5590, ncalls=37876, regioncalls=1326200, ndraw=40, logz=-800.32, remainder_fraction=100.0000%, Lmin=-793.55, Lmax=-25.27
10:30:37 [ultranest] [DEBUG] iteration=5591, ncalls=37904, regioncalls=1327320, ndraw=40, logz=-800.31, remainder_fraction=100.0000%, Lmin=-793.53, Lmax=-25.27
10:30:37 [ultranest] [DEBUG] iteration=5592, ncalls=37918, regioncalls=1327880, ndraw=40, logz=-800.29, remainder_fraction=100.0000%, Lmin=-793.51, Lmax=-25.27
10:30:37 [ultranest] [DEBUG] iteration=5593, ncalls=37947, regioncalls=1329040, ndraw=40, logz=-800.27, remainder_fraction=100.0000%, Lmin=-793.49, Lmax=-25.27
10:30:37 [ultranest] [DEBUG] iteration=5594, ncalls=38002, regioncalls=1331240, ndraw=40, logz=-800.26, remainder_fraction=100.0000%, Lmin=-793.47, Lmax=-25.27
10:30:38 [ultranest] [DEBUG] iteration=5596, ncalls=38017, regioncalls=1331840, ndraw=40, logz=-800.22, remainder_fraction=100.0000%, Lmin=-793.41, Lmax=-25.27
10:30:38 [ultranest] [DEBUG] iteration=5597, ncalls=38038, regioncalls=1332680, ndraw=40, logz=-800.21, remainder_fraction=100.0000%, Lmin=-793.40, Lmax=-25.27
10:30:38 [ultranest] [DEBUG] iteration=5599, ncalls=38057, regioncalls=1333440, ndraw=40, logz=-800.17, remainder_fraction=100.0000%, Lmin=-793.37, Lmax=-25.27
10:30:38 [ultranest] [DEBUG] iteration=5600, ncalls=38060, regioncalls=1333560, ndraw=40, logz=-800.16, remainder_fraction=100.0000%, Lmin=-793.35, Lmax=-25.27
10:30:38 [ultranest] [DEBUG] iteration=5601, ncalls=38086, regioncalls=1334600, ndraw=40, logz=-800.14, remainder_fraction=100.0000%, Lmin=-793.34, Lmax=-25.27
10:30:38 [ultranest] [DEBUG] iteration=5602, ncalls=38100, regioncalls=1335160, ndraw=40, logz=-800.12, remainder_fraction=100.0000%, Lmin=-793.33, Lmax=-25.27
10:30:38 [ultranest] [DEBUG] iteration=5603, ncalls=38116, regioncalls=1335800, ndraw=40, logz=-800.11, remainder_fraction=100.0000%, Lmin=-793.32, Lmax=-25.27
10:30:39 [ultranest] [DEBUG] iteration=5604, ncalls=38134, regioncalls=1336520, ndraw=40, logz=-800.09, remainder_fraction=100.0000%, Lmin=-793.29, Lmax=-25.27
10:30:39 [ultranest] [DEBUG] iteration=5605, ncalls=38170, regioncalls=1337960, ndraw=40, logz=-800.07, remainder_fraction=100.0000%, Lmin=-793.24, Lmax=-25.27
10:30:39 [ultranest] [DEBUG] iteration=5606, ncalls=38183, regioncalls=1338480, ndraw=40, logz=-800.05, remainder_fraction=100.0000%, Lmin=-793.22, Lmax=-25.27
10:30:39 [ultranest] [DEBUG] iteration=5607, ncalls=38206, regioncalls=1339400, ndraw=40, logz=-800.04, remainder_fraction=100.0000%, Lmin=-793.22, Lmax=-25.27
10:30:40 [ultranest] [DEBUG] iteration=5609, ncalls=38281, regioncalls=1342400, ndraw=40, logz=-800.00, remainder_fraction=100.0000%, Lmin=-793.20, Lmax=-25.27
10:30:41 [ultranest] [DEBUG] iteration=5610, ncalls=38369, regioncalls=1345920, ndraw=40, logz=-799.99, remainder_fraction=100.0000%, Lmin=-793.20, Lmax=-25.27
10:30:41 [ultranest] [DEBUG] iteration=5611, ncalls=38401, regioncalls=1347200, ndraw=40, logz=-799.97, remainder_fraction=100.0000%, Lmin=-793.20, Lmax=-25.27
10:30:41 [ultranest] [DEBUG] iteration=5613, ncalls=38471, regioncalls=1350000, ndraw=40, logz=-799.94, remainder_fraction=100.0000%, Lmin=-793.15, Lmax=-25.27
10:30:42 [ultranest] [DEBUG] iteration=5615, ncalls=38494, regioncalls=1350920, ndraw=40, logz=-799.90, remainder_fraction=100.0000%, Lmin=-793.10, Lmax=-25.27
10:30:42 [ultranest] [DEBUG] iteration=5617, ncalls=38506, regioncalls=1351400, ndraw=40, logz=-799.87, remainder_fraction=100.0000%, Lmin=-793.05, Lmax=-25.27
10:30:42 [ultranest] [DEBUG] iteration=5621, ncalls=38528, regioncalls=1352280, ndraw=40, logz=-799.80, remainder_fraction=100.0000%, Lmin=-792.94, Lmax=-25.27
10:30:42 [ultranest] [DEBUG] iteration=5623, ncalls=38569, regioncalls=1353920, ndraw=40, logz=-799.77, remainder_fraction=100.0000%, Lmin=-792.92, Lmax=-25.27
10:30:42 [ultranest] [DEBUG] iteration=5624, ncalls=38584, regioncalls=1354520, ndraw=40, logz=-799.75, remainder_fraction=100.0000%, Lmin=-792.91, Lmax=-25.27
10:30:43 [ultranest] [DEBUG] iteration=5625, ncalls=38645, regioncalls=1356960, ndraw=40, logz=-799.73, remainder_fraction=100.0000%, Lmin=-792.90, Lmax=-25.27
10:30:43 [ultranest] [DEBUG] iteration=5627, ncalls=38692, regioncalls=1358840, ndraw=40, logz=-799.70, remainder_fraction=100.0000%, Lmin=-792.87, Lmax=-25.27
10:30:44 [ultranest] [DEBUG] iteration=5629, ncalls=38722, regioncalls=1360040, ndraw=40, logz=-799.67, remainder_fraction=100.0000%, Lmin=-792.87, Lmax=-25.27
10:30:44 [ultranest] [DEBUG] iteration=5630, ncalls=38771, regioncalls=1362000, ndraw=40, logz=-799.65, remainder_fraction=100.0000%, Lmin=-792.87, Lmax=-25.27
10:30:44 [ultranest] [DEBUG] iteration=5632, ncalls=38796, regioncalls=1363000, ndraw=40, logz=-799.62, remainder_fraction=100.0000%, Lmin=-792.84, Lmax=-25.27
10:30:45 [ultranest] [DEBUG] iteration=5635, ncalls=38831, regioncalls=1364400, ndraw=40, logz=-799.57, remainder_fraction=100.0000%, Lmin=-792.81, Lmax=-25.27
10:30:45 [ultranest] [DEBUG] iteration=5637, ncalls=38843, regioncalls=1364880, ndraw=40, logz=-799.54, remainder_fraction=100.0000%, Lmin=-792.73, Lmax=-25.27
10:30:45 [ultranest] [DEBUG] iteration=5638, ncalls=38884, regioncalls=1366520, ndraw=40, logz=-799.52, remainder_fraction=100.0000%, Lmin=-792.72, Lmax=-25.27
10:30:45 [ultranest] [DEBUG] iteration=5640, ncalls=38901, regioncalls=1367200, ndraw=40, logz=-799.49, remainder_fraction=100.0000%, Lmin=-792.69, Lmax=-25.27
10:30:45 [ultranest] [DEBUG] iteration=5642, ncalls=38915, regioncalls=1367760, ndraw=40, logz=-799.46, remainder_fraction=100.0000%, Lmin=-792.66, Lmax=-25.27
10:30:46 [ultranest] [DEBUG] iteration=5644, ncalls=38960, regioncalls=1369560, ndraw=40, logz=-799.42, remainder_fraction=100.0000%, Lmin=-792.64, Lmax=-25.27
10:30:46 [ultranest] [DEBUG] iteration=5646, ncalls=38999, regioncalls=1371120, ndraw=40, logz=-799.39, remainder_fraction=100.0000%, Lmin=-792.60, Lmax=-25.27
10:30:46 [ultranest] [DEBUG] iteration=5647, ncalls=39021, regioncalls=1372000, ndraw=40, logz=-799.37, remainder_fraction=100.0000%, Lmin=-792.60, Lmax=-25.27
10:30:46 [ultranest] [DEBUG] iteration=5650, ncalls=39034, regioncalls=1372520, ndraw=40, logz=-799.33, remainder_fraction=100.0000%, Lmin=-792.54, Lmax=-25.27
10:30:46 [ultranest] [DEBUG] iteration=5651, ncalls=39056, regioncalls=1373400, ndraw=40, logz=-799.31, remainder_fraction=100.0000%, Lmin=-792.54, Lmax=-25.27
10:30:47 [ultranest] [DEBUG] iteration=5653, ncalls=39075, regioncalls=1374160, ndraw=40, logz=-799.28, remainder_fraction=100.0000%, Lmin=-792.53, Lmax=-25.27
10:30:47 [ultranest] [DEBUG] iteration=5654, ncalls=39114, regioncalls=1375720, ndraw=40, logz=-799.26, remainder_fraction=100.0000%, Lmin=-792.52, Lmax=-25.27
10:30:47 [ultranest] [DEBUG] iteration=5655, ncalls=39134, regioncalls=1376520, ndraw=40, logz=-799.25, remainder_fraction=100.0000%, Lmin=-792.48, Lmax=-25.27
10:30:47 [ultranest] [DEBUG] iteration=5659, ncalls=39164, regioncalls=1377720, ndraw=40, logz=-799.19, remainder_fraction=100.0000%, Lmin=-792.43, Lmax=-25.27
10:30:48 [ultranest] [DEBUG] iteration=5660, ncalls=39190, regioncalls=1378760, ndraw=40, logz=-799.17, remainder_fraction=100.0000%, Lmin=-792.43, Lmax=-25.27
10:30:48 [ultranest] [DEBUG] iteration=5661, ncalls=39225, regioncalls=1380160, ndraw=40, logz=-799.15, remainder_fraction=100.0000%, Lmin=-792.40, Lmax=-25.27
10:30:48 [ultranest] [DEBUG] iteration=5664, ncalls=39257, regioncalls=1381440, ndraw=40, logz=-799.11, remainder_fraction=100.0000%, Lmin=-792.35, Lmax=-25.27
10:30:49 [ultranest] [DEBUG] iteration=5665, ncalls=39351, regioncalls=1385200, ndraw=40, logz=-799.09, remainder_fraction=100.0000%, Lmin=-792.34, Lmax=-25.27
10:30:49 [ultranest] [DEBUG] iteration=5667, ncalls=39379, regioncalls=1386320, ndraw=40, logz=-799.06, remainder_fraction=100.0000%, Lmin=-792.32, Lmax=-25.27
10:30:49 [ultranest] [DEBUG] iteration=5669, ncalls=39404, regioncalls=1387320, ndraw=40, logz=-799.03, remainder_fraction=100.0000%, Lmin=-792.30, Lmax=-25.27
10:30:50 [ultranest] [DEBUG] iteration=5670, ncalls=39434, regioncalls=1388520, ndraw=40, logz=-799.02, remainder_fraction=100.0000%, Lmin=-792.30, Lmax=-25.27
10:30:50 [ultranest] [DEBUG] iteration=5673, ncalls=39499, regioncalls=1391120, ndraw=40, logz=-798.97, remainder_fraction=100.0000%, Lmin=-792.26, Lmax=-25.27
10:30:50 [ultranest] [DEBUG] iteration=5674, ncalls=39515, regioncalls=1391760, ndraw=40, logz=-798.96, remainder_fraction=100.0000%, Lmin=-792.22, Lmax=-25.27
10:30:50 [ultranest] [DEBUG] iteration=5676, ncalls=39528, regioncalls=1392280, ndraw=40, logz=-798.93, remainder_fraction=100.0000%, Lmin=-792.17, Lmax=-25.27
10:30:51 [ultranest] [DEBUG] iteration=5677, ncalls=39548, regioncalls=1393080, ndraw=40, logz=-798.91, remainder_fraction=100.0000%, Lmin=-792.15, Lmax=-25.27
10:30:51 [ultranest] [DEBUG] iteration=5679, ncalls=39596, regioncalls=1395000, ndraw=40, logz=-798.88, remainder_fraction=100.0000%, Lmin=-792.11, Lmax=-25.27
10:30:51 [ultranest] [DEBUG] iteration=5681, ncalls=39634, regioncalls=1396520, ndraw=40, logz=-798.85, remainder_fraction=100.0000%, Lmin=-792.10, Lmax=-25.27
10:30:51 [ultranest] [DEBUG] iteration=5683, ncalls=39648, regioncalls=1397080, ndraw=40, logz=-798.82, remainder_fraction=100.0000%, Lmin=-792.07, Lmax=-25.27
10:30:52 [ultranest] [DEBUG] iteration=5685, ncalls=39729, regioncalls=1400320, ndraw=40, logz=-798.79, remainder_fraction=100.0000%, Lmin=-792.04, Lmax=-25.27
10:30:52 [ultranest] [DEBUG] iteration=5686, ncalls=39756, regioncalls=1401400, ndraw=40, logz=-798.77, remainder_fraction=100.0000%, Lmin=-792.03, Lmax=-25.27
10:30:53 [ultranest] [DEBUG] iteration=5687, ncalls=39778, regioncalls=1402280, ndraw=40, logz=-798.76, remainder_fraction=100.0000%, Lmin=-792.03, Lmax=-25.27
10:30:53 [ultranest] [DEBUG] iteration=5688, ncalls=39792, regioncalls=1402840, ndraw=40, logz=-798.74, remainder_fraction=100.0000%, Lmin=-791.99, Lmax=-25.27
10:30:53 [ultranest] [DEBUG] iteration=5689, ncalls=39819, regioncalls=1403920, ndraw=40, logz=-798.73, remainder_fraction=100.0000%, Lmin=-791.92, Lmax=-25.27
10:30:53 [ultranest] [DEBUG] iteration=5690, ncalls=39833, regioncalls=1404480, ndraw=40, logz=-798.71, remainder_fraction=100.0000%, Lmin=-791.91, Lmax=-25.27
10:30:53 [ultranest] [DEBUG] iteration=5691, ncalls=39869, regioncalls=1405920, ndraw=40, logz=-798.70, remainder_fraction=100.0000%, Lmin=-791.91, Lmax=-25.27
10:30:54 [ultranest] [DEBUG] iteration=5693, ncalls=39913, regioncalls=1407680, ndraw=40, logz=-798.67, remainder_fraction=100.0000%, Lmin=-791.87, Lmax=-25.27
10:30:54 [ultranest] [DEBUG] iteration=5694, ncalls=39927, regioncalls=1408240, ndraw=40, logz=-798.65, remainder_fraction=100.0000%, Lmin=-791.84, Lmax=-25.27
10:30:55 [ultranest] [DEBUG] iteration=5695, ncalls=40007, regioncalls=1411440, ndraw=40, logz=-798.63, remainder_fraction=100.0000%, Lmin=-791.84, Lmax=-25.27
10:30:55 [ultranest] [DEBUG] iteration=5700, ncalls=40018, regioncalls=1411880, ndraw=40, logz=-798.55, remainder_fraction=100.0000%, Lmin=-791.77, Lmax=-25.27
10:30:55 [ultranest] [DEBUG] iteration=5703, ncalls=40036, regioncalls=1412600, ndraw=40, logz=-798.51, remainder_fraction=100.0000%, Lmin=-791.75, Lmax=-25.27
10:30:55 [ultranest] [DEBUG] iteration=5706, ncalls=40074, regioncalls=1414120, ndraw=40, logz=-798.46, remainder_fraction=100.0000%, Lmin=-791.70, Lmax=-25.27
10:30:55 [ultranest] [DEBUG] iteration=5707, ncalls=40087, regioncalls=1414640, ndraw=40, logz=-798.45, remainder_fraction=100.0000%, Lmin=-791.68, Lmax=-25.27
10:30:56 [ultranest] [DEBUG] iteration=5708, ncalls=40136, regioncalls=1416600, ndraw=40, logz=-798.43, remainder_fraction=100.0000%, Lmin=-791.66, Lmax=-25.27
10:30:56 [ultranest] [DEBUG] iteration=5709, ncalls=40148, regioncalls=1417080, ndraw=40, logz=-798.42, remainder_fraction=100.0000%, Lmin=-791.61, Lmax=-25.27
10:30:56 [ultranest] [DEBUG] iteration=5711, ncalls=40162, regioncalls=1417640, ndraw=40, logz=-798.39, remainder_fraction=100.0000%, Lmin=-791.53, Lmax=-25.27
10:30:56 [ultranest] [DEBUG] iteration=5712, ncalls=40201, regioncalls=1419200, ndraw=40, logz=-798.37, remainder_fraction=100.0000%, Lmin=-791.39, Lmax=-25.27
10:30:56 [ultranest] [DEBUG] iteration=5714, ncalls=40221, regioncalls=1420000, ndraw=40, logz=-798.33, remainder_fraction=100.0000%, Lmin=-791.32, Lmax=-25.27
10:30:57 [ultranest] [DEBUG] iteration=5715, ncalls=40239, regioncalls=1420720, ndraw=40, logz=-798.31, remainder_fraction=100.0000%, Lmin=-791.31, Lmax=-25.27
10:30:57 [ultranest] [DEBUG] iteration=5716, ncalls=40251, regioncalls=1421200, ndraw=40, logz=-798.29, remainder_fraction=100.0000%, Lmin=-791.29, Lmax=-25.27
10:30:57 [ultranest] [DEBUG] iteration=5717, ncalls=40265, regioncalls=1421760, ndraw=40, logz=-798.27, remainder_fraction=100.0000%, Lmin=-791.28, Lmax=-25.27
10:30:57 [ultranest] [DEBUG] iteration=5718, ncalls=40289, regioncalls=1422720, ndraw=40, logz=-798.25, remainder_fraction=100.0000%, Lmin=-791.25, Lmax=-25.27
10:30:57 [ultranest] [DEBUG] iteration=5720, ncalls=40323, regioncalls=1424080, ndraw=40, logz=-798.22, remainder_fraction=100.0000%, Lmin=-791.22, Lmax=-25.27
10:30:58 [ultranest] [DEBUG] iteration=5722, ncalls=40395, regioncalls=1426960, ndraw=40, logz=-798.18, remainder_fraction=100.0000%, Lmin=-791.20, Lmax=-25.27
10:30:58 [ultranest] [DEBUG] iteration=5724, ncalls=40410, regioncalls=1427560, ndraw=40, logz=-798.14, remainder_fraction=100.0000%, Lmin=-791.15, Lmax=-25.27
10:30:58 [ultranest] [DEBUG] iteration=5725, ncalls=40434, regioncalls=1428520, ndraw=40, logz=-798.12, remainder_fraction=100.0000%, Lmin=-791.15, Lmax=-25.27
10:30:59 [ultranest] [DEBUG] iteration=5726, ncalls=40495, regioncalls=1430960, ndraw=40, logz=-798.10, remainder_fraction=100.0000%, Lmin=-791.15, Lmax=-25.27
10:30:59 [ultranest] [DEBUG] iteration=5727, ncalls=40515, regioncalls=1431760, ndraw=40, logz=-798.09, remainder_fraction=100.0000%, Lmin=-791.14, Lmax=-25.27
10:30:59 [ultranest] [DEBUG] iteration=5728, ncalls=40539, regioncalls=1432720, ndraw=40, logz=-798.07, remainder_fraction=100.0000%, Lmin=-791.13, Lmax=-25.27
10:31:00 [ultranest] [DEBUG] iteration=5730, ncalls=40599, regioncalls=1435120, ndraw=40, logz=-798.03, remainder_fraction=100.0000%, Lmin=-791.08, Lmax=-25.27
10:31:00 [ultranest] [DEBUG] iteration=5731, ncalls=40619, regioncalls=1435920, ndraw=40, logz=-798.01, remainder_fraction=100.0000%, Lmin=-791.06, Lmax=-25.27
10:31:00 [ultranest] [DEBUG] iteration=5734, ncalls=40655, regioncalls=1437360, ndraw=40, logz=-797.96, remainder_fraction=100.0000%, Lmin=-791.01, Lmax=-25.27
10:31:00 [ultranest] [DEBUG] iteration=5737, ncalls=40667, regioncalls=1437840, ndraw=40, logz=-797.91, remainder_fraction=100.0000%, Lmin=-790.88, Lmax=-25.27
10:31:01 [ultranest] [DEBUG] iteration=5738, ncalls=40720, regioncalls=1439960, ndraw=40, logz=-797.89, remainder_fraction=100.0000%, Lmin=-790.82, Lmax=-25.27
10:31:01 [ultranest] [DEBUG] iteration=5740, ncalls=40735, regioncalls=1440560, ndraw=40, logz=-797.85, remainder_fraction=100.0000%, Lmin=-790.77, Lmax=-25.27
10:31:01 [ultranest] [DEBUG] iteration=5741, ncalls=40764, regioncalls=1441720, ndraw=40, logz=-797.83, remainder_fraction=100.0000%, Lmin=-790.76, Lmax=-25.27
10:31:01 [ultranest] [DEBUG] iteration=5742, ncalls=40793, regioncalls=1442880, ndraw=40, logz=-797.81, remainder_fraction=100.0000%, Lmin=-790.76, Lmax=-25.27
10:31:02 [ultranest] [DEBUG] iteration=5743, ncalls=40839, regioncalls=1444720, ndraw=40, logz=-797.79, remainder_fraction=100.0000%, Lmin=-790.73, Lmax=-25.27
10:31:02 [ultranest] [DEBUG] iteration=5744, ncalls=40876, regioncalls=1446200, ndraw=40, logz=-797.77, remainder_fraction=100.0000%, Lmin=-790.72, Lmax=-25.27
10:31:02 [ultranest] [DEBUG] iteration=5747, ncalls=40913, regioncalls=1447680, ndraw=40, logz=-797.71, remainder_fraction=100.0000%, Lmin=-790.61, Lmax=-25.27
10:31:03 [ultranest] [DEBUG] iteration=5750, ncalls=40936, regioncalls=1448600, ndraw=40, logz=-797.64, remainder_fraction=100.0000%, Lmin=-790.53, Lmax=-25.27
10:31:03 [ultranest] [DEBUG] iteration=5751, ncalls=40949, regioncalls=1449120, ndraw=40, logz=-797.62, remainder_fraction=100.0000%, Lmin=-790.52, Lmax=-25.27
10:31:03 [ultranest] [DEBUG] iteration=5755, ncalls=40960, regioncalls=1449560, ndraw=40, logz=-797.54, remainder_fraction=100.0000%, Lmin=-790.49, Lmax=-25.27
10:31:03 [ultranest] [DEBUG] iteration=5756, ncalls=40972, regioncalls=1450040, ndraw=40, logz=-797.52, remainder_fraction=100.0000%, Lmin=-790.48, Lmax=-25.27
10:31:03 [ultranest] [DEBUG] iteration=5758, ncalls=40988, regioncalls=1450680, ndraw=40, logz=-797.48, remainder_fraction=100.0000%, Lmin=-790.44, Lmax=-25.27
10:31:03 [ultranest] [DEBUG] iteration=5759, ncalls=41017, regioncalls=1451840, ndraw=40, logz=-797.46, remainder_fraction=100.0000%, Lmin=-790.40, Lmax=-25.27
10:31:04 [ultranest] [DEBUG] iteration=5760, ncalls=41045, regioncalls=1452960, ndraw=40, logz=-797.44, remainder_fraction=100.0000%, Lmin=-790.39, Lmax=-25.27
10:31:04 [ultranest] [DEBUG] iteration=5761, ncalls=41063, regioncalls=1453680, ndraw=40, logz=-797.43, remainder_fraction=100.0000%, Lmin=-790.38, Lmax=-25.27
10:31:04 [ultranest] [DEBUG] iteration=5763, ncalls=41077, regioncalls=1454240, ndraw=40, logz=-797.39, remainder_fraction=100.0000%, Lmin=-790.34, Lmax=-25.27
10:31:04 [ultranest] [DEBUG] iteration=5764, ncalls=41108, regioncalls=1455480, ndraw=40, logz=-797.37, remainder_fraction=100.0000%, Lmin=-790.31, Lmax=-25.27
10:31:05 [ultranest] [DEBUG] iteration=5765, ncalls=41149, regioncalls=1457120, ndraw=40, logz=-797.35, remainder_fraction=100.0000%, Lmin=-790.31, Lmax=-25.27
10:31:05 [ultranest] [DEBUG] iteration=5766, ncalls=41183, regioncalls=1458480, ndraw=40, logz=-797.33, remainder_fraction=100.0000%, Lmin=-790.31, Lmax=-25.27
10:31:05 [ultranest] [DEBUG] iteration=5768, ncalls=41235, regioncalls=1460560, ndraw=40, logz=-797.29, remainder_fraction=100.0000%, Lmin=-790.29, Lmax=-25.27
10:31:06 [ultranest] [DEBUG] iteration=5771, ncalls=41290, regioncalls=1462760, ndraw=40, logz=-797.24, remainder_fraction=100.0000%, Lmin=-790.24, Lmax=-25.27
10:31:06 [ultranest] [DEBUG] iteration=5772, ncalls=41308, regioncalls=1463480, ndraw=40, logz=-797.22, remainder_fraction=100.0000%, Lmin=-790.23, Lmax=-25.27
10:31:06 [ultranest] [DEBUG] iteration=5775, ncalls=41331, regioncalls=1464400, ndraw=40, logz=-797.16, remainder_fraction=100.0000%, Lmin=-790.14, Lmax=-25.27
10:31:06 [ultranest] [DEBUG] iteration=5776, ncalls=41352, regioncalls=1465240, ndraw=40, logz=-797.14, remainder_fraction=100.0000%, Lmin=-790.07, Lmax=-25.27
10:31:07 [ultranest] [DEBUG] iteration=5777, ncalls=41415, regioncalls=1467760, ndraw=40, logz=-797.12, remainder_fraction=100.0000%, Lmin=-790.05, Lmax=-25.27
10:31:07 [ultranest] [DEBUG] iteration=5779, ncalls=41432, regioncalls=1468440, ndraw=40, logz=-797.08, remainder_fraction=100.0000%, Lmin=-790.00, Lmax=-25.27
10:31:07 [ultranest] [DEBUG] iteration=5780, ncalls=41458, regioncalls=1469480, ndraw=40, logz=-797.06, remainder_fraction=100.0000%, Lmin=-789.99, Lmax=-25.27
10:31:07 [ultranest] [DEBUG] iteration=5782, ncalls=41472, regioncalls=1470040, ndraw=40, logz=-797.02, remainder_fraction=100.0000%, Lmin=-789.94, Lmax=-25.27
10:31:08 [ultranest] [DEBUG] iteration=5784, ncalls=41485, regioncalls=1470560, ndraw=40, logz=-796.99, remainder_fraction=100.0000%, Lmin=-789.92, Lmax=-25.27
10:31:08 [ultranest] [DEBUG] iteration=5787, ncalls=41510, regioncalls=1471560, ndraw=40, logz=-796.93, remainder_fraction=100.0000%, Lmin=-789.79, Lmax=-25.27
10:31:08 [ultranest] [DEBUG] iteration=5788, ncalls=41537, regioncalls=1472640, ndraw=40, logz=-796.91, remainder_fraction=100.0000%, Lmin=-789.79, Lmax=-25.27
10:31:09 [ultranest] [DEBUG] iteration=5789, ncalls=41580, regioncalls=1474360, ndraw=40, logz=-796.89, remainder_fraction=100.0000%, Lmin=-789.78, Lmax=-25.27
10:31:09 [ultranest] [DEBUG] iteration=5791, ncalls=41612, regioncalls=1475640, ndraw=40, logz=-796.85, remainder_fraction=100.0000%, Lmin=-789.77, Lmax=-25.27
10:31:09 [ultranest] [DEBUG] iteration=5792, ncalls=41645, regioncalls=1476960, ndraw=40, logz=-796.83, remainder_fraction=100.0000%, Lmin=-789.75, Lmax=-25.27
10:31:10 [ultranest] [DEBUG] iteration=5794, ncalls=41667, regioncalls=1477840, ndraw=40, logz=-796.79, remainder_fraction=100.0000%, Lmin=-789.72, Lmax=-25.27
10:31:10 [ultranest] [DEBUG] iteration=5795, ncalls=41697, regioncalls=1479040, ndraw=40, logz=-796.77, remainder_fraction=100.0000%, Lmin=-789.67, Lmax=-25.27
10:31:10 [ultranest] [DEBUG] iteration=5797, ncalls=41740, regioncalls=1480760, ndraw=40, logz=-796.73, remainder_fraction=100.0000%, Lmin=-789.63, Lmax=-25.27
10:31:11 [ultranest] [DEBUG] iteration=5799, ncalls=41784, regioncalls=1482520, ndraw=40, logz=-796.69, remainder_fraction=100.0000%, Lmin=-789.59, Lmax=-25.27
10:31:11 [ultranest] [DEBUG] iteration=5801, ncalls=41811, regioncalls=1483600, ndraw=40, logz=-796.65, remainder_fraction=100.0000%, Lmin=-789.56, Lmax=-25.27
10:31:11 [ultranest] [DEBUG] iteration=5802, ncalls=41827, regioncalls=1484240, ndraw=40, logz=-796.63, remainder_fraction=100.0000%, Lmin=-789.55, Lmax=-25.27
10:31:12 [ultranest] [DEBUG] iteration=5803, ncalls=41863, regioncalls=1485680, ndraw=40, logz=-796.61, remainder_fraction=100.0000%, Lmin=-789.55, Lmax=-25.27
10:31:12 [ultranest] [DEBUG] iteration=5805, ncalls=41894, regioncalls=1486920, ndraw=40, logz=-796.57, remainder_fraction=100.0000%, Lmin=-789.51, Lmax=-25.27
10:31:12 [ultranest] [DEBUG] iteration=5806, ncalls=41904, regioncalls=1487320, ndraw=40, logz=-796.55, remainder_fraction=100.0000%, Lmin=-789.49, Lmax=-25.27
10:31:12 [ultranest] [DEBUG] iteration=5807, ncalls=41922, regioncalls=1488040, ndraw=40, logz=-796.53, remainder_fraction=100.0000%, Lmin=-789.43, Lmax=-25.27
10:31:13 [ultranest] [DEBUG] iteration=5808, ncalls=41962, regioncalls=1489640, ndraw=40, logz=-796.51, remainder_fraction=100.0000%, Lmin=-789.39, Lmax=-25.27
10:31:13 [ultranest] [DEBUG] iteration=5809, ncalls=41985, regioncalls=1490560, ndraw=40, logz=-796.49, remainder_fraction=100.0000%, Lmin=-789.35, Lmax=-25.27
10:31:13 [ultranest] [DEBUG] iteration=5810, ncalls=42004, regioncalls=1491320, ndraw=40, logz=-796.47, remainder_fraction=100.0000%, Lmin=-789.34, Lmax=-25.27
10:31:13 [ultranest] [DEBUG] iteration=5811, ncalls=42035, regioncalls=1492560, ndraw=40, logz=-796.45, remainder_fraction=100.0000%, Lmin=-789.33, Lmax=-25.27
10:31:14 [ultranest] [DEBUG] iteration=5813, ncalls=42058, regioncalls=1493480, ndraw=40, logz=-796.41, remainder_fraction=100.0000%, Lmin=-789.29, Lmax=-25.27
10:31:14 [ultranest] [DEBUG] iteration=5816, ncalls=42096, regioncalls=1495000, ndraw=40, logz=-796.35, remainder_fraction=100.0000%, Lmin=-789.22, Lmax=-25.27
10:31:14 [ultranest] [DEBUG] iteration=5817, ncalls=42108, regioncalls=1495480, ndraw=40, logz=-796.33, remainder_fraction=100.0000%, Lmin=-789.21, Lmax=-25.27
10:31:14 [ultranest] [DEBUG] iteration=5818, ncalls=42126, regioncalls=1496200, ndraw=40, logz=-796.31, remainder_fraction=100.0000%, Lmin=-789.21, Lmax=-25.27
10:31:15 [ultranest] [DEBUG] iteration=5820, ncalls=42206, regioncalls=1499400, ndraw=40, logz=-796.27, remainder_fraction=100.0000%, Lmin=-789.15, Lmax=-25.27
10:31:16 [ultranest] [DEBUG] iteration=5822, ncalls=42237, regioncalls=1500640, ndraw=40, logz=-796.23, remainder_fraction=100.0000%, Lmin=-789.15, Lmax=-25.27
10:31:16 [ultranest] [DEBUG] iteration=5824, ncalls=42253, regioncalls=1501280, ndraw=40, logz=-796.19, remainder_fraction=100.0000%, Lmin=-789.14, Lmax=-25.27
10:31:16 [ultranest] [DEBUG] iteration=5827, ncalls=42276, regioncalls=1502200, ndraw=40, logz=-796.14, remainder_fraction=100.0000%, Lmin=-789.10, Lmax=-25.27
10:31:16 [ultranest] [DEBUG] iteration=5828, ncalls=42321, regioncalls=1504000, ndraw=40, logz=-796.12, remainder_fraction=100.0000%, Lmin=-789.10, Lmax=-25.27
10:31:17 [ultranest] [DEBUG] iteration=5829, ncalls=42331, regioncalls=1504400, ndraw=40, logz=-796.10, remainder_fraction=100.0000%, Lmin=-789.09, Lmax=-25.27
10:31:17 [ultranest] [DEBUG] iteration=5830, ncalls=42371, regioncalls=1506000, ndraw=40, logz=-796.08, remainder_fraction=100.0000%, Lmin=-789.08, Lmax=-25.27
10:31:17 [ultranest] [DEBUG] iteration=5832, ncalls=42410, regioncalls=1507560, ndraw=40, logz=-796.04, remainder_fraction=100.0000%, Lmin=-788.96, Lmax=-25.27
10:31:18 [ultranest] [DEBUG] iteration=5834, ncalls=42444, regioncalls=1508920, ndraw=40, logz=-796.01, remainder_fraction=100.0000%, Lmin=-788.94, Lmax=-25.27
10:31:18 [ultranest] [DEBUG] iteration=5835, ncalls=42509, regioncalls=1511520, ndraw=40, logz=-795.99, remainder_fraction=100.0000%, Lmin=-788.91, Lmax=-25.27
10:31:18 [ultranest] [DEBUG] iteration=5836, ncalls=42521, regioncalls=1512000, ndraw=40, logz=-795.97, remainder_fraction=100.0000%, Lmin=-788.86, Lmax=-25.27
10:31:19 [ultranest] [DEBUG] iteration=5837, ncalls=42532, regioncalls=1512440, ndraw=40, logz=-795.95, remainder_fraction=100.0000%, Lmin=-788.85, Lmax=-25.27
10:31:19 [ultranest] [DEBUG] iteration=5839, ncalls=42543, regioncalls=1512880, ndraw=40, logz=-795.91, remainder_fraction=100.0000%, Lmin=-788.84, Lmax=-25.27
10:31:19 [ultranest] [DEBUG] iteration=5841, ncalls=42555, regioncalls=1513360, ndraw=40, logz=-795.87, remainder_fraction=100.0000%, Lmin=-788.82, Lmax=-25.27
10:31:19 [ultranest] [DEBUG] iteration=5842, ncalls=42578, regioncalls=1514280, ndraw=40, logz=-795.85, remainder_fraction=100.0000%, Lmin=-788.82, Lmax=-25.27
10:31:19 [ultranest] [DEBUG] iteration=5844, ncalls=42597, regioncalls=1515040, ndraw=40, logz=-795.82, remainder_fraction=100.0000%, Lmin=-788.79, Lmax=-25.27
10:31:20 [ultranest] [DEBUG] iteration=5845, ncalls=42625, regioncalls=1516160, ndraw=40, logz=-795.80, remainder_fraction=100.0000%, Lmin=-788.78, Lmax=-25.27
10:31:20 [ultranest] [DEBUG] iteration=5846, ncalls=42646, regioncalls=1517000, ndraw=40, logz=-795.78, remainder_fraction=100.0000%, Lmin=-788.77, Lmax=-25.27
10:31:20 [ultranest] [DEBUG] iteration=5847, ncalls=42660, regioncalls=1517560, ndraw=40, logz=-795.76, remainder_fraction=100.0000%, Lmin=-788.67, Lmax=-25.27
10:31:20 [ultranest] [DEBUG] iteration=5849, ncalls=42669, regioncalls=1517920, ndraw=40, logz=-795.72, remainder_fraction=100.0000%, Lmin=-788.62, Lmax=-25.27
10:31:20 [ultranest] [DEBUG] iteration=5850, ncalls=42685, regioncalls=1518560, ndraw=40, logz=-795.71, remainder_fraction=100.0000%, Lmin=-788.62, Lmax=-25.27
10:31:20 [ultranest] [DEBUG] iteration=5851, ncalls=42698, regioncalls=1519080, ndraw=40, logz=-795.69, remainder_fraction=100.0000%, Lmin=-788.60, Lmax=-25.27
10:31:21 [ultranest] [DEBUG] iteration=5852, ncalls=42716, regioncalls=1519800, ndraw=40, logz=-795.67, remainder_fraction=100.0000%, Lmin=-788.56, Lmax=-25.27
10:31:21 [ultranest] [DEBUG] iteration=5853, ncalls=42740, regioncalls=1520760, ndraw=40, logz=-795.65, remainder_fraction=100.0000%, Lmin=-788.55, Lmax=-25.27
10:31:21 [ultranest] [DEBUG] iteration=5854, ncalls=42756, regioncalls=1521400, ndraw=40, logz=-795.63, remainder_fraction=100.0000%, Lmin=-788.54, Lmax=-25.27
10:31:21 [ultranest] [DEBUG] iteration=5857, ncalls=42787, regioncalls=1522640, ndraw=40, logz=-795.57, remainder_fraction=100.0000%, Lmin=-788.46, Lmax=-25.27
10:31:22 [ultranest] [DEBUG] iteration=5858, ncalls=42835, regioncalls=1524560, ndraw=40, logz=-795.55, remainder_fraction=100.0000%, Lmin=-788.46, Lmax=-25.27
10:31:22 [ultranest] [DEBUG] iteration=5859, ncalls=42867, regioncalls=1525840, ndraw=40, logz=-795.53, remainder_fraction=100.0000%, Lmin=-788.42, Lmax=-25.27
10:31:22 [ultranest] [DEBUG] iteration=5860, ncalls=42883, regioncalls=1526480, ndraw=40, logz=-795.51, remainder_fraction=100.0000%, Lmin=-788.42, Lmax=-25.27
10:31:22 [ultranest] [DEBUG] iteration=5862, ncalls=42898, regioncalls=1527080, ndraw=40, logz=-795.47, remainder_fraction=100.0000%, Lmin=-788.35, Lmax=-25.27
10:31:23 [ultranest] [DEBUG] iteration=5863, ncalls=42920, regioncalls=1527960, ndraw=40, logz=-795.45, remainder_fraction=100.0000%, Lmin=-788.32, Lmax=-25.27
10:31:23 [ultranest] [DEBUG] iteration=5864, ncalls=42935, regioncalls=1528560, ndraw=40, logz=-795.43, remainder_fraction=100.0000%, Lmin=-788.31, Lmax=-25.27
10:31:23 [ultranest] [DEBUG] iteration=5865, ncalls=42960, regioncalls=1529560, ndraw=40, logz=-795.41, remainder_fraction=100.0000%, Lmin=-788.30, Lmax=-25.27
10:31:23 [ultranest] [DEBUG] iteration=5867, ncalls=42979, regioncalls=1530320, ndraw=40, logz=-795.38, remainder_fraction=100.0000%, Lmin=-788.25, Lmax=-25.27
10:31:23 [ultranest] [DEBUG] iteration=5868, ncalls=42998, regioncalls=1531080, ndraw=40, logz=-795.36, remainder_fraction=100.0000%, Lmin=-788.20, Lmax=-25.27
10:31:24 [ultranest] [DEBUG] iteration=5872, ncalls=43034, regioncalls=1532520, ndraw=40, logz=-795.28, remainder_fraction=100.0000%, Lmin=-788.14, Lmax=-25.27
10:31:24 [ultranest] [DEBUG] iteration=5877, ncalls=43047, regioncalls=1533040, ndraw=40, logz=-795.18, remainder_fraction=100.0000%, Lmin=-787.98, Lmax=-25.27
10:31:24 [ultranest] [DEBUG] iteration=5878, ncalls=43071, regioncalls=1534000, ndraw=40, logz=-795.15, remainder_fraction=100.0000%, Lmin=-787.88, Lmax=-25.27
10:31:24 [ultranest] [DEBUG] iteration=5880, ncalls=43108, regioncalls=1535480, ndraw=40, logz=-795.11, remainder_fraction=100.0000%, Lmin=-787.85, Lmax=-25.27
10:31:24 [ultranest] [DEBUG] iteration=5882, ncalls=43133, regioncalls=1536480, ndraw=40, logz=-795.06, remainder_fraction=100.0000%, Lmin=-787.82, Lmax=-25.27
10:31:25 [ultranest] [DEBUG] iteration=5883, ncalls=43163, regioncalls=1537680, ndraw=40, logz=-795.04, remainder_fraction=100.0000%, Lmin=-787.80, Lmax=-25.27
10:31:25 [ultranest] [DEBUG] iteration=5884, ncalls=43199, regioncalls=1539120, ndraw=40, logz=-795.02, remainder_fraction=100.0000%, Lmin=-787.80, Lmax=-25.27
10:31:25 [ultranest] [DEBUG] iteration=5886, ncalls=43211, regioncalls=1539600, ndraw=40, logz=-794.98, remainder_fraction=100.0000%, Lmin=-787.77, Lmax=-25.27
10:31:25 [ultranest] [DEBUG] iteration=5887, ncalls=43225, regioncalls=1540160, ndraw=40, logz=-794.96, remainder_fraction=100.0000%, Lmin=-787.75, Lmax=-25.27
10:31:25 [ultranest] [DEBUG] iteration=5888, ncalls=43253, regioncalls=1541280, ndraw=40, logz=-794.94, remainder_fraction=100.0000%, Lmin=-787.75, Lmax=-25.27
10:31:26 [ultranest] [DEBUG] iteration=5891, ncalls=43271, regioncalls=1542000, ndraw=40, logz=-794.88, remainder_fraction=100.0000%, Lmin=-787.71, Lmax=-25.27
10:31:26 [ultranest] [DEBUG] iteration=5893, ncalls=43306, regioncalls=1543400, ndraw=40, logz=-794.84, remainder_fraction=100.0000%, Lmin=-787.66, Lmax=-25.27
10:31:26 [ultranest] [DEBUG] iteration=5894, ncalls=43317, regioncalls=1543840, ndraw=40, logz=-794.81, remainder_fraction=100.0000%, Lmin=-787.64, Lmax=-25.27
10:31:26 [ultranest] [DEBUG] iteration=5895, ncalls=43344, regioncalls=1544920, ndraw=40, logz=-794.79, remainder_fraction=100.0000%, Lmin=-787.60, Lmax=-25.27
10:31:27 [ultranest] [DEBUG] iteration=5897, ncalls=43416, regioncalls=1547800, ndraw=40, logz=-794.75, remainder_fraction=100.0000%, Lmin=-787.59, Lmax=-25.27
10:31:27 [ultranest] [DEBUG] iteration=5898, ncalls=43448, regioncalls=1549080, ndraw=40, logz=-794.73, remainder_fraction=100.0000%, Lmin=-787.58, Lmax=-25.27
10:31:28 [ultranest] [DEBUG] iteration=5899, ncalls=43474, regioncalls=1550120, ndraw=40, logz=-794.71, remainder_fraction=100.0000%, Lmin=-787.57, Lmax=-25.27
10:31:28 [ultranest] [DEBUG] iteration=5900, ncalls=43486, regioncalls=1550600, ndraw=40, logz=-794.69, remainder_fraction=100.0000%, Lmin=-787.44, Lmax=-25.27
10:31:28 [ultranest] [DEBUG] iteration=5902, ncalls=43507, regioncalls=1551440, ndraw=40, logz=-794.65, remainder_fraction=100.0000%, Lmin=-787.34, Lmax=-25.27
10:31:28 [ultranest] [DEBUG] iteration=5903, ncalls=43520, regioncalls=1551960, ndraw=40, logz=-794.63, remainder_fraction=100.0000%, Lmin=-787.29, Lmax=-25.27
10:31:28 [ultranest] [DEBUG] iteration=5904, ncalls=43555, regioncalls=1553360, ndraw=40, logz=-794.60, remainder_fraction=100.0000%, Lmin=-787.26, Lmax=-25.27
10:31:29 [ultranest] [DEBUG] iteration=5906, ncalls=43606, regioncalls=1555400, ndraw=40, logz=-794.56, remainder_fraction=100.0000%, Lmin=-787.23, Lmax=-25.27
10:31:29 [ultranest] [DEBUG] iteration=5908, ncalls=43631, regioncalls=1556400, ndraw=40, logz=-794.51, remainder_fraction=100.0000%, Lmin=-787.19, Lmax=-25.27
10:31:29 [ultranest] [DEBUG] iteration=5910, ncalls=43688, regioncalls=1558680, ndraw=40, logz=-794.46, remainder_fraction=100.0000%, Lmin=-787.15, Lmax=-25.27
10:31:30 [ultranest] [DEBUG] iteration=5913, ncalls=43707, regioncalls=1559440, ndraw=40, logz=-794.39, remainder_fraction=100.0000%, Lmin=-787.01, Lmax=-25.27
10:31:30 [ultranest] [DEBUG] iteration=5914, ncalls=43729, regioncalls=1560320, ndraw=40, logz=-794.37, remainder_fraction=100.0000%, Lmin=-787.00, Lmax=-25.27
10:31:30 [ultranest] [DEBUG] iteration=5917, ncalls=43749, regioncalls=1561120, ndraw=40, logz=-794.30, remainder_fraction=100.0000%, Lmin=-786.94, Lmax=-25.27
10:31:31 [ultranest] [DEBUG] iteration=5918, ncalls=43819, regioncalls=1563920, ndraw=40, logz=-794.27, remainder_fraction=100.0000%, Lmin=-786.94, Lmax=-25.27
10:31:31 [ultranest] [DEBUG] iteration=5920, ncalls=43832, regioncalls=1564440, ndraw=40, logz=-794.22, remainder_fraction=100.0000%, Lmin=-786.87, Lmax=-25.27
10:31:31 [ultranest] [DEBUG] iteration=5921, ncalls=43907, regioncalls=1567440, ndraw=40, logz=-794.20, remainder_fraction=100.0000%, Lmin=-786.86, Lmax=-25.27
10:31:32 [ultranest] [DEBUG] iteration=5923, ncalls=43946, regioncalls=1569000, ndraw=40, logz=-794.15, remainder_fraction=100.0000%, Lmin=-786.80, Lmax=-25.27
10:31:32 [ultranest] [DEBUG] iteration=5925, ncalls=43968, regioncalls=1569880, ndraw=40, logz=-794.11, remainder_fraction=100.0000%, Lmin=-786.73, Lmax=-25.27
10:31:32 [ultranest] [DEBUG] iteration=5926, ncalls=44003, regioncalls=1571280, ndraw=40, logz=-794.08, remainder_fraction=100.0000%, Lmin=-786.71, Lmax=-25.27
10:31:33 [ultranest] [DEBUG] iteration=5928, ncalls=44047, regioncalls=1573040, ndraw=40, logz=-794.03, remainder_fraction=100.0000%, Lmin=-786.67, Lmax=-25.27
10:31:33 [ultranest] [DEBUG] iteration=5931, ncalls=44094, regioncalls=1574920, ndraw=40, logz=-793.96, remainder_fraction=100.0000%, Lmin=-786.62, Lmax=-25.27
10:31:33 [ultranest] [DEBUG] iteration=5932, ncalls=44136, regioncalls=1576600, ndraw=40, logz=-793.94, remainder_fraction=100.0000%, Lmin=-786.61, Lmax=-25.27
10:31:34 [ultranest] [DEBUG] iteration=5935, ncalls=44195, regioncalls=1578960, ndraw=40, logz=-793.86, remainder_fraction=100.0000%, Lmin=-786.45, Lmax=-25.27
10:31:34 [ultranest] [DEBUG] iteration=5937, ncalls=44235, regioncalls=1580560, ndraw=40, logz=-793.81, remainder_fraction=100.0000%, Lmin=-786.40, Lmax=-25.27
10:31:34 [ultranest] [DEBUG] iteration=5938, ncalls=44249, regioncalls=1581120, ndraw=40, logz=-793.79, remainder_fraction=100.0000%, Lmin=-786.40, Lmax=-25.27
10:31:34 [ultranest] [DEBUG] iteration=5940, ncalls=44277, regioncalls=1582240, ndraw=40, logz=-793.74, remainder_fraction=100.0000%, Lmin=-786.38, Lmax=-25.27
10:31:35 [ultranest] [DEBUG] iteration=5942, ncalls=44307, regioncalls=1583440, ndraw=40, logz=-793.69, remainder_fraction=100.0000%, Lmin=-786.35, Lmax=-25.27
10:31:35 [ultranest] [DEBUG] iteration=5943, ncalls=44358, regioncalls=1585480, ndraw=40, logz=-793.67, remainder_fraction=100.0000%, Lmin=-786.33, Lmax=-25.27
10:31:35 [ultranest] [DEBUG] iteration=5945, ncalls=44370, regioncalls=1585960, ndraw=40, logz=-793.62, remainder_fraction=100.0000%, Lmin=-786.24, Lmax=-25.27
10:31:36 [ultranest] [DEBUG] iteration=5947, ncalls=44430, regioncalls=1588360, ndraw=40, logz=-793.58, remainder_fraction=100.0000%, Lmin=-786.20, Lmax=-25.27
10:31:36 [ultranest] [DEBUG] iteration=5948, ncalls=44448, regioncalls=1589080, ndraw=40, logz=-793.55, remainder_fraction=100.0000%, Lmin=-786.18, Lmax=-25.27
10:31:36 [ultranest] [DEBUG] iteration=5950, ncalls=44480, regioncalls=1590360, ndraw=40, logz=-793.50, remainder_fraction=100.0000%, Lmin=-786.13, Lmax=-25.27
10:31:36 [ultranest] [DEBUG] iteration=5951, ncalls=44504, regioncalls=1591320, ndraw=40, logz=-793.48, remainder_fraction=100.0000%, Lmin=-786.11, Lmax=-25.27
10:31:37 [ultranest] [DEBUG] iteration=5952, ncalls=44566, regioncalls=1593800, ndraw=40, logz=-793.46, remainder_fraction=100.0000%, Lmin=-786.11, Lmax=-25.27
10:31:37 [ultranest] [DEBUG] iteration=5956, ncalls=44585, regioncalls=1594560, ndraw=40, logz=-793.36, remainder_fraction=100.0000%, Lmin=-785.96, Lmax=-25.27
10:31:37 [ultranest] [DEBUG] iteration=5958, ncalls=44605, regioncalls=1595360, ndraw=40, logz=-793.31, remainder_fraction=100.0000%, Lmin=-785.83, Lmax=-25.27
10:31:38 [ultranest] [DEBUG] iteration=5960, ncalls=44628, regioncalls=1596280, ndraw=40, logz=-793.26, remainder_fraction=100.0000%, Lmin=-785.74, Lmax=-25.27
10:31:38 [ultranest] [DEBUG] iteration=5962, ncalls=44655, regioncalls=1597360, ndraw=40, logz=-793.20, remainder_fraction=100.0000%, Lmin=-785.70, Lmax=-25.27
10:31:38 [ultranest] [DEBUG] iteration=5964, ncalls=44677, regioncalls=1598240, ndraw=40, logz=-793.15, remainder_fraction=100.0000%, Lmin=-785.57, Lmax=-25.27
10:31:38 [ultranest] [DEBUG] iteration=5966, ncalls=44700, regioncalls=1599160, ndraw=40, logz=-793.09, remainder_fraction=100.0000%, Lmin=-785.53, Lmax=-25.27
10:31:38 [ultranest] [DEBUG] iteration=5967, ncalls=44736, regioncalls=1600600, ndraw=40, logz=-793.06, remainder_fraction=100.0000%, Lmin=-785.52, Lmax=-25.27
10:31:39 [ultranest] [DEBUG] iteration=5968, ncalls=44772, regioncalls=1602040, ndraw=40, logz=-793.03, remainder_fraction=100.0000%, Lmin=-785.48, Lmax=-25.27
10:31:39 [ultranest] [DEBUG] iteration=5969, ncalls=44796, regioncalls=1603000, ndraw=40, logz=-793.01, remainder_fraction=100.0000%, Lmin=-785.44, Lmax=-25.27
10:31:39 [ultranest] [DEBUG] iteration=5971, ncalls=44813, regioncalls=1603680, ndraw=40, logz=-792.94, remainder_fraction=100.0000%, Lmin=-785.20, Lmax=-25.27
10:31:39 [ultranest] [DEBUG] iteration=5972, ncalls=44831, regioncalls=1604400, ndraw=40, logz=-792.91, remainder_fraction=100.0000%, Lmin=-785.17, Lmax=-25.27
10:31:39 [ultranest] [DEBUG] iteration=5974, ncalls=44845, regioncalls=1604960, ndraw=40, logz=-792.84, remainder_fraction=100.0000%, Lmin=-785.06, Lmax=-25.27
10:31:40 [ultranest] [DEBUG] iteration=5975, ncalls=44864, regioncalls=1605720, ndraw=40, logz=-792.80, remainder_fraction=100.0000%, Lmin=-785.06, Lmax=-25.27
10:31:40 [ultranest] [DEBUG] iteration=5977, ncalls=44901, regioncalls=1607200, ndraw=40, logz=-792.74, remainder_fraction=100.0000%, Lmin=-784.97, Lmax=-25.27
10:31:40 [ultranest] [DEBUG] iteration=5980, ncalls=44927, regioncalls=1608240, ndraw=40, logz=-792.63, remainder_fraction=100.0000%, Lmin=-784.76, Lmax=-25.27
10:31:40 [ultranest] [DEBUG] iteration=5981, ncalls=44946, regioncalls=1609000, ndraw=40, logz=-792.60, remainder_fraction=100.0000%, Lmin=-784.73, Lmax=-25.27
10:31:40 [ultranest] [DEBUG] iteration=5982, ncalls=44970, regioncalls=1609960, ndraw=40, logz=-792.56, remainder_fraction=100.0000%, Lmin=-784.70, Lmax=-25.27
10:31:41 [ultranest] [DEBUG] iteration=5983, ncalls=44985, regioncalls=1610560, ndraw=40, logz=-792.52, remainder_fraction=100.0000%, Lmin=-784.70, Lmax=-25.27
10:31:41 [ultranest] [DEBUG] iteration=5984, ncalls=44998, regioncalls=1611080, ndraw=40, logz=-792.48, remainder_fraction=100.0000%, Lmin=-784.69, Lmax=-25.27
10:31:41 [ultranest] [DEBUG] iteration=5987, ncalls=45027, regioncalls=1612240, ndraw=40, logz=-792.36, remainder_fraction=100.0000%, Lmin=-784.32, Lmax=-25.27
10:31:41 [ultranest] [DEBUG] iteration=5988, ncalls=45044, regioncalls=1612920, ndraw=40, logz=-792.32, remainder_fraction=100.0000%, Lmin=-784.32, Lmax=-25.27
10:31:41 [ultranest] [DEBUG] iteration=5989, ncalls=45078, regioncalls=1614280, ndraw=40, logz=-792.27, remainder_fraction=100.0000%, Lmin=-784.21, Lmax=-25.27
10:31:42 [ultranest] [DEBUG] iteration=5991, ncalls=45093, regioncalls=1614880, ndraw=40, logz=-792.18, remainder_fraction=100.0000%, Lmin=-784.13, Lmax=-25.27
10:31:42 [ultranest] [DEBUG] iteration=5993, ncalls=45106, regioncalls=1615400, ndraw=40, logz=-792.09, remainder_fraction=100.0000%, Lmin=-783.93, Lmax=-25.27
10:31:42 [ultranest] [DEBUG] iteration=5994, ncalls=45136, regioncalls=1616600, ndraw=40, logz=-792.04, remainder_fraction=100.0000%, Lmin=-783.91, Lmax=-25.27
10:31:42 [ultranest] [DEBUG] iteration=5997, ncalls=45160, regioncalls=1617560, ndraw=40, logz=-791.89, remainder_fraction=100.0000%, Lmin=-783.66, Lmax=-25.27
10:31:42 [ultranest] [DEBUG] iteration=5998, ncalls=45173, regioncalls=1618080, ndraw=40, logz=-791.83, remainder_fraction=100.0000%, Lmin=-783.49, Lmax=-25.27
10:31:43 [ultranest] [DEBUG] iteration=6000, ncalls=45205, regioncalls=1619360, ndraw=40, logz=-791.71, remainder_fraction=100.0000%, Lmin=-783.36, Lmax=-25.27
10:31:43 [ultranest] [DEBUG] iteration=6002, ncalls=45233, regioncalls=1620480, ndraw=40, logz=-791.59, remainder_fraction=100.0000%, Lmin=-783.02, Lmax=-25.27
10:31:43 [ultranest] [DEBUG] iteration=6003, ncalls=45262, regioncalls=1621640, ndraw=40, logz=-791.51, remainder_fraction=100.0000%, Lmin=-782.96, Lmax=-25.27
10:31:43 [ultranest] [DEBUG] iteration=6005, ncalls=45288, regioncalls=1622680, ndraw=40, logz=-791.35, remainder_fraction=100.0000%, Lmin=-782.68, Lmax=-25.27
10:31:44 [ultranest] [DEBUG] iteration=6007, ncalls=45317, regioncalls=1623840, ndraw=40, logz=-791.17, remainder_fraction=100.0000%, Lmin=-782.38, Lmax=-25.27
10:31:44 [ultranest] [DEBUG] iteration=6008, ncalls=45344, regioncalls=1624920, ndraw=40, logz=-791.08, remainder_fraction=100.0000%, Lmin=-782.27, Lmax=-25.27
10:31:44 [ultranest] [DEBUG] iteration=6009, ncalls=45366, regioncalls=1625800, ndraw=40, logz=-790.99, remainder_fraction=100.0000%, Lmin=-782.26, Lmax=-25.27
10:31:44 [ultranest] [DEBUG] iteration=6010, ncalls=45381, regioncalls=1626400, ndraw=40, logz=-790.90, remainder_fraction=100.0000%, Lmin=-782.22, Lmax=-25.27
10:31:44 [ultranest] [DEBUG] iteration=6011, ncalls=45425, regioncalls=1628160, ndraw=40, logz=-790.82, remainder_fraction=100.0000%, Lmin=-782.18, Lmax=-25.27
10:31:45 [ultranest] [DEBUG] iteration=6012, ncalls=45448, regioncalls=1629080, ndraw=40, logz=-790.74, remainder_fraction=100.0000%, Lmin=-782.12, Lmax=-25.27
10:31:45 [ultranest] [DEBUG] iteration=6013, ncalls=45464, regioncalls=1629720, ndraw=40, logz=-790.66, remainder_fraction=100.0000%, Lmin=-782.12, Lmax=-25.27
10:31:45 [ultranest] [DEBUG] iteration=6014, ncalls=45490, regioncalls=1630760, ndraw=40, logz=-790.59, remainder_fraction=100.0000%, Lmin=-781.95, Lmax=-25.27
10:31:45 [ultranest] [DEBUG] iteration=6017, ncalls=45527, regioncalls=1632240, ndraw=40, logz=-790.35, remainder_fraction=100.0000%, Lmin=-781.67, Lmax=-25.27
10:31:46 [ultranest] [DEBUG] iteration=6018, ncalls=45549, regioncalls=1633120, ndraw=40, logz=-790.27, remainder_fraction=100.0000%, Lmin=-781.48, Lmax=-25.27
10:31:46 [ultranest] [DEBUG] iteration=6019, ncalls=45573, regioncalls=1634080, ndraw=40, logz=-790.18, remainder_fraction=100.0000%, Lmin=-781.12, Lmax=-25.27
10:31:46 [ultranest] [DEBUG] iteration=6020, ncalls=45623, regioncalls=1636080, ndraw=40, logz=-790.06, remainder_fraction=100.0000%, Lmin=-780.70, Lmax=-25.27
10:31:47 [ultranest] [DEBUG] iteration=6021, ncalls=45668, regioncalls=1637880, ndraw=40, logz=-789.90, remainder_fraction=100.0000%, Lmin=-780.64, Lmax=-25.27
10:31:47 [ultranest] [DEBUG] iteration=6023, ncalls=45714, regioncalls=1639720, ndraw=40, logz=-789.62, remainder_fraction=100.0000%, Lmin=-780.04, Lmax=-25.27
10:31:47 [ultranest] [DEBUG] iteration=6024, ncalls=45731, regioncalls=1640400, ndraw=40, logz=-789.43, remainder_fraction=100.0000%, Lmin=-779.95, Lmax=-25.27
10:31:47 [ultranest] [DEBUG] iteration=6026, ncalls=45748, regioncalls=1641080, ndraw=40, logz=-789.05, remainder_fraction=100.0000%, Lmin=-779.60, Lmax=-25.27
10:31:47 [ultranest] [DEBUG] iteration=6029, ncalls=45776, regioncalls=1642200, ndraw=40, logz=-788.56, remainder_fraction=100.0000%, Lmin=-779.02, Lmax=-25.27
10:31:48 [ultranest] [DEBUG] iteration=6030, ncalls=45804, regioncalls=1643320, ndraw=40, logz=-788.38, remainder_fraction=100.0000%, Lmin=-778.98, Lmax=-25.27
10:31:48 [ultranest] [DEBUG] iteration=6032, ncalls=45823, regioncalls=1644080, ndraw=40, logz=-788.07, remainder_fraction=100.0000%, Lmin=-778.89, Lmax=-25.27
10:31:48 [ultranest] [DEBUG] iteration=6033, ncalls=45843, regioncalls=1644880, ndraw=40, logz=-787.94, remainder_fraction=100.0000%, Lmin=-778.68, Lmax=-25.27
10:31:48 [ultranest] [DEBUG] iteration=6035, ncalls=45864, regioncalls=1645720, ndraw=40, logz=-787.65, remainder_fraction=100.0000%, Lmin=-778.41, Lmax=-25.27
10:31:48 [ultranest] [DEBUG] iteration=6036, ncalls=45879, regioncalls=1646320, ndraw=40, logz=-787.51, remainder_fraction=100.0000%, Lmin=-778.27, Lmax=-25.27
10:31:49 [ultranest] [DEBUG] iteration=6037, ncalls=45898, regioncalls=1647080, ndraw=40, logz=-787.37, remainder_fraction=100.0000%, Lmin=-778.26, Lmax=-25.27
10:31:49 [ultranest] [DEBUG] iteration=6039, ncalls=45916, regioncalls=1647800, ndraw=40, logz=-787.14, remainder_fraction=100.0000%, Lmin=-777.99, Lmax=-25.27
10:31:49 [ultranest] [DEBUG] iteration=6041, ncalls=45945, regioncalls=1648960, ndraw=40, logz=-786.87, remainder_fraction=100.0000%, Lmin=-777.56, Lmax=-25.27
10:31:49 [ultranest] [DEBUG] iteration=6043, ncalls=45969, regioncalls=1649920, ndraw=40, logz=-786.58, remainder_fraction=100.0000%, Lmin=-777.42, Lmax=-25.27
10:31:49 [ultranest] [DEBUG] iteration=6045, ncalls=45995, regioncalls=1650960, ndraw=40, logz=-786.34, remainder_fraction=100.0000%, Lmin=-777.36, Lmax=-25.27
10:31:49 [ultranest] [DEBUG] iteration=6046, ncalls=46008, regioncalls=1651480, ndraw=40, logz=-786.23, remainder_fraction=100.0000%, Lmin=-777.22, Lmax=-25.27
10:31:50 [ultranest] [DEBUG] iteration=6050, ncalls=46021, regioncalls=1652000, ndraw=40, logz=-785.83, remainder_fraction=100.0000%, Lmin=-776.99, Lmax=-25.27
10:31:50 [ultranest] [DEBUG] iteration=6052, ncalls=46036, regioncalls=1652600, ndraw=40, logz=-785.62, remainder_fraction=100.0000%, Lmin=-776.57, Lmax=-25.27
10:31:50 [ultranest] [DEBUG] iteration=6053, ncalls=46115, regioncalls=1655760, ndraw=40, logz=-785.51, remainder_fraction=100.0000%, Lmin=-776.55, Lmax=-25.27
10:31:51 [ultranest] [DEBUG] iteration=6055, ncalls=46136, regioncalls=1656600, ndraw=40, logz=-785.28, remainder_fraction=100.0000%, Lmin=-776.30, Lmax=-25.27
10:31:51 [ultranest] [DEBUG] iteration=6056, ncalls=46154, regioncalls=1657320, ndraw=40, logz=-785.18, remainder_fraction=100.0000%, Lmin=-776.27, Lmax=-25.27
10:31:51 [ultranest] [DEBUG] iteration=6057, ncalls=46181, regioncalls=1658400, ndraw=40, logz=-785.08, remainder_fraction=100.0000%, Lmin=-776.13, Lmax=-25.27
10:31:51 [ultranest] [DEBUG] iteration=6058, ncalls=46230, regioncalls=1660360, ndraw=40, logz=-784.97, remainder_fraction=100.0000%, Lmin=-775.78, Lmax=-25.27
10:31:52 [ultranest] [DEBUG] iteration=6059, ncalls=46249, regioncalls=1661120, ndraw=40, logz=-784.84, remainder_fraction=100.0000%, Lmin=-775.66, Lmax=-25.27
10:31:52 [ultranest] [DEBUG] iteration=6060, ncalls=46295, regioncalls=1662960, ndraw=40, logz=-784.71, remainder_fraction=100.0000%, Lmin=-775.54, Lmax=-25.27
10:31:52 [ultranest] [DEBUG] iteration=6062, ncalls=46338, regioncalls=1664680, ndraw=40, logz=-784.47, remainder_fraction=100.0000%, Lmin=-775.42, Lmax=-25.27
10:31:53 [ultranest] [DEBUG] iteration=6063, ncalls=46404, regioncalls=1667320, ndraw=40, logz=-784.36, remainder_fraction=100.0000%, Lmin=-775.40, Lmax=-25.27
10:31:53 [ultranest] [DEBUG] iteration=6064, ncalls=46420, regioncalls=1667960, ndraw=40, logz=-784.25, remainder_fraction=100.0000%, Lmin=-775.10, Lmax=-25.27
10:31:53 [ultranest] [DEBUG] iteration=6066, ncalls=46435, regioncalls=1668560, ndraw=40, logz=-784.01, remainder_fraction=100.0000%, Lmin=-774.88, Lmax=-25.27
10:31:53 [ultranest] [DEBUG] iteration=6069, ncalls=46452, regioncalls=1669240, ndraw=40, logz=-783.67, remainder_fraction=100.0000%, Lmin=-774.72, Lmax=-25.27
10:31:54 [ultranest] [DEBUG] iteration=6071, ncalls=46474, regioncalls=1670120, ndraw=40, logz=-783.46, remainder_fraction=100.0000%, Lmin=-774.47, Lmax=-25.27
10:31:54 [ultranest] [DEBUG] iteration=6073, ncalls=46526, regioncalls=1672200, ndraw=40, logz=-783.24, remainder_fraction=100.0000%, Lmin=-774.34, Lmax=-25.27
10:31:54 [ultranest] [DEBUG] iteration=6075, ncalls=46544, regioncalls=1672920, ndraw=40, logz=-783.03, remainder_fraction=100.0000%, Lmin=-774.06, Lmax=-25.27
10:31:54 [ultranest] [DEBUG] iteration=6077, ncalls=46579, regioncalls=1674320, ndraw=40, logz=-782.82, remainder_fraction=100.0000%, Lmin=-773.86, Lmax=-25.27
10:31:55 [ultranest] [DEBUG] iteration=6078, ncalls=46605, regioncalls=1675360, ndraw=40, logz=-782.72, remainder_fraction=100.0000%, Lmin=-773.79, Lmax=-25.27
10:31:55 [ultranest] [DEBUG] iteration=6080, ncalls=46619, regioncalls=1675920, ndraw=40, logz=-782.53, remainder_fraction=100.0000%, Lmin=-773.65, Lmax=-25.27
10:31:55 [ultranest] [DEBUG] iteration=6082, ncalls=46648, regioncalls=1677080, ndraw=40, logz=-782.34, remainder_fraction=100.0000%, Lmin=-773.49, Lmax=-25.27
10:31:55 [ultranest] [DEBUG] iteration=6084, ncalls=46660, regioncalls=1677560, ndraw=40, logz=-782.11, remainder_fraction=100.0000%, Lmin=-772.94, Lmax=-25.27
10:31:55 [ultranest] [DEBUG] iteration=6085, ncalls=46672, regioncalls=1678040, ndraw=40, logz=-781.98, remainder_fraction=100.0000%, Lmin=-772.68, Lmax=-25.27
10:31:55 [ultranest] [DEBUG] iteration=6086, ncalls=46674, regioncalls=1678120, ndraw=40, logz=-781.84, remainder_fraction=100.0000%, Lmin=-772.68, Lmax=-25.27
10:31:56 [ultranest] [DEBUG] iteration=6090, ncalls=46685, regioncalls=1678560, ndraw=40, logz=-781.36, remainder_fraction=100.0000%, Lmin=-772.33, Lmax=-25.27
10:31:56 [ultranest] [DEBUG] iteration=6093, ncalls=46696, regioncalls=1679000, ndraw=40, logz=-781.02, remainder_fraction=100.0000%, Lmin=-772.02, Lmax=-25.27
10:31:56 [ultranest] [DEBUG] iteration=6095, ncalls=46719, regioncalls=1679920, ndraw=40, logz=-780.82, remainder_fraction=100.0000%, Lmin=-771.99, Lmax=-25.27
10:31:56 [ultranest] [DEBUG] iteration=6096, ncalls=46733, regioncalls=1680480, ndraw=40, logz=-780.73, remainder_fraction=100.0000%, Lmin=-771.91, Lmax=-25.27
10:31:56 [ultranest] [DEBUG] iteration=6098, ncalls=46745, regioncalls=1680960, ndraw=40, logz=-780.55, remainder_fraction=100.0000%, Lmin=-771.78, Lmax=-25.27
10:31:56 [ultranest] [DEBUG] iteration=6100, ncalls=46758, regioncalls=1681480, ndraw=40, logz=-780.39, remainder_fraction=100.0000%, Lmin=-771.61, Lmax=-25.27
10:31:56 [ultranest] [DEBUG] iteration=6101, ncalls=46783, regioncalls=1682480, ndraw=40, logz=-780.30, remainder_fraction=100.0000%, Lmin=-771.55, Lmax=-25.27
10:31:57 [ultranest] [DEBUG] iteration=6104, ncalls=46795, regioncalls=1682960, ndraw=40, logz=-780.04, remainder_fraction=100.0000%, Lmin=-771.06, Lmax=-25.27
10:31:57 [ultranest] [DEBUG] iteration=6108, ncalls=46827, regioncalls=1684240, ndraw=40, logz=-779.59, remainder_fraction=100.0000%, Lmin=-770.39, Lmax=-25.27
10:31:57 [ultranest] [DEBUG] iteration=6109, ncalls=46855, regioncalls=1685360, ndraw=40, logz=-779.47, remainder_fraction=100.0000%, Lmin=-770.39, Lmax=-25.27
10:31:57 [ultranest] [DEBUG] iteration=6114, ncalls=46869, regioncalls=1685920, ndraw=40, logz=-778.81, remainder_fraction=100.0000%, Lmin=-769.38, Lmax=-25.27
10:31:57 [ultranest] [DEBUG] iteration=6117, ncalls=46899, regioncalls=1687120, ndraw=40, logz=-778.36, remainder_fraction=100.0000%, Lmin=-768.85, Lmax=-25.27
10:31:58 [ultranest] [DEBUG] iteration=6120, ncalls=46912, regioncalls=1687640, ndraw=40, logz=-777.89, remainder_fraction=100.0000%, Lmin=-768.66, Lmax=-25.27
10:31:58 [ultranest] [DEBUG] iteration=6122, ncalls=46928, regioncalls=1688280, ndraw=40, logz=-777.63, remainder_fraction=100.0000%, Lmin=-768.46, Lmax=-25.27
10:31:58 [ultranest] [DEBUG] iteration=6125, ncalls=46948, regioncalls=1689080, ndraw=40, logz=-777.27, remainder_fraction=100.0000%, Lmin=-768.26, Lmax=-25.27
10:31:58 [ultranest] [DEBUG] iteration=6126, ncalls=46964, regioncalls=1689720, ndraw=40, logz=-777.17, remainder_fraction=100.0000%, Lmin=-767.91, Lmax=-25.27
10:31:58 [ultranest] [DEBUG] iteration=6128, ncalls=46978, regioncalls=1690280, ndraw=40, logz=-776.92, remainder_fraction=100.0000%, Lmin=-767.75, Lmax=-25.27
10:31:58 [ultranest] [DEBUG] iteration=6132, ncalls=46989, regioncalls=1690720, ndraw=40, logz=-776.30, remainder_fraction=100.0000%, Lmin=-766.58, Lmax=-25.27
10:31:58 [ultranest] [DEBUG] iteration=6133, ncalls=47002, regioncalls=1691240, ndraw=40, logz=-776.10, remainder_fraction=100.0000%, Lmin=-766.41, Lmax=-25.27
10:31:59 [ultranest] [DEBUG] iteration=6135, ncalls=47042, regioncalls=1692840, ndraw=40, logz=-775.69, remainder_fraction=100.0000%, Lmin=-765.97, Lmax=-25.27
10:31:59 [ultranest] [DEBUG] iteration=6137, ncalls=47061, regioncalls=1693600, ndraw=40, logz=-775.31, remainder_fraction=100.0000%, Lmin=-765.68, Lmax=-25.27
10:31:59 [ultranest] [DEBUG] iteration=6141, ncalls=47090, regioncalls=1694760, ndraw=40, logz=-774.65, remainder_fraction=100.0000%, Lmin=-765.39, Lmax=-25.27
10:31:59 [ultranest] [DEBUG] iteration=6144, ncalls=47101, regioncalls=1695200, ndraw=40, logz=-774.27, remainder_fraction=100.0000%, Lmin=-765.17, Lmax=-25.27
10:31:59 [ultranest] [DEBUG] iteration=6146, ncalls=47118, regioncalls=1695880, ndraw=40, logz=-774.05, remainder_fraction=100.0000%, Lmin=-765.11, Lmax=-25.27
10:31:59 [ultranest] [DEBUG] iteration=6147, ncalls=47134, regioncalls=1696520, ndraw=40, logz=-773.96, remainder_fraction=100.0000%, Lmin=-765.00, Lmax=-25.27
10:32:00 [ultranest] [DEBUG] iteration=6148, ncalls=47149, regioncalls=1697120, ndraw=40, logz=-773.86, remainder_fraction=100.0000%, Lmin=-764.94, Lmax=-25.27
10:32:00 [ultranest] [DEBUG] iteration=6149, ncalls=47190, regioncalls=1698760, ndraw=40, logz=-773.76, remainder_fraction=100.0000%, Lmin=-764.65, Lmax=-25.27
10:32:00 [ultranest] [DEBUG] iteration=6151, ncalls=47203, regioncalls=1699280, ndraw=40, logz=-773.54, remainder_fraction=100.0000%, Lmin=-764.50, Lmax=-25.27
10:32:00 [ultranest] [DEBUG] iteration=6155, ncalls=47217, regioncalls=1699840, ndraw=40, logz=-773.14, remainder_fraction=100.0000%, Lmin=-764.23, Lmax=-25.27
10:32:00 [ultranest] [DEBUG] iteration=6158, ncalls=47229, regioncalls=1700320, ndraw=40, logz=-772.83, remainder_fraction=100.0000%, Lmin=-763.52, Lmax=-25.27
10:32:00 [ultranest] [DEBUG] iteration=6161, ncalls=47250, regioncalls=1701160, ndraw=40, logz=-772.39, remainder_fraction=100.0000%, Lmin=-762.96, Lmax=-25.27
10:32:01 [ultranest] [DEBUG] iteration=6162, ncalls=47280, regioncalls=1702360, ndraw=40, logz=-772.24, remainder_fraction=100.0000%, Lmin=-762.85, Lmax=-25.27
10:32:01 [ultranest] [DEBUG] iteration=6164, ncalls=47295, regioncalls=1702960, ndraw=40, logz=-771.94, remainder_fraction=100.0000%, Lmin=-762.57, Lmax=-25.27
10:32:01 [ultranest] [DEBUG] iteration=6165, ncalls=47316, regioncalls=1703800, ndraw=40, logz=-771.79, remainder_fraction=100.0000%, Lmin=-762.45, Lmax=-25.27
10:32:01 [ultranest] [DEBUG] iteration=6168, ncalls=47328, regioncalls=1704280, ndraw=40, logz=-771.34, remainder_fraction=100.0000%, Lmin=-761.86, Lmax=-25.27
10:32:01 [ultranest] [DEBUG] iteration=6172, ncalls=47348, regioncalls=1705080, ndraw=40, logz=-770.55, remainder_fraction=100.0000%, Lmin=-760.61, Lmax=-25.27
10:32:02 [ultranest] [DEBUG] iteration=6174, ncalls=47367, regioncalls=1705840, ndraw=40, logz=-770.11, remainder_fraction=100.0000%, Lmin=-760.45, Lmax=-25.27
10:32:02 [ultranest] [DEBUG] iteration=6175, ncalls=47383, regioncalls=1706480, ndraw=40, logz=-769.92, remainder_fraction=100.0000%, Lmin=-760.44, Lmax=-25.27
10:32:02 [ultranest] [DEBUG] iteration=6177, ncalls=47398, regioncalls=1707080, ndraw=40, logz=-769.58, remainder_fraction=100.0000%, Lmin=-760.04, Lmax=-25.27
10:32:02 [ultranest] [DEBUG] iteration=6179, ncalls=47419, regioncalls=1707920, ndraw=40, logz=-769.21, remainder_fraction=100.0000%, Lmin=-759.64, Lmax=-25.27
10:32:02 [ultranest] [DEBUG] iteration=6182, ncalls=47437, regioncalls=1708640, ndraw=40, logz=-768.71, remainder_fraction=100.0000%, Lmin=-759.19, Lmax=-25.27
10:32:02 [ultranest] [DEBUG] iteration=6185, ncalls=47452, regioncalls=1709240, ndraw=40, logz=-768.23, remainder_fraction=100.0000%, Lmin=-758.62, Lmax=-25.27
10:32:02 [ultranest] [DEBUG] iteration=6187, ncalls=47468, regioncalls=1709880, ndraw=40, logz=-767.89, remainder_fraction=100.0000%, Lmin=-758.10, Lmax=-25.27
10:32:03 [ultranest] [DEBUG] iteration=6190, ncalls=47486, regioncalls=1710600, ndraw=40, logz=-767.27, remainder_fraction=100.0000%, Lmin=-757.61, Lmax=-25.27
10:32:03 [ultranest] [DEBUG] iteration=6191, ncalls=47498, regioncalls=1711080, ndraw=40, logz=-767.08, remainder_fraction=100.0000%, Lmin=-757.39, Lmax=-25.27
10:32:03 [ultranest] [DEBUG] iteration=6193, ncalls=47512, regioncalls=1711640, ndraw=40, logz=-766.67, remainder_fraction=100.0000%, Lmin=-757.00, Lmax=-25.27
10:32:03 [ultranest] [DEBUG] iteration=6195, ncalls=47525, regioncalls=1712160, ndraw=40, logz=-766.23, remainder_fraction=100.0000%, Lmin=-756.44, Lmax=-25.27
10:32:03 [ultranest] [DEBUG] iteration=6196, ncalls=47543, regioncalls=1712880, ndraw=40, logz=-766.02, remainder_fraction=100.0000%, Lmin=-756.42, Lmax=-25.27
10:32:03 [ultranest] [DEBUG] iteration=6198, ncalls=47558, regioncalls=1713480, ndraw=40, logz=-765.69, remainder_fraction=100.0000%, Lmin=-756.34, Lmax=-25.27
10:32:03 [ultranest] [DEBUG] iteration=6200, ncalls=47577, regioncalls=1714240, ndraw=40, logz=-765.42, remainder_fraction=100.0000%, Lmin=-756.25, Lmax=-25.27
10:32:03 [ultranest] [DEBUG] iteration=6201, ncalls=47591, regioncalls=1714800, ndraw=40, logz=-765.31, remainder_fraction=100.0000%, Lmin=-756.18, Lmax=-25.27
10:32:04 [ultranest] [DEBUG] iteration=6203, ncalls=47625, regioncalls=1716160, ndraw=40, logz=-765.08, remainder_fraction=100.0000%, Lmin=-755.95, Lmax=-25.27
10:32:04 [ultranest] [DEBUG] iteration=6205, ncalls=47639, regioncalls=1716720, ndraw=40, logz=-764.85, remainder_fraction=100.0000%, Lmin=-755.63, Lmax=-25.27
10:32:04 [ultranest] [DEBUG] iteration=6208, ncalls=47651, regioncalls=1717200, ndraw=40, logz=-764.51, remainder_fraction=100.0000%, Lmin=-755.43, Lmax=-25.27
10:32:04 [ultranest] [DEBUG] iteration=6210, ncalls=47667, regioncalls=1717840, ndraw=40, logz=-764.30, remainder_fraction=100.0000%, Lmin=-755.13, Lmax=-25.27
10:32:04 [ultranest] [DEBUG] iteration=6212, ncalls=47692, regioncalls=1718840, ndraw=40, logz=-764.05, remainder_fraction=100.0000%, Lmin=-754.74, Lmax=-25.27
10:32:04 [ultranest] [DEBUG] iteration=6214, ncalls=47709, regioncalls=1719520, ndraw=40, logz=-763.80, remainder_fraction=100.0000%, Lmin=-754.68, Lmax=-25.27
10:32:05 [ultranest] [DEBUG] iteration=6215, ncalls=47729, regioncalls=1720320, ndraw=40, logz=-763.69, remainder_fraction=100.0000%, Lmin=-754.62, Lmax=-25.27
10:32:05 [ultranest] [DEBUG] iteration=6216, ncalls=47748, regioncalls=1721080, ndraw=40, logz=-763.58, remainder_fraction=100.0000%, Lmin=-754.50, Lmax=-25.27
10:32:05 [ultranest] [DEBUG] iteration=6219, ncalls=47767, regioncalls=1721840, ndraw=40, logz=-763.26, remainder_fraction=100.0000%, Lmin=-754.06, Lmax=-25.27
10:32:05 [ultranest] [DEBUG] iteration=6221, ncalls=47823, regioncalls=1724080, ndraw=40, logz=-763.00, remainder_fraction=100.0000%, Lmin=-753.78, Lmax=-25.27
10:32:06 [ultranest] [DEBUG] iteration=6226, ncalls=47848, regioncalls=1725080, ndraw=40, logz=-762.40, remainder_fraction=100.0000%, Lmin=-753.13, Lmax=-25.27
10:32:06 [ultranest] [DEBUG] iteration=6230, ncalls=47865, regioncalls=1725760, ndraw=40, logz=-761.90, remainder_fraction=100.0000%, Lmin=-752.23, Lmax=-25.27
10:32:06 [ultranest] [DEBUG] iteration=6232, ncalls=47886, regioncalls=1726600, ndraw=40, logz=-761.55, remainder_fraction=100.0000%, Lmin=-752.09, Lmax=-25.27
10:32:06 [ultranest] [DEBUG] iteration=6236, ncalls=47901, regioncalls=1727200, ndraw=40, logz=-760.98, remainder_fraction=100.0000%, Lmin=-751.79, Lmax=-25.27
10:32:06 [ultranest] [DEBUG] iteration=6239, ncalls=47913, regioncalls=1727680, ndraw=40, logz=-760.65, remainder_fraction=100.0000%, Lmin=-751.65, Lmax=-25.27
10:32:06 [ultranest] [DEBUG] iteration=6240, ncalls=47921, regioncalls=1728000, ndraw=40, logz=-760.55, remainder_fraction=100.0000%, Lmin=-751.61, Lmax=-25.27
10:32:06 [ultranest] [DEBUG] iteration=6243, ncalls=47933, regioncalls=1728480, ndraw=40, logz=-760.24, remainder_fraction=100.0000%, Lmin=-751.10, Lmax=-25.27
10:32:07 [ultranest] [DEBUG] iteration=6244, ncalls=47986, regioncalls=1730600, ndraw=40, logz=-760.13, remainder_fraction=100.0000%, Lmin=-750.82, Lmax=-25.27
10:32:07 [ultranest] [DEBUG] iteration=6247, ncalls=48004, regioncalls=1731320, ndraw=40, logz=-759.71, remainder_fraction=100.0000%, Lmin=-750.23, Lmax=-25.27
10:32:07 [ultranest] [DEBUG] iteration=6250, ncalls=48016, regioncalls=1731800, ndraw=40, logz=-759.29, remainder_fraction=100.0000%, Lmin=-750.13, Lmax=-25.27
10:32:07 [ultranest] [DEBUG] iteration=6254, ncalls=48034, regioncalls=1732520, ndraw=40, logz=-758.75, remainder_fraction=100.0000%, Lmin=-749.35, Lmax=-25.27
10:32:07 [ultranest] [DEBUG] iteration=6258, ncalls=48049, regioncalls=1733120, ndraw=40, logz=-758.24, remainder_fraction=100.0000%, Lmin=-749.15, Lmax=-25.27
10:32:08 [ultranest] [DEBUG] iteration=6259, ncalls=48061, regioncalls=1733600, ndraw=40, logz=-758.13, remainder_fraction=100.0000%, Lmin=-748.92, Lmax=-25.27
10:32:08 [ultranest] [DEBUG] iteration=6260, ncalls=48073, regioncalls=1734080, ndraw=40, logz=-758.02, remainder_fraction=100.0000%, Lmin=-748.89, Lmax=-25.27
10:32:08 [ultranest] [DEBUG] iteration=6261, ncalls=48106, regioncalls=1735400, ndraw=40, logz=-757.91, remainder_fraction=100.0000%, Lmin=-748.79, Lmax=-25.27
10:32:08 [ultranest] [DEBUG] iteration=6264, ncalls=48127, regioncalls=1736240, ndraw=40, logz=-757.60, remainder_fraction=100.0000%, Lmin=-748.66, Lmax=-25.27
10:32:09 [ultranest] [DEBUG] iteration=6267, ncalls=48175, regioncalls=1738160, ndraw=40, logz=-757.29, remainder_fraction=100.0000%, Lmin=-748.12, Lmax=-25.27
10:32:09 [ultranest] [DEBUG] iteration=6270, ncalls=48186, regioncalls=1738600, ndraw=40, logz=-756.88, remainder_fraction=100.0000%, Lmin=-747.23, Lmax=-25.27
10:32:09 [ultranest] [DEBUG] iteration=6272, ncalls=48198, regioncalls=1739080, ndraw=40, logz=-756.55, remainder_fraction=100.0000%, Lmin=-747.07, Lmax=-25.27
10:32:09 [ultranest] [DEBUG] iteration=6273, ncalls=48225, regioncalls=1740160, ndraw=40, logz=-756.40, remainder_fraction=100.0000%, Lmin=-747.02, Lmax=-25.27
10:32:09 [ultranest] [DEBUG] iteration=6276, ncalls=48245, regioncalls=1740960, ndraw=40, logz=-756.02, remainder_fraction=100.0000%, Lmin=-746.67, Lmax=-25.27
10:32:09 [ultranest] [DEBUG] iteration=6277, ncalls=48265, regioncalls=1741760, ndraw=40, logz=-755.89, remainder_fraction=100.0000%, Lmin=-746.62, Lmax=-25.27
10:32:09 [ultranest] [DEBUG] iteration=6279, ncalls=48277, regioncalls=1742240, ndraw=40, logz=-755.63, remainder_fraction=100.0000%, Lmin=-746.30, Lmax=-25.27
10:32:09 [ultranest] [DEBUG] iteration=6280, ncalls=48289, regioncalls=1742720, ndraw=40, logz=-755.50, remainder_fraction=100.0000%, Lmin=-746.27, Lmax=-25.27
10:32:10 [ultranest] [DEBUG] iteration=6282, ncalls=48308, regioncalls=1743480, ndraw=40, logz=-755.27, remainder_fraction=100.0000%, Lmin=-746.14, Lmax=-25.27
10:32:10 [ultranest] [DEBUG] iteration=6285, ncalls=48329, regioncalls=1744320, ndraw=40, logz=-754.92, remainder_fraction=100.0000%, Lmin=-745.69, Lmax=-25.27
10:32:10 [ultranest] [DEBUG] iteration=6288, ncalls=48347, regioncalls=1745040, ndraw=40, logz=-754.54, remainder_fraction=100.0000%, Lmin=-745.00, Lmax=-25.27
10:32:10 [ultranest] [DEBUG] iteration=6289, ncalls=48367, regioncalls=1745840, ndraw=40, logz=-754.38, remainder_fraction=100.0000%, Lmin=-744.99, Lmax=-25.27
10:32:10 [ultranest] [DEBUG] iteration=6291, ncalls=48394, regioncalls=1746920, ndraw=40, logz=-754.08, remainder_fraction=100.0000%, Lmin=-744.25, Lmax=-25.27
10:32:11 [ultranest] [DEBUG] iteration=6293, ncalls=48409, regioncalls=1747520, ndraw=40, logz=-753.69, remainder_fraction=100.0000%, Lmin=-744.11, Lmax=-25.27
10:32:11 [ultranest] [DEBUG] iteration=6296, ncalls=48429, regioncalls=1748320, ndraw=40, logz=-753.24, remainder_fraction=100.0000%, Lmin=-743.86, Lmax=-25.27
10:32:11 [ultranest] [DEBUG] iteration=6298, ncalls=48472, regioncalls=1750040, ndraw=40, logz=-752.99, remainder_fraction=100.0000%, Lmin=-743.84, Lmax=-25.27
10:32:11 [ultranest] [DEBUG] iteration=6301, ncalls=48486, regioncalls=1750600, ndraw=40, logz=-752.65, remainder_fraction=100.0000%, Lmin=-743.03, Lmax=-25.27
10:32:11 [ultranest] [DEBUG] iteration=6302, ncalls=48511, regioncalls=1751600, ndraw=40, logz=-752.48, remainder_fraction=100.0000%, Lmin=-743.00, Lmax=-25.27
10:32:12 [ultranest] [DEBUG] iteration=6304, ncalls=48530, regioncalls=1752360, ndraw=40, logz=-752.20, remainder_fraction=100.0000%, Lmin=-742.95, Lmax=-25.27
10:32:12 [ultranest] [DEBUG] iteration=6306, ncalls=48548, regioncalls=1753080, ndraw=40, logz=-751.97, remainder_fraction=100.0000%, Lmin=-742.70, Lmax=-25.27
10:32:12 [ultranest] [DEBUG] iteration=6307, ncalls=48600, regioncalls=1755160, ndraw=40, logz=-751.85, remainder_fraction=100.0000%, Lmin=-742.66, Lmax=-25.27
10:32:12 [ultranest] [DEBUG] iteration=6309, ncalls=48615, regioncalls=1755760, ndraw=40, logz=-751.62, remainder_fraction=100.0000%, Lmin=-742.35, Lmax=-25.27
10:32:12 [ultranest] [DEBUG] iteration=6311, ncalls=48635, regioncalls=1756560, ndraw=40, logz=-751.39, remainder_fraction=100.0000%, Lmin=-742.27, Lmax=-25.27
10:32:13 [ultranest] [DEBUG] iteration=6313, ncalls=48648, regioncalls=1757080, ndraw=40, logz=-751.19, remainder_fraction=100.0000%, Lmin=-742.20, Lmax=-25.27
10:32:13 [ultranest] [DEBUG] iteration=6314, ncalls=48664, regioncalls=1757720, ndraw=40, logz=-751.10, remainder_fraction=100.0000%, Lmin=-742.16, Lmax=-25.27
10:32:13 [ultranest] [DEBUG] iteration=6316, ncalls=48686, regioncalls=1758600, ndraw=40, logz=-750.92, remainder_fraction=100.0000%, Lmin=-741.95, Lmax=-25.27
10:32:13 [ultranest] [DEBUG] iteration=6317, ncalls=48752, regioncalls=1761240, ndraw=40, logz=-750.83, remainder_fraction=100.0000%, Lmin=-741.79, Lmax=-25.27
10:32:14 [ultranest] [DEBUG] iteration=6319, ncalls=48771, regioncalls=1762000, ndraw=40, logz=-750.62, remainder_fraction=100.0000%, Lmin=-741.54, Lmax=-25.27
10:32:14 [ultranest] [DEBUG] iteration=6321, ncalls=48813, regioncalls=1763680, ndraw=40, logz=-750.43, remainder_fraction=100.0000%, Lmin=-741.51, Lmax=-25.27
10:32:14 [ultranest] [DEBUG] iteration=6323, ncalls=48842, regioncalls=1764840, ndraw=40, logz=-750.25, remainder_fraction=100.0000%, Lmin=-741.30, Lmax=-25.27
10:32:14 [ultranest] [DEBUG] iteration=6325, ncalls=48855, regioncalls=1765360, ndraw=40, logz=-750.08, remainder_fraction=100.0000%, Lmin=-741.20, Lmax=-25.27
10:32:14 [ultranest] [DEBUG] iteration=6327, ncalls=48873, regioncalls=1766080, ndraw=40, logz=-749.92, remainder_fraction=100.0000%, Lmin=-741.10, Lmax=-25.27
10:32:15 [ultranest] [DEBUG] iteration=6331, ncalls=48902, regioncalls=1767240, ndraw=40, logz=-749.58, remainder_fraction=100.0000%, Lmin=-740.73, Lmax=-25.27
10:32:15 [ultranest] [DEBUG] iteration=6332, ncalls=48925, regioncalls=1768160, ndraw=40, logz=-749.50, remainder_fraction=100.0000%, Lmin=-740.53, Lmax=-25.27
10:32:15 [ultranest] [DEBUG] iteration=6333, ncalls=48952, regioncalls=1769240, ndraw=40, logz=-749.41, remainder_fraction=100.0000%, Lmin=-740.42, Lmax=-25.27
10:32:15 [ultranest] [DEBUG] iteration=6336, ncalls=48972, regioncalls=1770040, ndraw=40, logz=-749.12, remainder_fraction=100.0000%, Lmin=-740.05, Lmax=-25.27
10:32:15 [ultranest] [DEBUG] iteration=6338, ncalls=48985, regioncalls=1770560, ndraw=40, logz=-748.92, remainder_fraction=100.0000%, Lmin=-739.87, Lmax=-25.27
10:32:16 [ultranest] [DEBUG] iteration=6340, ncalls=49001, regioncalls=1771200, ndraw=40, logz=-748.70, remainder_fraction=100.0000%, Lmin=-739.48, Lmax=-25.27
10:32:16 [ultranest] [DEBUG] iteration=6341, ncalls=49015, regioncalls=1771760, ndraw=40, logz=-748.59, remainder_fraction=100.0000%, Lmin=-739.44, Lmax=-25.27
10:32:16 [ultranest] [DEBUG] iteration=6343, ncalls=49027, regioncalls=1772240, ndraw=40, logz=-748.38, remainder_fraction=100.0000%, Lmin=-739.31, Lmax=-25.27
10:32:16 [ultranest] [DEBUG] iteration=6345, ncalls=49054, regioncalls=1773320, ndraw=40, logz=-748.19, remainder_fraction=100.0000%, Lmin=-739.22, Lmax=-25.27
10:32:16 [ultranest] [DEBUG] iteration=6348, ncalls=49090, regioncalls=1774760, ndraw=40, logz=-747.93, remainder_fraction=100.0000%, Lmin=-739.10, Lmax=-25.27
10:32:16 [ultranest] [DEBUG] iteration=6349, ncalls=49110, regioncalls=1775560, ndraw=40, logz=-747.86, remainder_fraction=100.0000%, Lmin=-738.83, Lmax=-25.27
10:32:17 [ultranest] [DEBUG] iteration=6351, ncalls=49124, regioncalls=1776120, ndraw=40, logz=-747.67, remainder_fraction=100.0000%, Lmin=-738.22, Lmax=-25.27
10:32:17 [ultranest] [DEBUG] iteration=6355, ncalls=49138, regioncalls=1776680, ndraw=40, logz=-746.89, remainder_fraction=100.0000%, Lmin=-736.88, Lmax=-25.27
10:32:17 [ultranest] [DEBUG] iteration=6358, ncalls=49153, regioncalls=1777280, ndraw=40, logz=-746.24, remainder_fraction=100.0000%, Lmin=-736.36, Lmax=-25.27
10:32:17 [ultranest] [DEBUG] iteration=6360, ncalls=49166, regioncalls=1777800, ndraw=40, logz=-745.85, remainder_fraction=100.0000%, Lmin=-735.96, Lmax=-25.27
10:32:17 [ultranest] [DEBUG] iteration=6363, ncalls=49197, regioncalls=1779040, ndraw=40, logz=-745.29, remainder_fraction=100.0000%, Lmin=-735.79, Lmax=-25.27
10:32:17 [ultranest] [DEBUG] iteration=6364, ncalls=49211, regioncalls=1779600, ndraw=40, logz=-745.15, remainder_fraction=100.0000%, Lmin=-735.73, Lmax=-25.27
10:32:18 [ultranest] [DEBUG] iteration=6365, ncalls=49227, regioncalls=1780240, ndraw=40, logz=-745.01, remainder_fraction=100.0000%, Lmin=-735.70, Lmax=-25.27
10:32:18 [ultranest] [DEBUG] iteration=6367, ncalls=49259, regioncalls=1781520, ndraw=40, logz=-744.77, remainder_fraction=100.0000%, Lmin=-735.49, Lmax=-25.27
10:32:18 [ultranest] [DEBUG] iteration=6370, ncalls=49279, regioncalls=1782320, ndraw=40, logz=-744.40, remainder_fraction=100.0000%, Lmin=-734.89, Lmax=-25.27
10:32:18 [ultranest] [DEBUG] iteration=6371, ncalls=49291, regioncalls=1782800, ndraw=40, logz=-744.25, remainder_fraction=100.0000%, Lmin=-734.37, Lmax=-25.27
10:32:18 [ultranest] [DEBUG] iteration=6374, ncalls=49310, regioncalls=1783560, ndraw=40, logz=-743.69, remainder_fraction=100.0000%, Lmin=-733.60, Lmax=-25.27
10:32:18 [ultranest] [DEBUG] iteration=6375, ncalls=49327, regioncalls=1784240, ndraw=40, logz=-743.44, remainder_fraction=100.0000%, Lmin=-733.54, Lmax=-25.27
10:32:19 [ultranest] [DEBUG] iteration=6376, ncalls=49343, regioncalls=1784880, ndraw=40, logz=-743.23, remainder_fraction=100.0000%, Lmin=-733.49, Lmax=-25.27
10:32:19 [ultranest] [DEBUG] iteration=6377, ncalls=49377, regioncalls=1786240, ndraw=40, logz=-743.05, remainder_fraction=100.0000%, Lmin=-733.31, Lmax=-25.27
10:32:19 [ultranest] [DEBUG] iteration=6379, ncalls=49402, regioncalls=1787240, ndraw=40, logz=-742.68, remainder_fraction=100.0000%, Lmin=-733.08, Lmax=-25.27
10:32:19 [ultranest] [DEBUG] iteration=6383, ncalls=49413, regioncalls=1787680, ndraw=40, logz=-742.14, remainder_fraction=100.0000%, Lmin=-732.60, Lmax=-25.27
10:32:19 [ultranest] [DEBUG] iteration=6384, ncalls=49431, regioncalls=1788400, ndraw=40, logz=-741.99, remainder_fraction=100.0000%, Lmin=-732.37, Lmax=-25.27
10:32:19 [ultranest] [DEBUG] iteration=6389, ncalls=49449, regioncalls=1789120, ndraw=40, logz=-741.13, remainder_fraction=100.0000%, Lmin=-731.44, Lmax=-25.27
10:32:20 [ultranest] [DEBUG] iteration=6392, ncalls=49464, regioncalls=1789720, ndraw=40, logz=-740.66, remainder_fraction=100.0000%, Lmin=-731.28, Lmax=-25.27
10:32:20 [ultranest] [DEBUG] iteration=6394, ncalls=49478, regioncalls=1790280, ndraw=40, logz=-740.39, remainder_fraction=100.0000%, Lmin=-730.88, Lmax=-25.27
10:32:20 [ultranest] [DEBUG] iteration=6397, ncalls=49504, regioncalls=1791320, ndraw=40, logz=-739.93, remainder_fraction=100.0000%, Lmin=-730.29, Lmax=-25.27
10:32:20 [ultranest] [DEBUG] iteration=6398, ncalls=49516, regioncalls=1791800, ndraw=40, logz=-739.77, remainder_fraction=100.0000%, Lmin=-730.28, Lmax=-25.27
10:32:20 [ultranest] [DEBUG] iteration=6400, ncalls=49539, regioncalls=1792720, ndraw=40, logz=-739.49, remainder_fraction=100.0000%, Lmin=-729.92, Lmax=-25.27
10:32:20 [ultranest] [DEBUG] iteration=6401, ncalls=49566, regioncalls=1793800, ndraw=40, logz=-739.34, remainder_fraction=100.0000%, Lmin=-729.89, Lmax=-25.27
10:32:21 [ultranest] [DEBUG] iteration=6402, ncalls=49581, regioncalls=1794400, ndraw=40, logz=-739.20, remainder_fraction=100.0000%, Lmin=-729.55, Lmax=-25.27
10:32:21 [ultranest] [DEBUG] iteration=6405, ncalls=49618, regioncalls=1795880, ndraw=40, logz=-738.76, remainder_fraction=100.0000%, Lmin=-729.33, Lmax=-25.27
10:32:21 [ultranest] [DEBUG] iteration=6407, ncalls=49645, regioncalls=1796960, ndraw=40, logz=-738.50, remainder_fraction=100.0000%, Lmin=-729.25, Lmax=-25.27
10:32:21 [ultranest] [DEBUG] iteration=6409, ncalls=49681, regioncalls=1798400, ndraw=40, logz=-738.26, remainder_fraction=100.0000%, Lmin=-728.86, Lmax=-25.27
10:32:22 [ultranest] [DEBUG] iteration=6410, ncalls=49695, regioncalls=1798960, ndraw=40, logz=-738.13, remainder_fraction=100.0000%, Lmin=-728.69, Lmax=-25.27
10:32:22 [ultranest] [DEBUG] iteration=6411, ncalls=49709, regioncalls=1799520, ndraw=40, logz=-738.00, remainder_fraction=100.0000%, Lmin=-728.23, Lmax=-25.27
10:32:22 [ultranest] [DEBUG] iteration=6414, ncalls=49730, regioncalls=1800360, ndraw=40, logz=-737.46, remainder_fraction=100.0000%, Lmin=-727.79, Lmax=-25.27
10:32:22 [ultranest] [DEBUG] iteration=6416, ncalls=49754, regioncalls=1801320, ndraw=40, logz=-737.12, remainder_fraction=100.0000%, Lmin=-727.36, Lmax=-25.27
10:32:22 [ultranest] [DEBUG] iteration=6418, ncalls=49766, regioncalls=1801800, ndraw=40, logz=-736.77, remainder_fraction=100.0000%, Lmin=-727.14, Lmax=-25.27
10:32:22 [ultranest] [DEBUG] iteration=6420, ncalls=49787, regioncalls=1802640, ndraw=40, logz=-736.46, remainder_fraction=100.0000%, Lmin=-726.93, Lmax=-25.27
10:32:22 [ultranest] [DEBUG] iteration=6422, ncalls=49804, regioncalls=1803320, ndraw=40, logz=-736.19, remainder_fraction=100.0000%, Lmin=-726.86, Lmax=-25.27
10:32:23 [ultranest] [DEBUG] iteration=6423, ncalls=49827, regioncalls=1804240, ndraw=40, logz=-736.07, remainder_fraction=100.0000%, Lmin=-726.84, Lmax=-25.27
10:32:23 [ultranest] [DEBUG] iteration=6424, ncalls=49854, regioncalls=1805320, ndraw=40, logz=-735.96, remainder_fraction=100.0000%, Lmin=-726.81, Lmax=-25.27
10:32:23 [ultranest] [DEBUG] iteration=6426, ncalls=49891, regioncalls=1806800, ndraw=40, logz=-735.75, remainder_fraction=100.0000%, Lmin=-726.61, Lmax=-25.27
10:32:23 [ultranest] [DEBUG] iteration=6428, ncalls=49923, regioncalls=1808080, ndraw=40, logz=-735.56, remainder_fraction=100.0000%, Lmin=-726.42, Lmax=-25.27
10:32:24 [ultranest] [DEBUG] iteration=6429, ncalls=49942, regioncalls=1808840, ndraw=40, logz=-735.46, remainder_fraction=100.0000%, Lmin=-726.41, Lmax=-25.27
10:32:24 [ultranest] [DEBUG] iteration=6430, ncalls=49969, regioncalls=1809920, ndraw=40, logz=-735.37, remainder_fraction=100.0000%, Lmin=-726.25, Lmax=-25.27
10:32:24 [ultranest] [DEBUG] iteration=6431, ncalls=49994, regioncalls=1810920, ndraw=40, logz=-735.27, remainder_fraction=100.0000%, Lmin=-726.15, Lmax=-25.27
10:32:24 [ultranest] [DEBUG] iteration=6433, ncalls=50011, regioncalls=1811600, ndraw=40, logz=-735.08, remainder_fraction=100.0000%, Lmin=-725.98, Lmax=-25.27
10:32:24 [ultranest] [DEBUG] iteration=6434, ncalls=50027, regioncalls=1812240, ndraw=40, logz=-734.98, remainder_fraction=100.0000%, Lmin=-725.69, Lmax=-25.27
10:32:25 [ultranest] [DEBUG] iteration=6436, ncalls=50049, regioncalls=1813120, ndraw=40, logz=-734.76, remainder_fraction=100.0000%, Lmin=-725.51, Lmax=-25.27
10:32:25 [ultranest] [DEBUG] iteration=6437, ncalls=50062, regioncalls=1813640, ndraw=40, logz=-734.65, remainder_fraction=100.0000%, Lmin=-725.46, Lmax=-25.27
10:32:25 [ultranest] [DEBUG] iteration=6440, ncalls=50075, regioncalls=1814160, ndraw=40, logz=-734.34, remainder_fraction=100.0000%, Lmin=-724.99, Lmax=-25.27
10:32:25 [ultranest] [DEBUG] iteration=6442, ncalls=50100, regioncalls=1815160, ndraw=40, logz=-734.09, remainder_fraction=100.0000%, Lmin=-724.76, Lmax=-25.27
10:32:25 [ultranest] [DEBUG] iteration=6444, ncalls=50114, regioncalls=1815720, ndraw=40, logz=-733.86, remainder_fraction=100.0000%, Lmin=-724.58, Lmax=-25.27
10:32:25 [ultranest] [DEBUG] iteration=6447, ncalls=50127, regioncalls=1816240, ndraw=40, logz=-733.48, remainder_fraction=100.0000%, Lmin=-723.68, Lmax=-25.27
10:32:26 [ultranest] [DEBUG] iteration=6450, ncalls=50139, regioncalls=1816720, ndraw=40, logz=-732.94, remainder_fraction=100.0000%, Lmin=-723.21, Lmax=-25.27
10:32:26 [ultranest] [DEBUG] iteration=6454, ncalls=50151, regioncalls=1817200, ndraw=40, logz=-732.21, remainder_fraction=100.0000%, Lmin=-722.39, Lmax=-25.27
10:32:26 [ultranest] [DEBUG] iteration=6459, ncalls=50175, regioncalls=1818160, ndraw=40, logz=-731.47, remainder_fraction=100.0000%, Lmin=-722.10, Lmax=-25.27
10:32:26 [ultranest] [DEBUG] iteration=6461, ncalls=50187, regioncalls=1818640, ndraw=40, logz=-731.22, remainder_fraction=100.0000%, Lmin=-721.81, Lmax=-25.27
10:32:26 [ultranest] [DEBUG] iteration=6465, ncalls=50214, regioncalls=1819720, ndraw=40, logz=-730.73, remainder_fraction=100.0000%, Lmin=-721.39, Lmax=-25.27
10:32:26 [ultranest] [DEBUG] iteration=6467, ncalls=50235, regioncalls=1820560, ndraw=40, logz=-730.48, remainder_fraction=100.0000%, Lmin=-720.96, Lmax=-25.27
10:32:26 [ultranest] [DEBUG] iteration=6468, ncalls=50249, regioncalls=1821120, ndraw=40, logz=-730.34, remainder_fraction=100.0000%, Lmin=-720.84, Lmax=-25.27
10:32:27 [ultranest] [DEBUG] iteration=6470, ncalls=50270, regioncalls=1821960, ndraw=40, logz=-730.05, remainder_fraction=100.0000%, Lmin=-720.54, Lmax=-25.27
10:32:27 [ultranest] [DEBUG] iteration=6471, ncalls=50282, regioncalls=1822440, ndraw=40, logz=-729.91, remainder_fraction=100.0000%, Lmin=-720.29, Lmax=-25.27
10:32:27 [ultranest] [DEBUG] iteration=6473, ncalls=50308, regioncalls=1823480, ndraw=40, logz=-729.62, remainder_fraction=100.0000%, Lmin=-720.21, Lmax=-25.27
10:32:27 [ultranest] [DEBUG] iteration=6475, ncalls=50329, regioncalls=1824320, ndraw=40, logz=-729.37, remainder_fraction=100.0000%, Lmin=-719.93, Lmax=-25.27
10:32:27 [ultranest] [DEBUG] iteration=6479, ncalls=50351, regioncalls=1825200, ndraw=40, logz=-728.86, remainder_fraction=100.0000%, Lmin=-719.41, Lmax=-25.27
10:32:27 [ultranest] [DEBUG] iteration=6480, ncalls=50365, regioncalls=1825760, ndraw=40, logz=-728.73, remainder_fraction=100.0000%, Lmin=-719.31, Lmax=-25.27
10:32:28 [ultranest] [DEBUG] iteration=6481, ncalls=50391, regioncalls=1826800, ndraw=40, logz=-728.61, remainder_fraction=100.0000%, Lmin=-718.83, Lmax=-25.27
10:32:28 [ultranest] [DEBUG] iteration=6482, ncalls=50425, regioncalls=1828160, ndraw=40, logz=-728.43, remainder_fraction=100.0000%, Lmin=-718.82, Lmax=-25.27
10:32:28 [ultranest] [DEBUG] iteration=6483, ncalls=50447, regioncalls=1829040, ndraw=40, logz=-728.28, remainder_fraction=100.0000%, Lmin=-718.73, Lmax=-25.27
10:32:28 [ultranest] [DEBUG] iteration=6487, ncalls=50458, regioncalls=1829480, ndraw=40, logz=-727.68, remainder_fraction=100.0000%, Lmin=-717.99, Lmax=-25.27
10:32:29 [ultranest] [DEBUG] iteration=6489, ncalls=50486, regioncalls=1830600, ndraw=40, logz=-727.36, remainder_fraction=100.0000%, Lmin=-717.77, Lmax=-25.27
10:32:29 [ultranest] [DEBUG] iteration=6493, ncalls=50498, regioncalls=1831080, ndraw=40, logz=-726.77, remainder_fraction=100.0000%, Lmin=-717.33, Lmax=-25.27
10:32:29 [ultranest] [DEBUG] iteration=6497, ncalls=50539, regioncalls=1832720, ndraw=40, logz=-726.30, remainder_fraction=100.0000%, Lmin=-717.16, Lmax=-25.27
10:32:29 [ultranest] [DEBUG] iteration=6500, ncalls=50555, regioncalls=1833360, ndraw=40, logz=-725.99, remainder_fraction=100.0000%, Lmin=-716.82, Lmax=-25.27
10:32:29 [ultranest] [DEBUG] iteration=6503, ncalls=50567, regioncalls=1833840, ndraw=40, logz=-725.61, remainder_fraction=100.0000%, Lmin=-715.77, Lmax=-25.27
10:32:29 [ultranest] [DEBUG] iteration=6505, ncalls=50580, regioncalls=1834360, ndraw=40, logz=-725.26, remainder_fraction=100.0000%, Lmin=-715.62, Lmax=-25.27
10:32:29 [ultranest] [DEBUG] iteration=6506, ncalls=50599, regioncalls=1835120, ndraw=40, logz=-725.11, remainder_fraction=100.0000%, Lmin=-715.41, Lmax=-25.27
10:32:30 [ultranest] [DEBUG] iteration=6507, ncalls=50617, regioncalls=1835840, ndraw=40, logz=-724.94, remainder_fraction=100.0000%, Lmin=-715.33, Lmax=-25.27
10:32:30 [ultranest] [DEBUG] iteration=6509, ncalls=50648, regioncalls=1837080, ndraw=40, logz=-724.65, remainder_fraction=100.0000%, Lmin=-714.95, Lmax=-25.27
10:32:30 [ultranest] [DEBUG] iteration=6511, ncalls=50680, regioncalls=1838400, ndraw=40, logz=-724.35, remainder_fraction=100.0000%, Lmin=-714.79, Lmax=-25.27
10:32:30 [ultranest] [DEBUG] iteration=6514, ncalls=50708, regioncalls=1839560, ndraw=40, logz=-723.95, remainder_fraction=100.0000%, Lmin=-714.59, Lmax=-25.27
10:32:31 [ultranest] [DEBUG] iteration=6515, ncalls=50723, regioncalls=1840160, ndraw=40, logz=-723.83, remainder_fraction=100.0000%, Lmin=-714.14, Lmax=-25.27
10:32:31 [ultranest] [DEBUG] iteration=6516, ncalls=50735, regioncalls=1840640, ndraw=40, logz=-723.67, remainder_fraction=100.0000%, Lmin=-714.06, Lmax=-25.27
10:32:31 [ultranest] [DEBUG] iteration=6519, ncalls=50756, regioncalls=1841480, ndraw=40, logz=-723.27, remainder_fraction=100.0000%, Lmin=-713.85, Lmax=-25.27
10:32:31 [ultranest] [DEBUG] iteration=6520, ncalls=50772, regioncalls=1842120, ndraw=40, logz=-723.15, remainder_fraction=100.0000%, Lmin=-713.55, Lmax=-25.27
10:32:31 [ultranest] [DEBUG] iteration=6521, ncalls=50789, regioncalls=1842800, ndraw=40, logz=-723.00, remainder_fraction=100.0000%, Lmin=-713.44, Lmax=-25.27
10:32:31 [ultranest] [DEBUG] iteration=6523, ncalls=50810, regioncalls=1843640, ndraw=40, logz=-722.74, remainder_fraction=100.0000%, Lmin=-713.39, Lmax=-25.27
10:32:31 [ultranest] [DEBUG] iteration=6525, ncalls=50825, regioncalls=1844240, ndraw=40, logz=-722.51, remainder_fraction=100.0000%, Lmin=-713.30, Lmax=-25.27
10:32:32 [ultranest] [DEBUG] iteration=6527, ncalls=50845, regioncalls=1845040, ndraw=40, logz=-722.30, remainder_fraction=100.0000%, Lmin=-713.02, Lmax=-25.27
10:32:32 [ultranest] [DEBUG] iteration=6530, ncalls=50866, regioncalls=1845880, ndraw=40, logz=-721.99, remainder_fraction=100.0000%, Lmin=-712.60, Lmax=-25.27
10:32:32 [ultranest] [DEBUG] iteration=6532, ncalls=50884, regioncalls=1846600, ndraw=40, logz=-721.75, remainder_fraction=100.0000%, Lmin=-712.04, Lmax=-25.27
10:32:32 [ultranest] [DEBUG] iteration=6534, ncalls=50898, regioncalls=1847160, ndraw=40, logz=-721.45, remainder_fraction=100.0000%, Lmin=-711.92, Lmax=-25.27
10:32:32 [ultranest] [DEBUG] iteration=6535, ncalls=50917, regioncalls=1847920, ndraw=40, logz=-721.31, remainder_fraction=100.0000%, Lmin=-711.89, Lmax=-25.27
10:32:32 [ultranest] [DEBUG] iteration=6538, ncalls=50929, regioncalls=1848400, ndraw=40, logz=-720.94, remainder_fraction=100.0000%, Lmin=-711.42, Lmax=-25.27
10:32:32 [ultranest] [DEBUG] iteration=6541, ncalls=50940, regioncalls=1848840, ndraw=40, logz=-720.54, remainder_fraction=100.0000%, Lmin=-711.02, Lmax=-25.27
10:32:33 [ultranest] [DEBUG] iteration=6544, ncalls=50997, regioncalls=1851120, ndraw=40, logz=-720.12, remainder_fraction=100.0000%, Lmin=-710.55, Lmax=-25.27
10:32:33 [ultranest] [DEBUG] iteration=6546, ncalls=51010, regioncalls=1851640, ndraw=40, logz=-719.84, remainder_fraction=100.0000%, Lmin=-709.95, Lmax=-25.27
10:32:33 [ultranest] [DEBUG] iteration=6548, ncalls=51022, regioncalls=1852120, ndraw=40, logz=-719.49, remainder_fraction=100.0000%, Lmin=-709.33, Lmax=-25.27
10:32:33 [ultranest] [DEBUG] iteration=6549, ncalls=51034, regioncalls=1852600, ndraw=40, logz=-719.25, remainder_fraction=100.0000%, Lmin=-709.06, Lmax=-25.27
10:32:33 [ultranest] [DEBUG] iteration=6550, ncalls=51052, regioncalls=1853320, ndraw=40, logz=-719.01, remainder_fraction=100.0000%, Lmin=-708.96, Lmax=-25.27
10:32:34 [ultranest] [DEBUG] iteration=6552, ncalls=51069, regioncalls=1854000, ndraw=40, logz=-718.53, remainder_fraction=100.0000%, Lmin=-708.31, Lmax=-25.27
10:32:34 [ultranest] [DEBUG] iteration=6554, ncalls=51094, regioncalls=1855000, ndraw=40, logz=-718.08, remainder_fraction=100.0000%, Lmin=-707.93, Lmax=-25.27
10:32:34 [ultranest] [DEBUG] iteration=6556, ncalls=51108, regioncalls=1855560, ndraw=40, logz=-717.53, remainder_fraction=100.0000%, Lmin=-707.10, Lmax=-25.27
10:32:34 [ultranest] [DEBUG] iteration=6558, ncalls=51120, regioncalls=1856040, ndraw=40, logz=-717.00, remainder_fraction=100.0000%, Lmin=-706.97, Lmax=-25.27
10:32:34 [ultranest] [DEBUG] iteration=6560, ncalls=51125, regioncalls=1856240, ndraw=40, logz=-716.60, remainder_fraction=100.0000%, Lmin=-706.87, Lmax=-25.27
10:32:34 [ultranest] [DEBUG] iteration=6563, ncalls=51137, regioncalls=1856720, ndraw=40, logz=-716.08, remainder_fraction=100.0000%, Lmin=-706.15, Lmax=-25.27
10:32:34 [ultranest] [DEBUG] iteration=6566, ncalls=51156, regioncalls=1857480, ndraw=40, logz=-715.54, remainder_fraction=100.0000%, Lmin=-705.54, Lmax=-25.27
10:32:34 [ultranest] [DEBUG] iteration=6568, ncalls=51176, regioncalls=1858280, ndraw=40, logz=-715.05, remainder_fraction=100.0000%, Lmin=-704.76, Lmax=-25.27
10:32:35 [ultranest] [DEBUG] iteration=6570, ncalls=51189, regioncalls=1858800, ndraw=40, logz=-714.57, remainder_fraction=100.0000%, Lmin=-704.32, Lmax=-25.27
10:32:35 [ultranest] [DEBUG] iteration=6573, ncalls=51204, regioncalls=1859400, ndraw=40, logz=-713.92, remainder_fraction=100.0000%, Lmin=-704.14, Lmax=-25.27
10:32:35 [ultranest] [DEBUG] iteration=6575, ncalls=51220, regioncalls=1860040, ndraw=40, logz=-713.61, remainder_fraction=100.0000%, Lmin=-704.05, Lmax=-25.27
10:32:35 [ultranest] [DEBUG] iteration=6578, ncalls=51237, regioncalls=1860720, ndraw=40, logz=-713.03, remainder_fraction=100.0000%, Lmin=-703.19, Lmax=-25.27
10:32:35 [ultranest] [DEBUG] iteration=6579, ncalls=51260, regioncalls=1861640, ndraw=40, logz=-712.86, remainder_fraction=100.0000%, Lmin=-703.17, Lmax=-25.27
10:32:35 [ultranest] [DEBUG] iteration=6581, ncalls=51273, regioncalls=1862160, ndraw=40, logz=-712.56, remainder_fraction=100.0000%, Lmin=-703.03, Lmax=-25.27
10:32:35 [ultranest] [DEBUG] iteration=6583, ncalls=51288, regioncalls=1862760, ndraw=40, logz=-712.30, remainder_fraction=100.0000%, Lmin=-702.84, Lmax=-25.27
10:32:36 [ultranest] [DEBUG] iteration=6585, ncalls=51300, regioncalls=1863240, ndraw=40, logz=-712.05, remainder_fraction=100.0000%, Lmin=-702.69, Lmax=-25.27
10:32:36 [ultranest] [DEBUG] iteration=6586, ncalls=51314, regioncalls=1863800, ndraw=40, logz=-711.94, remainder_fraction=100.0000%, Lmin=-702.60, Lmax=-25.27
10:32:36 [ultranest] [DEBUG] iteration=6591, ncalls=51345, regioncalls=1865040, ndraw=40, logz=-711.40, remainder_fraction=100.0000%, Lmin=-702.08, Lmax=-25.27
10:32:36 [ultranest] [DEBUG] iteration=6592, ncalls=51360, regioncalls=1865640, ndraw=40, logz=-711.30, remainder_fraction=100.0000%, Lmin=-702.08, Lmax=-25.27
10:32:36 [ultranest] [DEBUG] iteration=6595, ncalls=51387, regioncalls=1866720, ndraw=40, logz=-710.96, remainder_fraction=100.0000%, Lmin=-701.32, Lmax=-25.27
10:32:36 [ultranest] [DEBUG] iteration=6597, ncalls=51408, regioncalls=1867560, ndraw=40, logz=-710.67, remainder_fraction=100.0000%, Lmin=-701.11, Lmax=-25.27
10:32:37 [ultranest] [DEBUG] iteration=6599, ncalls=51426, regioncalls=1868280, ndraw=40, logz=-710.41, remainder_fraction=100.0000%, Lmin=-701.02, Lmax=-25.27
10:32:37 [ultranest] [DEBUG] iteration=6600, ncalls=51450, regioncalls=1869240, ndraw=40, logz=-710.30, remainder_fraction=100.0000%, Lmin=-700.99, Lmax=-25.27
10:32:37 [ultranest] [DEBUG] iteration=6602, ncalls=51469, regioncalls=1870000, ndraw=40, logz=-710.08, remainder_fraction=100.0000%, Lmin=-700.80, Lmax=-25.27
10:32:37 [ultranest] [DEBUG] iteration=6603, ncalls=51486, regioncalls=1870680, ndraw=40, logz=-709.98, remainder_fraction=100.0000%, Lmin=-700.80, Lmax=-25.27
10:32:37 [ultranest] [DEBUG] iteration=6605, ncalls=51502, regioncalls=1871320, ndraw=40, logz=-709.80, remainder_fraction=100.0000%, Lmin=-700.75, Lmax=-25.27
10:32:37 [ultranest] [DEBUG] iteration=6607, ncalls=51523, regioncalls=1872160, ndraw=40, logz=-709.64, remainder_fraction=100.0000%, Lmin=-700.65, Lmax=-25.27
10:32:38 [ultranest] [DEBUG] iteration=6609, ncalls=51535, regioncalls=1872640, ndraw=40, logz=-709.45, remainder_fraction=100.0000%, Lmin=-700.00, Lmax=-25.27
10:32:38 [ultranest] [DEBUG] iteration=6612, ncalls=51560, regioncalls=1873640, ndraw=40, logz=-709.11, remainder_fraction=100.0000%, Lmin=-699.70, Lmax=-25.27
10:32:38 [ultranest] [DEBUG] iteration=6616, ncalls=51572, regioncalls=1874120, ndraw=40, logz=-708.57, remainder_fraction=100.0000%, Lmin=-698.63, Lmax=-25.27
10:32:38 [ultranest] [DEBUG] iteration=6617, ncalls=51608, regioncalls=1875560, ndraw=40, logz=-708.38, remainder_fraction=100.0000%, Lmin=-698.46, Lmax=-25.27
10:32:39 [ultranest] [DEBUG] iteration=6618, ncalls=51624, regioncalls=1876200, ndraw=40, logz=-708.19, remainder_fraction=100.0000%, Lmin=-698.41, Lmax=-25.27
10:32:39 [ultranest] [DEBUG] iteration=6620, ncalls=51648, regioncalls=1877160, ndraw=40, logz=-707.87, remainder_fraction=100.0000%, Lmin=-697.99, Lmax=-25.27
10:32:39 [ultranest] [DEBUG] iteration=6623, ncalls=51685, regioncalls=1878640, ndraw=40, logz=-707.38, remainder_fraction=100.0000%, Lmin=-697.71, Lmax=-25.27
10:32:39 [ultranest] [DEBUG] iteration=6626, ncalls=51710, regioncalls=1879640, ndraw=40, logz=-706.85, remainder_fraction=100.0000%, Lmin=-697.01, Lmax=-25.27
10:32:40 [ultranest] [DEBUG] iteration=6628, ncalls=51753, regioncalls=1881360, ndraw=40, logz=-706.52, remainder_fraction=100.0000%, Lmin=-696.90, Lmax=-25.27
10:32:40 [ultranest] [DEBUG] iteration=6629, ncalls=51767, regioncalls=1881920, ndraw=40, logz=-706.38, remainder_fraction=100.0000%, Lmin=-696.52, Lmax=-25.27
10:32:40 [ultranest] [DEBUG] iteration=6632, ncalls=51789, regioncalls=1882800, ndraw=40, logz=-705.90, remainder_fraction=100.0000%, Lmin=-696.30, Lmax=-25.27
10:32:40 [ultranest] [DEBUG] iteration=6635, ncalls=51830, regioncalls=1884440, ndraw=40, logz=-705.52, remainder_fraction=100.0000%, Lmin=-696.12, Lmax=-25.27
10:32:40 [ultranest] [DEBUG] iteration=6636, ncalls=51845, regioncalls=1885040, ndraw=40, logz=-705.41, remainder_fraction=100.0000%, Lmin=-695.94, Lmax=-25.27
10:32:41 [ultranest] [DEBUG] iteration=6639, ncalls=51862, regioncalls=1885720, ndraw=40, logz=-705.07, remainder_fraction=100.0000%, Lmin=-695.80, Lmax=-25.27
10:32:41 [ultranest] [DEBUG] iteration=6641, ncalls=51889, regioncalls=1886800, ndraw=40, logz=-704.83, remainder_fraction=100.0000%, Lmin=-695.28, Lmax=-25.27
10:32:41 [ultranest] [DEBUG] iteration=6643, ncalls=51903, regioncalls=1887360, ndraw=40, logz=-704.57, remainder_fraction=100.0000%, Lmin=-694.87, Lmax=-25.27
10:32:41 [ultranest] [DEBUG] iteration=6646, ncalls=51915, regioncalls=1887840, ndraw=40, logz=-704.17, remainder_fraction=100.0000%, Lmin=-694.79, Lmax=-25.27
10:32:41 [ultranest] [DEBUG] iteration=6647, ncalls=51935, regioncalls=1888640, ndraw=40, logz=-704.06, remainder_fraction=100.0000%, Lmin=-694.72, Lmax=-25.27
10:32:41 [ultranest] [DEBUG] iteration=6649, ncalls=51959, regioncalls=1889600, ndraw=40, logz=-703.85, remainder_fraction=100.0000%, Lmin=-694.58, Lmax=-19.30
10:32:42 [ultranest] [DEBUG] iteration=6652, ncalls=51987, regioncalls=1890720, ndraw=40, logz=-703.53, remainder_fraction=100.0000%, Lmin=-694.29, Lmax=-19.30
10:32:42 [ultranest] [DEBUG] iteration=6653, ncalls=52000, regioncalls=1891240, ndraw=40, logz=-703.44, remainder_fraction=100.0000%, Lmin=-694.24, Lmax=-19.30
10:32:42 [ultranest] [DEBUG] iteration=6654, ncalls=52012, regioncalls=1891720, ndraw=40, logz=-703.35, remainder_fraction=100.0000%, Lmin=-694.19, Lmax=-19.30
10:32:42 [ultranest] [DEBUG] iteration=6658, ncalls=52027, regioncalls=1892320, ndraw=40, logz=-702.97, remainder_fraction=100.0000%, Lmin=-693.51, Lmax=-19.30
10:32:42 [ultranest] [DEBUG] iteration=6659, ncalls=52040, regioncalls=1892840, ndraw=40, logz=-702.85, remainder_fraction=100.0000%, Lmin=-693.50, Lmax=-19.30
10:32:42 [ultranest] [DEBUG] iteration=6662, ncalls=52057, regioncalls=1893520, ndraw=40, logz=-702.50, remainder_fraction=100.0000%, Lmin=-693.07, Lmax=-19.30
10:32:42 [ultranest] [DEBUG] iteration=6663, ncalls=52073, regioncalls=1894160, ndraw=40, logz=-702.38, remainder_fraction=100.0000%, Lmin=-693.00, Lmax=-19.30
10:32:43 [ultranest] [DEBUG] iteration=6664, ncalls=52085, regioncalls=1894640, ndraw=40, logz=-702.27, remainder_fraction=100.0000%, Lmin=-692.98, Lmax=-19.30
10:32:43 [ultranest] [DEBUG] iteration=6665, ncalls=52104, regioncalls=1895400, ndraw=40, logz=-702.17, remainder_fraction=100.0000%, Lmin=-692.90, Lmax=-19.30
10:32:43 [ultranest] [DEBUG] iteration=6667, ncalls=52140, regioncalls=1896840, ndraw=40, logz=-701.97, remainder_fraction=100.0000%, Lmin=-692.76, Lmax=-19.30
10:32:43 [ultranest] [DEBUG] iteration=6668, ncalls=52158, regioncalls=1897560, ndraw=40, logz=-701.88, remainder_fraction=100.0000%, Lmin=-692.63, Lmax=-19.30
10:32:43 [ultranest] [DEBUG] iteration=6669, ncalls=52175, regioncalls=1898240, ndraw=40, logz=-701.78, remainder_fraction=100.0000%, Lmin=-692.56, Lmax=-19.30
10:32:43 [ultranest] [DEBUG] iteration=6674, ncalls=52197, regioncalls=1899120, ndraw=40, logz=-701.26, remainder_fraction=100.0000%, Lmin=-691.97, Lmax=-19.30
10:32:44 [ultranest] [DEBUG] iteration=6676, ncalls=52215, regioncalls=1899840, ndraw=40, logz=-701.05, remainder_fraction=100.0000%, Lmin=-691.62, Lmax=-19.30
10:32:44 [ultranest] [DEBUG] iteration=6680, ncalls=52229, regioncalls=1900400, ndraw=40, logz=-700.64, remainder_fraction=100.0000%, Lmin=-691.46, Lmax=-19.30
10:32:44 [ultranest] [DEBUG] iteration=6683, ncalls=52251, regioncalls=1901280, ndraw=40, logz=-700.36, remainder_fraction=100.0000%, Lmin=-691.04, Lmax=-19.30
10:32:44 [ultranest] [DEBUG] iteration=6685, ncalls=52274, regioncalls=1902200, ndraw=40, logz=-700.15, remainder_fraction=100.0000%, Lmin=-690.82, Lmax=-19.30
10:32:44 [ultranest] [DEBUG] iteration=6688, ncalls=52287, regioncalls=1902720, ndraw=40, logz=-699.84, remainder_fraction=100.0000%, Lmin=-690.33, Lmax=-19.30
10:32:44 [ultranest] [DEBUG] iteration=6691, ncalls=52311, regioncalls=1903680, ndraw=40, logz=-699.50, remainder_fraction=100.0000%, Lmin=-690.25, Lmax=-19.30
10:32:45 [ultranest] [DEBUG] iteration=6693, ncalls=52334, regioncalls=1904600, ndraw=40, logz=-699.31, remainder_fraction=100.0000%, Lmin=-690.06, Lmax=-19.30
10:32:45 [ultranest] [DEBUG] iteration=6694, ncalls=52349, regioncalls=1905200, ndraw=40, logz=-699.21, remainder_fraction=100.0000%, Lmin=-689.93, Lmax=-19.30
10:32:45 [ultranest] [DEBUG] iteration=6696, ncalls=52364, regioncalls=1905800, ndraw=40, logz=-699.02, remainder_fraction=100.0000%, Lmin=-689.60, Lmax=-19.30
10:32:45 [ultranest] [DEBUG] iteration=6697, ncalls=52383, regioncalls=1906560, ndraw=40, logz=-698.91, remainder_fraction=100.0000%, Lmin=-688.98, Lmax=-19.30
10:32:45 [ultranest] [DEBUG] iteration=6699, ncalls=52396, regioncalls=1907080, ndraw=40, logz=-698.57, remainder_fraction=100.0000%, Lmin=-688.84, Lmax=-19.30
10:32:45 [ultranest] [DEBUG] iteration=6701, ncalls=52411, regioncalls=1907680, ndraw=40, logz=-698.28, remainder_fraction=100.0000%, Lmin=-688.52, Lmax=-19.30
10:32:45 [ultranest] [DEBUG] iteration=6702, ncalls=52423, regioncalls=1908160, ndraw=40, logz=-698.12, remainder_fraction=100.0000%, Lmin=-688.18, Lmax=-19.30
10:32:46 [ultranest] [DEBUG] iteration=6703, ncalls=52443, regioncalls=1908960, ndraw=40, logz=-697.94, remainder_fraction=100.0000%, Lmin=-688.15, Lmax=-19.30
10:32:46 [ultranest] [DEBUG] iteration=6704, ncalls=52456, regioncalls=1909480, ndraw=40, logz=-697.79, remainder_fraction=100.0000%, Lmin=-688.02, Lmax=-19.30
10:32:46 [ultranest] [DEBUG] iteration=6706, ncalls=52474, regioncalls=1910200, ndraw=40, logz=-697.50, remainder_fraction=100.0000%, Lmin=-687.99, Lmax=-19.30
10:32:46 [ultranest] [DEBUG] iteration=6708, ncalls=52486, regioncalls=1910680, ndraw=40, logz=-697.26, remainder_fraction=100.0000%, Lmin=-687.79, Lmax=-19.30
10:32:46 [ultranest] [DEBUG] iteration=6712, ncalls=52498, regioncalls=1911160, ndraw=40, logz=-696.83, remainder_fraction=100.0000%, Lmin=-687.59, Lmax=-19.30
10:32:46 [ultranest] [DEBUG] iteration=6713, ncalls=52513, regioncalls=1911760, ndraw=40, logz=-696.74, remainder_fraction=100.0000%, Lmin=-687.32, Lmax=-19.30
10:32:46 [ultranest] [DEBUG] iteration=6717, ncalls=52524, regioncalls=1912200, ndraw=40, logz=-696.35, remainder_fraction=100.0000%, Lmin=-687.22, Lmax=-19.30
10:32:46 [ultranest] [DEBUG] iteration=6719, ncalls=52540, regioncalls=1912840, ndraw=40, logz=-696.18, remainder_fraction=100.0000%, Lmin=-686.76, Lmax=-19.30
10:32:46 [ultranest] [DEBUG] iteration=6720, ncalls=52541, regioncalls=1912880, ndraw=40, logz=-696.07, remainder_fraction=100.0000%, Lmin=-686.61, Lmax=-19.30
10:32:47 [ultranest] [DEBUG] iteration=6721, ncalls=52554, regioncalls=1913400, ndraw=40, logz=-695.96, remainder_fraction=100.0000%, Lmin=-686.57, Lmax=-19.30
10:32:47 [ultranest] [DEBUG] iteration=6724, ncalls=52574, regioncalls=1914200, ndraw=40, logz=-695.60, remainder_fraction=100.0000%, Lmin=-686.04, Lmax=-19.30
10:32:47 [ultranest] [DEBUG] iteration=6726, ncalls=52594, regioncalls=1915000, ndraw=40, logz=-695.36, remainder_fraction=100.0000%, Lmin=-685.94, Lmax=-19.30
10:32:47 [ultranest] [DEBUG] iteration=6730, ncalls=52616, regioncalls=1915880, ndraw=40, logz=-694.96, remainder_fraction=100.0000%, Lmin=-685.62, Lmax=-19.30
10:32:47 [ultranest] [DEBUG] iteration=6732, ncalls=52658, regioncalls=1917560, ndraw=40, logz=-694.74, remainder_fraction=100.0000%, Lmin=-685.19, Lmax=-19.30
10:32:48 [ultranest] [DEBUG] iteration=6733, ncalls=52671, regioncalls=1918080, ndraw=40, logz=-694.62, remainder_fraction=100.0000%, Lmin=-684.18, Lmax=-19.30
10:32:48 [ultranest] [DEBUG] iteration=6734, ncalls=52684, regioncalls=1918600, ndraw=40, logz=-694.34, remainder_fraction=100.0000%, Lmin=-684.13, Lmax=-19.30
10:32:48 [ultranest] [DEBUG] iteration=6738, ncalls=52710, regioncalls=1919640, ndraw=40, logz=-693.40, remainder_fraction=100.0000%, Lmin=-683.18, Lmax=-19.30
10:32:48 [ultranest] [DEBUG] iteration=6739, ncalls=52726, regioncalls=1920280, ndraw=40, logz=-693.17, remainder_fraction=100.0000%, Lmin=-683.03, Lmax=-19.30
10:32:48 [ultranest] [DEBUG] iteration=6741, ncalls=52742, regioncalls=1920920, ndraw=40, logz=-692.75, remainder_fraction=100.0000%, Lmin=-682.83, Lmax=-19.30
10:32:48 [ultranest] [DEBUG] iteration=6744, ncalls=52753, regioncalls=1921360, ndraw=40, logz=-692.13, remainder_fraction=100.0000%, Lmin=-681.70, Lmax=-19.30
10:32:49 [ultranest] [DEBUG] iteration=6747, ncalls=52778, regioncalls=1922360, ndraw=40, logz=-691.44, remainder_fraction=100.0000%, Lmin=-681.43, Lmax=-19.30
10:32:49 [ultranest] [DEBUG] iteration=6752, ncalls=52791, regioncalls=1922880, ndraw=40, logz=-690.60, remainder_fraction=100.0000%, Lmin=-680.70, Lmax=-19.30
10:32:49 [ultranest] [DEBUG] iteration=6753, ncalls=52819, regioncalls=1924120, ndraw=40, logz=-690.43, remainder_fraction=100.0000%, Lmin=-680.64, Lmax=-19.30
10:32:49 [ultranest] [DEBUG] iteration=6754, ncalls=52837, regioncalls=1924840, ndraw=40, logz=-690.28, remainder_fraction=100.0000%, Lmin=-680.49, Lmax=-19.30
10:32:49 [ultranest] [DEBUG] iteration=6757, ncalls=52852, regioncalls=1925440, ndraw=40, logz=-689.79, remainder_fraction=100.0000%, Lmin=-680.04, Lmax=-19.30
10:32:49 [ultranest] [DEBUG] iteration=6758, ncalls=52869, regioncalls=1926160, ndraw=40, logz=-689.65, remainder_fraction=100.0000%, Lmin=-679.84, Lmax=-19.30
10:32:50 [ultranest] [DEBUG] iteration=6761, ncalls=52911, regioncalls=1928040, ndraw=40, logz=-689.22, remainder_fraction=100.0000%, Lmin=-679.68, Lmax=-19.30
10:32:50 [ultranest] [DEBUG] iteration=6762, ncalls=52938, regioncalls=1929120, ndraw=40, logz=-689.10, remainder_fraction=100.0000%, Lmin=-679.58, Lmax=-19.30
10:32:50 [ultranest] [DEBUG] iteration=6763, ncalls=52959, regioncalls=1929960, ndraw=40, logz=-688.99, remainder_fraction=100.0000%, Lmin=-679.44, Lmax=-19.30
10:32:50 [ultranest] [DEBUG] iteration=6764, ncalls=52974, regioncalls=1930560, ndraw=40, logz=-688.87, remainder_fraction=100.0000%, Lmin=-679.33, Lmax=-19.30
10:32:50 [ultranest] [DEBUG] iteration=6766, ncalls=52986, regioncalls=1931040, ndraw=40, logz=-688.64, remainder_fraction=100.0000%, Lmin=-679.05, Lmax=-19.30
10:32:50 [ultranest] [DEBUG] iteration=6770, ncalls=52999, regioncalls=1931560, ndraw=40, logz=-688.18, remainder_fraction=100.0000%, Lmin=-678.71, Lmax=-19.30
10:32:51 [ultranest] [DEBUG] iteration=6772, ncalls=53034, regioncalls=1932960, ndraw=40, logz=-687.96, remainder_fraction=100.0000%, Lmin=-678.09, Lmax=-19.30
10:32:51 [ultranest] [DEBUG] iteration=6773, ncalls=53055, regioncalls=1933800, ndraw=40, logz=-687.80, remainder_fraction=100.0000%, Lmin=-678.02, Lmax=-19.30
10:32:51 [ultranest] [DEBUG] iteration=6775, ncalls=53070, regioncalls=1934400, ndraw=40, logz=-687.51, remainder_fraction=100.0000%, Lmin=-677.95, Lmax=-19.30
10:32:51 [ultranest] [DEBUG] iteration=6778, ncalls=53093, regioncalls=1935320, ndraw=40, logz=-687.14, remainder_fraction=100.0000%, Lmin=-677.49, Lmax=-19.30
10:32:51 [ultranest] [DEBUG] iteration=6779, ncalls=53108, regioncalls=1935920, ndraw=40, logz=-687.01, remainder_fraction=100.0000%, Lmin=-677.27, Lmax=-19.30
10:32:52 [ultranest] [DEBUG] iteration=6782, ncalls=53125, regioncalls=1936600, ndraw=40, logz=-686.59, remainder_fraction=100.0000%, Lmin=-676.99, Lmax=-19.30
10:32:52 [ultranest] [DEBUG] iteration=6785, ncalls=53142, regioncalls=1937280, ndraw=40, logz=-686.14, remainder_fraction=100.0000%, Lmin=-676.06, Lmax=-19.30
10:32:52 [ultranest] [DEBUG] iteration=6787, ncalls=53179, regioncalls=1938800, ndraw=40, logz=-685.77, remainder_fraction=100.0000%, Lmin=-675.80, Lmax=-19.30
10:32:52 [ultranest] [DEBUG] iteration=6788, ncalls=53211, regioncalls=1940080, ndraw=40, logz=-685.60, remainder_fraction=100.0000%, Lmin=-675.69, Lmax=-19.30
10:32:52 [ultranest] [DEBUG] iteration=6790, ncalls=53232, regioncalls=1940920, ndraw=40, logz=-685.19, remainder_fraction=100.0000%, Lmin=-674.97, Lmax=-19.30
10:32:53 [ultranest] [DEBUG] iteration=6793, ncalls=53257, regioncalls=1941920, ndraw=40, logz=-684.62, remainder_fraction=100.0000%, Lmin=-674.73, Lmax=-19.30
10:32:53 [ultranest] [DEBUG] iteration=6794, ncalls=53269, regioncalls=1942400, ndraw=40, logz=-684.46, remainder_fraction=100.0000%, Lmin=-674.71, Lmax=-19.30
10:32:53 [ultranest] [DEBUG] iteration=6796, ncalls=53288, regioncalls=1943160, ndraw=40, logz=-684.19, remainder_fraction=100.0000%, Lmin=-674.43, Lmax=-19.30
10:32:53 [ultranest] [DEBUG] iteration=6797, ncalls=53309, regioncalls=1944000, ndraw=40, logz=-684.05, remainder_fraction=100.0000%, Lmin=-674.39, Lmax=-19.30
10:32:53 [ultranest] [DEBUG] iteration=6798, ncalls=53337, regioncalls=1945120, ndraw=40, logz=-683.92, remainder_fraction=100.0000%, Lmin=-673.72, Lmax=-19.30
10:32:54 [ultranest] [DEBUG] iteration=6799, ncalls=53362, regioncalls=1946120, ndraw=40, logz=-683.70, remainder_fraction=100.0000%, Lmin=-673.54, Lmax=-19.30
10:32:54 [ultranest] [DEBUG] iteration=6802, ncalls=53373, regioncalls=1946560, ndraw=40, logz=-683.06, remainder_fraction=100.0000%, Lmin=-672.90, Lmax=-19.30
10:32:54 [ultranest] [DEBUG] iteration=6805, ncalls=53386, regioncalls=1947080, ndraw=40, logz=-682.47, remainder_fraction=100.0000%, Lmin=-672.53, Lmax=-19.30
10:32:54 [ultranest] [DEBUG] iteration=6808, ncalls=53406, regioncalls=1947880, ndraw=40, logz=-681.99, remainder_fraction=100.0000%, Lmin=-672.21, Lmax=-19.30
10:32:54 [ultranest] [DEBUG] iteration=6809, ncalls=53418, regioncalls=1948360, ndraw=40, logz=-681.84, remainder_fraction=100.0000%, Lmin=-671.99, Lmax=-19.30
10:32:55 [ultranest] [DEBUG] iteration=6811, ncalls=53452, regioncalls=1949720, ndraw=40, logz=-681.55, remainder_fraction=100.0000%, Lmin=-671.92, Lmax=-19.30
10:32:55 [ultranest] [DEBUG] iteration=6813, ncalls=53465, regioncalls=1950240, ndraw=40, logz=-681.27, remainder_fraction=100.0000%, Lmin=-671.61, Lmax=-19.30
10:32:55 [ultranest] [DEBUG] iteration=6815, ncalls=53489, regioncalls=1951200, ndraw=40, logz=-680.98, remainder_fraction=100.0000%, Lmin=-671.01, Lmax=-19.30
10:32:55 [ultranest] [DEBUG] iteration=6817, ncalls=53501, regioncalls=1951680, ndraw=40, logz=-680.65, remainder_fraction=100.0000%, Lmin=-670.94, Lmax=-19.30
10:32:55 [ultranest] [DEBUG] iteration=6818, ncalls=53513, regioncalls=1952160, ndraw=40, logz=-680.52, remainder_fraction=100.0000%, Lmin=-670.89, Lmax=-19.30
10:32:55 [ultranest] [DEBUG] iteration=6820, ncalls=53527, regioncalls=1952720, ndraw=40, logz=-680.27, remainder_fraction=100.0000%, Lmin=-670.41, Lmax=-19.30
10:32:55 [ultranest] [DEBUG] iteration=6822, ncalls=53548, regioncalls=1953560, ndraw=40, logz=-679.97, remainder_fraction=100.0000%, Lmin=-670.20, Lmax=-19.30
10:32:55 [ultranest] [DEBUG] iteration=6825, ncalls=53559, regioncalls=1954000, ndraw=40, logz=-679.55, remainder_fraction=100.0000%, Lmin=-669.88, Lmax=-19.30
10:32:56 [ultranest] [DEBUG] iteration=6827, ncalls=53583, regioncalls=1954960, ndraw=40, logz=-679.29, remainder_fraction=100.0000%, Lmin=-669.44, Lmax=-19.30
10:32:56 [ultranest] [DEBUG] iteration=6828, ncalls=53597, regioncalls=1955520, ndraw=40, logz=-679.14, remainder_fraction=100.0000%, Lmin=-669.10, Lmax=-19.30
10:32:56 [ultranest] [DEBUG] iteration=6830, ncalls=53632, regioncalls=1956920, ndraw=40, logz=-678.79, remainder_fraction=100.0000%, Lmin=-668.70, Lmax=-19.30
10:32:56 [ultranest] [DEBUG] iteration=6831, ncalls=53645, regioncalls=1957440, ndraw=40, logz=-678.60, remainder_fraction=100.0000%, Lmin=-668.51, Lmax=-19.30
10:32:57 [ultranest] [DEBUG] iteration=6835, ncalls=53699, regioncalls=1959600, ndraw=40, logz=-677.96, remainder_fraction=100.0000%, Lmin=-667.96, Lmax=-19.30
10:32:57 [ultranest] [DEBUG] iteration=6837, ncalls=53718, regioncalls=1960360, ndraw=40, logz=-677.58, remainder_fraction=100.0000%, Lmin=-667.48, Lmax=-19.30
10:32:57 [ultranest] [DEBUG] iteration=6839, ncalls=53735, regioncalls=1961040, ndraw=40, logz=-677.23, remainder_fraction=100.0000%, Lmin=-667.24, Lmax=-19.30
10:32:57 [ultranest] [DEBUG] iteration=6840, ncalls=53753, regioncalls=1961760, ndraw=40, logz=-677.05, remainder_fraction=100.0000%, Lmin=-667.04, Lmax=-19.30
10:32:57 [ultranest] [DEBUG] iteration=6842, ncalls=53792, regioncalls=1963320, ndraw=40, logz=-676.72, remainder_fraction=100.0000%, Lmin=-666.99, Lmax=-19.30
10:32:58 [ultranest] [DEBUG] iteration=6843, ncalls=53823, regioncalls=1964560, ndraw=40, logz=-676.59, remainder_fraction=100.0000%, Lmin=-666.96, Lmax=-19.30
10:32:58 [ultranest] [DEBUG] iteration=6845, ncalls=53864, regioncalls=1966200, ndraw=40, logz=-676.35, remainder_fraction=100.0000%, Lmin=-666.75, Lmax=-19.30
10:32:58 [ultranest] [DEBUG] iteration=6846, ncalls=53882, regioncalls=1966920, ndraw=40, logz=-676.23, remainder_fraction=100.0000%, Lmin=-666.74, Lmax=-19.30
10:32:58 [ultranest] [DEBUG] iteration=6847, ncalls=53894, regioncalls=1967400, ndraw=40, logz=-676.12, remainder_fraction=100.0000%, Lmin=-666.54, Lmax=-19.30
10:32:58 [ultranest] [DEBUG] iteration=6848, ncalls=53911, regioncalls=1968080, ndraw=40, logz=-676.00, remainder_fraction=100.0000%, Lmin=-666.47, Lmax=-19.30
10:32:59 [ultranest] [DEBUG] iteration=6849, ncalls=53925, regioncalls=1968640, ndraw=40, logz=-675.89, remainder_fraction=100.0000%, Lmin=-666.40, Lmax=-19.30
10:32:59 [ultranest] [DEBUG] iteration=6850, ncalls=53937, regioncalls=1969120, ndraw=40, logz=-675.78, remainder_fraction=100.0000%, Lmin=-666.02, Lmax=-19.30
10:32:59 [ultranest] [DEBUG] iteration=6852, ncalls=53950, regioncalls=1969640, ndraw=40, logz=-675.51, remainder_fraction=100.0000%, Lmin=-665.94, Lmax=-19.30
10:32:59 [ultranest] [DEBUG] iteration=6855, ncalls=53968, regioncalls=1970360, ndraw=40, logz=-675.14, remainder_fraction=100.0000%, Lmin=-665.20, Lmax=-19.30
10:32:59 [ultranest] [DEBUG] iteration=6858, ncalls=53992, regioncalls=1971320, ndraw=40, logz=-674.63, remainder_fraction=100.0000%, Lmin=-664.54, Lmax=-19.30
10:32:59 [ultranest] [DEBUG] iteration=6859, ncalls=54008, regioncalls=1971960, ndraw=40, logz=-674.44, remainder_fraction=100.0000%, Lmin=-664.35, Lmax=-19.30
10:32:59 [ultranest] [DEBUG] iteration=6862, ncalls=54030, regioncalls=1972920, ndraw=40, logz=-673.85, remainder_fraction=100.0000%, Lmin=-663.56, Lmax=-19.30
10:33:00 [ultranest] [DEBUG] iteration=6863, ncalls=54046, regioncalls=1973560, ndraw=40, logz=-673.63, remainder_fraction=100.0000%, Lmin=-663.51, Lmax=-19.30
10:33:00 [ultranest] [DEBUG] iteration=6866, ncalls=54062, regioncalls=1974200, ndraw=40, logz=-673.08, remainder_fraction=100.0000%, Lmin=-663.21, Lmax=-19.30
10:33:00 [ultranest] [DEBUG] iteration=6868, ncalls=54076, regioncalls=1974760, ndraw=40, logz=-672.76, remainder_fraction=100.0000%, Lmin=-662.98, Lmax=-19.30
10:33:00 [ultranest] [DEBUG] iteration=6870, ncalls=54096, regioncalls=1975560, ndraw=40, logz=-672.47, remainder_fraction=100.0000%, Lmin=-662.70, Lmax=-19.30
10:33:00 [ultranest] [DEBUG] iteration=6872, ncalls=54134, regioncalls=1977080, ndraw=40, logz=-672.20, remainder_fraction=100.0000%, Lmin=-662.47, Lmax=-19.30
10:33:01 [ultranest] [DEBUG] iteration=6874, ncalls=54150, regioncalls=1977720, ndraw=40, logz=-671.93, remainder_fraction=100.0000%, Lmin=-662.27, Lmax=-19.30
10:33:01 [ultranest] [DEBUG] iteration=6875, ncalls=54162, regioncalls=1978200, ndraw=40, logz=-671.81, remainder_fraction=100.0000%, Lmin=-661.93, Lmax=-19.30
10:33:01 [ultranest] [DEBUG] iteration=6877, ncalls=54194, regioncalls=1979480, ndraw=40, logz=-671.47, remainder_fraction=100.0000%, Lmin=-661.09, Lmax=-19.30
10:33:01 [ultranest] [DEBUG] iteration=6880, ncalls=54213, regioncalls=1980240, ndraw=40, logz=-670.79, remainder_fraction=100.0000%, Lmin=-660.77, Lmax=-19.30
10:33:01 [ultranest] [DEBUG] iteration=6883, ncalls=54233, regioncalls=1981040, ndraw=40, logz=-670.25, remainder_fraction=100.0000%, Lmin=-660.28, Lmax=-19.30
10:33:02 [ultranest] [DEBUG] iteration=6885, ncalls=54283, regioncalls=1983040, ndraw=40, logz=-669.88, remainder_fraction=100.0000%, Lmin=-659.16, Lmax=-19.30
10:33:02 [ultranest] [DEBUG] iteration=6887, ncalls=54293, regioncalls=1983440, ndraw=40, logz=-669.31, remainder_fraction=100.0000%, Lmin=-658.32, Lmax=-19.30
10:33:02 [ultranest] [DEBUG] iteration=6888, ncalls=54310, regioncalls=1984120, ndraw=40, logz=-668.90, remainder_fraction=100.0000%, Lmin=-658.28, Lmax=-19.30
10:33:02 [ultranest] [DEBUG] iteration=6890, ncalls=54320, regioncalls=1984520, ndraw=40, logz=-668.24, remainder_fraction=100.0000%, Lmin=-657.65, Lmax=-19.30
10:33:03 [ultranest] [DEBUG] iteration=6893, ncalls=54332, regioncalls=1985000, ndraw=40, logz=-667.45, remainder_fraction=100.0000%, Lmin=-657.23, Lmax=-19.30
10:33:03 [ultranest] [DEBUG] iteration=6896, ncalls=54350, regioncalls=1985720, ndraw=40, logz=-666.51, remainder_fraction=100.0000%, Lmin=-655.81, Lmax=-19.30
10:33:03 [ultranest] [DEBUG] iteration=6897, ncalls=54366, regioncalls=1986360, ndraw=40, logz=-666.19, remainder_fraction=100.0000%, Lmin=-655.69, Lmax=-19.30
10:33:03 [ultranest] [DEBUG] iteration=6899, ncalls=54378, regioncalls=1986840, ndraw=40, logz=-665.71, remainder_fraction=100.0000%, Lmin=-655.49, Lmax=-19.30
10:33:04 [ultranest] [DEBUG] iteration=6900, ncalls=54422, regioncalls=1988600, ndraw=40, logz=-665.50, remainder_fraction=100.0000%, Lmin=-655.39, Lmax=-19.30
10:33:04 [ultranest] [DEBUG] iteration=6902, ncalls=54436, regioncalls=1989160, ndraw=40, logz=-665.09, remainder_fraction=100.0000%, Lmin=-654.99, Lmax=-19.30
10:33:04 [ultranest] [DEBUG] iteration=6903, ncalls=54458, regioncalls=1990040, ndraw=40, logz=-664.90, remainder_fraction=100.0000%, Lmin=-654.97, Lmax=-19.30
10:33:04 [ultranest] [DEBUG] iteration=6905, ncalls=54474, regioncalls=1990680, ndraw=40, logz=-664.59, remainder_fraction=100.0000%, Lmin=-654.76, Lmax=-19.30
10:33:04 [ultranest] [DEBUG] iteration=6907, ncalls=54512, regioncalls=1992200, ndraw=40, logz=-664.10, remainder_fraction=100.0000%, Lmin=-653.60, Lmax=-19.30
10:33:05 [ultranest] [DEBUG] iteration=6908, ncalls=54524, regioncalls=1992680, ndraw=40, logz=-663.83, remainder_fraction=100.0000%, Lmin=-653.55, Lmax=-19.30
10:33:05 [ultranest] [DEBUG] iteration=6909, ncalls=54550, regioncalls=1993720, ndraw=40, logz=-663.62, remainder_fraction=100.0000%, Lmin=-653.37, Lmax=-19.30
10:33:05 [ultranest] [DEBUG] iteration=6911, ncalls=54566, regioncalls=1994360, ndraw=40, logz=-663.19, remainder_fraction=100.0000%, Lmin=-653.02, Lmax=-19.30
10:33:05 [ultranest] [DEBUG] iteration=6912, ncalls=54578, regioncalls=1994840, ndraw=40, logz=-662.99, remainder_fraction=100.0000%, Lmin=-652.72, Lmax=-19.30
10:33:05 [ultranest] [DEBUG] iteration=6914, ncalls=54603, regioncalls=1995840, ndraw=40, logz=-662.51, remainder_fraction=100.0000%, Lmin=-652.23, Lmax=-19.30
10:33:06 [ultranest] [DEBUG] iteration=6917, ncalls=54623, regioncalls=1996640, ndraw=40, logz=-661.93, remainder_fraction=100.0000%, Lmin=-651.88, Lmax=-19.30
10:33:06 [ultranest] [DEBUG] iteration=6918, ncalls=54652, regioncalls=1997800, ndraw=40, logz=-661.75, remainder_fraction=100.0000%, Lmin=-651.55, Lmax=-19.30
10:33:06 [ultranest] [DEBUG] iteration=6919, ncalls=54691, regioncalls=1999360, ndraw=40, logz=-661.55, remainder_fraction=100.0000%, Lmin=-651.54, Lmax=-19.30
10:33:06 [ultranest] [DEBUG] iteration=6920, ncalls=54709, regioncalls=2000080, ndraw=40, logz=-661.38, remainder_fraction=100.0000%, Lmin=-651.52, Lmax=-19.30
10:33:06 [ultranest] [DEBUG] iteration=6922, ncalls=54734, regioncalls=2001080, ndraw=40, logz=-661.05, remainder_fraction=100.0000%, Lmin=-650.89, Lmax=-19.30
10:33:07 [ultranest] [DEBUG] iteration=6925, ncalls=54749, regioncalls=2001680, ndraw=40, logz=-660.36, remainder_fraction=100.0000%, Lmin=-650.01, Lmax=-19.30
10:33:07 [ultranest] [DEBUG] iteration=6927, ncalls=54775, regioncalls=2002720, ndraw=40, logz=-659.85, remainder_fraction=100.0000%, Lmin=-649.53, Lmax=-19.30
10:33:07 [ultranest] [DEBUG] iteration=6929, ncalls=54808, regioncalls=2004040, ndraw=40, logz=-659.43, remainder_fraction=100.0000%, Lmin=-649.40, Lmax=-19.30
10:33:07 [ultranest] [DEBUG] iteration=6931, ncalls=54831, regioncalls=2004960, ndraw=40, logz=-659.07, remainder_fraction=100.0000%, Lmin=-648.70, Lmax=-19.30
10:33:07 [ultranest] [DEBUG] iteration=6932, ncalls=54853, regioncalls=2005840, ndraw=40, logz=-658.83, remainder_fraction=100.0000%, Lmin=-648.58, Lmax=-19.30
10:33:08 [ultranest] [DEBUG] iteration=6934, ncalls=54865, regioncalls=2006320, ndraw=40, logz=-658.43, remainder_fraction=100.0000%, Lmin=-648.37, Lmax=-19.30
10:33:08 [ultranest] [DEBUG] iteration=6936, ncalls=54879, regioncalls=2006880, ndraw=40, logz=-658.06, remainder_fraction=100.0000%, Lmin=-647.95, Lmax=-19.30
10:33:08 [ultranest] [DEBUG] iteration=6939, ncalls=54925, regioncalls=2008720, ndraw=40, logz=-657.47, remainder_fraction=100.0000%, Lmin=-647.25, Lmax=-19.30
10:33:09 [ultranest] [DEBUG] iteration=6942, ncalls=54980, regioncalls=2010920, ndraw=40, logz=-656.94, remainder_fraction=100.0000%, Lmin=-646.87, Lmax=-19.30
10:33:09 [ultranest] [DEBUG] iteration=6944, ncalls=55000, regioncalls=2011720, ndraw=40, logz=-656.61, remainder_fraction=100.0000%, Lmin=-646.23, Lmax=-19.30
10:33:09 [ultranest] [DEBUG] iteration=6945, ncalls=55024, regioncalls=2012680, ndraw=40, logz=-656.38, remainder_fraction=100.0000%, Lmin=-646.23, Lmax=-19.30
10:33:09 [ultranest] [DEBUG] iteration=6946, ncalls=55071, regioncalls=2014560, ndraw=40, logz=-656.19, remainder_fraction=100.0000%, Lmin=-645.69, Lmax=-19.30
10:33:09 [ultranest] [DEBUG] iteration=6949, ncalls=55082, regioncalls=2015000, ndraw=40, logz=-655.45, remainder_fraction=100.0000%, Lmin=-645.01, Lmax=-19.30
10:33:10 [ultranest] [DEBUG] iteration=6952, ncalls=55102, regioncalls=2015800, ndraw=40, logz=-654.84, remainder_fraction=100.0000%, Lmin=-644.52, Lmax=-19.30
10:33:10 [ultranest] [DEBUG] iteration=6954, ncalls=55115, regioncalls=2016320, ndraw=40, logz=-654.44, remainder_fraction=100.0000%, Lmin=-644.03, Lmax=-19.30
10:33:10 [ultranest] [DEBUG] iteration=6956, ncalls=55134, regioncalls=2017080, ndraw=40, logz=-653.99, remainder_fraction=100.0000%, Lmin=-643.85, Lmax=-19.30
10:33:10 [ultranest] [DEBUG] iteration=6957, ncalls=55154, regioncalls=2017880, ndraw=40, logz=-653.80, remainder_fraction=100.0000%, Lmin=-643.65, Lmax=-19.30
10:33:10 [ultranest] [DEBUG] iteration=6958, ncalls=55175, regioncalls=2018720, ndraw=40, logz=-653.62, remainder_fraction=100.0000%, Lmin=-643.63, Lmax=-19.30
10:33:10 [ultranest] [DEBUG] iteration=6959, ncalls=55199, regioncalls=2019680, ndraw=40, logz=-653.45, remainder_fraction=100.0000%, Lmin=-643.49, Lmax=-19.30
10:33:11 [ultranest] [DEBUG] iteration=6961, ncalls=55213, regioncalls=2020240, ndraw=40, logz=-653.15, remainder_fraction=100.0000%, Lmin=-643.39, Lmax=-19.30
10:33:11 [ultranest] [DEBUG] iteration=6964, ncalls=55229, regioncalls=2020880, ndraw=40, logz=-652.75, remainder_fraction=100.0000%, Lmin=-642.89, Lmax=-19.30
10:33:11 [ultranest] [DEBUG] iteration=6965, ncalls=55270, regioncalls=2022520, ndraw=40, logz=-652.60, remainder_fraction=100.0000%, Lmin=-642.81, Lmax=-19.30
10:33:11 [ultranest] [DEBUG] iteration=6967, ncalls=55285, regioncalls=2023120, ndraw=40, logz=-652.35, remainder_fraction=100.0000%, Lmin=-642.71, Lmax=-19.30
10:33:11 [ultranest] [DEBUG] iteration=6969, ncalls=55320, regioncalls=2024520, ndraw=40, logz=-652.09, remainder_fraction=100.0000%, Lmin=-642.35, Lmax=-19.30
10:33:12 [ultranest] [DEBUG] iteration=6972, ncalls=55343, regioncalls=2025440, ndraw=40, logz=-651.58, remainder_fraction=100.0000%, Lmin=-641.20, Lmax=-19.30
10:33:12 [ultranest] [DEBUG] iteration=6975, ncalls=55400, regioncalls=2027720, ndraw=40, logz=-650.93, remainder_fraction=100.0000%, Lmin=-640.59, Lmax=-19.30
10:33:12 [ultranest] [DEBUG] iteration=6976, ncalls=55420, regioncalls=2028520, ndraw=40, logz=-650.71, remainder_fraction=100.0000%, Lmin=-640.49, Lmax=-19.30
10:33:12 [ultranest] [DEBUG] iteration=6980, ncalls=55446, regioncalls=2029560, ndraw=40, logz=-650.00, remainder_fraction=100.0000%, Lmin=-640.05, Lmax=-19.30
10:33:13 [ultranest] [DEBUG] iteration=6983, ncalls=55496, regioncalls=2031560, ndraw=40, logz=-649.55, remainder_fraction=100.0000%, Lmin=-639.71, Lmax=-19.30
10:33:13 [ultranest] [DEBUG] iteration=6985, ncalls=55546, regioncalls=2033560, ndraw=40, logz=-649.22, remainder_fraction=100.0000%, Lmin=-639.08, Lmax=-19.30
10:33:13 [ultranest] [DEBUG] iteration=6986, ncalls=55558, regioncalls=2034040, ndraw=40, logz=-649.03, remainder_fraction=100.0000%, Lmin=-638.84, Lmax=-19.30
10:33:14 [ultranest] [DEBUG] iteration=6988, ncalls=55574, regioncalls=2034680, ndraw=40, logz=-648.56, remainder_fraction=100.0000%, Lmin=-638.00, Lmax=-19.30
10:33:14 [ultranest] [DEBUG] iteration=6989, ncalls=55592, regioncalls=2035400, ndraw=40, logz=-648.29, remainder_fraction=100.0000%, Lmin=-637.80, Lmax=-19.30
10:33:14 [ultranest] [DEBUG] iteration=6993, ncalls=55633, regioncalls=2037040, ndraw=40, logz=-647.30, remainder_fraction=100.0000%, Lmin=-636.75, Lmax=-19.30
10:33:14 [ultranest] [DEBUG] iteration=6994, ncalls=55662, regioncalls=2038200, ndraw=40, logz=-647.03, remainder_fraction=100.0000%, Lmin=-636.73, Lmax=-19.30
10:33:14 [ultranest] [DEBUG] iteration=6995, ncalls=55687, regioncalls=2039200, ndraw=40, logz=-646.82, remainder_fraction=100.0000%, Lmin=-636.58, Lmax=-19.30
10:33:15 [ultranest] [DEBUG] iteration=6997, ncalls=55701, regioncalls=2039760, ndraw=40, logz=-646.39, remainder_fraction=100.0000%, Lmin=-636.21, Lmax=-19.30
10:33:15 [ultranest] [DEBUG] iteration=6999, ncalls=55715, regioncalls=2040320, ndraw=40, logz=-646.04, remainder_fraction=100.0000%, Lmin=-635.91, Lmax=-19.30
10:33:15 [ultranest] [DEBUG] iteration=7001, ncalls=55747, regioncalls=2041600, ndraw=40, logz=-645.71, remainder_fraction=100.0000%, Lmin=-635.86, Lmax=-19.30
10:33:15 [ultranest] [DEBUG] iteration=7003, ncalls=55766, regioncalls=2042360, ndraw=40, logz=-645.40, remainder_fraction=100.0000%, Lmin=-635.50, Lmax=-19.30
10:33:15 [ultranest] [DEBUG] iteration=7005, ncalls=55778, regioncalls=2042840, ndraw=40, logz=-645.12, remainder_fraction=100.0000%, Lmin=-635.43, Lmax=-19.30
10:33:15 [ultranest] [DEBUG] iteration=7006, ncalls=55796, regioncalls=2043560, ndraw=40, logz=-645.00, remainder_fraction=100.0000%, Lmin=-635.42, Lmax=-19.30
10:33:16 [ultranest] [DEBUG] iteration=7009, ncalls=55820, regioncalls=2044520, ndraw=40, logz=-644.56, remainder_fraction=100.0000%, Lmin=-633.36, Lmax=-19.30
10:33:16 [ultranest] [DEBUG] iteration=7011, ncalls=55832, regioncalls=2045000, ndraw=40, logz=-643.78, remainder_fraction=100.0000%, Lmin=-633.28, Lmax=-19.30
10:33:16 [ultranest] [DEBUG] iteration=7014, ncalls=55853, regioncalls=2045840, ndraw=40, logz=-642.97, remainder_fraction=100.0000%, Lmin=-632.53, Lmax=-19.30
10:33:16 [ultranest] [DEBUG] iteration=7016, ncalls=55865, regioncalls=2046320, ndraw=40, logz=-642.54, remainder_fraction=100.0000%, Lmin=-632.32, Lmax=-19.30
10:33:16 [ultranest] [DEBUG] iteration=7018, ncalls=55877, regioncalls=2046800, ndraw=40, logz=-642.06, remainder_fraction=100.0000%, Lmin=-631.65, Lmax=-19.30
10:33:16 [ultranest] [DEBUG] iteration=7020, ncalls=55889, regioncalls=2047280, ndraw=40, logz=-641.61, remainder_fraction=100.0000%, Lmin=-631.18, Lmax=-19.30
10:33:17 [ultranest] [DEBUG] iteration=7021, ncalls=55952, regioncalls=2049800, ndraw=40, logz=-641.38, remainder_fraction=100.0000%, Lmin=-630.52, Lmax=-19.30
10:33:17 [ultranest] [DEBUG] iteration=7024, ncalls=55980, regioncalls=2050920, ndraw=40, logz=-640.48, remainder_fraction=100.0000%, Lmin=-630.00, Lmax=-19.30
10:33:17 [ultranest] [DEBUG] iteration=7026, ncalls=56014, regioncalls=2052280, ndraw=40, logz=-640.01, remainder_fraction=100.0000%, Lmin=-629.84, Lmax=-19.30
10:33:17 [ultranest] [DEBUG] iteration=7028, ncalls=56031, regioncalls=2052960, ndraw=40, logz=-639.55, remainder_fraction=100.0000%, Lmin=-628.92, Lmax=-19.30
10:33:18 [ultranest] [DEBUG] iteration=7030, ncalls=56061, regioncalls=2054160, ndraw=40, logz=-638.98, remainder_fraction=100.0000%, Lmin=-628.35, Lmax=-19.30
10:33:18 [ultranest] [DEBUG] iteration=7033, ncalls=56079, regioncalls=2054880, ndraw=40, logz=-638.23, remainder_fraction=100.0000%, Lmin=-628.05, Lmax=-19.30
10:33:18 [ultranest] [DEBUG] iteration=7034, ncalls=56100, regioncalls=2055720, ndraw=40, logz=-638.04, remainder_fraction=100.0000%, Lmin=-628.00, Lmax=-19.30
10:33:18 [ultranest] [DEBUG] iteration=7035, ncalls=56124, regioncalls=2056680, ndraw=40, logz=-637.88, remainder_fraction=100.0000%, Lmin=-627.82, Lmax=-19.30
10:33:18 [ultranest] [DEBUG] iteration=7037, ncalls=56153, regioncalls=2057840, ndraw=40, logz=-637.56, remainder_fraction=100.0000%, Lmin=-627.59, Lmax=-19.30
10:33:19 [ultranest] [DEBUG] iteration=7039, ncalls=56175, regioncalls=2058720, ndraw=40, logz=-637.26, remainder_fraction=100.0000%, Lmin=-626.89, Lmax=-19.30
10:33:19 [ultranest] [DEBUG] iteration=7040, ncalls=56183, regioncalls=2059040, ndraw=40, logz=-637.04, remainder_fraction=100.0000%, Lmin=-626.81, Lmax=-19.30
10:33:19 [ultranest] [DEBUG] iteration=7041, ncalls=56214, regioncalls=2060280, ndraw=40, logz=-636.85, remainder_fraction=100.0000%, Lmin=-626.71, Lmax=-19.30
10:33:19 [ultranest] [DEBUG] iteration=7042, ncalls=56227, regioncalls=2060800, ndraw=40, logz=-636.67, remainder_fraction=100.0000%, Lmin=-626.43, Lmax=-19.30
10:33:19 [ultranest] [DEBUG] iteration=7045, ncalls=56240, regioncalls=2061320, ndraw=40, logz=-636.11, remainder_fraction=100.0000%, Lmin=-626.11, Lmax=-19.30
10:33:19 [ultranest] [DEBUG] iteration=7046, ncalls=56277, regioncalls=2062800, ndraw=40, logz=-635.95, remainder_fraction=100.0000%, Lmin=-625.95, Lmax=-19.30
10:33:20 [ultranest] [DEBUG] iteration=7049, ncalls=56305, regioncalls=2063920, ndraw=40, logz=-635.48, remainder_fraction=100.0000%, Lmin=-625.57, Lmax=-19.30
10:33:20 [ultranest] [DEBUG] iteration=7051, ncalls=56338, regioncalls=2065240, ndraw=40, logz=-635.19, remainder_fraction=100.0000%, Lmin=-624.93, Lmax=-19.30
10:33:20 [ultranest] [DEBUG] iteration=7052, ncalls=56353, regioncalls=2065840, ndraw=40, logz=-634.99, remainder_fraction=100.0000%, Lmin=-624.31, Lmax=-19.30
10:33:20 [ultranest] [DEBUG] iteration=7054, ncalls=56368, regioncalls=2066440, ndraw=40, logz=-634.41, remainder_fraction=100.0000%, Lmin=-623.92, Lmax=-19.30
10:33:21 [ultranest] [DEBUG] iteration=7055, ncalls=56420, regioncalls=2068520, ndraw=40, logz=-634.17, remainder_fraction=100.0000%, Lmin=-623.84, Lmax=-19.30
10:33:21 [ultranest] [DEBUG] iteration=7059, ncalls=56454, regioncalls=2069880, ndraw=40, logz=-633.34, remainder_fraction=100.0000%, Lmin=-622.92, Lmax=-19.30
10:33:21 [ultranest] [DEBUG] iteration=7061, ncalls=56466, regioncalls=2070360, ndraw=40, logz=-632.91, remainder_fraction=100.0000%, Lmin=-622.76, Lmax=-19.30
10:33:21 [ultranest] [DEBUG] iteration=7064, ncalls=56500, regioncalls=2071720, ndraw=40, logz=-632.40, remainder_fraction=100.0000%, Lmin=-622.54, Lmax=-19.30
10:33:22 [ultranest] [DEBUG] iteration=7065, ncalls=56526, regioncalls=2072760, ndraw=40, logz=-632.27, remainder_fraction=100.0000%, Lmin=-622.50, Lmax=-19.30
10:33:22 [ultranest] [DEBUG] iteration=7068, ncalls=56542, regioncalls=2073400, ndraw=40, logz=-631.92, remainder_fraction=100.0000%, Lmin=-622.23, Lmax=-19.30
10:33:22 [ultranest] [DEBUG] iteration=7069, ncalls=56582, regioncalls=2075000, ndraw=40, logz=-631.80, remainder_fraction=100.0000%, Lmin=-622.22, Lmax=-19.30
10:33:22 [ultranest] [DEBUG] iteration=7072, ncalls=56594, regioncalls=2075480, ndraw=40, logz=-631.49, remainder_fraction=100.0000%, Lmin=-620.38, Lmax=-19.30
10:33:23 [ultranest] [DEBUG] iteration=7075, ncalls=56640, regioncalls=2077320, ndraw=40, logz=-630.54, remainder_fraction=100.0000%, Lmin=-620.19, Lmax=-19.30
10:33:23 [ultranest] [DEBUG] iteration=7076, ncalls=56653, regioncalls=2077840, ndraw=40, logz=-630.33, remainder_fraction=100.0000%, Lmin=-620.16, Lmax=-19.30
10:33:23 [ultranest] [DEBUG] iteration=7077, ncalls=56680, regioncalls=2078920, ndraw=40, logz=-630.15, remainder_fraction=100.0000%, Lmin=-620.11, Lmax=-19.30
10:33:23 [ultranest] [DEBUG] iteration=7078, ncalls=56695, regioncalls=2079520, ndraw=40, logz=-629.99, remainder_fraction=100.0000%, Lmin=-620.08, Lmax=-19.30
10:33:23 [ultranest] [DEBUG] iteration=7079, ncalls=56711, regioncalls=2080160, ndraw=40, logz=-629.85, remainder_fraction=100.0000%, Lmin=-619.83, Lmax=-19.30
10:33:23 [ultranest] [DEBUG] iteration=7081, ncalls=56725, regioncalls=2080720, ndraw=40, logz=-629.53, remainder_fraction=100.0000%, Lmin=-619.37, Lmax=-19.30
10:33:23 [ultranest] [DEBUG] iteration=7083, ncalls=56737, regioncalls=2081200, ndraw=40, logz=-629.19, remainder_fraction=100.0000%, Lmin=-618.85, Lmax=-19.30
10:33:23 [ultranest] [DEBUG] iteration=7084, ncalls=56749, regioncalls=2081680, ndraw=40, logz=-628.98, remainder_fraction=100.0000%, Lmin=-618.36, Lmax=-19.30
10:33:24 [ultranest] [DEBUG] iteration=7085, ncalls=56765, regioncalls=2082320, ndraw=40, logz=-628.71, remainder_fraction=100.0000%, Lmin=-618.18, Lmax=-19.30
10:33:24 [ultranest] [DEBUG] iteration=7086, ncalls=56800, regioncalls=2083720, ndraw=40, logz=-628.47, remainder_fraction=100.0000%, Lmin=-618.12, Lmax=-19.30
10:33:24 [ultranest] [DEBUG] iteration=7088, ncalls=56827, regioncalls=2084800, ndraw=40, logz=-628.07, remainder_fraction=100.0000%, Lmin=-617.85, Lmax=-19.30
10:33:24 [ultranest] [DEBUG] iteration=7089, ncalls=56844, regioncalls=2085480, ndraw=40, logz=-627.89, remainder_fraction=100.0000%, Lmin=-617.81, Lmax=-19.30
10:33:25 [ultranest] [DEBUG] iteration=7090, ncalls=56875, regioncalls=2086720, ndraw=40, logz=-627.72, remainder_fraction=100.0000%, Lmin=-617.66, Lmax=-19.30
10:33:25 [ultranest] [DEBUG] iteration=7091, ncalls=56887, regioncalls=2087200, ndraw=40, logz=-627.56, remainder_fraction=100.0000%, Lmin=-617.06, Lmax=-19.30
10:33:25 [ultranest] [DEBUG] iteration=7093, ncalls=56910, regioncalls=2088120, ndraw=40, logz=-627.13, remainder_fraction=100.0000%, Lmin=-617.05, Lmax=-19.30
10:33:25 [ultranest] [DEBUG] iteration=7094, ncalls=56923, regioncalls=2088640, ndraw=40, logz=-626.97, remainder_fraction=100.0000%, Lmin=-617.04, Lmax=-19.30
10:33:25 [ultranest] [DEBUG] iteration=7096, ncalls=56954, regioncalls=2089880, ndraw=40, logz=-626.69, remainder_fraction=100.0000%, Lmin=-616.59, Lmax=-19.30
10:33:25 [ultranest] [DEBUG] iteration=7098, ncalls=56966, regioncalls=2090360, ndraw=40, logz=-626.37, remainder_fraction=100.0000%, Lmin=-616.32, Lmax=-19.30
10:33:25 [ultranest] [DEBUG] iteration=7102, ncalls=56978, regioncalls=2090840, ndraw=40, logz=-625.68, remainder_fraction=100.0000%, Lmin=-615.00, Lmax=-19.30
10:33:26 [ultranest] [DEBUG] iteration=7105, ncalls=57016, regioncalls=2092360, ndraw=40, logz=-624.72, remainder_fraction=100.0000%, Lmin=-614.19, Lmax=-19.30
10:33:26 [ultranest] [DEBUG] iteration=7106, ncalls=57028, regioncalls=2092840, ndraw=40, logz=-624.48, remainder_fraction=100.0000%, Lmin=-614.01, Lmax=-19.30
10:33:26 [ultranest] [DEBUG] iteration=7108, ncalls=57054, regioncalls=2093880, ndraw=40, logz=-624.05, remainder_fraction=100.0000%, Lmin=-613.74, Lmax=-19.30
10:33:26 [ultranest] [DEBUG] iteration=7109, ncalls=57069, regioncalls=2094480, ndraw=40, logz=-623.85, remainder_fraction=100.0000%, Lmin=-613.51, Lmax=-19.30
10:33:26 [ultranest] [DEBUG] iteration=7111, ncalls=57098, regioncalls=2095640, ndraw=40, logz=-623.47, remainder_fraction=100.0000%, Lmin=-613.42, Lmax=-19.30
10:33:27 [ultranest] [DEBUG] iteration=7113, ncalls=57123, regioncalls=2096640, ndraw=40, logz=-623.16, remainder_fraction=100.0000%, Lmin=-613.13, Lmax=-19.30
10:33:27 [ultranest] [DEBUG] iteration=7115, ncalls=57141, regioncalls=2097360, ndraw=40, logz=-622.87, remainder_fraction=100.0000%, Lmin=-612.89, Lmax=-19.30
10:33:27 [ultranest] [DEBUG] iteration=7116, ncalls=57153, regioncalls=2097840, ndraw=40, logz=-622.72, remainder_fraction=100.0000%, Lmin=-612.75, Lmax=-19.30
10:33:27 [ultranest] [DEBUG] iteration=7117, ncalls=57167, regioncalls=2098400, ndraw=40, logz=-622.58, remainder_fraction=100.0000%, Lmin=-612.35, Lmax=-19.30
10:33:27 [ultranest] [DEBUG] iteration=7120, ncalls=57182, regioncalls=2099000, ndraw=40, logz=-622.08, remainder_fraction=100.0000%, Lmin=-611.94, Lmax=-19.30
10:33:27 [ultranest] [DEBUG] iteration=7121, ncalls=57210, regioncalls=2100120, ndraw=40, logz=-621.91, remainder_fraction=100.0000%, Lmin=-611.44, Lmax=-19.30
10:33:28 [ultranest] [DEBUG] iteration=7123, ncalls=57239, regioncalls=2101280, ndraw=40, logz=-621.48, remainder_fraction=100.0000%, Lmin=-611.36, Lmax=-19.30
10:33:28 [ultranest] [DEBUG] iteration=7125, ncalls=57264, regioncalls=2102280, ndraw=40, logz=-621.14, remainder_fraction=100.0000%, Lmin=-610.99, Lmax=-19.30
10:33:28 [ultranest] [DEBUG] iteration=7126, ncalls=57301, regioncalls=2103760, ndraw=40, logz=-620.97, remainder_fraction=100.0000%, Lmin=-610.96, Lmax=-19.30
10:33:28 [ultranest] [DEBUG] iteration=7128, ncalls=57314, regioncalls=2104280, ndraw=40, logz=-620.69, remainder_fraction=100.0000%, Lmin=-610.29, Lmax=-19.30
10:33:29 [ultranest] [DEBUG] iteration=7130, ncalls=57380, regioncalls=2106920, ndraw=40, logz=-620.29, remainder_fraction=100.0000%, Lmin=-609.76, Lmax=-19.30
10:33:29 [ultranest] [DEBUG] iteration=7131, ncalls=57416, regioncalls=2108360, ndraw=40, logz=-620.05, remainder_fraction=100.0000%, Lmin=-608.88, Lmax=-19.30
10:33:29 [ultranest] [DEBUG] iteration=7133, ncalls=57440, regioncalls=2109320, ndraw=40, logz=-619.33, remainder_fraction=100.0000%, Lmin=-608.59, Lmax=-19.30
10:33:29 [ultranest] [DEBUG] iteration=7134, ncalls=57452, regioncalls=2109800, ndraw=40, logz=-619.04, remainder_fraction=100.0000%, Lmin=-608.58, Lmax=-19.30
10:33:29 [ultranest] [DEBUG] iteration=7135, ncalls=57465, regioncalls=2110320, ndraw=40, logz=-618.81, remainder_fraction=100.0000%, Lmin=-608.42, Lmax=-19.30
10:33:30 [ultranest] [DEBUG] iteration=7138, ncalls=57495, regioncalls=2111520, ndraw=40, logz=-618.13, remainder_fraction=100.0000%, Lmin=-607.47, Lmax=-19.30
10:33:30 [ultranest] [DEBUG] iteration=7140, ncalls=57516, regioncalls=2112360, ndraw=40, logz=-617.63, remainder_fraction=100.0000%, Lmin=-607.24, Lmax=-19.30
10:33:30 [ultranest] [DEBUG] iteration=7142, ncalls=57534, regioncalls=2113080, ndraw=40, logz=-617.20, remainder_fraction=100.0000%, Lmin=-606.72, Lmax=-19.30
10:33:30 [ultranest] [DEBUG] iteration=7143, ncalls=57544, regioncalls=2113480, ndraw=40, logz=-616.97, remainder_fraction=100.0000%, Lmin=-606.58, Lmax=-19.30
10:33:31 [ultranest] [DEBUG] iteration=7144, ncalls=57564, regioncalls=2114280, ndraw=40, logz=-616.76, remainder_fraction=100.0000%, Lmin=-606.35, Lmax=-19.30
10:33:31 [ultranest] [DEBUG] iteration=7145, ncalls=57576, regioncalls=2114760, ndraw=40, logz=-616.55, remainder_fraction=100.0000%, Lmin=-606.19, Lmax=-19.30
10:33:31 [ultranest] [DEBUG] iteration=7147, ncalls=57586, regioncalls=2115160, ndraw=40, logz=-616.12, remainder_fraction=100.0000%, Lmin=-605.64, Lmax=-19.30
10:33:31 [ultranest] [DEBUG] iteration=7148, ncalls=57603, regioncalls=2115840, ndraw=40, logz=-615.89, remainder_fraction=100.0000%, Lmin=-605.43, Lmax=-19.30
10:33:32 [ultranest] [DEBUG] iteration=7150, ncalls=57668, regioncalls=2118440, ndraw=40, logz=-615.48, remainder_fraction=100.0000%, Lmin=-604.89, Lmax=-19.30
10:33:32 [ultranest] [DEBUG] iteration=7152, ncalls=57678, regioncalls=2118840, ndraw=40, logz=-614.87, remainder_fraction=100.0000%, Lmin=-604.20, Lmax=-19.30
10:33:32 [ultranest] [DEBUG] iteration=7153, ncalls=57688, regioncalls=2119240, ndraw=40, logz=-614.60, remainder_fraction=100.0000%, Lmin=-604.18, Lmax=-19.30
10:33:32 [ultranest] [DEBUG] iteration=7154, ncalls=57719, regioncalls=2120480, ndraw=40, logz=-614.39, remainder_fraction=100.0000%, Lmin=-603.94, Lmax=-19.30
10:33:32 [ultranest] [DEBUG] iteration=7155, ncalls=57729, regioncalls=2120880, ndraw=40, logz=-614.17, remainder_fraction=100.0000%, Lmin=-603.66, Lmax=-19.30
10:33:32 [ultranest] [DEBUG] iteration=7157, ncalls=57750, regioncalls=2121720, ndraw=40, logz=-613.69, remainder_fraction=100.0000%, Lmin=-603.06, Lmax=-19.30
10:33:33 [ultranest] [DEBUG] iteration=7159, ncalls=57781, regioncalls=2122960, ndraw=40, logz=-613.08, remainder_fraction=100.0000%, Lmin=-602.36, Lmax=-19.30
10:33:33 [ultranest] [DEBUG] iteration=7160, ncalls=57786, regioncalls=2123160, ndraw=40, logz=-612.80, remainder_fraction=100.0000%, Lmin=-601.84, Lmax=-19.30
10:33:33 [ultranest] [DEBUG] iteration=7162, ncalls=57805, regioncalls=2123920, ndraw=40, logz=-612.20, remainder_fraction=100.0000%, Lmin=-601.69, Lmax=-19.30
10:33:34 [ultranest] [DEBUG] iteration=7163, ncalls=57843, regioncalls=2125440, ndraw=40, logz=-611.97, remainder_fraction=100.0000%, Lmin=-601.28, Lmax=-19.30
10:33:34 [ultranest] [DEBUG] iteration=7165, ncalls=57860, regioncalls=2126120, ndraw=40, logz=-611.46, remainder_fraction=100.0000%, Lmin=-600.83, Lmax=-19.30
10:33:34 [ultranest] [DEBUG] iteration=7166, ncalls=57917, regioncalls=2128400, ndraw=40, logz=-611.20, remainder_fraction=100.0000%, Lmin=-600.51, Lmax=-19.30
10:33:35 [ultranest] [DEBUG] iteration=7169, ncalls=57928, regioncalls=2128840, ndraw=40, logz=-610.47, remainder_fraction=100.0000%, Lmin=-600.06, Lmax=-19.30
10:33:35 [ultranest] [DEBUG] iteration=7170, ncalls=57938, regioncalls=2129240, ndraw=40, logz=-610.26, remainder_fraction=100.0000%, Lmin=-600.05, Lmax=-19.30
10:33:35 [ultranest] [DEBUG] iteration=7172, ncalls=57951, regioncalls=2129760, ndraw=40, logz=-609.92, remainder_fraction=100.0000%, Lmin=-599.85, Lmax=-19.30
10:33:35 [ultranest] [DEBUG] iteration=7173, ncalls=57967, regioncalls=2130400, ndraw=40, logz=-609.76, remainder_fraction=100.0000%, Lmin=-599.82, Lmax=-19.30
10:33:35 [ultranest] [DEBUG] iteration=7175, ncalls=57999, regioncalls=2131680, ndraw=40, logz=-609.50, remainder_fraction=100.0000%, Lmin=-598.94, Lmax=-19.30
10:33:35 [ultranest] [DEBUG] iteration=7176, ncalls=58010, regioncalls=2132120, ndraw=40, logz=-609.26, remainder_fraction=100.0000%, Lmin=-598.94, Lmax=-19.30
10:33:36 [ultranest] [DEBUG] iteration=7177, ncalls=58028, regioncalls=2132840, ndraw=40, logz=-609.06, remainder_fraction=100.0000%, Lmin=-598.90, Lmax=-19.30
10:33:36 [ultranest] [DEBUG] iteration=7178, ncalls=58044, regioncalls=2133480, ndraw=40, logz=-608.90, remainder_fraction=100.0000%, Lmin=-598.13, Lmax=-19.30
10:33:36 [ultranest] [DEBUG] iteration=7179, ncalls=58066, regioncalls=2134360, ndraw=40, logz=-608.61, remainder_fraction=100.0000%, Lmin=-598.12, Lmax=-19.30
10:33:36 [ultranest] [DEBUG] iteration=7180, ncalls=58081, regioncalls=2134960, ndraw=40, logz=-608.38, remainder_fraction=100.0000%, Lmin=-598.09, Lmax=-19.30
10:33:36 [ultranest] [DEBUG] iteration=7181, ncalls=58103, regioncalls=2135840, ndraw=40, logz=-608.19, remainder_fraction=100.0000%, Lmin=-597.74, Lmax=-19.30
10:33:37 [ultranest] [DEBUG] iteration=7183, ncalls=58148, regioncalls=2137640, ndraw=40, logz=-607.78, remainder_fraction=100.0000%, Lmin=-597.38, Lmax=-19.30
10:33:37 [ultranest] [DEBUG] iteration=7185, ncalls=58167, regioncalls=2138400, ndraw=40, logz=-607.39, remainder_fraction=100.0000%, Lmin=-597.19, Lmax=-19.30
10:33:37 [ultranest] [DEBUG] iteration=7186, ncalls=58186, regioncalls=2139160, ndraw=40, logz=-607.22, remainder_fraction=100.0000%, Lmin=-597.04, Lmax=-19.30
10:33:37 [ultranest] [DEBUG] iteration=7188, ncalls=58206, regioncalls=2140000, ndraw=40, logz=-606.83, remainder_fraction=100.0000%, Lmin=-596.53, Lmax=-19.30
10:33:38 [ultranest] [DEBUG] iteration=7190, ncalls=58220, regioncalls=2140560, ndraw=40, logz=-606.46, remainder_fraction=100.0000%, Lmin=-596.31, Lmax=-19.30
10:33:38 [ultranest] [DEBUG] iteration=7191, ncalls=58232, regioncalls=2141040, ndraw=40, logz=-606.29, remainder_fraction=100.0000%, Lmin=-596.20, Lmax=-19.30
10:33:38 [ultranest] [DEBUG] iteration=7193, ncalls=58257, regioncalls=2142040, ndraw=40, logz=-605.96, remainder_fraction=100.0000%, Lmin=-595.54, Lmax=-19.30
10:33:38 [ultranest] [DEBUG] iteration=7194, ncalls=58297, regioncalls=2143640, ndraw=40, logz=-605.75, remainder_fraction=100.0000%, Lmin=-595.42, Lmax=-19.30
10:33:38 [ultranest] [DEBUG] iteration=7196, ncalls=58311, regioncalls=2144200, ndraw=40, logz=-605.39, remainder_fraction=100.0000%, Lmin=-595.35, Lmax=-19.30
10:33:39 [ultranest] [DEBUG] iteration=7197, ncalls=58327, regioncalls=2144840, ndraw=40, logz=-605.24, remainder_fraction=100.0000%, Lmin=-595.26, Lmax=-19.30
10:33:39 [ultranest] [DEBUG] iteration=7198, ncalls=58341, regioncalls=2145400, ndraw=40, logz=-605.10, remainder_fraction=100.0000%, Lmin=-595.20, Lmax=-19.30
10:33:39 [ultranest] [DEBUG] iteration=7200, ncalls=58372, regioncalls=2146640, ndraw=40, logz=-604.84, remainder_fraction=100.0000%, Lmin=-594.99, Lmax=-19.30
10:33:39 [ultranest] [DEBUG] iteration=7202, ncalls=58390, regioncalls=2147360, ndraw=40, logz=-604.61, remainder_fraction=100.0000%, Lmin=-594.45, Lmax=-19.30
10:33:40 [ultranest] [DEBUG] iteration=7203, ncalls=58417, regioncalls=2148440, ndraw=40, logz=-604.44, remainder_fraction=100.0000%, Lmin=-594.44, Lmax=-19.30
10:33:40 [ultranest] [DEBUG] iteration=7206, ncalls=58431, regioncalls=2149000, ndraw=40, logz=-603.99, remainder_fraction=100.0000%, Lmin=-594.03, Lmax=-19.30
10:33:40 [ultranest] [DEBUG] iteration=7208, ncalls=58453, regioncalls=2149880, ndraw=40, logz=-603.69, remainder_fraction=100.0000%, Lmin=-593.62, Lmax=-19.30
10:33:40 [ultranest] [DEBUG] iteration=7210, ncalls=58466, regioncalls=2150400, ndraw=40, logz=-603.31, remainder_fraction=100.0000%, Lmin=-592.85, Lmax=-19.30
10:33:40 [ultranest] [DEBUG] iteration=7211, ncalls=58482, regioncalls=2151040, ndraw=40, logz=-603.09, remainder_fraction=100.0000%, Lmin=-592.78, Lmax=-19.30
10:33:40 [ultranest] [DEBUG] iteration=7215, ncalls=58498, regioncalls=2151680, ndraw=40, logz=-602.31, remainder_fraction=100.0000%, Lmin=-592.17, Lmax=-19.30
10:33:41 [ultranest] [DEBUG] iteration=7216, ncalls=58533, regioncalls=2153080, ndraw=40, logz=-602.15, remainder_fraction=100.0000%, Lmin=-592.08, Lmax=-19.30
10:33:41 [ultranest] [DEBUG] iteration=7218, ncalls=58545, regioncalls=2153560, ndraw=40, logz=-601.86, remainder_fraction=100.0000%, Lmin=-591.72, Lmax=-19.30
10:33:41 [ultranest] [DEBUG] iteration=7219, ncalls=58572, regioncalls=2154640, ndraw=40, logz=-601.70, remainder_fraction=100.0000%, Lmin=-591.68, Lmax=-19.30
10:33:41 [ultranest] [DEBUG] iteration=7220, ncalls=58585, regioncalls=2155160, ndraw=40, logz=-601.56, remainder_fraction=100.0000%, Lmin=-591.55, Lmax=-19.30
10:33:41 [ultranest] [DEBUG] iteration=7221, ncalls=58602, regioncalls=2155840, ndraw=40, logz=-601.41, remainder_fraction=100.0000%, Lmin=-591.42, Lmax=-19.30
10:33:42 [ultranest] [DEBUG] iteration=7222, ncalls=58617, regioncalls=2156440, ndraw=40, logz=-601.28, remainder_fraction=100.0000%, Lmin=-591.12, Lmax=-19.30
10:33:42 [ultranest] [DEBUG] iteration=7223, ncalls=58637, regioncalls=2157240, ndraw=40, logz=-601.11, remainder_fraction=100.0000%, Lmin=-590.92, Lmax=-19.30
10:33:42 [ultranest] [DEBUG] iteration=7226, ncalls=58667, regioncalls=2158440, ndraw=40, logz=-600.63, remainder_fraction=100.0000%, Lmin=-590.29, Lmax=-19.30
10:33:42 [ultranest] [DEBUG] iteration=7229, ncalls=58683, regioncalls=2159080, ndraw=40, logz=-600.11, remainder_fraction=100.0000%, Lmin=-590.12, Lmax=-19.30
10:33:42 [ultranest] [DEBUG] iteration=7230, ncalls=58698, regioncalls=2159680, ndraw=40, logz=-599.97, remainder_fraction=100.0000%, Lmin=-590.08, Lmax=-19.30
10:33:43 [ultranest] [DEBUG] iteration=7231, ncalls=58708, regioncalls=2160080, ndraw=40, logz=-599.84, remainder_fraction=100.0000%, Lmin=-589.53, Lmax=-19.30
10:33:43 [ultranest] [DEBUG] iteration=7233, ncalls=58723, regioncalls=2160680, ndraw=40, logz=-599.45, remainder_fraction=100.0000%, Lmin=-589.19, Lmax=-19.30
10:33:43 [ultranest] [DEBUG] iteration=7234, ncalls=58741, regioncalls=2161400, ndraw=40, logz=-599.27, remainder_fraction=100.0000%, Lmin=-589.11, Lmax=-19.30
10:33:43 [ultranest] [DEBUG] iteration=7236, ncalls=58766, regioncalls=2162400, ndraw=40, logz=-598.94, remainder_fraction=100.0000%, Lmin=-588.85, Lmax=-19.30
10:33:43 [ultranest] [DEBUG] iteration=7238, ncalls=58792, regioncalls=2163600, ndraw=40, logz=-598.61, remainder_fraction=100.0000%, Lmin=-588.42, Lmax=-19.30
10:33:44 [ultranest] [DEBUG] iteration=7239, ncalls=58809, regioncalls=2164280, ndraw=40, logz=-598.44, remainder_fraction=100.0000%, Lmin=-588.26, Lmax=-19.30
10:33:44 [ultranest] [DEBUG] iteration=7240, ncalls=58819, regioncalls=2164680, ndraw=40, logz=-598.28, remainder_fraction=100.0000%, Lmin=-588.23, Lmax=-19.30
10:33:44 [ultranest] [DEBUG] iteration=7241, ncalls=58834, regioncalls=2165280, ndraw=40, logz=-598.13, remainder_fraction=100.0000%, Lmin=-588.22, Lmax=-19.30
10:33:44 [ultranest] [DEBUG] iteration=7242, ncalls=58844, regioncalls=2165680, ndraw=40, logz=-598.01, remainder_fraction=100.0000%, Lmin=-588.20, Lmax=-19.30
10:33:44 [ultranest] [DEBUG] iteration=7244, ncalls=58857, regioncalls=2166200, ndraw=40, logz=-597.76, remainder_fraction=100.0000%, Lmin=-587.84, Lmax=-19.30
10:33:44 [ultranest] [DEBUG] iteration=7246, ncalls=58882, regioncalls=2167200, ndraw=40, logz=-597.51, remainder_fraction=100.0000%, Lmin=-587.82, Lmax=-19.30
10:33:45 [ultranest] [DEBUG] iteration=7247, ncalls=58916, regioncalls=2168560, ndraw=40, logz=-597.41, remainder_fraction=100.0000%, Lmin=-587.49, Lmax=-19.30
10:33:45 [ultranest] [DEBUG] iteration=7249, ncalls=58940, regioncalls=2169520, ndraw=40, logz=-597.14, remainder_fraction=100.0000%, Lmin=-587.05, Lmax=-19.30
10:33:45 [ultranest] [DEBUG] iteration=7252, ncalls=58960, regioncalls=2170320, ndraw=40, logz=-596.74, remainder_fraction=100.0000%, Lmin=-587.01, Lmax=-19.30
10:33:46 [ultranest] [DEBUG] iteration=7253, ncalls=58999, regioncalls=2171880, ndraw=40, logz=-596.63, remainder_fraction=100.0000%, Lmin=-586.64, Lmax=-19.30
10:33:46 [ultranest] [DEBUG] iteration=7254, ncalls=59016, regioncalls=2172560, ndraw=40, logz=-596.49, remainder_fraction=100.0000%, Lmin=-586.34, Lmax=-19.30
10:33:46 [ultranest] [DEBUG] iteration=7256, ncalls=59030, regioncalls=2173120, ndraw=40, logz=-596.19, remainder_fraction=100.0000%, Lmin=-586.18, Lmax=-19.30
10:33:46 [ultranest] [DEBUG] iteration=7258, ncalls=59046, regioncalls=2173760, ndraw=40, logz=-595.90, remainder_fraction=100.0000%, Lmin=-585.55, Lmax=-19.30
10:33:46 [ultranest] [DEBUG] iteration=7260, ncalls=59059, regioncalls=2174280, ndraw=40, logz=-595.54, remainder_fraction=100.0000%, Lmin=-585.45, Lmax=-19.30
10:33:46 [ultranest] [DEBUG] iteration=7261, ncalls=59082, regioncalls=2175200, ndraw=40, logz=-595.39, remainder_fraction=100.0000%, Lmin=-585.37, Lmax=-19.30
10:33:47 [ultranest] [DEBUG] iteration=7263, ncalls=59131, regioncalls=2177160, ndraw=40, logz=-595.09, remainder_fraction=100.0000%, Lmin=-585.07, Lmax=-19.30
10:33:47 [ultranest] [DEBUG] iteration=7265, ncalls=59142, regioncalls=2177600, ndraw=40, logz=-594.83, remainder_fraction=100.0000%, Lmin=-585.04, Lmax=-19.30
10:33:47 [ultranest] [DEBUG] iteration=7267, ncalls=59162, regioncalls=2178400, ndraw=40, logz=-594.61, remainder_fraction=100.0000%, Lmin=-584.54, Lmax=-19.30
10:33:48 [ultranest] [DEBUG] iteration=7269, ncalls=59190, regioncalls=2179520, ndraw=40, logz=-594.32, remainder_fraction=100.0000%, Lmin=-584.06, Lmax=-19.30
10:33:48 [ultranest] [DEBUG] iteration=7270, ncalls=59201, regioncalls=2179960, ndraw=40, logz=-594.15, remainder_fraction=100.0000%, Lmin=-584.06, Lmax=-19.30
10:33:48 [ultranest] [DEBUG] iteration=7271, ncalls=59217, regioncalls=2180600, ndraw=40, logz=-594.00, remainder_fraction=100.0000%, Lmin=-583.22, Lmax=-19.30
10:33:48 [ultranest] [DEBUG] iteration=7272, ncalls=59239, regioncalls=2181480, ndraw=40, logz=-593.72, remainder_fraction=100.0000%, Lmin=-583.13, Lmax=-19.30
10:33:48 [ultranest] [DEBUG] iteration=7273, ncalls=59279, regioncalls=2183080, ndraw=40, logz=-593.49, remainder_fraction=100.0000%, Lmin=-582.97, Lmax=-19.30
10:33:49 [ultranest] [DEBUG] iteration=7274, ncalls=59311, regioncalls=2184360, ndraw=40, logz=-593.27, remainder_fraction=100.0000%, Lmin=-582.83, Lmax=-19.30
10:33:49 [ultranest] [DEBUG] iteration=7276, ncalls=59328, regioncalls=2185040, ndraw=40, logz=-592.88, remainder_fraction=100.0000%, Lmin=-582.65, Lmax=-19.30
10:33:49 [ultranest] [DEBUG] iteration=7278, ncalls=59351, regioncalls=2185960, ndraw=40, logz=-592.53, remainder_fraction=100.0000%, Lmin=-582.34, Lmax=-19.30
10:33:49 [ultranest] [DEBUG] iteration=7281, ncalls=59360, regioncalls=2186320, ndraw=40, logz=-592.08, remainder_fraction=100.0000%, Lmin=-581.95, Lmax=-19.30
10:33:50 [ultranest] [DEBUG] iteration=7283, ncalls=59387, regioncalls=2187400, ndraw=40, logz=-591.79, remainder_fraction=100.0000%, Lmin=-581.50, Lmax=-19.30
10:33:50 [ultranest] [DEBUG] iteration=7284, ncalls=59434, regioncalls=2189280, ndraw=40, logz=-591.61, remainder_fraction=100.0000%, Lmin=-580.71, Lmax=-19.30
10:33:50 [ultranest] [DEBUG] iteration=7285, ncalls=59449, regioncalls=2189880, ndraw=40, logz=-591.31, remainder_fraction=100.0000%, Lmin=-580.63, Lmax=-19.30
10:33:50 [ultranest] [DEBUG] iteration=7287, ncalls=59464, regioncalls=2190480, ndraw=40, logz=-590.79, remainder_fraction=100.0000%, Lmin=-580.09, Lmax=-19.30
10:33:51 [ultranest] [DEBUG] iteration=7289, ncalls=59516, regioncalls=2192560, ndraw=40, logz=-590.21, remainder_fraction=100.0000%, Lmin=-579.33, Lmax=-19.30
10:33:52 [ultranest] [DEBUG] iteration=7290, ncalls=59592, regioncalls=2195600, ndraw=40, logz=-589.91, remainder_fraction=100.0000%, Lmin=-579.32, Lmax=-19.30
10:33:52 [ultranest] [DEBUG] iteration=7291, ncalls=59610, regioncalls=2196320, ndraw=40, logz=-589.68, remainder_fraction=100.0000%, Lmin=-578.77, Lmax=-19.30
10:33:52 [ultranest] [DEBUG] iteration=7292, ncalls=59664, regioncalls=2198480, ndraw=40, logz=-589.37, remainder_fraction=100.0000%, Lmin=-578.56, Lmax=-19.30
10:33:53 [ultranest] [DEBUG] iteration=7293, ncalls=59687, regioncalls=2199400, ndraw=40, logz=-589.09, remainder_fraction=100.0000%, Lmin=-578.49, Lmax=-19.30
10:33:53 [ultranest] [DEBUG] iteration=7296, ncalls=59744, regioncalls=2201680, ndraw=40, logz=-588.41, remainder_fraction=100.0000%, Lmin=-577.89, Lmax=-19.30
10:33:53 [ultranest] [DEBUG] iteration=7298, ncalls=59754, regioncalls=2202080, ndraw=40, logz=-587.99, remainder_fraction=100.0000%, Lmin=-577.50, Lmax=-19.30
10:33:53 [ultranest] [DEBUG] iteration=7301, ncalls=59766, regioncalls=2202560, ndraw=40, logz=-587.09, remainder_fraction=100.0000%, Lmin=-576.36, Lmax=-19.30
10:33:53 [ultranest] [DEBUG] iteration=7304, ncalls=59776, regioncalls=2202960, ndraw=40, logz=-586.38, remainder_fraction=100.0000%, Lmin=-576.06, Lmax=-19.30
10:33:54 [ultranest] [DEBUG] iteration=7305, ncalls=59818, regioncalls=2204640, ndraw=40, logz=-586.20, remainder_fraction=100.0000%, Lmin=-575.94, Lmax=-19.30
10:33:54 [ultranest] [DEBUG] iteration=7306, ncalls=59828, regioncalls=2205040, ndraw=40, logz=-586.03, remainder_fraction=100.0000%, Lmin=-575.69, Lmax=-19.30
10:33:54 [ultranest] [DEBUG] iteration=7308, ncalls=59855, regioncalls=2206120, ndraw=40, logz=-585.68, remainder_fraction=100.0000%, Lmin=-575.34, Lmax=-19.30
10:33:55 [ultranest] [DEBUG] iteration=7310, ncalls=59885, regioncalls=2207320, ndraw=40, logz=-585.34, remainder_fraction=100.0000%, Lmin=-575.25, Lmax=-19.30
10:33:55 [ultranest] [DEBUG] iteration=7312, ncalls=59898, regioncalls=2207840, ndraw=40, logz=-585.04, remainder_fraction=100.0000%, Lmin=-575.01, Lmax=-19.30
10:33:55 [ultranest] [DEBUG] iteration=7315, ncalls=59915, regioncalls=2208520, ndraw=40, logz=-584.61, remainder_fraction=100.0000%, Lmin=-574.56, Lmax=-19.30
10:33:55 [ultranest] [DEBUG] iteration=7317, ncalls=59926, regioncalls=2208960, ndraw=40, logz=-584.33, remainder_fraction=100.0000%, Lmin=-574.42, Lmax=-19.30
10:33:55 [ultranest] [DEBUG] iteration=7318, ncalls=59938, regioncalls=2209440, ndraw=40, logz=-584.21, remainder_fraction=100.0000%, Lmin=-574.32, Lmax=-19.30
10:33:55 [ultranest] [DEBUG] iteration=7320, ncalls=59954, regioncalls=2210080, ndraw=40, logz=-583.97, remainder_fraction=100.0000%, Lmin=-573.80, Lmax=-19.30
10:33:55 [ultranest] [DEBUG] iteration=7323, ncalls=59965, regioncalls=2210520, ndraw=40, logz=-583.37, remainder_fraction=100.0000%, Lmin=-572.96, Lmax=-19.30
10:33:56 [ultranest] [DEBUG] iteration=7327, ncalls=59982, regioncalls=2211200, ndraw=40, logz=-582.59, remainder_fraction=100.0000%, Lmin=-572.36, Lmax=-19.30
10:33:56 [ultranest] [DEBUG] iteration=7329, ncalls=60030, regioncalls=2213120, ndraw=40, logz=-582.27, remainder_fraction=100.0000%, Lmin=-572.16, Lmax=-19.30
10:33:56 [ultranest] [DEBUG] iteration=7330, ncalls=60066, regioncalls=2214560, ndraw=40, logz=-582.12, remainder_fraction=100.0000%, Lmin=-572.14, Lmax=-19.30
10:33:57 [ultranest] [DEBUG] iteration=7331, ncalls=60078, regioncalls=2215040, ndraw=40, logz=-581.99, remainder_fraction=100.0000%, Lmin=-572.07, Lmax=-19.30
10:33:57 [ultranest] [DEBUG] iteration=7332, ncalls=60138, regioncalls=2217440, ndraw=40, logz=-581.87, remainder_fraction=100.0000%, Lmin=-571.78, Lmax=-19.30
10:33:57 [ultranest] [DEBUG] iteration=7333, ncalls=60168, regioncalls=2218760, ndraw=40, logz=-581.73, remainder_fraction=100.0000%, Lmin=-571.76, Lmax=-19.30
10:33:58 [ultranest] [DEBUG] iteration=7335, ncalls=60194, regioncalls=2219800, ndraw=40, logz=-581.47, remainder_fraction=100.0000%, Lmin=-571.30, Lmax=-19.30
10:33:58 [ultranest] [DEBUG] iteration=7336, ncalls=60267, regioncalls=2222840, ndraw=40, logz=-581.32, remainder_fraction=100.0000%, Lmin=-571.19, Lmax=-19.30
10:33:59 [ultranest] [DEBUG] iteration=7338, ncalls=60293, regioncalls=2224000, ndraw=40, logz=-581.00, remainder_fraction=100.0000%, Lmin=-570.72, Lmax=-19.30
10:33:59 [ultranest] [DEBUG] iteration=7339, ncalls=60304, regioncalls=2224440, ndraw=40, logz=-580.83, remainder_fraction=100.0000%, Lmin=-570.72, Lmax=-19.30
10:33:59 [ultranest] [DEBUG] iteration=7340, ncalls=60314, regioncalls=2224840, ndraw=40, logz=-580.69, remainder_fraction=100.0000%, Lmin=-570.68, Lmax=-19.30
10:33:59 [ultranest] [DEBUG] iteration=7343, ncalls=60342, regioncalls=2225960, ndraw=40, logz=-580.28, remainder_fraction=100.0000%, Lmin=-570.33, Lmax=-19.30
10:33:59 [ultranest] [DEBUG] iteration=7344, ncalls=60363, regioncalls=2226800, ndraw=40, logz=-580.15, remainder_fraction=100.0000%, Lmin=-570.27, Lmax=-19.30
10:34:00 [ultranest] [DEBUG] iteration=7347, ncalls=60390, regioncalls=2228000, ndraw=40, logz=-579.72, remainder_fraction=100.0000%, Lmin=-569.11, Lmax=-19.30
10:34:00 [ultranest] [DEBUG] iteration=7349, ncalls=60436, regioncalls=2229840, ndraw=40, logz=-579.18, remainder_fraction=100.0000%, Lmin=-568.47, Lmax=-19.30
10:34:01 [ultranest] [DEBUG] iteration=7350, ncalls=60477, regioncalls=2231640, ndraw=40, logz=-578.93, remainder_fraction=100.0000%, Lmin=-568.47, Lmax=-19.30
10:34:01 [ultranest] [DEBUG] iteration=7352, ncalls=60492, regioncalls=2232240, ndraw=40, logz=-578.56, remainder_fraction=100.0000%, Lmin=-568.42, Lmax=-19.30
10:34:01 [ultranest] [DEBUG] iteration=7355, ncalls=60501, regioncalls=2232600, ndraw=40, logz=-578.02, remainder_fraction=100.0000%, Lmin=-567.47, Lmax=-19.30
10:34:01 [ultranest] [DEBUG] iteration=7356, ncalls=60512, regioncalls=2233040, ndraw=40, logz=-577.81, remainder_fraction=100.0000%, Lmin=-567.46, Lmax=-19.30
10:34:01 [ultranest] [DEBUG] iteration=7358, ncalls=60528, regioncalls=2233680, ndraw=40, logz=-577.46, remainder_fraction=100.0000%, Lmin=-567.25, Lmax=-19.30
10:34:01 [ultranest] [DEBUG] iteration=7360, ncalls=60535, regioncalls=2233960, ndraw=40, logz=-577.17, remainder_fraction=100.0000%, Lmin=-566.96, Lmax=-19.30
10:34:02 [ultranest] [DEBUG] iteration=7361, ncalls=60556, regioncalls=2234800, ndraw=40, logz=-577.01, remainder_fraction=100.0000%, Lmin=-566.84, Lmax=-19.30
10:34:02 [ultranest] [DEBUG] iteration=7363, ncalls=60576, regioncalls=2235600, ndraw=40, logz=-576.71, remainder_fraction=100.0000%, Lmin=-566.73, Lmax=-19.30
10:34:02 [ultranest] [DEBUG] iteration=7364, ncalls=60607, regioncalls=2236840, ndraw=40, logz=-576.59, remainder_fraction=100.0000%, Lmin=-566.68, Lmax=-19.30
10:34:02 [ultranest] [DEBUG] iteration=7365, ncalls=60629, regioncalls=2237720, ndraw=40, logz=-576.47, remainder_fraction=100.0000%, Lmin=-566.41, Lmax=-19.30
10:34:02 [ultranest] [DEBUG] iteration=7366, ncalls=60646, regioncalls=2238400, ndraw=40, logz=-576.33, remainder_fraction=100.0000%, Lmin=-565.96, Lmax=-19.30
10:34:03 [ultranest] [DEBUG] iteration=7368, ncalls=60659, regioncalls=2238920, ndraw=40, logz=-575.94, remainder_fraction=100.0000%, Lmin=-565.45, Lmax=-19.30
10:34:03 [ultranest] [DEBUG] iteration=7369, ncalls=60670, regioncalls=2239360, ndraw=40, logz=-575.74, remainder_fraction=100.0000%, Lmin=-565.33, Lmax=-19.30
10:34:03 [ultranest] [DEBUG] iteration=7370, ncalls=60681, regioncalls=2239800, ndraw=40, logz=-575.55, remainder_fraction=100.0000%, Lmin=-565.15, Lmax=-19.30
10:34:03 [ultranest] [DEBUG] iteration=7372, ncalls=60715, regioncalls=2241160, ndraw=40, logz=-574.87, remainder_fraction=100.0000%, Lmin=-563.72, Lmax=-19.30
10:34:03 [ultranest] [DEBUG] iteration=7374, ncalls=60729, regioncalls=2241720, ndraw=40, logz=-574.24, remainder_fraction=100.0000%, Lmin=-563.47, Lmax=-19.30
10:34:03 [ultranest] [DEBUG] iteration=7375, ncalls=60739, regioncalls=2242120, ndraw=40, logz=-573.98, remainder_fraction=100.0000%, Lmin=-563.34, Lmax=-19.30
10:34:04 [ultranest] [DEBUG] iteration=7376, ncalls=60760, regioncalls=2242960, ndraw=40, logz=-573.75, remainder_fraction=100.0000%, Lmin=-563.29, Lmax=-19.30
10:34:04 [ultranest] [DEBUG] iteration=7379, ncalls=60769, regioncalls=2243320, ndraw=40, logz=-573.15, remainder_fraction=100.0000%, Lmin=-562.77, Lmax=-19.30
10:34:04 [ultranest] [DEBUG] iteration=7380, ncalls=60784, regioncalls=2243920, ndraw=40, logz=-572.97, remainder_fraction=100.0000%, Lmin=-562.45, Lmax=-19.30
10:34:04 [ultranest] [DEBUG] iteration=7381, ncalls=60800, regioncalls=2244560, ndraw=40, logz=-572.76, remainder_fraction=100.0000%, Lmin=-562.39, Lmax=-19.30
10:34:04 [ultranest] [DEBUG] iteration=7382, ncalls=60816, regioncalls=2245200, ndraw=40, logz=-572.58, remainder_fraction=100.0000%, Lmin=-562.38, Lmax=-19.30
10:34:04 [ultranest] [DEBUG] iteration=7383, ncalls=60848, regioncalls=2246480, ndraw=40, logz=-572.43, remainder_fraction=100.0000%, Lmin=-562.22, Lmax=-19.30
10:34:05 [ultranest] [DEBUG] iteration=7384, ncalls=60864, regioncalls=2247120, ndraw=40, logz=-572.27, remainder_fraction=100.0000%, Lmin=-562.18, Lmax=-19.30
10:34:05 [ultranest] [DEBUG] iteration=7386, ncalls=60885, regioncalls=2247960, ndraw=40, logz=-571.97, remainder_fraction=100.0000%, Lmin=-561.65, Lmax=-19.30
10:34:05 [ultranest] [DEBUG] iteration=7389, ncalls=60926, regioncalls=2249600, ndraw=40, logz=-571.37, remainder_fraction=100.0000%, Lmin=-561.05, Lmax=-19.30
10:34:05 [ultranest] [DEBUG] iteration=7390, ncalls=60939, regioncalls=2250120, ndraw=40, logz=-571.20, remainder_fraction=100.0000%, Lmin=-561.05, Lmax=-19.30
10:34:06 [ultranest] [DEBUG] iteration=7391, ncalls=60979, regioncalls=2251720, ndraw=40, logz=-571.06, remainder_fraction=100.0000%, Lmin=-560.70, Lmax=-19.30
10:34:06 [ultranest] [DEBUG] iteration=7392, ncalls=60990, regioncalls=2252160, ndraw=40, logz=-570.88, remainder_fraction=100.0000%, Lmin=-560.47, Lmax=-19.30
10:34:06 [ultranest] [DEBUG] iteration=7393, ncalls=61016, regioncalls=2253200, ndraw=40, logz=-570.69, remainder_fraction=100.0000%, Lmin=-560.37, Lmax=-19.30
10:34:07 [ultranest] [DEBUG] iteration=7394, ncalls=61056, regioncalls=2254800, ndraw=40, logz=-570.52, remainder_fraction=100.0000%, Lmin=-560.11, Lmax=-19.30
10:34:07 [ultranest] [DEBUG] iteration=7395, ncalls=61074, regioncalls=2255520, ndraw=40, logz=-570.34, remainder_fraction=100.0000%, Lmin=-560.03, Lmax=-19.30
10:34:07 [ultranest] [DEBUG] iteration=7398, ncalls=61093, regioncalls=2256280, ndraw=40, logz=-569.83, remainder_fraction=100.0000%, Lmin=-559.53, Lmax=-19.30
10:34:07 [ultranest] [DEBUG] iteration=7400, ncalls=61104, regioncalls=2256720, ndraw=40, logz=-569.48, remainder_fraction=100.0000%, Lmin=-559.28, Lmax=-19.30
10:34:07 [ultranest] [DEBUG] iteration=7401, ncalls=61134, regioncalls=2257920, ndraw=40, logz=-569.33, remainder_fraction=100.0000%, Lmin=-559.07, Lmax=-19.30
10:34:08 [ultranest] [DEBUG] iteration=7403, ncalls=61173, regioncalls=2259480, ndraw=40, logz=-569.01, remainder_fraction=100.0000%, Lmin=-558.88, Lmax=-19.30
10:34:08 [ultranest] [DEBUG] iteration=7404, ncalls=61187, regioncalls=2260040, ndraw=40, logz=-568.86, remainder_fraction=100.0000%, Lmin=-558.81, Lmax=-19.30
10:34:08 [ultranest] [DEBUG] iteration=7405, ncalls=61212, regioncalls=2261040, ndraw=40, logz=-568.73, remainder_fraction=100.0000%, Lmin=-558.73, Lmax=-19.30
10:34:09 [ultranest] [DEBUG] iteration=7406, ncalls=61244, regioncalls=2262320, ndraw=40, logz=-568.60, remainder_fraction=100.0000%, Lmin=-558.66, Lmax=-19.30
10:34:09 [ultranest] [DEBUG] iteration=7408, ncalls=61261, regioncalls=2263000, ndraw=40, logz=-568.34, remainder_fraction=100.0000%, Lmin=-557.98, Lmax=-19.30
10:34:09 [ultranest] [DEBUG] iteration=7410, ncalls=61276, regioncalls=2263600, ndraw=40, logz=-567.99, remainder_fraction=100.0000%, Lmin=-557.79, Lmax=-19.30
10:34:09 [ultranest] [DEBUG] iteration=7411, ncalls=61292, regioncalls=2264240, ndraw=40, logz=-567.84, remainder_fraction=100.0000%, Lmin=-557.74, Lmax=-19.30
10:34:09 [ultranest] [DEBUG] iteration=7412, ncalls=61308, regioncalls=2264880, ndraw=40, logz=-567.70, remainder_fraction=100.0000%, Lmin=-557.73, Lmax=-19.30
10:34:09 [ultranest] [DEBUG] iteration=7413, ncalls=61337, regioncalls=2266040, ndraw=40, logz=-567.58, remainder_fraction=100.0000%, Lmin=-557.60, Lmax=-19.30
10:34:10 [ultranest] [DEBUG] iteration=7414, ncalls=61354, regioncalls=2266720, ndraw=40, logz=-567.46, remainder_fraction=100.0000%, Lmin=-557.38, Lmax=-19.30
10:34:10 [ultranest] [DEBUG] iteration=7416, ncalls=61367, regioncalls=2267240, ndraw=40, logz=-567.19, remainder_fraction=100.0000%, Lmin=-556.89, Lmax=-19.30
10:34:10 [ultranest] [DEBUG] iteration=7418, ncalls=61389, regioncalls=2268120, ndraw=40, logz=-566.88, remainder_fraction=100.0000%, Lmin=-556.74, Lmax=-19.30
10:34:10 [ultranest] [DEBUG] iteration=7419, ncalls=61421, regioncalls=2269400, ndraw=40, logz=-566.74, remainder_fraction=100.0000%, Lmin=-556.49, Lmax=-19.30
10:34:11 [ultranest] [DEBUG] iteration=7420, ncalls=61453, regioncalls=2270840, ndraw=40, logz=-566.58, remainder_fraction=100.0000%, Lmin=-556.15, Lmax=-19.30
10:34:11 [ultranest] [DEBUG] iteration=7422, ncalls=61491, regioncalls=2272360, ndraw=40, logz=-566.21, remainder_fraction=100.0000%, Lmin=-555.47, Lmax=-19.30
10:34:11 [ultranest] [DEBUG] iteration=7423, ncalls=61502, regioncalls=2272800, ndraw=40, logz=-565.97, remainder_fraction=100.0000%, Lmin=-555.31, Lmax=-19.30
10:34:12 [ultranest] [DEBUG] iteration=7428, ncalls=61551, regioncalls=2274760, ndraw=40, logz=-565.02, remainder_fraction=100.0000%, Lmin=-554.53, Lmax=-19.30
10:34:12 [ultranest] [DEBUG] iteration=7430, ncalls=61601, regioncalls=2276760, ndraw=40, logz=-564.66, remainder_fraction=100.0000%, Lmin=-554.43, Lmax=-19.30
10:34:12 [ultranest] [DEBUG] iteration=7433, ncalls=61617, regioncalls=2277400, ndraw=40, logz=-564.12, remainder_fraction=100.0000%, Lmin=-553.82, Lmax=-19.30
10:34:12 [ultranest] [DEBUG] iteration=7434, ncalls=61631, regioncalls=2277960, ndraw=40, logz=-563.96, remainder_fraction=100.0000%, Lmin=-553.81, Lmax=-19.30
10:34:13 [ultranest] [DEBUG] iteration=7436, ncalls=61641, regioncalls=2278360, ndraw=40, logz=-563.67, remainder_fraction=100.0000%, Lmin=-553.39, Lmax=-19.30
10:34:13 [ultranest] [DEBUG] iteration=7437, ncalls=61653, regioncalls=2278840, ndraw=40, logz=-563.51, remainder_fraction=100.0000%, Lmin=-553.38, Lmax=-19.30
10:34:13 [ultranest] [DEBUG] iteration=7438, ncalls=61669, regioncalls=2279480, ndraw=40, logz=-563.37, remainder_fraction=100.0000%, Lmin=-553.10, Lmax=-19.30
10:34:13 [ultranest] [DEBUG] iteration=7439, ncalls=61721, regioncalls=2281560, ndraw=40, logz=-563.21, remainder_fraction=100.0000%, Lmin=-553.03, Lmax=-19.30
10:34:14 [ultranest] [DEBUG] iteration=7440, ncalls=61749, regioncalls=2282680, ndraw=40, logz=-563.07, remainder_fraction=100.0000%, Lmin=-552.77, Lmax=-19.30
10:34:14 [ultranest] [DEBUG] iteration=7441, ncalls=61773, regioncalls=2283640, ndraw=40, logz=-562.90, remainder_fraction=100.0000%, Lmin=-552.63, Lmax=-19.30
10:34:14 [ultranest] [DEBUG] iteration=7443, ncalls=61783, regioncalls=2284040, ndraw=40, logz=-562.59, remainder_fraction=100.0000%, Lmin=-552.27, Lmax=-19.30
10:34:14 [ultranest] [DEBUG] iteration=7444, ncalls=61805, regioncalls=2284920, ndraw=40, logz=-562.42, remainder_fraction=100.0000%, Lmin=-552.25, Lmax=-19.30
10:34:14 [ultranest] [DEBUG] iteration=7445, ncalls=61815, regioncalls=2285320, ndraw=40, logz=-562.28, remainder_fraction=100.0000%, Lmin=-552.16, Lmax=-19.30
10:34:14 [ultranest] [DEBUG] iteration=7446, ncalls=61825, regioncalls=2285720, ndraw=40, logz=-562.14, remainder_fraction=100.0000%, Lmin=-552.00, Lmax=-19.30
10:34:15 [ultranest] [DEBUG] iteration=7447, ncalls=61852, regioncalls=2286800, ndraw=40, logz=-562.00, remainder_fraction=100.0000%, Lmin=-551.86, Lmax=-19.30
10:34:15 [ultranest] [DEBUG] iteration=7450, ncalls=61862, regioncalls=2287200, ndraw=40, logz=-561.55, remainder_fraction=100.0000%, Lmin=-551.30, Lmax=-19.30
10:34:15 [ultranest] [DEBUG] iteration=7451, ncalls=61889, regioncalls=2288280, ndraw=40, logz=-561.40, remainder_fraction=100.0000%, Lmin=-551.20, Lmax=-19.30
10:34:15 [ultranest] [DEBUG] iteration=7453, ncalls=61899, regioncalls=2288680, ndraw=40, logz=-561.12, remainder_fraction=100.0000%, Lmin=-550.90, Lmax=-19.30
10:34:15 [ultranest] [DEBUG] iteration=7454, ncalls=61916, regioncalls=2289360, ndraw=40, logz=-560.97, remainder_fraction=100.0000%, Lmin=-550.76, Lmax=-19.30
10:34:16 [ultranest] [DEBUG] iteration=7456, ncalls=61931, regioncalls=2289960, ndraw=40, logz=-560.60, remainder_fraction=100.0000%, Lmin=-549.97, Lmax=-19.30
10:34:16 [ultranest] [DEBUG] iteration=7457, ncalls=61969, regioncalls=2291480, ndraw=40, logz=-560.38, remainder_fraction=100.0000%, Lmin=-549.62, Lmax=-19.30
10:34:16 [ultranest] [DEBUG] iteration=7458, ncalls=62018, regioncalls=2293440, ndraw=40, logz=-560.14, remainder_fraction=100.0000%, Lmin=-549.48, Lmax=-19.30
10:34:17 [ultranest] [DEBUG] iteration=7460, ncalls=62032, regioncalls=2294000, ndraw=40, logz=-559.71, remainder_fraction=100.0000%, Lmin=-549.15, Lmax=-19.30
10:34:17 [ultranest] [DEBUG] iteration=7462, ncalls=62043, regioncalls=2294440, ndraw=40, logz=-559.33, remainder_fraction=100.0000%, Lmin=-548.87, Lmax=-19.30
10:34:17 [ultranest] [DEBUG] iteration=7463, ncalls=62080, regioncalls=2295920, ndraw=40, logz=-559.14, remainder_fraction=100.0000%, Lmin=-548.83, Lmax=-19.30
10:34:17 [ultranest] [DEBUG] iteration=7464, ncalls=62109, regioncalls=2297080, ndraw=40, logz=-558.98, remainder_fraction=100.0000%, Lmin=-548.13, Lmax=-19.30
10:34:18 [ultranest] [DEBUG] iteration=7467, ncalls=62169, regioncalls=2299480, ndraw=40, logz=-558.22, remainder_fraction=100.0000%, Lmin=-547.33, Lmax=-19.30
10:34:18 [ultranest] [DEBUG] iteration=7468, ncalls=62199, regioncalls=2300680, ndraw=40, logz=-557.94, remainder_fraction=100.0000%, Lmin=-547.23, Lmax=-19.30
10:34:18 [ultranest] [DEBUG] iteration=7470, ncalls=62214, regioncalls=2301280, ndraw=40, logz=-557.46, remainder_fraction=100.0000%, Lmin=-546.87, Lmax=-19.30
10:34:19 [ultranest] [DEBUG] iteration=7471, ncalls=62226, regioncalls=2301760, ndraw=40, logz=-557.25, remainder_fraction=100.0000%, Lmin=-546.85, Lmax=-19.30
10:34:19 [ultranest] [DEBUG] iteration=7473, ncalls=62237, regioncalls=2302200, ndraw=40, logz=-556.88, remainder_fraction=100.0000%, Lmin=-546.43, Lmax=-19.30
10:34:19 [ultranest] [DEBUG] iteration=7474, ncalls=62292, regioncalls=2304400, ndraw=40, logz=-556.70, remainder_fraction=100.0000%, Lmin=-546.36, Lmax=-19.30
10:34:19 [ultranest] [DEBUG] iteration=7476, ncalls=62309, regioncalls=2305080, ndraw=40, logz=-556.36, remainder_fraction=100.0000%, Lmin=-545.93, Lmax=-19.30
10:34:20 [ultranest] [DEBUG] iteration=7478, ncalls=62319, regioncalls=2305480, ndraw=40, logz=-555.99, remainder_fraction=100.0000%, Lmin=-545.61, Lmax=-19.30
10:34:20 [ultranest] [DEBUG] iteration=7479, ncalls=62339, regioncalls=2306280, ndraw=40, logz=-555.82, remainder_fraction=100.0000%, Lmin=-544.59, Lmax=-19.30
10:34:20 [ultranest] [DEBUG] iteration=7481, ncalls=62351, regioncalls=2306760, ndraw=40, logz=-555.18, remainder_fraction=100.0000%, Lmin=-544.54, Lmax=-19.30
10:34:20 [ultranest] [DEBUG] iteration=7483, ncalls=62374, regioncalls=2307680, ndraw=40, logz=-554.78, remainder_fraction=100.0000%, Lmin=-544.27, Lmax=-19.30
10:34:21 [ultranest] [DEBUG] iteration=7485, ncalls=62454, regioncalls=2310880, ndraw=40, logz=-554.40, remainder_fraction=100.0000%, Lmin=-543.66, Lmax=-19.30
10:34:21 [ultranest] [DEBUG] iteration=7487, ncalls=62469, regioncalls=2311480, ndraw=40, logz=-553.96, remainder_fraction=100.0000%, Lmin=-543.52, Lmax=-19.30
10:34:21 [ultranest] [DEBUG] iteration=7489, ncalls=62479, regioncalls=2311880, ndraw=40, logz=-553.58, remainder_fraction=100.0000%, Lmin=-542.85, Lmax=-19.30
10:34:21 [ultranest] [DEBUG] iteration=7490, ncalls=62493, regioncalls=2312440, ndraw=40, logz=-553.34, remainder_fraction=100.0000%, Lmin=-542.79, Lmax=-19.30
10:34:21 [ultranest] [DEBUG] iteration=7491, ncalls=62513, regioncalls=2313240, ndraw=40, logz=-553.14, remainder_fraction=100.0000%, Lmin=-542.31, Lmax=-19.30
10:34:22 [ultranest] [DEBUG] iteration=7492, ncalls=62544, regioncalls=2314480, ndraw=40, logz=-552.88, remainder_fraction=100.0000%, Lmin=-542.27, Lmax=-19.30
10:34:22 [ultranest] [DEBUG] iteration=7494, ncalls=62566, regioncalls=2315360, ndraw=40, logz=-552.49, remainder_fraction=100.0000%, Lmin=-542.06, Lmax=-19.30
10:34:22 [ultranest] [DEBUG] iteration=7496, ncalls=62589, regioncalls=2316280, ndraw=40, logz=-552.09, remainder_fraction=100.0000%, Lmin=-541.55, Lmax=-19.30
10:34:23 [ultranest] [DEBUG] iteration=7497, ncalls=62613, regioncalls=2317240, ndraw=40, logz=-551.89, remainder_fraction=100.0000%, Lmin=-541.38, Lmax=-19.30
10:34:23 [ultranest] [DEBUG] iteration=7499, ncalls=62629, regioncalls=2317880, ndraw=40, logz=-551.52, remainder_fraction=100.0000%, Lmin=-541.18, Lmax=-19.30
10:34:23 [ultranest] [DEBUG] iteration=7500, ncalls=62653, regioncalls=2318840, ndraw=40, logz=-551.36, remainder_fraction=100.0000%, Lmin=-540.98, Lmax=-19.30
10:34:23 [ultranest] [DEBUG] iteration=7501, ncalls=62677, regioncalls=2319800, ndraw=40, logz=-551.19, remainder_fraction=100.0000%, Lmin=-540.57, Lmax=-19.30
10:34:23 [ultranest] [DEBUG] iteration=7503, ncalls=62698, regioncalls=2320640, ndraw=40, logz=-550.71, remainder_fraction=100.0000%, Lmin=-540.07, Lmax=-19.30
10:34:24 [ultranest] [DEBUG] iteration=7504, ncalls=62726, regioncalls=2321760, ndraw=40, logz=-550.50, remainder_fraction=100.0000%, Lmin=-540.00, Lmax=-19.30
10:34:24 [ultranest] [DEBUG] iteration=7506, ncalls=62784, regioncalls=2324080, ndraw=40, logz=-550.12, remainder_fraction=100.0000%, Lmin=-539.42, Lmax=-19.30
10:34:24 [ultranest] [DEBUG] iteration=7507, ncalls=62797, regioncalls=2324600, ndraw=40, logz=-549.89, remainder_fraction=100.0000%, Lmin=-539.24, Lmax=-19.30
10:34:25 [ultranest] [DEBUG] iteration=7509, ncalls=62818, regioncalls=2325440, ndraw=40, logz=-549.49, remainder_fraction=100.0000%, Lmin=-539.21, Lmax=-19.30
10:34:25 [ultranest] [DEBUG] iteration=7511, ncalls=62874, regioncalls=2327680, ndraw=40, logz=-549.21, remainder_fraction=100.0000%, Lmin=-539.19, Lmax=-19.30
10:34:25 [ultranest] [DEBUG] iteration=7512, ncalls=62900, regioncalls=2328720, ndraw=40, logz=-549.08, remainder_fraction=100.0000%, Lmin=-538.61, Lmax=-19.30
10:34:26 [ultranest] [DEBUG] iteration=7514, ncalls=62927, regioncalls=2329800, ndraw=40, logz=-548.74, remainder_fraction=100.0000%, Lmin=-538.20, Lmax=-19.30
10:34:26 [ultranest] [DEBUG] iteration=7515, ncalls=62942, regioncalls=2330400, ndraw=40, logz=-548.54, remainder_fraction=100.0000%, Lmin=-538.05, Lmax=-19.30
10:34:26 [ultranest] [DEBUG] iteration=7516, ncalls=62952, regioncalls=2330800, ndraw=40, logz=-548.36, remainder_fraction=100.0000%, Lmin=-537.57, Lmax=-19.30
10:34:26 [ultranest] [DEBUG] iteration=7517, ncalls=62988, regioncalls=2332240, ndraw=40, logz=-548.11, remainder_fraction=100.0000%, Lmin=-537.55, Lmax=-19.30
10:34:27 [ultranest] [DEBUG] iteration=7518, ncalls=63013, regioncalls=2333240, ndraw=40, logz=-547.91, remainder_fraction=100.0000%, Lmin=-537.41, Lmax=-19.30
10:34:27 [ultranest] [DEBUG] iteration=7519, ncalls=63025, regioncalls=2333720, ndraw=40, logz=-547.73, remainder_fraction=100.0000%, Lmin=-537.27, Lmax=-19.30
10:34:27 [ultranest] [DEBUG] iteration=7520, ncalls=63049, regioncalls=2334680, ndraw=40, logz=-547.54, remainder_fraction=100.0000%, Lmin=-537.22, Lmax=-19.30
10:34:27 [ultranest] [DEBUG] iteration=7521, ncalls=63064, regioncalls=2335280, ndraw=40, logz=-547.38, remainder_fraction=100.0000%, Lmin=-537.16, Lmax=-19.30
10:34:28 [ultranest] [DEBUG] iteration=7523, ncalls=63078, regioncalls=2335840, ndraw=40, logz=-547.11, remainder_fraction=100.0000%, Lmin=-536.92, Lmax=-19.30
10:34:28 [ultranest] [DEBUG] iteration=7524, ncalls=63100, regioncalls=2336720, ndraw=40, logz=-546.97, remainder_fraction=100.0000%, Lmin=-536.70, Lmax=-19.30
10:34:28 [ultranest] [DEBUG] iteration=7526, ncalls=63121, regioncalls=2337560, ndraw=40, logz=-546.68, remainder_fraction=100.0000%, Lmin=-536.46, Lmax=-19.30
10:34:28 [ultranest] [DEBUG] iteration=7527, ncalls=63133, regioncalls=2338040, ndraw=40, logz=-546.54, remainder_fraction=100.0000%, Lmin=-536.35, Lmax=-19.30
10:34:28 [ultranest] [DEBUG] iteration=7529, ncalls=63145, regioncalls=2338520, ndraw=40, logz=-546.25, remainder_fraction=100.0000%, Lmin=-536.08, Lmax=-19.30
10:34:28 [ultranest] [DEBUG] iteration=7530, ncalls=63168, regioncalls=2339440, ndraw=40, logz=-546.11, remainder_fraction=100.0000%, Lmin=-535.82, Lmax=-19.30
10:34:29 [ultranest] [DEBUG] iteration=7531, ncalls=63181, regioncalls=2339960, ndraw=40, logz=-545.96, remainder_fraction=100.0000%, Lmin=-535.40, Lmax=-19.30
10:34:29 [ultranest] [DEBUG] iteration=7533, ncalls=63197, regioncalls=2340600, ndraw=40, logz=-545.58, remainder_fraction=100.0000%, Lmin=-535.23, Lmax=-19.30
10:34:29 [ultranest] [DEBUG] iteration=7535, ncalls=63209, regioncalls=2341080, ndraw=40, logz=-545.06, remainder_fraction=100.0000%, Lmin=-534.09, Lmax=-19.30
10:34:29 [ultranest] [DEBUG] iteration=7536, ncalls=63262, regioncalls=2343200, ndraw=40, logz=-544.77, remainder_fraction=100.0000%, Lmin=-534.08, Lmax=-19.30
10:34:30 [ultranest] [DEBUG] iteration=7538, ncalls=63292, regioncalls=2344400, ndraw=40, logz=-544.37, remainder_fraction=100.0000%, Lmin=-534.04, Lmax=-19.30
10:34:30 [ultranest] [DEBUG] iteration=7540, ncalls=63307, regioncalls=2345000, ndraw=40, logz=-544.05, remainder_fraction=100.0000%, Lmin=-533.80, Lmax=-19.30
10:34:30 [ultranest] [DEBUG] iteration=7541, ncalls=63319, regioncalls=2345480, ndraw=40, logz=-543.91, remainder_fraction=100.0000%, Lmin=-533.74, Lmax=-19.30
10:34:30 [ultranest] [DEBUG] iteration=7542, ncalls=63357, regioncalls=2347000, ndraw=40, logz=-543.77, remainder_fraction=100.0000%, Lmin=-533.72, Lmax=-19.30
10:34:31 [ultranest] [DEBUG] iteration=7543, ncalls=63407, regioncalls=2349000, ndraw=40, logz=-543.65, remainder_fraction=100.0000%, Lmin=-533.51, Lmax=-19.30
10:34:31 [ultranest] [DEBUG] iteration=7544, ncalls=63418, regioncalls=2349440, ndraw=40, logz=-543.52, remainder_fraction=100.0000%, Lmin=-533.39, Lmax=-19.30
10:34:31 [ultranest] [DEBUG] iteration=7545, ncalls=63428, regioncalls=2349840, ndraw=40, logz=-543.39, remainder_fraction=100.0000%, Lmin=-533.29, Lmax=-19.30
10:34:32 [ultranest] [DEBUG] iteration=7546, ncalls=63483, regioncalls=2352040, ndraw=40, logz=-543.26, remainder_fraction=100.0000%, Lmin=-533.28, Lmax=-19.30
10:34:32 [ultranest] [DEBUG] iteration=7547, ncalls=63503, regioncalls=2352840, ndraw=40, logz=-543.14, remainder_fraction=100.0000%, Lmin=-532.48, Lmax=-19.30
10:34:32 [ultranest] [DEBUG] iteration=7548, ncalls=63519, regioncalls=2353480, ndraw=40, logz=-542.93, remainder_fraction=100.0000%, Lmin=-532.25, Lmax=-19.30
10:34:32 [ultranest] [DEBUG] iteration=7549, ncalls=63532, regioncalls=2354000, ndraw=40, logz=-542.71, remainder_fraction=100.0000%, Lmin=-532.24, Lmax=-19.30
10:34:32 [ultranest] [DEBUG] iteration=7550, ncalls=63549, regioncalls=2354680, ndraw=40, logz=-542.53, remainder_fraction=100.0000%, Lmin=-531.90, Lmax=-19.30
10:34:33 [ultranest] [DEBUG] iteration=7552, ncalls=63568, regioncalls=2355440, ndraw=40, logz=-542.12, remainder_fraction=100.0000%, Lmin=-531.52, Lmax=-19.30
10:34:33 [ultranest] [DEBUG] iteration=7554, ncalls=63594, regioncalls=2356480, ndraw=40, logz=-541.75, remainder_fraction=100.0000%, Lmin=-531.00, Lmax=-19.30
10:34:33 [ultranest] [DEBUG] iteration=7555, ncalls=63614, regioncalls=2357280, ndraw=40, logz=-541.52, remainder_fraction=100.0000%, Lmin=-530.82, Lmax=-19.30
10:34:33 [ultranest] [DEBUG] iteration=7556, ncalls=63640, regioncalls=2358320, ndraw=40, logz=-541.30, remainder_fraction=100.0000%, Lmin=-529.87, Lmax=-19.30
10:34:33 [ultranest] [DEBUG] iteration=7557, ncalls=63650, regioncalls=2358720, ndraw=40, logz=-540.89, remainder_fraction=100.0000%, Lmin=-529.79, Lmax=-19.30
10:34:34 [ultranest] [DEBUG] iteration=7559, ncalls=63668, regioncalls=2359440, ndraw=40, logz=-540.33, remainder_fraction=100.0000%, Lmin=-529.64, Lmax=-19.30
10:34:34 [ultranest] [DEBUG] iteration=7560, ncalls=63694, regioncalls=2360480, ndraw=40, logz=-540.11, remainder_fraction=100.0000%, Lmin=-529.13, Lmax=-19.30
10:34:34 [ultranest] [DEBUG] iteration=7562, ncalls=63726, regioncalls=2361760, ndraw=40, logz=-539.61, remainder_fraction=100.0000%, Lmin=-528.31, Lmax=-19.30
10:34:35 [ultranest] [DEBUG] iteration=7563, ncalls=63769, regioncalls=2363480, ndraw=40, logz=-539.24, remainder_fraction=100.0000%, Lmin=-528.16, Lmax=-19.30
10:34:35 [ultranest] [DEBUG] iteration=7564, ncalls=63785, regioncalls=2364240, ndraw=40, logz=-538.93, remainder_fraction=100.0000%, Lmin=-528.14, Lmax=-19.30
10:34:35 [ultranest] [DEBUG] iteration=7565, ncalls=63807, regioncalls=2365120, ndraw=40, logz=-538.69, remainder_fraction=100.0000%, Lmin=-528.02, Lmax=-19.30
10:34:35 [ultranest] [DEBUG] iteration=7566, ncalls=63831, regioncalls=2366080, ndraw=40, logz=-538.48, remainder_fraction=100.0000%, Lmin=-527.70, Lmax=-19.30
10:34:35 [ultranest] [DEBUG] iteration=7567, ncalls=63843, regioncalls=2366560, ndraw=40, logz=-538.24, remainder_fraction=100.0000%, Lmin=-527.35, Lmax=-19.30
10:34:35 [ultranest] [DEBUG] iteration=7568, ncalls=63862, regioncalls=2367320, ndraw=40, logz=-537.98, remainder_fraction=100.0000%, Lmin=-527.05, Lmax=-19.30
10:34:36 [ultranest] [DEBUG] iteration=7569, ncalls=63885, regioncalls=2368240, ndraw=40, logz=-537.71, remainder_fraction=100.0000%, Lmin=-526.95, Lmax=-19.30
10:34:36 [ultranest] [DEBUG] iteration=7570, ncalls=63915, regioncalls=2369440, ndraw=40, logz=-537.48, remainder_fraction=100.0000%, Lmin=-526.95, Lmax=-19.30
10:34:36 [ultranest] [DEBUG] iteration=7572, ncalls=63951, regioncalls=2370880, ndraw=40, logz=-537.13, remainder_fraction=100.0000%, Lmin=-526.41, Lmax=-19.30
10:34:37 [ultranest] [DEBUG] iteration=7573, ncalls=63988, regioncalls=2372360, ndraw=40, logz=-536.91, remainder_fraction=100.0000%, Lmin=-526.17, Lmax=-19.30
10:34:37 [ultranest] [DEBUG] iteration=7574, ncalls=64043, regioncalls=2374560, ndraw=40, logz=-536.68, remainder_fraction=100.0000%, Lmin=-525.88, Lmax=-19.30
10:34:38 [ultranest] [DEBUG] iteration=7575, ncalls=64067, regioncalls=2375520, ndraw=40, logz=-536.44, remainder_fraction=100.0000%, Lmin=-525.76, Lmax=-19.30
10:34:38 [ultranest] [DEBUG] iteration=7576, ncalls=64083, regioncalls=2376160, ndraw=40, logz=-536.23, remainder_fraction=100.0000%, Lmin=-525.63, Lmax=-19.30
10:34:38 [ultranest] [DEBUG] iteration=7577, ncalls=64095, regioncalls=2376640, ndraw=40, logz=-536.03, remainder_fraction=100.0000%, Lmin=-525.51, Lmax=-19.30
10:34:38 [ultranest] [DEBUG] iteration=7578, ncalls=64106, regioncalls=2377080, ndraw=40, logz=-535.85, remainder_fraction=100.0000%, Lmin=-525.38, Lmax=-19.30
10:34:38 [ultranest] [DEBUG] iteration=7580, ncalls=64135, regioncalls=2378240, ndraw=40, logz=-535.50, remainder_fraction=100.0000%, Lmin=-525.17, Lmax=-19.30
10:34:38 [ultranest] [DEBUG] iteration=7582, ncalls=64151, regioncalls=2378880, ndraw=40, logz=-535.20, remainder_fraction=100.0000%, Lmin=-525.01, Lmax=-19.30
10:34:39 [ultranest] [DEBUG] iteration=7583, ncalls=64207, regioncalls=2381120, ndraw=40, logz=-535.06, remainder_fraction=100.0000%, Lmin=-524.98, Lmax=-19.30
10:34:39 [ultranest] [DEBUG] iteration=7585, ncalls=64239, regioncalls=2382400, ndraw=40, logz=-534.82, remainder_fraction=100.0000%, Lmin=-524.83, Lmax=-19.30
10:34:39 [ultranest] [DEBUG] iteration=7588, ncalls=64248, regioncalls=2382760, ndraw=40, logz=-534.44, remainder_fraction=100.0000%, Lmin=-524.42, Lmax=-19.30
10:34:40 [ultranest] [DEBUG] iteration=7590, ncalls=64272, regioncalls=2383720, ndraw=40, logz=-534.21, remainder_fraction=100.0000%, Lmin=-523.91, Lmax=-19.30
10:34:40 [ultranest] [DEBUG] iteration=7593, ncalls=64316, regioncalls=2385480, ndraw=40, logz=-533.80, remainder_fraction=100.0000%, Lmin=-522.92, Lmax=-19.30
10:34:40 [ultranest] [DEBUG] iteration=7594, ncalls=64327, regioncalls=2385920, ndraw=40, logz=-533.55, remainder_fraction=100.0000%, Lmin=-522.82, Lmax=-19.30
10:34:40 [ultranest] [DEBUG] iteration=7595, ncalls=64337, regioncalls=2386320, ndraw=40, logz=-533.32, remainder_fraction=100.0000%, Lmin=-522.50, Lmax=-19.30
10:34:41 [ultranest] [DEBUG] iteration=7596, ncalls=64368, regioncalls=2387560, ndraw=40, logz=-533.08, remainder_fraction=100.0000%, Lmin=-522.38, Lmax=-19.30
10:34:41 [ultranest] [DEBUG] iteration=7597, ncalls=64383, regioncalls=2388160, ndraw=40, logz=-532.87, remainder_fraction=100.0000%, Lmin=-522.36, Lmax=-19.30
10:34:41 [ultranest] [DEBUG] iteration=7599, ncalls=64398, regioncalls=2388760, ndraw=40, logz=-532.51, remainder_fraction=100.0000%, Lmin=-521.89, Lmax=-19.30
10:34:41 [ultranest] [DEBUG] iteration=7600, ncalls=64420, regioncalls=2389640, ndraw=40, logz=-532.31, remainder_fraction=100.0000%, Lmin=-521.80, Lmax=-19.30
10:34:41 [ultranest] [DEBUG] iteration=7601, ncalls=64430, regioncalls=2390040, ndraw=40, logz=-532.13, remainder_fraction=100.0000%, Lmin=-521.76, Lmax=-19.30
10:34:42 [ultranest] [DEBUG] iteration=7603, ncalls=64456, regioncalls=2391080, ndraw=40, logz=-531.80, remainder_fraction=100.0000%, Lmin=-521.53, Lmax=-19.30
10:34:42 [ultranest] [DEBUG] iteration=7604, ncalls=64503, regioncalls=2393120, ndraw=40, logz=-531.66, remainder_fraction=100.0000%, Lmin=-521.34, Lmax=-19.30
10:34:43 [ultranest] [DEBUG] iteration=7605, ncalls=64562, regioncalls=2395480, ndraw=40, logz=-531.50, remainder_fraction=100.0000%, Lmin=-521.25, Lmax=-19.30
10:34:43 [ultranest] [DEBUG] iteration=7607, ncalls=64584, regioncalls=2396360, ndraw=40, logz=-531.16, remainder_fraction=100.0000%, Lmin=-520.64, Lmax=-19.30
10:34:43 [ultranest] [DEBUG] iteration=7608, ncalls=64649, regioncalls=2398960, ndraw=40, logz=-530.98, remainder_fraction=100.0000%, Lmin=-520.62, Lmax=-19.30
10:34:44 [ultranest] [DEBUG] iteration=7610, ncalls=64720, regioncalls=2401800, ndraw=40, logz=-530.65, remainder_fraction=100.0000%, Lmin=-520.25, Lmax=-19.30
10:34:45 [ultranest] [DEBUG] iteration=7612, ncalls=64791, regioncalls=2404640, ndraw=40, logz=-530.31, remainder_fraction=100.0000%, Lmin=-519.82, Lmax=-19.30
10:34:45 [ultranest] [DEBUG] iteration=7613, ncalls=64819, regioncalls=2405760, ndraw=40, logz=-530.14, remainder_fraction=100.0000%, Lmin=-519.80, Lmax=-19.30
10:34:45 [ultranest] [DEBUG] iteration=7616, ncalls=64829, regioncalls=2406160, ndraw=40, logz=-529.62, remainder_fraction=100.0000%, Lmin=-519.26, Lmax=-19.30
10:34:45 [ultranest] [DEBUG] iteration=7618, ncalls=64844, regioncalls=2406760, ndraw=40, logz=-529.32, remainder_fraction=100.0000%, Lmin=-518.88, Lmax=-19.30
10:34:46 [ultranest] [DEBUG] iteration=7619, ncalls=64860, regioncalls=2407400, ndraw=40, logz=-529.15, remainder_fraction=100.0000%, Lmin=-518.82, Lmax=-19.30
10:34:46 [ultranest] [DEBUG] iteration=7620, ncalls=64871, regioncalls=2407840, ndraw=40, logz=-529.00, remainder_fraction=100.0000%, Lmin=-518.22, Lmax=-19.30
10:34:46 [ultranest] [DEBUG] iteration=7621, ncalls=64901, regioncalls=2409040, ndraw=40, logz=-528.77, remainder_fraction=100.0000%, Lmin=-517.91, Lmax=-19.30
10:34:46 [ultranest] [DEBUG] iteration=7623, ncalls=64915, regioncalls=2409600, ndraw=40, logz=-528.33, remainder_fraction=100.0000%, Lmin=-517.83, Lmax=-19.30
10:34:47 [ultranest] [DEBUG] iteration=7625, ncalls=64964, regioncalls=2411560, ndraw=40, logz=-527.99, remainder_fraction=100.0000%, Lmin=-517.79, Lmax=-19.30
10:34:47 [ultranest] [DEBUG] iteration=7626, ncalls=64979, regioncalls=2412160, ndraw=40, logz=-527.86, remainder_fraction=100.0000%, Lmin=-517.57, Lmax=-19.30
10:34:47 [ultranest] [DEBUG] iteration=7627, ncalls=64994, regioncalls=2412760, ndraw=40, logz=-527.71, remainder_fraction=100.0000%, Lmin=-517.57, Lmax=-19.30
10:34:47 [ultranest] [DEBUG] iteration=7629, ncalls=65028, regioncalls=2414120, ndraw=40, logz=-527.47, remainder_fraction=100.0000%, Lmin=-517.39, Lmax=-19.30
10:34:48 [ultranest] [DEBUG] iteration=7630, ncalls=65072, regioncalls=2415880, ndraw=40, logz=-527.35, remainder_fraction=100.0000%, Lmin=-517.31, Lmax=-19.30
10:34:48 [ultranest] [DEBUG] iteration=7631, ncalls=65094, regioncalls=2416760, ndraw=40, logz=-527.23, remainder_fraction=100.0000%, Lmin=-517.31, Lmax=-19.30
10:34:48 [ultranest] [DEBUG] iteration=7632, ncalls=65122, regioncalls=2417880, ndraw=40, logz=-527.13, remainder_fraction=100.0000%, Lmin=-517.25, Lmax=-19.30
10:34:48 [ultranest] [DEBUG] iteration=7633, ncalls=65146, regioncalls=2418840, ndraw=40, logz=-527.03, remainder_fraction=100.0000%, Lmin=-517.24, Lmax=-19.30
10:34:49 [ultranest] [DEBUG] iteration=7634, ncalls=65174, regioncalls=2419960, ndraw=40, logz=-526.94, remainder_fraction=100.0000%, Lmin=-516.39, Lmax=-19.30
10:34:49 [ultranest] [DEBUG] iteration=7635, ncalls=65223, regioncalls=2421920, ndraw=40, logz=-526.76, remainder_fraction=100.0000%, Lmin=-516.32, Lmax=-19.30
10:34:49 [ultranest] [DEBUG] iteration=7637, ncalls=65244, regioncalls=2422760, ndraw=40, logz=-526.44, remainder_fraction=100.0000%, Lmin=-516.14, Lmax=-19.30
10:34:50 [ultranest] [DEBUG] iteration=7638, ncalls=65256, regioncalls=2423240, ndraw=40, logz=-526.30, remainder_fraction=100.0000%, Lmin=-516.12, Lmax=-19.30
10:34:50 [ultranest] [DEBUG] iteration=7639, ncalls=65272, regioncalls=2423880, ndraw=40, logz=-526.17, remainder_fraction=100.0000%, Lmin=-515.80, Lmax=-19.30
10:34:50 [ultranest] [DEBUG] iteration=7640, ncalls=65294, regioncalls=2424760, ndraw=40, logz=-526.01, remainder_fraction=100.0000%, Lmin=-515.70, Lmax=-19.30
10:34:50 [ultranest] [DEBUG] iteration=7642, ncalls=65314, regioncalls=2425560, ndraw=40, logz=-525.69, remainder_fraction=100.0000%, Lmin=-515.05, Lmax=-19.30
10:34:50 [ultranest] [DEBUG] iteration=7643, ncalls=65325, regioncalls=2426000, ndraw=40, logz=-525.49, remainder_fraction=100.0000%, Lmin=-514.54, Lmax=-19.30
10:34:51 [ultranest] [DEBUG] iteration=7645, ncalls=65350, regioncalls=2427000, ndraw=40, logz=-525.01, remainder_fraction=100.0000%, Lmin=-514.26, Lmax=-19.30
10:34:51 [ultranest] [DEBUG] iteration=7647, ncalls=65446, regioncalls=2430840, ndraw=40, logz=-524.59, remainder_fraction=100.0000%, Lmin=-514.06, Lmax=-19.30
10:34:52 [ultranest] [DEBUG] iteration=7649, ncalls=65482, regioncalls=2432280, ndraw=40, logz=-524.20, remainder_fraction=100.0000%, Lmin=-513.61, Lmax=-19.30
10:34:52 [ultranest] [DEBUG] iteration=7653, ncalls=65493, regioncalls=2432720, ndraw=40, logz=-523.43, remainder_fraction=100.0000%, Lmin=-513.05, Lmax=-19.30
10:34:52 [ultranest] [DEBUG] iteration=7654, ncalls=65534, regioncalls=2434360, ndraw=40, logz=-523.27, remainder_fraction=100.0000%, Lmin=-513.01, Lmax=-19.30
10:34:53 [ultranest] [DEBUG] iteration=7655, ncalls=65545, regioncalls=2434960, ndraw=40, logz=-523.13, remainder_fraction=100.0000%, Lmin=-513.01, Lmax=-19.30
10:34:53 [ultranest] [DEBUG] iteration=7657, ncalls=65582, regioncalls=2436480, ndraw=40, logz=-522.83, remainder_fraction=100.0000%, Lmin=-512.33, Lmax=-19.30
10:34:53 [ultranest] [DEBUG] iteration=7659, ncalls=65599, regioncalls=2437240, ndraw=40, logz=-522.51, remainder_fraction=100.0000%, Lmin=-512.26, Lmax=-19.30
10:34:53 [ultranest] [DEBUG] iteration=7660, ncalls=65618, regioncalls=2438040, ndraw=40, logz=-522.37, remainder_fraction=100.0000%, Lmin=-512.21, Lmax=-19.30
10:34:53 [ultranest] [DEBUG] iteration=7661, ncalls=65638, regioncalls=2438840, ndraw=40, logz=-522.25, remainder_fraction=100.0000%, Lmin=-511.97, Lmax=-19.30
10:34:54 [ultranest] [DEBUG] iteration=7662, ncalls=65653, regioncalls=2439440, ndraw=40, logz=-522.11, remainder_fraction=100.0000%, Lmin=-511.73, Lmax=-19.30
10:34:54 [ultranest] [DEBUG] iteration=7663, ncalls=65668, regioncalls=2440040, ndraw=40, logz=-521.95, remainder_fraction=100.0000%, Lmin=-511.72, Lmax=-19.30
10:34:54 [ultranest] [DEBUG] iteration=7664, ncalls=65688, regioncalls=2440840, ndraw=40, logz=-521.82, remainder_fraction=100.0000%, Lmin=-511.56, Lmax=-19.30
10:34:54 [ultranest] [DEBUG] iteration=7665, ncalls=65699, regioncalls=2441280, ndraw=40, logz=-521.68, remainder_fraction=100.0000%, Lmin=-511.52, Lmax=-19.30
10:34:55 [ultranest] [DEBUG] iteration=7666, ncalls=65739, regioncalls=2443080, ndraw=40, logz=-521.55, remainder_fraction=100.0000%, Lmin=-511.37, Lmax=-19.30
10:34:55 [ultranest] [DEBUG] iteration=7668, ncalls=65753, regioncalls=2443720, ndraw=40, logz=-521.28, remainder_fraction=100.0000%, Lmin=-510.99, Lmax=-19.30
10:34:55 [ultranest] [DEBUG] iteration=7670, ncalls=65788, regioncalls=2445160, ndraw=40, logz=-521.01, remainder_fraction=100.0000%, Lmin=-510.88, Lmax=-19.30
10:34:55 [ultranest] [DEBUG] iteration=7673, ncalls=65812, regioncalls=2446120, ndraw=40, logz=-520.67, remainder_fraction=100.0000%, Lmin=-510.36, Lmax=-19.30
10:34:55 [ultranest] [DEBUG] iteration=7674, ncalls=65822, regioncalls=2446520, ndraw=40, logz=-520.52, remainder_fraction=100.0000%, Lmin=-510.08, Lmax=-19.30
10:34:56 [ultranest] [DEBUG] iteration=7678, ncalls=65847, regioncalls=2447520, ndraw=40, logz=-519.93, remainder_fraction=100.0000%, Lmin=-509.68, Lmax=-19.30
10:34:56 [ultranest] [DEBUG] iteration=7679, ncalls=65864, regioncalls=2448200, ndraw=40, logz=-519.80, remainder_fraction=100.0000%, Lmin=-509.51, Lmax=-19.30
10:34:56 [ultranest] [DEBUG] iteration=7680, ncalls=65874, regioncalls=2448600, ndraw=40, logz=-519.66, remainder_fraction=100.0000%, Lmin=-509.42, Lmax=-19.30
10:34:56 [ultranest] [DEBUG] iteration=7682, ncalls=65904, regioncalls=2449800, ndraw=40, logz=-519.38, remainder_fraction=100.0000%, Lmin=-508.49, Lmax=-19.30
10:34:56 [ultranest] [DEBUG] iteration=7685, ncalls=65914, regioncalls=2450200, ndraw=40, logz=-518.63, remainder_fraction=100.0000%, Lmin=-507.96, Lmax=-19.30
10:34:57 [ultranest] [DEBUG] iteration=7686, ncalls=65938, regioncalls=2451160, ndraw=40, logz=-518.43, remainder_fraction=100.0000%, Lmin=-507.93, Lmax=-19.30
10:34:57 [ultranest] [DEBUG] iteration=7689, ncalls=66005, regioncalls=2453840, ndraw=40, logz=-517.94, remainder_fraction=100.0000%, Lmin=-507.54, Lmax=-19.30
10:34:58 [ultranest] [DEBUG] iteration=7690, ncalls=66035, regioncalls=2455040, ndraw=40, logz=-517.79, remainder_fraction=100.0000%, Lmin=-507.50, Lmax=-19.30
10:34:58 [ultranest] [DEBUG] iteration=7691, ncalls=66045, regioncalls=2455440, ndraw=40, logz=-517.65, remainder_fraction=100.0000%, Lmin=-507.35, Lmax=-19.30
10:34:58 [ultranest] [DEBUG] iteration=7692, ncalls=66084, regioncalls=2457000, ndraw=40, logz=-517.51, remainder_fraction=100.0000%, Lmin=-507.27, Lmax=-19.30
10:34:59 [ultranest] [DEBUG] iteration=7693, ncalls=66160, regioncalls=2460040, ndraw=40, logz=-517.37, remainder_fraction=100.0000%, Lmin=-506.95, Lmax=-19.30
10:34:59 [ultranest] [DEBUG] iteration=7694, ncalls=66202, regioncalls=2461720, ndraw=40, logz=-517.21, remainder_fraction=100.0000%, Lmin=-506.71, Lmax=-19.30
10:34:59 [ultranest] [DEBUG] iteration=7695, ncalls=66218, regioncalls=2462360, ndraw=40, logz=-517.04, remainder_fraction=100.0000%, Lmin=-506.71, Lmax=-19.30
10:35:00 [ultranest] [DEBUG] iteration=7696, ncalls=66315, regioncalls=2466280, ndraw=40, logz=-516.90, remainder_fraction=100.0000%, Lmin=-506.43, Lmax=-19.30
10:35:01 [ultranest] [DEBUG] iteration=7697, ncalls=66364, regioncalls=2468240, ndraw=40, logz=-516.73, remainder_fraction=100.0000%, Lmin=-506.43, Lmax=-19.30
10:35:01 [ultranest] [DEBUG] iteration=7698, ncalls=66393, regioncalls=2469400, ndraw=40, logz=-516.59, remainder_fraction=100.0000%, Lmin=-505.84, Lmax=-19.30
10:35:01 [ultranest] [DEBUG] iteration=7700, ncalls=66421, regioncalls=2470520, ndraw=40, logz=-516.18, remainder_fraction=100.0000%, Lmin=-505.65, Lmax=-19.30
10:35:02 [ultranest] [DEBUG] iteration=7702, ncalls=66435, regioncalls=2471080, ndraw=40, logz=-515.83, remainder_fraction=100.0000%, Lmin=-505.45, Lmax=-19.30
10:35:02 [ultranest] [DEBUG] iteration=7704, ncalls=66462, regioncalls=2472160, ndraw=40, logz=-515.54, remainder_fraction=100.0000%, Lmin=-505.39, Lmax=-19.30
10:35:02 [ultranest] [DEBUG] iteration=7705, ncalls=66480, regioncalls=2472880, ndraw=40, logz=-515.42, remainder_fraction=100.0000%, Lmin=-505.26, Lmax=-19.30
10:35:03 [ultranest] [DEBUG] iteration=7706, ncalls=66597, regioncalls=2477560, ndraw=40, logz=-515.30, remainder_fraction=100.0000%, Lmin=-505.09, Lmax=-19.30
10:35:03 [ultranest] [DEBUG] iteration=7708, ncalls=66624, regioncalls=2478640, ndraw=40, logz=-515.06, remainder_fraction=100.0000%, Lmin=-505.06, Lmax=-19.30
10:35:04 [ultranest] [DEBUG] iteration=7709, ncalls=66663, regioncalls=2480200, ndraw=40, logz=-514.95, remainder_fraction=100.0000%, Lmin=-505.02, Lmax=-19.30
10:35:04 [ultranest] [DEBUG] iteration=7710, ncalls=66673, regioncalls=2480600, ndraw=40, logz=-514.85, remainder_fraction=100.0000%, Lmin=-504.90, Lmax=-19.30
10:35:04 [ultranest] [DEBUG] iteration=7711, ncalls=66699, regioncalls=2481640, ndraw=40, logz=-514.75, remainder_fraction=100.0000%, Lmin=-504.85, Lmax=-19.30
10:35:04 [ultranest] [DEBUG] iteration=7712, ncalls=66710, regioncalls=2482080, ndraw=40, logz=-514.66, remainder_fraction=100.0000%, Lmin=-504.80, Lmax=-19.30
10:35:04 [ultranest] [DEBUG] iteration=7714, ncalls=66730, regioncalls=2482880, ndraw=40, logz=-514.47, remainder_fraction=100.0000%, Lmin=-504.14, Lmax=-19.30
10:35:05 [ultranest] [DEBUG] iteration=7715, ncalls=66748, regioncalls=2483600, ndraw=40, logz=-514.33, remainder_fraction=100.0000%, Lmin=-503.65, Lmax=-19.30
10:35:05 [ultranest] [DEBUG] iteration=7716, ncalls=66793, regioncalls=2485400, ndraw=40, logz=-514.13, remainder_fraction=100.0000%, Lmin=-503.64, Lmax=-19.30
10:35:05 [ultranest] [DEBUG] iteration=7719, ncalls=66816, regioncalls=2486320, ndraw=40, logz=-513.67, remainder_fraction=100.0000%, Lmin=-503.39, Lmax=-19.30
10:35:06 [ultranest] [DEBUG] iteration=7720, ncalls=66832, regioncalls=2486960, ndraw=40, logz=-513.53, remainder_fraction=100.0000%, Lmin=-503.38, Lmax=-19.30
10:35:06 [ultranest] [DEBUG] iteration=7723, ncalls=66854, regioncalls=2487840, ndraw=40, logz=-513.08, remainder_fraction=100.0000%, Lmin=-502.63, Lmax=-19.30
10:35:06 [ultranest] [DEBUG] iteration=7724, ncalls=66882, regioncalls=2488960, ndraw=40, logz=-512.92, remainder_fraction=100.0000%, Lmin=-502.63, Lmax=-19.30
10:35:06 [ultranest] [DEBUG] iteration=7726, ncalls=66895, regioncalls=2489480, ndraw=40, logz=-512.66, remainder_fraction=100.0000%, Lmin=-502.61, Lmax=-19.30
10:35:07 [ultranest] [DEBUG] iteration=7727, ncalls=66959, regioncalls=2492040, ndraw=40, logz=-512.55, remainder_fraction=100.0000%, Lmin=-502.52, Lmax=-19.30
10:35:08 [ultranest] [DEBUG] iteration=7729, ncalls=67048, regioncalls=2495600, ndraw=40, logz=-512.35, remainder_fraction=100.0000%, Lmin=-502.41, Lmax=-19.30
10:35:08 [ultranest] [DEBUG] iteration=7731, ncalls=67089, regioncalls=2497240, ndraw=40, logz=-512.15, remainder_fraction=100.0000%, Lmin=-502.28, Lmax=-19.30
10:35:08 [ultranest] [DEBUG] iteration=7732, ncalls=67105, regioncalls=2497880, ndraw=40, logz=-512.06, remainder_fraction=100.0000%, Lmin=-502.27, Lmax=-19.30
10:35:08 [ultranest] [DEBUG] iteration=7733, ncalls=67125, regioncalls=2498680, ndraw=40, logz=-511.98, remainder_fraction=100.0000%, Lmin=-502.21, Lmax=-19.30
10:35:09 [ultranest] [DEBUG] iteration=7734, ncalls=67174, regioncalls=2500640, ndraw=40, logz=-511.89, remainder_fraction=100.0000%, Lmin=-502.10, Lmax=-19.30
10:35:09 [ultranest] [DEBUG] iteration=7735, ncalls=67201, regioncalls=2501720, ndraw=40, logz=-511.81, remainder_fraction=100.0000%, Lmin=-502.00, Lmax=-19.30
10:35:09 [ultranest] [DEBUG] iteration=7736, ncalls=67216, regioncalls=2502320, ndraw=40, logz=-511.72, remainder_fraction=100.0000%, Lmin=-501.92, Lmax=-19.30
10:35:10 [ultranest] [DEBUG] iteration=7737, ncalls=67250, regioncalls=2503680, ndraw=40, logz=-511.63, remainder_fraction=100.0000%, Lmin=-501.73, Lmax=-19.30
10:35:10 [ultranest] [DEBUG] iteration=7738, ncalls=67284, regioncalls=2505040, ndraw=40, logz=-511.54, remainder_fraction=100.0000%, Lmin=-501.39, Lmax=-19.30
10:35:10 [ultranest] [DEBUG] iteration=7739, ncalls=67321, regioncalls=2506520, ndraw=40, logz=-511.42, remainder_fraction=100.0000%, Lmin=-501.33, Lmax=-19.30
10:35:11 [ultranest] [DEBUG] iteration=7741, ncalls=67335, regioncalls=2507080, ndraw=40, logz=-511.19, remainder_fraction=100.0000%, Lmin=-500.75, Lmax=-19.30
10:35:11 [ultranest] [DEBUG] iteration=7743, ncalls=67355, regioncalls=2507880, ndraw=40, logz=-510.89, remainder_fraction=100.0000%, Lmin=-500.64, Lmax=-19.30
10:35:11 [ultranest] [DEBUG] iteration=7744, ncalls=67425, regioncalls=2510680, ndraw=40, logz=-510.76, remainder_fraction=100.0000%, Lmin=-500.06, Lmax=-19.30
10:35:12 [ultranest] [DEBUG] iteration=7746, ncalls=67447, regioncalls=2511560, ndraw=40, logz=-510.36, remainder_fraction=100.0000%, Lmin=-499.75, Lmax=-19.30
10:35:12 [ultranest] [DEBUG] iteration=7747, ncalls=67464, regioncalls=2512240, ndraw=40, logz=-510.17, remainder_fraction=100.0000%, Lmin=-499.14, Lmax=-19.30
10:35:12 [ultranest] [DEBUG] iteration=7748, ncalls=67483, regioncalls=2513000, ndraw=40, logz=-509.91, remainder_fraction=100.0000%, Lmin=-498.95, Lmax=-19.30
10:35:12 [ultranest] [DEBUG] iteration=7750, ncalls=67501, regioncalls=2513720, ndraw=40, logz=-509.37, remainder_fraction=100.0000%, Lmin=-498.40, Lmax=-19.30
10:35:13 [ultranest] [DEBUG] iteration=7751, ncalls=67525, regioncalls=2514680, ndraw=40, logz=-509.12, remainder_fraction=100.0000%, Lmin=-498.06, Lmax=-19.30
10:35:13 [ultranest] [DEBUG] iteration=7753, ncalls=67535, regioncalls=2515080, ndraw=40, logz=-508.62, remainder_fraction=100.0000%, Lmin=-497.95, Lmax=-19.30
10:35:13 [ultranest] [DEBUG] iteration=7754, ncalls=67550, regioncalls=2515680, ndraw=40, logz=-508.43, remainder_fraction=100.0000%, Lmin=-497.92, Lmax=-19.30
10:35:13 [ultranest] [DEBUG] iteration=7756, ncalls=67605, regioncalls=2517880, ndraw=40, logz=-507.97, remainder_fraction=100.0000%, Lmin=-496.97, Lmax=-19.30
10:35:14 [ultranest] [DEBUG] iteration=7757, ncalls=67638, regioncalls=2519200, ndraw=40, logz=-507.72, remainder_fraction=100.0000%, Lmin=-496.89, Lmax=-19.30
10:35:14 [ultranest] [DEBUG] iteration=7758, ncalls=67682, regioncalls=2520960, ndraw=40, logz=-507.49, remainder_fraction=100.0000%, Lmin=-496.79, Lmax=-19.30
10:35:15 [ultranest] [DEBUG] iteration=7759, ncalls=67725, regioncalls=2522680, ndraw=40, logz=-507.30, remainder_fraction=100.0000%, Lmin=-496.71, Lmax=-19.30
10:35:15 [ultranest] [DEBUG] iteration=7760, ncalls=67745, regioncalls=2523480, ndraw=40, logz=-507.12, remainder_fraction=100.0000%, Lmin=-496.11, Lmax=-19.30
10:35:15 [ultranest] [DEBUG] iteration=7763, ncalls=67763, regioncalls=2524200, ndraw=40, logz=-506.35, remainder_fraction=100.0000%, Lmin=-495.44, Lmax=-19.30
10:35:15 [ultranest] [DEBUG] iteration=7764, ncalls=67790, regioncalls=2525280, ndraw=40, logz=-506.11, remainder_fraction=100.0000%, Lmin=-495.40, Lmax=-19.30
10:35:15 [ultranest] [DEBUG] iteration=7765, ncalls=67800, regioncalls=2525680, ndraw=40, logz=-505.91, remainder_fraction=100.0000%, Lmin=-495.18, Lmax=-19.30
10:35:15 [ultranest] [DEBUG] iteration=7766, ncalls=67810, regioncalls=2526080, ndraw=40, logz=-505.71, remainder_fraction=100.0000%, Lmin=-494.91, Lmax=-19.30
10:35:16 [ultranest] [DEBUG] iteration=7767, ncalls=67830, regioncalls=2526880, ndraw=40, logz=-505.50, remainder_fraction=100.0000%, Lmin=-494.72, Lmax=-19.30
10:35:16 [ultranest] [DEBUG] iteration=7769, ncalls=67848, regioncalls=2527600, ndraw=40, logz=-505.11, remainder_fraction=100.0000%, Lmin=-494.53, Lmax=-19.30
10:35:16 [ultranest] [DEBUG] iteration=7770, ncalls=67869, regioncalls=2528440, ndraw=40, logz=-504.93, remainder_fraction=100.0000%, Lmin=-494.51, Lmax=-19.30
10:35:17 [ultranest] [DEBUG] iteration=7771, ncalls=67934, regioncalls=2531040, ndraw=40, logz=-504.78, remainder_fraction=100.0000%, Lmin=-494.44, Lmax=-19.30
10:35:17 [ultranest] [DEBUG] iteration=7772, ncalls=67953, regioncalls=2531800, ndraw=40, logz=-504.64, remainder_fraction=100.0000%, Lmin=-494.25, Lmax=-19.30
10:35:18 [ultranest] [DEBUG] iteration=7773, ncalls=68041, regioncalls=2535320, ndraw=40, logz=-504.49, remainder_fraction=100.0000%, Lmin=-494.22, Lmax=-19.30
10:35:18 [ultranest] [DEBUG] iteration=7774, ncalls=68058, regioncalls=2536000, ndraw=40, logz=-504.36, remainder_fraction=100.0000%, Lmin=-494.14, Lmax=-19.30
10:35:18 [ultranest] [DEBUG] iteration=7776, ncalls=68068, regioncalls=2536400, ndraw=40, logz=-504.11, remainder_fraction=100.0000%, Lmin=-493.91, Lmax=-19.30
10:35:18 [ultranest] [DEBUG] iteration=7777, ncalls=68116, regioncalls=2538320, ndraw=40, logz=-503.99, remainder_fraction=100.0000%, Lmin=-493.73, Lmax=-19.30
10:35:19 [ultranest] [DEBUG] iteration=7779, ncalls=68140, regioncalls=2539280, ndraw=40, logz=-503.75, remainder_fraction=100.0000%, Lmin=-493.20, Lmax=-19.30
10:35:19 [ultranest] [DEBUG] iteration=7782, ncalls=68216, regioncalls=2542320, ndraw=40, logz=-503.30, remainder_fraction=100.0000%, Lmin=-493.01, Lmax=-19.30
10:35:20 [ultranest] [DEBUG] iteration=7783, ncalls=68254, regioncalls=2543840, ndraw=40, logz=-503.16, remainder_fraction=100.0000%, Lmin=-492.87, Lmax=-19.30
10:35:21 [ultranest] [DEBUG] iteration=7784, ncalls=68320, regioncalls=2546480, ndraw=40, logz=-503.03, remainder_fraction=100.0000%, Lmin=-492.61, Lmax=-19.30
10:35:21 [ultranest] [DEBUG] iteration=7785, ncalls=68333, regioncalls=2547000, ndraw=40, logz=-502.88, remainder_fraction=100.0000%, Lmin=-492.34, Lmax=-19.30
10:35:21 [ultranest] [DEBUG] iteration=7787, ncalls=68360, regioncalls=2548080, ndraw=40, logz=-502.49, remainder_fraction=100.0000%, Lmin=-491.83, Lmax=-19.30
10:35:21 [ultranest] [DEBUG] iteration=7789, ncalls=68370, regioncalls=2548480, ndraw=40, logz=-502.12, remainder_fraction=100.0000%, Lmin=-491.32, Lmax=-19.30
10:35:21 [ultranest] [DEBUG] iteration=7791, ncalls=68407, regioncalls=2549960, ndraw=40, logz=-501.73, remainder_fraction=100.0000%, Lmin=-491.21, Lmax=-19.30
10:35:22 [ultranest] [DEBUG] iteration=7792, ncalls=68424, regioncalls=2550640, ndraw=40, logz=-501.57, remainder_fraction=100.0000%, Lmin=-491.02, Lmax=-19.30
10:35:22 [ultranest] [DEBUG] iteration=7794, ncalls=68446, regioncalls=2551520, ndraw=40, logz=-501.21, remainder_fraction=100.0000%, Lmin=-490.70, Lmax=-19.30
10:35:22 [ultranest] [DEBUG] iteration=7796, ncalls=68461, regioncalls=2552120, ndraw=40, logz=-500.90, remainder_fraction=100.0000%, Lmin=-490.60, Lmax=-19.30
10:35:22 [ultranest] [DEBUG] iteration=7797, ncalls=68482, regioncalls=2552960, ndraw=40, logz=-500.77, remainder_fraction=100.0000%, Lmin=-490.44, Lmax=-19.30
10:35:22 [ultranest] [DEBUG] iteration=7798, ncalls=68492, regioncalls=2553360, ndraw=40, logz=-500.63, remainder_fraction=100.0000%, Lmin=-490.42, Lmax=-19.30
10:35:23 [ultranest] [DEBUG] iteration=7801, ncalls=68518, regioncalls=2554400, ndraw=40, logz=-500.24, remainder_fraction=100.0000%, Lmin=-490.03, Lmax=-19.30
10:35:23 [ultranest] [DEBUG] iteration=7802, ncalls=68555, regioncalls=2555880, ndraw=40, logz=-500.12, remainder_fraction=100.0000%, Lmin=-489.66, Lmax=-19.30
10:35:23 [ultranest] [DEBUG] iteration=7804, ncalls=68571, regioncalls=2556520, ndraw=40, logz=-499.69, remainder_fraction=100.0000%, Lmin=-488.79, Lmax=-19.30
10:35:24 [ultranest] [DEBUG] iteration=7805, ncalls=68656, regioncalls=2559920, ndraw=40, logz=-499.46, remainder_fraction=100.0000%, Lmin=-488.17, Lmax=-19.30
10:35:24 [ultranest] [DEBUG] iteration=7806, ncalls=68666, regioncalls=2560400, ndraw=40, logz=-499.14, remainder_fraction=100.0000%, Lmin=-488.06, Lmax=-19.30
10:35:24 [ultranest] [DEBUG] iteration=7807, ncalls=68676, regioncalls=2560800, ndraw=40, logz=-498.87, remainder_fraction=100.0000%, Lmin=-487.82, Lmax=-19.30
10:35:24 [ultranest] [DEBUG] iteration=7808, ncalls=68690, regioncalls=2561360, ndraw=40, logz=-498.61, remainder_fraction=100.0000%, Lmin=-487.55, Lmax=-19.30
10:35:25 [ultranest] [DEBUG] iteration=7810, ncalls=68775, regioncalls=2564760, ndraw=40, logz=-498.09, remainder_fraction=100.0000%, Lmin=-487.32, Lmax=-19.30
10:35:25 [ultranest] [DEBUG] iteration=7811, ncalls=68791, regioncalls=2565400, ndraw=40, logz=-497.89, remainder_fraction=100.0000%, Lmin=-487.28, Lmax=-19.30
10:35:25 [ultranest] [DEBUG] iteration=7812, ncalls=68808, regioncalls=2566080, ndraw=40, logz=-497.71, remainder_fraction=100.0000%, Lmin=-487.04, Lmax=-19.30
10:35:26 [ultranest] [DEBUG] iteration=7813, ncalls=68832, regioncalls=2567040, ndraw=40, logz=-497.53, remainder_fraction=100.0000%, Lmin=-486.99, Lmax=-19.30
10:35:26 [ultranest] [DEBUG] iteration=7814, ncalls=68867, regioncalls=2568440, ndraw=40, logz=-497.36, remainder_fraction=100.0000%, Lmin=-486.82, Lmax=-19.30
10:35:26 [ultranest] [DEBUG] iteration=7815, ncalls=68887, regioncalls=2569240, ndraw=40, logz=-497.20, remainder_fraction=100.0000%, Lmin=-486.70, Lmax=-19.30
10:35:27 [ultranest] [DEBUG] iteration=7817, ncalls=68962, regioncalls=2572240, ndraw=40, logz=-496.90, remainder_fraction=100.0000%, Lmin=-486.56, Lmax=-19.30
10:35:27 [ultranest] [DEBUG] iteration=7818, ncalls=68972, regioncalls=2572640, ndraw=40, logz=-496.76, remainder_fraction=100.0000%, Lmin=-486.50, Lmax=-19.30
10:35:28 [ultranest] [DEBUG] iteration=7819, ncalls=69071, regioncalls=2576600, ndraw=40, logz=-496.63, remainder_fraction=100.0000%, Lmin=-486.48, Lmax=-19.30
10:35:28 [ultranest] [DEBUG] iteration=7820, ncalls=69094, regioncalls=2577520, ndraw=40, logz=-496.52, remainder_fraction=100.0000%, Lmin=-486.36, Lmax=-19.30
10:35:28 [ultranest] [DEBUG] iteration=7821, ncalls=69109, regioncalls=2578120, ndraw=40, logz=-496.40, remainder_fraction=100.0000%, Lmin=-486.35, Lmax=-19.30
10:35:29 [ultranest] [DEBUG] iteration=7823, ncalls=69158, regioncalls=2580080, ndraw=40, logz=-496.20, remainder_fraction=100.0000%, Lmin=-486.08, Lmax=-19.30
10:35:29 [ultranest] [DEBUG] iteration=7826, ncalls=69172, regioncalls=2580640, ndraw=40, logz=-495.89, remainder_fraction=100.0000%, Lmin=-485.87, Lmax=-19.30
10:35:30 [ultranest] [DEBUG] iteration=7827, ncalls=69214, regioncalls=2582320, ndraw=40, logz=-495.79, remainder_fraction=100.0000%, Lmin=-485.02, Lmax=-19.30
10:35:30 [ultranest] [DEBUG] iteration=7828, ncalls=69243, regioncalls=2583480, ndraw=40, logz=-495.59, remainder_fraction=100.0000%, Lmin=-484.73, Lmax=-19.30
10:35:30 [ultranest] [DEBUG] iteration=7829, ncalls=69287, regioncalls=2585240, ndraw=40, logz=-495.37, remainder_fraction=100.0000%, Lmin=-484.72, Lmax=-19.30
10:35:30 [ultranest] [DEBUG] iteration=7831, ncalls=69297, regioncalls=2585640, ndraw=40, logz=-495.02, remainder_fraction=100.0000%, Lmin=-484.59, Lmax=-19.30
10:35:31 [ultranest] [DEBUG] iteration=7833, ncalls=69345, regioncalls=2587560, ndraw=40, logz=-494.73, remainder_fraction=100.0000%, Lmin=-484.45, Lmax=-19.30
10:35:31 [ultranest] [DEBUG] iteration=7834, ncalls=69396, regioncalls=2589600, ndraw=40, logz=-494.60, remainder_fraction=100.0000%, Lmin=-484.29, Lmax=-19.30
10:35:32 [ultranest] [DEBUG] iteration=7836, ncalls=69418, regioncalls=2590480, ndraw=40, logz=-494.31, remainder_fraction=100.0000%, Lmin=-483.96, Lmax=-19.30
10:35:32 [ultranest] [DEBUG] iteration=7837, ncalls=69434, regioncalls=2591120, ndraw=40, logz=-494.18, remainder_fraction=100.0000%, Lmin=-483.79, Lmax=-19.30
10:35:32 [ultranest] [DEBUG] iteration=7838, ncalls=69466, regioncalls=2592400, ndraw=40, logz=-494.04, remainder_fraction=100.0000%, Lmin=-483.75, Lmax=-19.30
10:35:32 [ultranest] [DEBUG] iteration=7840, ncalls=69477, regioncalls=2592840, ndraw=40, logz=-493.78, remainder_fraction=100.0000%, Lmin=-483.59, Lmax=-19.30
10:35:32 [ultranest] [DEBUG] iteration=7842, ncalls=69493, regioncalls=2593480, ndraw=40, logz=-493.55, remainder_fraction=100.0000%, Lmin=-483.41, Lmax=-19.30
10:35:33 [ultranest] [DEBUG] iteration=7843, ncalls=69518, regioncalls=2594480, ndraw=40, logz=-493.43, remainder_fraction=100.0000%, Lmin=-483.28, Lmax=-19.30
10:35:33 [ultranest] [DEBUG] iteration=7844, ncalls=69536, regioncalls=2595200, ndraw=40, logz=-493.32, remainder_fraction=100.0000%, Lmin=-483.06, Lmax=-19.30
10:35:33 [ultranest] [DEBUG] iteration=7845, ncalls=69556, regioncalls=2596000, ndraw=40, logz=-493.20, remainder_fraction=100.0000%, Lmin=-483.01, Lmax=-19.30
10:35:33 [ultranest] [DEBUG] iteration=7846, ncalls=69574, regioncalls=2596720, ndraw=40, logz=-493.08, remainder_fraction=100.0000%, Lmin=-482.61, Lmax=-19.30
10:35:33 [ultranest] [DEBUG] iteration=7847, ncalls=69587, regioncalls=2597240, ndraw=40, logz=-492.93, remainder_fraction=100.0000%, Lmin=-482.54, Lmax=-19.30
10:35:34 [ultranest] [DEBUG] iteration=7848, ncalls=69608, regioncalls=2598080, ndraw=40, logz=-492.79, remainder_fraction=100.0000%, Lmin=-482.47, Lmax=-19.30
10:35:35 [ultranest] [DEBUG] iteration=7849, ncalls=69712, regioncalls=2602240, ndraw=40, logz=-492.66, remainder_fraction=100.0000%, Lmin=-482.05, Lmax=-19.30
10:35:35 [ultranest] [DEBUG] iteration=7850, ncalls=69730, regioncalls=2602960, ndraw=40, logz=-492.49, remainder_fraction=100.0000%, Lmin=-481.88, Lmax=-19.30
10:35:35 [ultranest] [DEBUG] iteration=7851, ncalls=69774, regioncalls=2604720, ndraw=40, logz=-492.31, remainder_fraction=100.0000%, Lmin=-481.84, Lmax=-19.30
10:35:36 [ultranest] [DEBUG] iteration=7853, ncalls=69803, regioncalls=2605880, ndraw=40, logz=-492.03, remainder_fraction=100.0000%, Lmin=-481.80, Lmax=-19.30
10:35:36 [ultranest] [DEBUG] iteration=7854, ncalls=69866, regioncalls=2608400, ndraw=40, logz=-491.91, remainder_fraction=100.0000%, Lmin=-481.69, Lmax=-19.30
10:35:36 [ultranest] [DEBUG] iteration=7855, ncalls=69881, regioncalls=2609040, ndraw=40, logz=-491.79, remainder_fraction=100.0000%, Lmin=-481.40, Lmax=-19.30
10:35:36 [ultranest] [DEBUG] iteration=7857, ncalls=69901, regioncalls=2609840, ndraw=40, logz=-491.52, remainder_fraction=100.0000%, Lmin=-481.18, Lmax=-19.30
10:35:37 [ultranest] [DEBUG] iteration=7858, ncalls=69923, regioncalls=2610720, ndraw=40, logz=-491.38, remainder_fraction=100.0000%, Lmin=-480.93, Lmax=-19.30
10:35:37 [ultranest] [DEBUG] iteration=7859, ncalls=69939, regioncalls=2611360, ndraw=40, logz=-491.23, remainder_fraction=100.0000%, Lmin=-480.84, Lmax=-19.30
10:35:37 [ultranest] [DEBUG] iteration=7861, ncalls=69974, regioncalls=2612760, ndraw=40, logz=-490.97, remainder_fraction=100.0000%, Lmin=-480.48, Lmax=-19.30
10:35:37 [ultranest] [DEBUG] iteration=7862, ncalls=69984, regioncalls=2613160, ndraw=40, logz=-490.82, remainder_fraction=100.0000%, Lmin=-480.43, Lmax=-19.30
10:35:38 [ultranest] [DEBUG] iteration=7863, ncalls=70012, regioncalls=2614280, ndraw=40, logz=-490.68, remainder_fraction=100.0000%, Lmin=-480.38, Lmax=-19.30
10:35:38 [ultranest] [DEBUG] iteration=7864, ncalls=70035, regioncalls=2615200, ndraw=40, logz=-490.55, remainder_fraction=100.0000%, Lmin=-480.17, Lmax=-19.30
10:35:38 [ultranest] [DEBUG] iteration=7865, ncalls=70053, regioncalls=2615920, ndraw=40, logz=-490.41, remainder_fraction=100.0000%, Lmin=-480.06, Lmax=-19.30
10:35:38 [ultranest] [DEBUG] iteration=7868, ncalls=70094, regioncalls=2617560, ndraw=40, logz=-490.04, remainder_fraction=100.0000%, Lmin=-479.84, Lmax=-19.30
10:35:39 [ultranest] [DEBUG] iteration=7870, ncalls=70151, regioncalls=2619840, ndraw=40, logz=-489.79, remainder_fraction=100.0000%, Lmin=-479.29, Lmax=-19.30
10:35:39 [ultranest] [DEBUG] iteration=7871, ncalls=70167, regioncalls=2620480, ndraw=40, logz=-489.63, remainder_fraction=100.0000%, Lmin=-479.16, Lmax=-19.30
10:35:39 [ultranest] [DEBUG] iteration=7872, ncalls=70186, regioncalls=2621240, ndraw=40, logz=-489.48, remainder_fraction=100.0000%, Lmin=-478.91, Lmax=-19.30
10:35:40 [ultranest] [DEBUG] iteration=7874, ncalls=70214, regioncalls=2622360, ndraw=40, logz=-489.15, remainder_fraction=100.0000%, Lmin=-478.57, Lmax=-19.30
10:35:40 [ultranest] [DEBUG] iteration=7875, ncalls=70235, regioncalls=2623200, ndraw=40, logz=-488.99, remainder_fraction=100.0000%, Lmin=-478.44, Lmax=-19.30
10:35:41 [ultranest] [DEBUG] iteration=7876, ncalls=70281, regioncalls=2625040, ndraw=40, logz=-488.83, remainder_fraction=100.0000%, Lmin=-478.40, Lmax=-19.30
10:35:41 [ultranest] [DEBUG] iteration=7877, ncalls=70366, regioncalls=2628440, ndraw=40, logz=-488.68, remainder_fraction=100.0000%, Lmin=-477.95, Lmax=-19.30
10:35:42 [ultranest] [DEBUG] iteration=7878, ncalls=70386, regioncalls=2629240, ndraw=40, logz=-488.49, remainder_fraction=100.0000%, Lmin=-477.81, Lmax=-19.30
10:35:42 [ultranest] [DEBUG] iteration=7880, ncalls=70417, regioncalls=2630480, ndraw=40, logz=-488.10, remainder_fraction=100.0000%, Lmin=-477.40, Lmax=-19.30
10:35:42 [ultranest] [DEBUG] iteration=7882, ncalls=70429, regioncalls=2630960, ndraw=40, logz=-487.73, remainder_fraction=100.0000%, Lmin=-477.21, Lmax=-19.30
10:35:42 [ultranest] [DEBUG] iteration=7883, ncalls=70456, regioncalls=2632040, ndraw=40, logz=-487.58, remainder_fraction=100.0000%, Lmin=-477.15, Lmax=-19.30
10:35:43 [ultranest] [DEBUG] iteration=7884, ncalls=70466, regioncalls=2632440, ndraw=40, logz=-487.44, remainder_fraction=100.0000%, Lmin=-477.05, Lmax=-19.30
10:35:43 [ultranest] [DEBUG] iteration=7886, ncalls=70477, regioncalls=2632880, ndraw=40, logz=-487.17, remainder_fraction=100.0000%, Lmin=-476.92, Lmax=-19.30
10:35:43 [ultranest] [DEBUG] iteration=7888, ncalls=70492, regioncalls=2633480, ndraw=40, logz=-486.93, remainder_fraction=100.0000%, Lmin=-476.56, Lmax=-19.30
10:35:43 [ultranest] [DEBUG] iteration=7890, ncalls=70502, regioncalls=2633880, ndraw=40, logz=-486.68, remainder_fraction=100.0000%, Lmin=-476.25, Lmax=-19.30
10:35:43 [ultranest] [DEBUG] iteration=7891, ncalls=70524, regioncalls=2634760, ndraw=40, logz=-486.53, remainder_fraction=100.0000%, Lmin=-476.03, Lmax=-19.30
10:35:44 [ultranest] [DEBUG] iteration=7892, ncalls=70598, regioncalls=2637720, ndraw=40, logz=-486.38, remainder_fraction=100.0000%, Lmin=-475.66, Lmax=-19.30
10:35:44 [ultranest] [DEBUG] iteration=7893, ncalls=70622, regioncalls=2638680, ndraw=40, logz=-486.20, remainder_fraction=100.0000%, Lmin=-475.64, Lmax=-19.30
10:35:44 [ultranest] [DEBUG] iteration=7895, ncalls=70650, regioncalls=2639800, ndraw=40, logz=-485.88, remainder_fraction=100.0000%, Lmin=-474.99, Lmax=-19.30
10:35:45 [ultranest] [DEBUG] iteration=7896, ncalls=70682, regioncalls=2641080, ndraw=40, logz=-485.66, remainder_fraction=100.0000%, Lmin=-474.89, Lmax=-19.30
10:35:45 [ultranest] [DEBUG] iteration=7897, ncalls=70710, regioncalls=2642200, ndraw=40, logz=-485.47, remainder_fraction=100.0000%, Lmin=-474.70, Lmax=-19.30
10:35:45 [ultranest] [DEBUG] iteration=7898, ncalls=70722, regioncalls=2642680, ndraw=40, logz=-485.28, remainder_fraction=100.0000%, Lmin=-474.62, Lmax=-19.30
10:35:45 [ultranest] [DEBUG] iteration=7899, ncalls=70747, regioncalls=2643680, ndraw=40, logz=-485.10, remainder_fraction=100.0000%, Lmin=-474.59, Lmax=-19.30
10:35:45 [ultranest] [DEBUG] iteration=7900, ncalls=70758, regioncalls=2644120, ndraw=40, logz=-484.95, remainder_fraction=100.0000%, Lmin=-474.26, Lmax=-19.30
10:35:46 [ultranest] [DEBUG] iteration=7901, ncalls=70836, regioncalls=2647240, ndraw=40, logz=-484.77, remainder_fraction=100.0000%, Lmin=-474.10, Lmax=-19.30
10:35:46 [ultranest] [DEBUG] iteration=7903, ncalls=70860, regioncalls=2648200, ndraw=40, logz=-484.32, remainder_fraction=100.0000%, Lmin=-473.42, Lmax=-19.30
10:35:47 [ultranest] [DEBUG] iteration=7904, ncalls=70886, regioncalls=2649240, ndraw=40, logz=-484.10, remainder_fraction=100.0000%, Lmin=-473.25, Lmax=-19.30
10:35:47 [ultranest] [DEBUG] iteration=7905, ncalls=70902, regioncalls=2649880, ndraw=40, logz=-483.89, remainder_fraction=100.0000%, Lmin=-473.10, Lmax=-19.30
10:35:47 [ultranest] [DEBUG] iteration=7907, ncalls=70926, regioncalls=2650840, ndraw=40, logz=-483.53, remainder_fraction=100.0000%, Lmin=-472.94, Lmax=-19.30
10:35:47 [ultranest] [DEBUG] iteration=7908, ncalls=70941, regioncalls=2651440, ndraw=40, logz=-483.36, remainder_fraction=100.0000%, Lmin=-472.81, Lmax=-19.30
10:35:48 [ultranest] [DEBUG] iteration=7909, ncalls=70965, regioncalls=2652400, ndraw=40, logz=-483.21, remainder_fraction=100.0000%, Lmin=-472.30, Lmax=-19.30
10:35:48 [ultranest] [DEBUG] iteration=7910, ncalls=70993, regioncalls=2653520, ndraw=40, logz=-482.99, remainder_fraction=100.0000%, Lmin=-472.16, Lmax=-19.30
10:35:48 [ultranest] [DEBUG] iteration=7911, ncalls=71003, regioncalls=2653920, ndraw=40, logz=-482.79, remainder_fraction=100.0000%, Lmin=-472.14, Lmax=-19.30
10:35:48 [ultranest] [DEBUG] iteration=7913, ncalls=71025, regioncalls=2654800, ndraw=40, logz=-482.46, remainder_fraction=100.0000%, Lmin=-471.97, Lmax=-19.30
10:35:49 [ultranest] [DEBUG] iteration=7915, ncalls=71062, regioncalls=2656280, ndraw=40, logz=-482.18, remainder_fraction=100.0000%, Lmin=-471.89, Lmax=-19.30
10:35:49 [ultranest] [DEBUG] iteration=7916, ncalls=71072, regioncalls=2656680, ndraw=40, logz=-482.05, remainder_fraction=100.0000%, Lmin=-471.85, Lmax=-19.30
10:35:49 [ultranest] [DEBUG] iteration=7917, ncalls=71085, regioncalls=2657200, ndraw=40, logz=-481.94, remainder_fraction=100.0000%, Lmin=-471.84, Lmax=-19.30
10:35:49 [ultranest] [DEBUG] iteration=7919, ncalls=71113, regioncalls=2658320, ndraw=40, logz=-481.74, remainder_fraction=100.0000%, Lmin=-471.78, Lmax=-19.30
10:35:49 [ultranest] [DEBUG] iteration=7920, ncalls=71128, regioncalls=2658920, ndraw=40, logz=-481.65, remainder_fraction=100.0000%, Lmin=-471.40, Lmax=-19.30
10:35:50 [ultranest] [DEBUG] iteration=7921, ncalls=71164, regioncalls=2660360, ndraw=40, logz=-481.54, remainder_fraction=100.0000%, Lmin=-471.37, Lmax=-19.30
10:35:50 [ultranest] [DEBUG] iteration=7923, ncalls=71187, regioncalls=2661280, ndraw=40, logz=-481.33, remainder_fraction=100.0000%, Lmin=-471.35, Lmax=-19.30
10:35:50 [ultranest] [DEBUG] iteration=7924, ncalls=71230, regioncalls=2663000, ndraw=40, logz=-481.24, remainder_fraction=100.0000%, Lmin=-471.24, Lmax=-19.30
10:35:50 [ultranest] [DEBUG] iteration=7926, ncalls=71255, regioncalls=2664000, ndraw=40, logz=-481.06, remainder_fraction=100.0000%, Lmin=-471.23, Lmax=-19.30
10:35:51 [ultranest] [DEBUG] iteration=7927, ncalls=71294, regioncalls=2665560, ndraw=40, logz=-480.98, remainder_fraction=100.0000%, Lmin=-470.83, Lmax=-19.30
10:35:51 [ultranest] [DEBUG] iteration=7930, ncalls=71306, regioncalls=2666040, ndraw=40, logz=-480.65, remainder_fraction=100.0000%, Lmin=-470.40, Lmax=-19.30
10:35:51 [ultranest] [DEBUG] iteration=7932, ncalls=71318, regioncalls=2666520, ndraw=40, logz=-480.42, remainder_fraction=100.0000%, Lmin=-470.09, Lmax=-19.30
10:35:51 [ultranest] [DEBUG] iteration=7933, ncalls=71332, regioncalls=2667080, ndraw=40, logz=-480.29, remainder_fraction=100.0000%, Lmin=-469.86, Lmax=-19.30
10:35:51 [ultranest] [DEBUG] iteration=7935, ncalls=71344, regioncalls=2667560, ndraw=40, logz=-479.89, remainder_fraction=100.0000%, Lmin=-468.97, Lmax=-19.30
10:35:52 [ultranest] [DEBUG] iteration=7937, ncalls=71359, regioncalls=2668160, ndraw=40, logz=-479.49, remainder_fraction=100.0000%, Lmin=-468.85, Lmax=-19.30
10:35:52 [ultranest] [DEBUG] iteration=7939, ncalls=71387, regioncalls=2669280, ndraw=40, logz=-479.16, remainder_fraction=100.0000%, Lmin=-468.68, Lmax=-19.30
10:35:52 [ultranest] [DEBUG] iteration=7941, ncalls=71400, regioncalls=2669800, ndraw=40, logz=-478.88, remainder_fraction=100.0000%, Lmin=-468.50, Lmax=-19.30
10:35:52 [ultranest] [DEBUG] iteration=7942, ncalls=71415, regioncalls=2670400, ndraw=40, logz=-478.75, remainder_fraction=100.0000%, Lmin=-468.50, Lmax=-19.30
10:35:53 [ultranest] [DEBUG] iteration=7943, ncalls=71457, regioncalls=2672120, ndraw=40, logz=-478.63, remainder_fraction=100.0000%, Lmin=-468.46, Lmax=-19.30
10:35:53 [ultranest] [DEBUG] iteration=7944, ncalls=71493, regioncalls=2673560, ndraw=40, logz=-478.53, remainder_fraction=100.0000%, Lmin=-468.37, Lmax=-19.30
10:35:53 [ultranest] [DEBUG] iteration=7945, ncalls=71508, regioncalls=2674160, ndraw=40, logz=-478.42, remainder_fraction=100.0000%, Lmin=-468.31, Lmax=-19.30
10:35:53 [ultranest] [DEBUG] iteration=7948, ncalls=71541, regioncalls=2675480, ndraw=40, logz=-478.12, remainder_fraction=100.0000%, Lmin=-467.95, Lmax=-19.30
10:35:54 [ultranest] [DEBUG] iteration=7950, ncalls=71596, regioncalls=2677680, ndraw=40, logz=-477.91, remainder_fraction=100.0000%, Lmin=-467.89, Lmax=-19.30
10:35:54 [ultranest] [DEBUG] iteration=7952, ncalls=71607, regioncalls=2678120, ndraw=40, logz=-477.73, remainder_fraction=100.0000%, Lmin=-467.67, Lmax=-19.30
10:35:54 [ultranest] [DEBUG] iteration=7954, ncalls=71620, regioncalls=2678640, ndraw=40, logz=-477.54, remainder_fraction=100.0000%, Lmin=-467.51, Lmax=-19.30
10:35:54 [ultranest] [DEBUG] iteration=7956, ncalls=71644, regioncalls=2679600, ndraw=40, logz=-477.34, remainder_fraction=100.0000%, Lmin=-467.25, Lmax=-19.30
10:35:55 [ultranest] [DEBUG] iteration=7957, ncalls=71663, regioncalls=2680360, ndraw=40, logz=-477.24, remainder_fraction=100.0000%, Lmin=-467.09, Lmax=-19.30
10:35:55 [ultranest] [DEBUG] iteration=7959, ncalls=71673, regioncalls=2680760, ndraw=40, logz=-477.04, remainder_fraction=100.0000%, Lmin=-467.07, Lmax=-19.30
10:35:55 [ultranest] [DEBUG] iteration=7960, ncalls=71691, regioncalls=2681480, ndraw=40, logz=-476.95, remainder_fraction=100.0000%, Lmin=-466.97, Lmax=-19.30
10:35:55 [ultranest] [DEBUG] iteration=7961, ncalls=71714, regioncalls=2682400, ndraw=40, logz=-476.86, remainder_fraction=100.0000%, Lmin=-466.81, Lmax=-19.30
10:35:56 [ultranest] [DEBUG] iteration=7962, ncalls=71779, regioncalls=2685120, ndraw=40, logz=-476.77, remainder_fraction=100.0000%, Lmin=-466.72, Lmax=-19.30
10:35:56 [ultranest] [DEBUG] iteration=7963, ncalls=71813, regioncalls=2686480, ndraw=40, logz=-476.67, remainder_fraction=100.0000%, Lmin=-466.58, Lmax=-19.30
10:35:56 [ultranest] [DEBUG] iteration=7965, ncalls=71828, regioncalls=2687080, ndraw=40, logz=-476.47, remainder_fraction=100.0000%, Lmin=-466.38, Lmax=-19.30
10:35:57 [ultranest] [DEBUG] iteration=7966, ncalls=71866, regioncalls=2688600, ndraw=40, logz=-476.37, remainder_fraction=100.0000%, Lmin=-466.04, Lmax=-19.30
10:35:57 [ultranest] [DEBUG] iteration=7968, ncalls=71892, regioncalls=2689640, ndraw=40, logz=-476.13, remainder_fraction=100.0000%, Lmin=-465.82, Lmax=-19.30
10:35:57 [ultranest] [DEBUG] iteration=7969, ncalls=71922, regioncalls=2690840, ndraw=40, logz=-476.01, remainder_fraction=100.0000%, Lmin=-465.11, Lmax=-19.30
10:35:58 [ultranest] [DEBUG] iteration=7970, ncalls=71950, regioncalls=2691960, ndraw=40, logz=-475.80, remainder_fraction=100.0000%, Lmin=-464.93, Lmax=-19.30
10:35:58 [ultranest] [DEBUG] iteration=7972, ncalls=71964, regioncalls=2692520, ndraw=40, logz=-475.42, remainder_fraction=100.0000%, Lmin=-464.85, Lmax=-19.30
10:35:58 [ultranest] [DEBUG] iteration=7973, ncalls=71985, regioncalls=2693360, ndraw=40, logz=-475.26, remainder_fraction=100.0000%, Lmin=-464.69, Lmax=-19.30
10:35:58 [ultranest] [DEBUG] iteration=7974, ncalls=72012, regioncalls=2694440, ndraw=40, logz=-475.11, remainder_fraction=100.0000%, Lmin=-464.21, Lmax=-19.30
10:36:00 [ultranest] [DEBUG] iteration=7975, ncalls=72185, regioncalls=2701360, ndraw=40, logz=-474.90, remainder_fraction=100.0000%, Lmin=-464.04, Lmax=-19.30
10:36:00 [ultranest] [DEBUG] iteration=7977, ncalls=72200, regioncalls=2701960, ndraw=40, logz=-474.16, remainder_fraction=100.0000%, Lmin=-462.50, Lmax=-19.30
10:36:01 [ultranest] [DEBUG] iteration=7979, ncalls=72293, regioncalls=2705680, ndraw=40, logz=-473.22, remainder_fraction=100.0000%, Lmin=-461.64, Lmax=-19.30
10:36:01 [ultranest] [DEBUG] iteration=7981, ncalls=72314, regioncalls=2706520, ndraw=40, logz=-472.57, remainder_fraction=100.0000%, Lmin=-461.64, Lmax=-19.30
10:36:02 [ultranest] [DEBUG] iteration=7983, ncalls=72342, regioncalls=2707640, ndraw=40, logz=-472.16, remainder_fraction=100.0000%, Lmin=-461.46, Lmax=-19.30
10:36:02 [ultranest] [DEBUG] iteration=7984, ncalls=72353, regioncalls=2708080, ndraw=40, logz=-471.98, remainder_fraction=100.0000%, Lmin=-461.23, Lmax=-19.30
10:36:02 [ultranest] [DEBUG] iteration=7986, ncalls=72373, regioncalls=2708880, ndraw=40, logz=-471.62, remainder_fraction=100.0000%, Lmin=-460.97, Lmax=-19.30
10:36:02 [ultranest] [DEBUG] iteration=7987, ncalls=72394, regioncalls=2709720, ndraw=40, logz=-471.46, remainder_fraction=100.0000%, Lmin=-460.96, Lmax=-19.30
10:36:02 [ultranest] [DEBUG] iteration=7988, ncalls=72427, regioncalls=2711040, ndraw=40, logz=-471.31, remainder_fraction=100.0000%, Lmin=-460.77, Lmax=-19.30
10:36:02 [ultranest] [DEBUG] iteration=7990, ncalls=72437, regioncalls=2711440, ndraw=40, logz=-470.99, remainder_fraction=100.0000%, Lmin=-460.27, Lmax=-19.30
10:36:03 [ultranest] [DEBUG] iteration=7991, ncalls=72450, regioncalls=2711960, ndraw=40, logz=-470.82, remainder_fraction=100.0000%, Lmin=-460.22, Lmax=-19.30
10:36:03 [ultranest] [DEBUG] iteration=7992, ncalls=72466, regioncalls=2712600, ndraw=40, logz=-470.66, remainder_fraction=100.0000%, Lmin=-460.17, Lmax=-19.30
10:36:03 [ultranest] [DEBUG] iteration=7994, ncalls=72479, regioncalls=2713120, ndraw=40, logz=-470.36, remainder_fraction=100.0000%, Lmin=-459.57, Lmax=-19.30
10:36:03 [ultranest] [DEBUG] iteration=7995, ncalls=72514, regioncalls=2714520, ndraw=40, logz=-470.17, remainder_fraction=100.0000%, Lmin=-459.52, Lmax=-19.30
10:36:04 [ultranest] [DEBUG] iteration=7997, ncalls=72545, regioncalls=2715760, ndraw=40, logz=-469.82, remainder_fraction=100.0000%, Lmin=-459.10, Lmax=-19.30
10:36:04 [ultranest] [DEBUG] iteration=7998, ncalls=72563, regioncalls=2716480, ndraw=40, logz=-469.64, remainder_fraction=100.0000%, Lmin=-458.88, Lmax=-19.30
10:36:04 [ultranest] [DEBUG] iteration=7999, ncalls=72575, regioncalls=2716960, ndraw=40, logz=-469.46, remainder_fraction=100.0000%, Lmin=-458.75, Lmax=-19.30
10:36:04 [ultranest] [DEBUG] iteration=8000, ncalls=72592, regioncalls=2717640, ndraw=40, logz=-469.29, remainder_fraction=100.0000%, Lmin=-458.63, Lmax=-19.30
10:36:05 [ultranest] [DEBUG] iteration=8001, ncalls=72639, regioncalls=2719520, ndraw=40, logz=-469.12, remainder_fraction=100.0000%, Lmin=-458.44, Lmax=-19.30
10:36:05 [ultranest] [DEBUG] iteration=8002, ncalls=72688, regioncalls=2721480, ndraw=40, logz=-468.95, remainder_fraction=100.0000%, Lmin=-458.43, Lmax=-19.30
10:36:05 [ultranest] [DEBUG] iteration=8004, ncalls=72710, regioncalls=2722360, ndraw=40, logz=-468.66, remainder_fraction=100.0000%, Lmin=-458.22, Lmax=-19.30
10:36:05 [ultranest] [DEBUG] iteration=8007, ncalls=72724, regioncalls=2722920, ndraw=40, logz=-468.25, remainder_fraction=100.0000%, Lmin=-457.86, Lmax=-19.30
10:36:06 [ultranest] [DEBUG] iteration=8008, ncalls=72734, regioncalls=2723320, ndraw=40, logz=-468.12, remainder_fraction=100.0000%, Lmin=-457.78, Lmax=-19.30
10:36:06 [ultranest] [DEBUG] iteration=8010, ncalls=72746, regioncalls=2723800, ndraw=40, logz=-467.87, remainder_fraction=100.0000%, Lmin=-457.35, Lmax=-19.30
10:36:06 [ultranest] [DEBUG] iteration=8012, ncalls=72781, regioncalls=2725200, ndraw=40, logz=-467.58, remainder_fraction=100.0000%, Lmin=-456.89, Lmax=-19.30
10:36:06 [ultranest] [DEBUG] iteration=8013, ncalls=72802, regioncalls=2726040, ndraw=40, logz=-467.41, remainder_fraction=100.0000%, Lmin=-456.86, Lmax=-19.30
10:36:06 [ultranest] [DEBUG] iteration=8015, ncalls=72816, regioncalls=2726600, ndraw=40, logz=-467.13, remainder_fraction=100.0000%, Lmin=-456.80, Lmax=-19.30
10:36:07 [ultranest] [DEBUG] iteration=8017, ncalls=72834, regioncalls=2727320, ndraw=40, logz=-466.88, remainder_fraction=100.0000%, Lmin=-456.31, Lmax=-19.30
10:36:07 [ultranest] [DEBUG] iteration=8018, ncalls=72846, regioncalls=2727800, ndraw=40, logz=-466.73, remainder_fraction=100.0000%, Lmin=-456.02, Lmax=-19.30
10:36:07 [ultranest] [DEBUG] iteration=8019, ncalls=72884, regioncalls=2729320, ndraw=40, logz=-466.56, remainder_fraction=100.0000%, Lmin=-455.42, Lmax=-19.30
10:36:07 [ultranest] [DEBUG] iteration=8020, ncalls=72895, regioncalls=2729760, ndraw=40, logz=-466.31, remainder_fraction=100.0000%, Lmin=-455.35, Lmax=-19.30
10:36:07 [ultranest] [DEBUG] iteration=8022, ncalls=72915, regioncalls=2730560, ndraw=40, logz=-465.89, remainder_fraction=100.0000%, Lmin=-454.82, Lmax=-19.30
10:36:08 [ultranest] [DEBUG] iteration=8023, ncalls=72946, regioncalls=2731800, ndraw=40, logz=-465.65, remainder_fraction=100.0000%, Lmin=-454.78, Lmax=-19.30
10:36:08 [ultranest] [DEBUG] iteration=8025, ncalls=72967, regioncalls=2732640, ndraw=40, logz=-465.28, remainder_fraction=100.0000%, Lmin=-454.12, Lmax=-19.30
10:36:08 [ultranest] [DEBUG] iteration=8026, ncalls=72991, regioncalls=2733600, ndraw=40, logz=-465.02, remainder_fraction=100.0000%, Lmin=-453.97, Lmax=-19.30
10:36:09 [ultranest] [DEBUG] iteration=8028, ncalls=73039, regioncalls=2735520, ndraw=40, logz=-464.60, remainder_fraction=100.0000%, Lmin=-453.89, Lmax=-19.30
10:36:09 [ultranest] [DEBUG] iteration=8029, ncalls=73056, regioncalls=2736200, ndraw=40, logz=-464.43, remainder_fraction=100.0000%, Lmin=-453.76, Lmax=-19.30
10:36:09 [ultranest] [DEBUG] iteration=8031, ncalls=73067, regioncalls=2736640, ndraw=40, logz=-464.02, remainder_fraction=100.0000%, Lmin=-453.14, Lmax=-19.30
10:36:09 [ultranest] [DEBUG] iteration=8033, ncalls=73101, regioncalls=2738000, ndraw=40, logz=-463.65, remainder_fraction=100.0000%, Lmin=-452.99, Lmax=-19.30
10:36:09 [ultranest] [DEBUG] iteration=8034, ncalls=73125, regioncalls=2738960, ndraw=40, logz=-463.49, remainder_fraction=100.0000%, Lmin=-452.97, Lmax=-19.30
10:36:10 [ultranest] [DEBUG] iteration=8035, ncalls=73149, regioncalls=2739920, ndraw=40, logz=-463.34, remainder_fraction=100.0000%, Lmin=-452.64, Lmax=-19.30
10:36:10 [ultranest] [DEBUG] iteration=8036, ncalls=73161, regioncalls=2740400, ndraw=40, logz=-463.18, remainder_fraction=100.0000%, Lmin=-452.60, Lmax=-19.30
10:36:10 [ultranest] [DEBUG] iteration=8039, ncalls=73210, regioncalls=2742360, ndraw=40, logz=-462.75, remainder_fraction=100.0000%, Lmin=-452.16, Lmax=-19.30
10:36:11 [ultranest] [DEBUG] iteration=8040, ncalls=73255, regioncalls=2744160, ndraw=40, logz=-462.60, remainder_fraction=100.0000%, Lmin=-452.04, Lmax=-19.30
10:36:11 [ultranest] [DEBUG] iteration=8041, ncalls=73281, regioncalls=2745200, ndraw=40, logz=-462.46, remainder_fraction=100.0000%, Lmin=-451.86, Lmax=-19.30
10:36:11 [ultranest] [DEBUG] iteration=8042, ncalls=73315, regioncalls=2746560, ndraw=40, logz=-462.30, remainder_fraction=100.0000%, Lmin=-451.73, Lmax=-19.30
10:36:12 [ultranest] [DEBUG] iteration=8043, ncalls=73357, regioncalls=2748240, ndraw=40, logz=-462.16, remainder_fraction=100.0000%, Lmin=-451.59, Lmax=-19.30
10:36:12 [ultranest] [DEBUG] iteration=8045, ncalls=73367, regioncalls=2748640, ndraw=40, logz=-461.87, remainder_fraction=100.0000%, Lmin=-451.48, Lmax=-19.30
10:36:12 [ultranest] [DEBUG] iteration=8046, ncalls=73395, regioncalls=2749760, ndraw=40, logz=-461.75, remainder_fraction=100.0000%, Lmin=-450.96, Lmax=-19.30
10:36:12 [ultranest] [DEBUG] iteration=8047, ncalls=73408, regioncalls=2750280, ndraw=40, logz=-461.57, remainder_fraction=100.0000%, Lmin=-450.87, Lmax=-19.30
10:36:13 [ultranest] [DEBUG] iteration=8049, ncalls=73431, regioncalls=2751200, ndraw=40, logz=-461.25, remainder_fraction=100.0000%, Lmin=-450.66, Lmax=-19.30
10:36:13 [ultranest] [DEBUG] iteration=8050, ncalls=73467, regioncalls=2752640, ndraw=40, logz=-461.10, remainder_fraction=100.0000%, Lmin=-450.62, Lmax=-19.30
10:36:13 [ultranest] [DEBUG] iteration=8052, ncalls=73490, regioncalls=2753560, ndraw=40, logz=-460.84, remainder_fraction=100.0000%, Lmin=-450.42, Lmax=-19.30
10:36:14 [ultranest] [DEBUG] iteration=8053, ncalls=73527, regioncalls=2755040, ndraw=40, logz=-460.71, remainder_fraction=100.0000%, Lmin=-450.19, Lmax=-19.30
10:36:14 [ultranest] [DEBUG] iteration=8054, ncalls=73544, regioncalls=2755720, ndraw=40, logz=-460.57, remainder_fraction=100.0000%, Lmin=-449.43, Lmax=-19.30
10:36:14 [ultranest] [DEBUG] iteration=8055, ncalls=73564, regioncalls=2756520, ndraw=40, logz=-460.32, remainder_fraction=100.0000%, Lmin=-449.43, Lmax=-19.30
10:36:14 [ultranest] [DEBUG] iteration=8056, ncalls=73578, regioncalls=2757080, ndraw=40, logz=-460.12, remainder_fraction=100.0000%, Lmin=-449.30, Lmax=-19.30
10:36:15 [ultranest] [DEBUG] iteration=8057, ncalls=73632, regioncalls=2759360, ndraw=40, logz=-459.94, remainder_fraction=100.0000%, Lmin=-448.89, Lmax=-19.30
10:36:15 [ultranest] [DEBUG] iteration=8058, ncalls=73648, regioncalls=2760000, ndraw=40, logz=-459.71, remainder_fraction=100.0000%, Lmin=-448.61, Lmax=-19.30
10:36:15 [ultranest] [DEBUG] iteration=8059, ncalls=73694, regioncalls=2761840, ndraw=40, logz=-459.47, remainder_fraction=100.0000%, Lmin=-448.47, Lmax=-19.30
10:36:15 [ultranest] [DEBUG] iteration=8061, ncalls=73708, regioncalls=2762400, ndraw=40, logz=-459.07, remainder_fraction=100.0000%, Lmin=-448.37, Lmax=-19.30
10:36:16 [ultranest] [DEBUG] iteration=8062, ncalls=73729, regioncalls=2763240, ndraw=40, logz=-458.91, remainder_fraction=100.0000%, Lmin=-448.23, Lmax=-19.30
10:36:16 [ultranest] [DEBUG] iteration=8064, ncalls=73762, regioncalls=2764560, ndraw=40, logz=-458.58, remainder_fraction=100.0000%, Lmin=-447.90, Lmax=-19.30
10:36:16 [ultranest] [DEBUG] iteration=8066, ncalls=73773, regioncalls=2765000, ndraw=40, logz=-458.27, remainder_fraction=100.0000%, Lmin=-447.20, Lmax=-19.30
10:36:16 [ultranest] [DEBUG] iteration=8067, ncalls=73794, regioncalls=2765840, ndraw=40, logz=-458.04, remainder_fraction=100.0000%, Lmin=-447.16, Lmax=-19.30
10:36:17 [ultranest] [DEBUG] iteration=8068, ncalls=73821, regioncalls=2766920, ndraw=40, logz=-457.85, remainder_fraction=100.0000%, Lmin=-447.13, Lmax=-19.30
10:36:17 [ultranest] [DEBUG] iteration=8069, ncalls=73858, regioncalls=2768400, ndraw=40, logz=-457.68, remainder_fraction=100.0000%, Lmin=-446.94, Lmax=-19.30
10:36:17 [ultranest] [DEBUG] iteration=8071, ncalls=73885, regioncalls=2769480, ndraw=40, logz=-457.36, remainder_fraction=100.0000%, Lmin=-446.88, Lmax=-19.30
10:36:18 [ultranest] [DEBUG] iteration=8072, ncalls=73928, regioncalls=2771200, ndraw=40, logz=-457.22, remainder_fraction=100.0000%, Lmin=-446.74, Lmax=-19.30
10:36:18 [ultranest] [DEBUG] iteration=8073, ncalls=73951, regioncalls=2772120, ndraw=40, logz=-457.09, remainder_fraction=100.0000%, Lmin=-446.54, Lmax=-19.30
10:36:18 [ultranest] [DEBUG] iteration=8074, ncalls=73982, regioncalls=2773360, ndraw=40, logz=-456.95, remainder_fraction=100.0000%, Lmin=-446.46, Lmax=-19.30
10:36:19 [ultranest] [DEBUG] iteration=8075, ncalls=74019, regioncalls=2774840, ndraw=40, logz=-456.81, remainder_fraction=100.0000%, Lmin=-446.42, Lmax=-19.30
10:36:19 [ultranest] [DEBUG] iteration=8076, ncalls=74109, regioncalls=2778440, ndraw=40, logz=-456.69, remainder_fraction=100.0000%, Lmin=-446.41, Lmax=-19.30
10:36:20 [ultranest] [DEBUG] iteration=8077, ncalls=74209, regioncalls=2782440, ndraw=40, logz=-456.58, remainder_fraction=100.0000%, Lmin=-446.16, Lmax=-19.30
10:36:21 [ultranest] [DEBUG] iteration=8078, ncalls=74266, regioncalls=2784720, ndraw=40, logz=-456.45, remainder_fraction=100.0000%, Lmin=-446.12, Lmax=-19.30
10:36:21 [ultranest] [DEBUG] iteration=8079, ncalls=74280, regioncalls=2785280, ndraw=40, logz=-456.34, remainder_fraction=100.0000%, Lmin=-446.08, Lmax=-19.30
10:36:21 [ultranest] [DEBUG] iteration=8080, ncalls=74299, regioncalls=2786040, ndraw=40, logz=-456.23, remainder_fraction=100.0000%, Lmin=-446.06, Lmax=-19.30
10:36:22 [ultranest] [DEBUG] iteration=8082, ncalls=74362, regioncalls=2788560, ndraw=40, logz=-456.04, remainder_fraction=100.0000%, Lmin=-445.78, Lmax=-19.30
10:36:22 [ultranest] [DEBUG] iteration=8083, ncalls=74384, regioncalls=2789440, ndraw=40, logz=-455.93, remainder_fraction=100.0000%, Lmin=-445.48, Lmax=-19.30
10:36:22 [ultranest] [DEBUG] iteration=8084, ncalls=74407, regioncalls=2790360, ndraw=40, logz=-455.80, remainder_fraction=100.0000%, Lmin=-445.47, Lmax=-19.30
10:36:23 [ultranest] [DEBUG] iteration=8085, ncalls=74432, regioncalls=2791360, ndraw=40, logz=-455.68, remainder_fraction=100.0000%, Lmin=-445.12, Lmax=-19.30
10:36:23 [ultranest] [DEBUG] iteration=8086, ncalls=74445, regioncalls=2791880, ndraw=40, logz=-455.54, remainder_fraction=100.0000%, Lmin=-445.11, Lmax=-19.30
10:36:23 [ultranest] [DEBUG] iteration=8087, ncalls=74466, regioncalls=2792720, ndraw=40, logz=-455.41, remainder_fraction=100.0000%, Lmin=-445.02, Lmax=-19.30
10:36:23 [ultranest] [DEBUG] iteration=8088, ncalls=74478, regioncalls=2793200, ndraw=40, logz=-455.29, remainder_fraction=100.0000%, Lmin=-444.94, Lmax=-19.30
10:36:24 [ultranest] [DEBUG] iteration=8089, ncalls=74519, regioncalls=2794840, ndraw=40, logz=-455.17, remainder_fraction=100.0000%, Lmin=-444.88, Lmax=-19.30
10:36:24 [ultranest] [DEBUG] iteration=8090, ncalls=74610, regioncalls=2798480, ndraw=40, logz=-455.06, remainder_fraction=100.0000%, Lmin=-444.80, Lmax=-19.30
10:36:25 [ultranest] [DEBUG] iteration=8091, ncalls=74653, regioncalls=2800200, ndraw=40, logz=-454.95, remainder_fraction=100.0000%, Lmin=-444.79, Lmax=-19.30
10:36:25 [ultranest] [DEBUG] iteration=8092, ncalls=74663, regioncalls=2800600, ndraw=40, logz=-454.86, remainder_fraction=100.0000%, Lmin=-444.75, Lmax=-19.30
10:36:25 [ultranest] [DEBUG] iteration=8093, ncalls=74679, regioncalls=2801240, ndraw=40, logz=-454.76, remainder_fraction=100.0000%, Lmin=-444.68, Lmax=-19.30
10:36:25 [ultranest] [DEBUG] iteration=8095, ncalls=74698, regioncalls=2802000, ndraw=40, logz=-454.58, remainder_fraction=100.0000%, Lmin=-444.35, Lmax=-19.30
10:36:26 [ultranest] [DEBUG] iteration=8097, ncalls=74738, regioncalls=2803600, ndraw=40, logz=-454.35, remainder_fraction=100.0000%, Lmin=-444.08, Lmax=-19.30
10:36:26 [ultranest] [DEBUG] iteration=8098, ncalls=74780, regioncalls=2805280, ndraw=40, logz=-454.25, remainder_fraction=100.0000%, Lmin=-443.95, Lmax=-19.30
10:36:27 [ultranest] [DEBUG] iteration=8099, ncalls=74884, regioncalls=2809480, ndraw=40, logz=-454.14, remainder_fraction=100.0000%, Lmin=-443.75, Lmax=-19.30
10:36:27 [ultranest] [DEBUG] iteration=8100, ncalls=74904, regioncalls=2810280, ndraw=40, logz=-454.01, remainder_fraction=100.0000%, Lmin=-443.66, Lmax=-19.30
10:36:28 [ultranest] [DEBUG] iteration=8102, ncalls=74940, regioncalls=2811720, ndraw=40, logz=-453.75, remainder_fraction=100.0000%, Lmin=-443.28, Lmax=-19.30
10:36:28 [ultranest] [DEBUG] iteration=8103, ncalls=74952, regioncalls=2812200, ndraw=40, logz=-453.62, remainder_fraction=100.0000%, Lmin=-443.24, Lmax=-19.30
10:36:28 [ultranest] [DEBUG] iteration=8104, ncalls=74967, regioncalls=2812800, ndraw=40, logz=-453.50, remainder_fraction=100.0000%, Lmin=-443.21, Lmax=-19.30
10:36:28 [ultranest] [DEBUG] iteration=8106, ncalls=74977, regioncalls=2813200, ndraw=40, logz=-453.27, remainder_fraction=100.0000%, Lmin=-442.84, Lmax=-19.30
10:36:28 [ultranest] [DEBUG] iteration=8107, ncalls=74995, regioncalls=2813920, ndraw=40, logz=-453.15, remainder_fraction=100.0000%, Lmin=-442.14, Lmax=-19.30
10:36:29 [ultranest] [DEBUG] iteration=8108, ncalls=75072, regioncalls=2817000, ndraw=40, logz=-452.93, remainder_fraction=100.0000%, Lmin=-442.11, Lmax=-19.30
10:36:29 [ultranest] [DEBUG] iteration=8109, ncalls=75101, regioncalls=2818160, ndraw=40, logz=-452.75, remainder_fraction=100.0000%, Lmin=-442.06, Lmax=-19.30
10:36:30 [ultranest] [DEBUG] iteration=8110, ncalls=75134, regioncalls=2819480, ndraw=40, logz=-452.59, remainder_fraction=100.0000%, Lmin=-441.88, Lmax=-19.30
10:36:30 [ultranest] [DEBUG] iteration=8112, ncalls=75145, regioncalls=2819920, ndraw=40, logz=-452.27, remainder_fraction=100.0000%, Lmin=-441.63, Lmax=-19.30
10:36:30 [ultranest] [DEBUG] iteration=8113, ncalls=75171, regioncalls=2820960, ndraw=40, logz=-452.12, remainder_fraction=100.0000%, Lmin=-441.02, Lmax=-19.30
10:36:30 [ultranest] [DEBUG] iteration=8115, ncalls=75194, regioncalls=2821880, ndraw=40, logz=-451.70, remainder_fraction=100.0000%, Lmin=-440.89, Lmax=-19.30
10:36:31 [ultranest] [DEBUG] iteration=8116, ncalls=75252, regioncalls=2824200, ndraw=40, logz=-451.52, remainder_fraction=100.0000%, Lmin=-440.89, Lmax=-19.30
10:36:31 [ultranest] [DEBUG] iteration=8117, ncalls=75274, regioncalls=2825080, ndraw=40, logz=-451.37, remainder_fraction=100.0000%, Lmin=-440.79, Lmax=-19.30
10:36:31 [ultranest] [DEBUG] iteration=8118, ncalls=75285, regioncalls=2825520, ndraw=40, logz=-451.23, remainder_fraction=100.0000%, Lmin=-440.34, Lmax=-19.30
10:36:31 [ultranest] [DEBUG] iteration=8119, ncalls=75311, regioncalls=2826560, ndraw=40, logz=-451.04, remainder_fraction=100.0000%, Lmin=-440.33, Lmax=-19.30
10:36:32 [ultranest] [DEBUG] iteration=8121, ncalls=75337, regioncalls=2827600, ndraw=40, logz=-450.70, remainder_fraction=100.0000%, Lmin=-439.84, Lmax=-19.30
10:36:32 [ultranest] [DEBUG] iteration=8122, ncalls=75349, regioncalls=2828080, ndraw=40, logz=-450.51, remainder_fraction=100.0000%, Lmin=-439.81, Lmax=-19.30
10:36:32 [ultranest] [DEBUG] iteration=8123, ncalls=75374, regioncalls=2829080, ndraw=40, logz=-450.35, remainder_fraction=100.0000%, Lmin=-439.66, Lmax=-19.30
10:36:32 [ultranest] [DEBUG] iteration=8124, ncalls=75405, regioncalls=2830320, ndraw=40, logz=-450.19, remainder_fraction=100.0000%, Lmin=-439.44, Lmax=-19.30
10:36:33 [ultranest] [DEBUG] iteration=8125, ncalls=75423, regioncalls=2831040, ndraw=40, logz=-450.03, remainder_fraction=100.0000%, Lmin=-439.43, Lmax=-19.30
10:36:33 [ultranest] [DEBUG] iteration=8127, ncalls=75466, regioncalls=2832760, ndraw=40, logz=-449.75, remainder_fraction=100.0000%, Lmin=-439.39, Lmax=-19.30
10:36:33 [ultranest] [DEBUG] iteration=8129, ncalls=75477, regioncalls=2833200, ndraw=40, logz=-449.51, remainder_fraction=100.0000%, Lmin=-439.18, Lmax=-19.30
10:36:33 [ultranest] [DEBUG] iteration=8131, ncalls=75491, regioncalls=2833760, ndraw=40, logz=-449.29, remainder_fraction=100.0000%, Lmin=-439.10, Lmax=-19.30
10:36:34 [ultranest] [DEBUG] iteration=8132, ncalls=75528, regioncalls=2835240, ndraw=40, logz=-449.19, remainder_fraction=100.0000%, Lmin=-439.03, Lmax=-19.30
10:36:34 [ultranest] [DEBUG] iteration=8134, ncalls=75566, regioncalls=2836760, ndraw=40, logz=-449.01, remainder_fraction=100.0000%, Lmin=-438.71, Lmax=-19.30
10:36:34 [ultranest] [DEBUG] iteration=8137, ncalls=75585, regioncalls=2837520, ndraw=40, logz=-448.65, remainder_fraction=100.0000%, Lmin=-438.20, Lmax=-19.30
10:36:34 [ultranest] [DEBUG] iteration=8140, ncalls=75597, regioncalls=2838000, ndraw=40, logz=-448.27, remainder_fraction=100.0000%, Lmin=-437.83, Lmax=-19.30
10:36:35 [ultranest] [DEBUG] iteration=8141, ncalls=75608, regioncalls=2838440, ndraw=40, logz=-448.14, remainder_fraction=100.0000%, Lmin=-437.73, Lmax=-19.30
10:36:36 [ultranest] [DEBUG] iteration=8143, ncalls=75705, regioncalls=2842400, ndraw=40, logz=-447.91, remainder_fraction=100.0000%, Lmin=-437.67, Lmax=-19.30
10:36:36 [ultranest] [DEBUG] iteration=8145, ncalls=75737, regioncalls=2843760, ndraw=40, logz=-447.71, remainder_fraction=100.0000%, Lmin=-437.57, Lmax=-19.30
10:36:36 [ultranest] [DEBUG] iteration=8146, ncalls=75776, regioncalls=2845320, ndraw=40, logz=-447.62, remainder_fraction=100.0000%, Lmin=-437.43, Lmax=-19.30
10:36:37 [ultranest] [DEBUG] iteration=8147, ncalls=75855, regioncalls=2848520, ndraw=40, logz=-447.52, remainder_fraction=100.0000%, Lmin=-437.42, Lmax=-19.30
10:36:37 [ultranest] [DEBUG] iteration=8148, ncalls=75876, regioncalls=2849400, ndraw=40, logz=-447.43, remainder_fraction=100.0000%, Lmin=-437.24, Lmax=-19.30
10:36:37 [ultranest] [DEBUG] iteration=8149, ncalls=75888, regioncalls=2849880, ndraw=40, logz=-447.33, remainder_fraction=100.0000%, Lmin=-437.17, Lmax=-19.30
10:36:38 [ultranest] [DEBUG] iteration=8151, ncalls=75946, regioncalls=2852200, ndraw=40, logz=-447.15, remainder_fraction=100.0000%, Lmin=-437.12, Lmax=-19.30
10:36:38 [ultranest] [DEBUG] iteration=8153, ncalls=75987, regioncalls=2853840, ndraw=40, logz=-446.94, remainder_fraction=100.0000%, Lmin=-436.34, Lmax=-19.30
10:36:39 [ultranest] [DEBUG] iteration=8154, ncalls=76010, regioncalls=2854760, ndraw=40, logz=-446.80, remainder_fraction=100.0000%, Lmin=-436.28, Lmax=-19.30
10:36:39 [ultranest] [DEBUG] iteration=8155, ncalls=76024, regioncalls=2855320, ndraw=40, logz=-446.66, remainder_fraction=100.0000%, Lmin=-435.90, Lmax=-19.30
10:36:39 [ultranest] [DEBUG] iteration=8157, ncalls=76045, regioncalls=2856160, ndraw=40, logz=-446.35, remainder_fraction=100.0000%, Lmin=-435.42, Lmax=-19.30
10:36:40 [ultranest] [DEBUG] iteration=8159, ncalls=76108, regioncalls=2858680, ndraw=40, logz=-445.98, remainder_fraction=100.0000%, Lmin=-435.31, Lmax=-19.30
10:36:40 [ultranest] [DEBUG] iteration=8160, ncalls=76114, regioncalls=2858920, ndraw=40, logz=-445.83, remainder_fraction=100.0000%, Lmin=-435.09, Lmax=-19.30
10:36:41 [ultranest] [DEBUG] iteration=8161, ncalls=76257, regioncalls=2864640, ndraw=40, logz=-445.67, remainder_fraction=100.0000%, Lmin=-435.01, Lmax=-19.30
10:36:41 [ultranest] [DEBUG] iteration=8163, ncalls=76267, regioncalls=2865040, ndraw=40, logz=-445.37, remainder_fraction=100.0000%, Lmin=-434.69, Lmax=-19.30
10:36:42 [ultranest] [DEBUG] iteration=8164, ncalls=76324, regioncalls=2867320, ndraw=40, logz=-445.21, remainder_fraction=100.0000%, Lmin=-434.66, Lmax=-19.30
10:36:42 [ultranest] [DEBUG] iteration=8165, ncalls=76337, regioncalls=2867840, ndraw=40, logz=-445.08, remainder_fraction=100.0000%, Lmin=-434.43, Lmax=-19.30
10:36:42 [ultranest] [DEBUG] iteration=8166, ncalls=76368, regioncalls=2869080, ndraw=40, logz=-444.93, remainder_fraction=100.0000%, Lmin=-434.37, Lmax=-19.30
10:36:42 [ultranest] [DEBUG] iteration=8167, ncalls=76391, regioncalls=2870000, ndraw=40, logz=-444.79, remainder_fraction=100.0000%, Lmin=-434.36, Lmax=-19.30
10:36:43 [ultranest] [DEBUG] iteration=8168, ncalls=76494, regioncalls=2874120, ndraw=40, logz=-444.67, remainder_fraction=100.0000%, Lmin=-434.03, Lmax=-19.30
10:36:44 [ultranest] [DEBUG] iteration=8169, ncalls=76525, regioncalls=2875360, ndraw=40, logz=-444.53, remainder_fraction=100.0000%, Lmin=-433.76, Lmax=-19.30
10:36:44 [ultranest] [DEBUG] iteration=8171, ncalls=76599, regioncalls=2878320, ndraw=40, logz=-444.21, remainder_fraction=100.0000%, Lmin=-433.65, Lmax=-19.30
10:36:45 [ultranest] [DEBUG] iteration=8173, ncalls=76616, regioncalls=2879000, ndraw=40, logz=-443.95, remainder_fraction=100.0000%, Lmin=-433.54, Lmax=-19.30
10:36:45 [ultranest] [DEBUG] iteration=8175, ncalls=76699, regioncalls=2882320, ndraw=40, logz=-443.68, remainder_fraction=100.0000%, Lmin=-433.03, Lmax=-19.30
10:36:46 [ultranest] [DEBUG] iteration=8176, ncalls=76717, regioncalls=2883040, ndraw=40, logz=-443.54, remainder_fraction=100.0000%, Lmin=-433.00, Lmax=-19.30
10:36:46 [ultranest] [DEBUG] iteration=8178, ncalls=76774, regioncalls=2885320, ndraw=40, logz=-443.28, remainder_fraction=100.0000%, Lmin=-432.98, Lmax=-19.30
10:36:47 [ultranest] [DEBUG] iteration=8179, ncalls=76812, regioncalls=2886840, ndraw=40, logz=-443.18, remainder_fraction=100.0000%, Lmin=-432.91, Lmax=-19.30
10:36:47 [ultranest] [DEBUG] iteration=8180, ncalls=76865, regioncalls=2888960, ndraw=40, logz=-443.07, remainder_fraction=100.0000%, Lmin=-432.86, Lmax=-19.30
10:36:47 [ultranest] [DEBUG] iteration=8181, ncalls=76887, regioncalls=2889840, ndraw=40, logz=-442.98, remainder_fraction=100.0000%, Lmin=-432.84, Lmax=-19.30
10:36:48 [ultranest] [DEBUG] iteration=8184, ncalls=76900, regioncalls=2890360, ndraw=40, logz=-442.68, remainder_fraction=100.0000%, Lmin=-432.47, Lmax=-19.30
10:36:48 [ultranest] [DEBUG] iteration=8185, ncalls=76919, regioncalls=2891120, ndraw=40, logz=-442.58, remainder_fraction=100.0000%, Lmin=-432.46, Lmax=-19.30
10:36:49 [ultranest] [DEBUG] iteration=8186, ncalls=77065, regioncalls=2897080, ndraw=40, logz=-442.50, remainder_fraction=100.0000%, Lmin=-432.42, Lmax=-19.30
10:36:49 [ultranest] [DEBUG] iteration=8189, ncalls=77077, regioncalls=2897560, ndraw=40, logz=-442.23, remainder_fraction=100.0000%, Lmin=-432.01, Lmax=-19.30
10:36:49 [ultranest] [DEBUG] iteration=8190, ncalls=77088, regioncalls=2898000, ndraw=40, logz=-442.13, remainder_fraction=100.0000%, Lmin=-431.95, Lmax=-19.30
10:36:50 [ultranest] [DEBUG] iteration=8191, ncalls=77153, regioncalls=2900600, ndraw=40, logz=-442.03, remainder_fraction=100.0000%, Lmin=-431.89, Lmax=-19.30
10:36:50 [ultranest] [DEBUG] iteration=8192, ncalls=77190, regioncalls=2902080, ndraw=40, logz=-441.94, remainder_fraction=100.0000%, Lmin=-431.78, Lmax=-19.30
10:36:51 [ultranest] [DEBUG] iteration=8194, ncalls=77242, regioncalls=2904160, ndraw=40, logz=-441.75, remainder_fraction=100.0000%, Lmin=-431.50, Lmax=-19.30
10:36:51 [ultranest] [DEBUG] iteration=8196, ncalls=77283, regioncalls=2905800, ndraw=40, logz=-441.54, remainder_fraction=100.0000%, Lmin=-431.33, Lmax=-19.30
10:36:52 [ultranest] [DEBUG] iteration=8197, ncalls=77305, regioncalls=2906680, ndraw=40, logz=-441.45, remainder_fraction=100.0000%, Lmin=-431.32, Lmax=-19.30
10:36:52 [ultranest] [DEBUG] iteration=8198, ncalls=77316, regioncalls=2907120, ndraw=40, logz=-441.36, remainder_fraction=100.0000%, Lmin=-431.07, Lmax=-19.30
10:36:52 [ultranest] [DEBUG] iteration=8199, ncalls=77342, regioncalls=2908160, ndraw=40, logz=-441.25, remainder_fraction=100.0000%, Lmin=-431.04, Lmax=-19.30
10:36:52 [ultranest] [DEBUG] iteration=8201, ncalls=77358, regioncalls=2908800, ndraw=40, logz=-441.06, remainder_fraction=100.0000%, Lmin=-430.82, Lmax=-19.30
10:36:52 [ultranest] [DEBUG] iteration=8203, ncalls=77371, regioncalls=2909320, ndraw=40, logz=-440.87, remainder_fraction=100.0000%, Lmin=-430.55, Lmax=-19.30
10:36:53 [ultranest] [DEBUG] iteration=8204, ncalls=77398, regioncalls=2910400, ndraw=40, logz=-440.76, remainder_fraction=100.0000%, Lmin=-430.19, Lmax=-19.30
10:36:53 [ultranest] [DEBUG] iteration=8205, ncalls=77411, regioncalls=2910920, ndraw=40, logz=-440.63, remainder_fraction=100.0000%, Lmin=-430.13, Lmax=-19.30
10:36:53 [ultranest] [DEBUG] iteration=8206, ncalls=77421, regioncalls=2911320, ndraw=40, logz=-440.50, remainder_fraction=100.0000%, Lmin=-429.68, Lmax=-19.30
10:36:53 [ultranest] [DEBUG] iteration=8207, ncalls=77449, regioncalls=2912440, ndraw=40, logz=-440.33, remainder_fraction=100.0000%, Lmin=-429.62, Lmax=-19.30
10:36:54 [ultranest] [DEBUG] iteration=8209, ncalls=77563, regioncalls=2917000, ndraw=40, logz=-440.01, remainder_fraction=100.0000%, Lmin=-429.31, Lmax=-19.30
10:36:54 [ultranest] [DEBUG] iteration=8210, ncalls=77584, regioncalls=2917840, ndraw=40, logz=-439.86, remainder_fraction=100.0000%, Lmin=-429.23, Lmax=-19.30
10:36:55 [ultranest] [DEBUG] iteration=8211, ncalls=77611, regioncalls=2918920, ndraw=40, logz=-439.72, remainder_fraction=100.0000%, Lmin=-428.99, Lmax=-19.30
10:36:55 [ultranest] [DEBUG] iteration=8213, ncalls=77622, regioncalls=2919360, ndraw=40, logz=-439.42, remainder_fraction=100.0000%, Lmin=-428.83, Lmax=-19.30
10:36:55 [ultranest] [DEBUG] iteration=8214, ncalls=77666, regioncalls=2921120, ndraw=40, logz=-439.29, remainder_fraction=100.0000%, Lmin=-428.40, Lmax=-19.30
10:36:55 [ultranest] [DEBUG] iteration=8216, ncalls=77691, regioncalls=2922120, ndraw=40, logz=-438.95, remainder_fraction=100.0000%, Lmin=-428.35, Lmax=-19.30
10:36:56 [ultranest] [DEBUG] iteration=8217, ncalls=77701, regioncalls=2922520, ndraw=40, logz=-438.82, remainder_fraction=100.0000%, Lmin=-428.29, Lmax=-19.30
10:36:56 [ultranest] [DEBUG] iteration=8218, ncalls=77763, regioncalls=2925040, ndraw=40, logz=-438.69, remainder_fraction=100.0000%, Lmin=-428.29, Lmax=-19.30
10:36:56 [ultranest] [DEBUG] iteration=8219, ncalls=77774, regioncalls=2925600, ndraw=40, logz=-438.57, remainder_fraction=100.0000%, Lmin=-428.10, Lmax=-19.30
10:36:57 [ultranest] [DEBUG] iteration=8221, ncalls=77794, regioncalls=2926400, ndraw=40, logz=-438.31, remainder_fraction=100.0000%, Lmin=-427.80, Lmax=-19.30
10:36:57 [ultranest] [DEBUG] iteration=8224, ncalls=77804, regioncalls=2926800, ndraw=40, logz=-437.95, remainder_fraction=100.0000%, Lmin=-427.41, Lmax=-19.30
10:36:57 [ultranest] [DEBUG] iteration=8227, ncalls=77863, regioncalls=2929160, ndraw=40, logz=-437.54, remainder_fraction=100.0000%, Lmin=-426.33, Lmax=-19.30
10:36:58 [ultranest] [DEBUG] iteration=8228, ncalls=77899, regioncalls=2930600, ndraw=40, logz=-437.30, remainder_fraction=100.0000%, Lmin=-426.31, Lmax=-19.30
10:36:58 [ultranest] [DEBUG] iteration=8229, ncalls=77943, regioncalls=2932360, ndraw=40, logz=-437.11, remainder_fraction=100.0000%, Lmin=-425.91, Lmax=-19.30
10:36:59 [ultranest] [DEBUG] iteration=8230, ncalls=77996, regioncalls=2934480, ndraw=40, logz=-436.87, remainder_fraction=100.0000%, Lmin=-425.83, Lmax=-19.30
10:36:59 [ultranest] [DEBUG] iteration=8231, ncalls=78017, regioncalls=2935320, ndraw=40, logz=-436.67, remainder_fraction=100.0000%, Lmin=-425.78, Lmax=-19.30
10:36:59 [ultranest] [DEBUG] iteration=8232, ncalls=78027, regioncalls=2935720, ndraw=40, logz=-436.49, remainder_fraction=100.0000%, Lmin=-425.68, Lmax=-19.30
10:36:59 [ultranest] [DEBUG] iteration=8234, ncalls=78039, regioncalls=2936200, ndraw=40, logz=-436.18, remainder_fraction=100.0000%, Lmin=-425.44, Lmax=-19.30
10:36:59 [ultranest] [DEBUG] iteration=8236, ncalls=78051, regioncalls=2936680, ndraw=40, logz=-435.89, remainder_fraction=100.0000%, Lmin=-424.93, Lmax=-19.30
10:37:00 [ultranest] [DEBUG] iteration=8237, ncalls=78062, regioncalls=2937200, ndraw=40, logz=-435.70, remainder_fraction=100.0000%, Lmin=-424.90, Lmax=-19.30
10:37:00 [ultranest] [DEBUG] iteration=8238, ncalls=78074, regioncalls=2937680, ndraw=40, logz=-435.54, remainder_fraction=100.0000%, Lmin=-424.62, Lmax=-19.30
10:37:00 [ultranest] [DEBUG] iteration=8239, ncalls=78090, regioncalls=2938360, ndraw=40, logz=-435.35, remainder_fraction=100.0000%, Lmin=-424.54, Lmax=-19.30
10:37:01 [ultranest] [DEBUG] iteration=8240, ncalls=78176, regioncalls=2941920, ndraw=40, logz=-435.19, remainder_fraction=100.0000%, Lmin=-424.29, Lmax=-19.30
10:37:01 [ultranest] [DEBUG] iteration=8241, ncalls=78196, regioncalls=2942960, ndraw=40, logz=-435.01, remainder_fraction=100.0000%, Lmin=-424.15, Lmax=-19.30
10:37:01 [ultranest] [DEBUG] iteration=8243, ncalls=78216, regioncalls=2943760, ndraw=40, logz=-434.65, remainder_fraction=100.0000%, Lmin=-423.88, Lmax=-19.30
10:37:01 [ultranest] [DEBUG] iteration=8244, ncalls=78238, regioncalls=2944640, ndraw=40, logz=-434.49, remainder_fraction=100.0000%, Lmin=-423.74, Lmax=-19.30
10:37:02 [ultranest] [DEBUG] iteration=8247, ncalls=78266, regioncalls=2946080, ndraw=40, logz=-434.04, remainder_fraction=100.0000%, Lmin=-423.33, Lmax=-19.30
10:37:02 [ultranest] [DEBUG] iteration=8248, ncalls=78284, regioncalls=2946800, ndraw=40, logz=-433.89, remainder_fraction=100.0000%, Lmin=-423.32, Lmax=-19.30
10:37:02 [ultranest] [DEBUG] iteration=8249, ncalls=78297, regioncalls=2947320, ndraw=40, logz=-433.75, remainder_fraction=100.0000%, Lmin=-422.96, Lmax=-19.30
10:37:02 [ultranest] [DEBUG] iteration=8251, ncalls=78334, regioncalls=2949200, ndraw=40, logz=-433.45, remainder_fraction=100.0000%, Lmin=-422.70, Lmax=-19.30
10:37:03 [ultranest] [DEBUG] iteration=8252, ncalls=78352, regioncalls=2949920, ndraw=40, logz=-433.30, remainder_fraction=100.0000%, Lmin=-422.65, Lmax=-19.30
10:37:03 [ultranest] [DEBUG] iteration=8254, ncalls=78366, regioncalls=2950480, ndraw=40, logz=-433.03, remainder_fraction=100.0000%, Lmin=-422.59, Lmax=-19.30
10:37:03 [ultranest] [DEBUG] iteration=8255, ncalls=78377, regioncalls=2950920, ndraw=40, logz=-432.91, remainder_fraction=100.0000%, Lmin=-422.41, Lmax=-19.30
10:37:03 [ultranest] [DEBUG] iteration=8256, ncalls=78392, regioncalls=2951520, ndraw=40, logz=-432.79, remainder_fraction=100.0000%, Lmin=-422.30, Lmax=-19.30
10:37:03 [ultranest] [DEBUG] iteration=8258, ncalls=78419, regioncalls=2953040, ndraw=40, logz=-432.54, remainder_fraction=100.0000%, Lmin=-422.15, Lmax=-19.30
10:37:04 [ultranest] [DEBUG] iteration=8259, ncalls=78462, regioncalls=2955160, ndraw=40, logz=-432.43, remainder_fraction=100.0000%, Lmin=-421.99, Lmax=-19.30
10:37:04 [ultranest] [DEBUG] iteration=8261, ncalls=78484, regioncalls=2956040, ndraw=40, logz=-432.21, remainder_fraction=100.0000%, Lmin=-421.86, Lmax=-19.30
10:37:04 [ultranest] [DEBUG] iteration=8262, ncalls=78501, regioncalls=2956720, ndraw=40, logz=-432.10, remainder_fraction=100.0000%, Lmin=-421.48, Lmax=-19.30
10:37:04 [ultranest] [DEBUG] iteration=8263, ncalls=78521, regioncalls=2957520, ndraw=40, logz=-431.96, remainder_fraction=100.0000%, Lmin=-421.38, Lmax=-19.30
10:37:04 [ultranest] [DEBUG] iteration=8264, ncalls=78535, regioncalls=2958440, ndraw=40, logz=-431.83, remainder_fraction=100.0000%, Lmin=-421.27, Lmax=-19.30
10:37:05 [ultranest] [DEBUG] iteration=8265, ncalls=78548, regioncalls=2958960, ndraw=40, logz=-431.70, remainder_fraction=100.0000%, Lmin=-421.17, Lmax=-19.30
10:37:05 [ultranest] [DEBUG] iteration=8266, ncalls=78566, regioncalls=2959680, ndraw=40, logz=-431.58, remainder_fraction=100.0000%, Lmin=-421.14, Lmax=-19.30
10:37:05 [ultranest] [DEBUG] iteration=8268, ncalls=78576, regioncalls=2960080, ndraw=40, logz=-431.36, remainder_fraction=100.0000%, Lmin=-421.08, Lmax=-19.30
10:37:05 [ultranest] [DEBUG] iteration=8269, ncalls=78602, regioncalls=2961120, ndraw=40, logz=-431.26, remainder_fraction=100.0000%, Lmin=-420.91, Lmax=-19.30
10:37:05 [ultranest] [DEBUG] iteration=8270, ncalls=78614, regioncalls=2961600, ndraw=40, logz=-431.15, remainder_fraction=100.0000%, Lmin=-420.69, Lmax=-19.30
10:37:06 [ultranest] [DEBUG] iteration=8271, ncalls=78648, regioncalls=2963160, ndraw=40, logz=-431.04, remainder_fraction=100.0000%, Lmin=-420.68, Lmax=-19.30
10:37:06 [ultranest] [DEBUG] iteration=8272, ncalls=78668, regioncalls=2964160, ndraw=40, logz=-430.93, remainder_fraction=100.0000%, Lmin=-420.63, Lmax=-19.30
10:37:06 [ultranest] [DEBUG] iteration=8273, ncalls=78701, regioncalls=2965480, ndraw=40, logz=-430.83, remainder_fraction=100.0000%, Lmin=-420.46, Lmax=-19.30
10:37:06 [ultranest] [DEBUG] iteration=8275, ncalls=78720, regioncalls=2966240, ndraw=40, logz=-430.62, remainder_fraction=100.0000%, Lmin=-420.29, Lmax=-19.30
10:37:06 [ultranest] [DEBUG] iteration=8276, ncalls=78739, regioncalls=2967000, ndraw=40, logz=-430.52, remainder_fraction=100.0000%, Lmin=-419.90, Lmax=-19.30
10:37:07 [ultranest] [DEBUG] iteration=8277, ncalls=78779, regioncalls=2969000, ndraw=40, logz=-430.38, remainder_fraction=100.0000%, Lmin=-419.89, Lmax=-19.30
10:37:07 [ultranest] [DEBUG] iteration=8279, ncalls=78792, regioncalls=2969520, ndraw=40, logz=-430.15, remainder_fraction=100.0000%, Lmin=-419.77, Lmax=-19.30
10:37:07 [ultranest] [DEBUG] iteration=8281, ncalls=78824, regioncalls=2971120, ndraw=40, logz=-429.91, remainder_fraction=100.0000%, Lmin=-419.31, Lmax=-19.30
10:37:08 [ultranest] [DEBUG] iteration=8283, ncalls=78917, regioncalls=2974840, ndraw=40, logz=-429.59, remainder_fraction=100.0000%, Lmin=-418.23, Lmax=-19.30
10:37:09 [ultranest] [DEBUG] iteration=8284, ncalls=78986, regioncalls=2977880, ndraw=40, logz=-429.33, remainder_fraction=100.0000%, Lmin=-418.22, Lmax=-19.30
10:37:09 [ultranest] [DEBUG] iteration=8286, ncalls=79004, regioncalls=2978600, ndraw=40, logz=-428.87, remainder_fraction=100.0000%, Lmin=-417.79, Lmax=-19.30
10:37:10 [ultranest] [DEBUG] iteration=8288, ncalls=79053, regioncalls=2980560, ndraw=40, logz=-428.46, remainder_fraction=100.0000%, Lmin=-417.59, Lmax=-19.30
10:37:10 [ultranest] [DEBUG] iteration=8290, ncalls=79065, regioncalls=2981040, ndraw=40, logz=-428.14, remainder_fraction=100.0000%, Lmin=-417.20, Lmax=-19.30
10:37:10 [ultranest] [DEBUG] iteration=8293, ncalls=79119, regioncalls=2983320, ndraw=40, logz=-427.62, remainder_fraction=100.0000%, Lmin=-416.83, Lmax=-19.30
10:37:10 [ultranest] [DEBUG] iteration=8294, ncalls=79130, regioncalls=2983760, ndraw=40, logz=-427.46, remainder_fraction=100.0000%, Lmin=-416.64, Lmax=-19.30
10:37:11 [ultranest] [DEBUG] iteration=8295, ncalls=79140, regioncalls=2984160, ndraw=40, logz=-427.30, remainder_fraction=100.0000%, Lmin=-416.42, Lmax=-19.30
10:37:11 [ultranest] [DEBUG] iteration=8296, ncalls=79151, regioncalls=2984640, ndraw=40, logz=-427.13, remainder_fraction=100.0000%, Lmin=-416.12, Lmax=-19.30
10:37:11 [ultranest] [DEBUG] iteration=8297, ncalls=79170, regioncalls=2985520, ndraw=40, logz=-426.94, remainder_fraction=100.0000%, Lmin=-415.61, Lmax=-19.30
10:37:11 [ultranest] [DEBUG] iteration=8298, ncalls=79206, regioncalls=2986960, ndraw=40, logz=-426.68, remainder_fraction=100.0000%, Lmin=-415.44, Lmax=-19.30
10:37:12 [ultranest] [DEBUG] iteration=8300, ncalls=79240, regioncalls=2988320, ndraw=40, logz=-426.24, remainder_fraction=100.0000%, Lmin=-415.06, Lmax=-19.30
10:37:12 [ultranest] [DEBUG] iteration=8302, ncalls=79286, regioncalls=2990160, ndraw=40, logz=-425.82, remainder_fraction=100.0000%, Lmin=-414.80, Lmax=-19.30
10:37:12 [ultranest] [DEBUG] iteration=8304, ncalls=79302, regioncalls=2990880, ndraw=40, logz=-425.43, remainder_fraction=100.0000%, Lmin=-414.27, Lmax=-19.30
10:37:12 [ultranest] [DEBUG] iteration=8305, ncalls=79325, regioncalls=2991800, ndraw=40, logz=-425.21, remainder_fraction=100.0000%, Lmin=-414.10, Lmax=-19.30
10:37:13 [ultranest] [DEBUG] iteration=8306, ncalls=79337, regioncalls=2992320, ndraw=40, logz=-425.00, remainder_fraction=100.0000%, Lmin=-414.10, Lmax=-19.30
10:37:13 [ultranest] [DEBUG] iteration=8308, ncalls=79356, regioncalls=2993160, ndraw=40, logz=-424.68, remainder_fraction=100.0000%, Lmin=-413.84, Lmax=-19.30
10:37:13 [ultranest] [DEBUG] iteration=8309, ncalls=79368, regioncalls=2993640, ndraw=40, logz=-424.51, remainder_fraction=100.0000%, Lmin=-413.75, Lmax=-19.30
10:37:13 [ultranest] [DEBUG] iteration=8310, ncalls=79402, regioncalls=2995000, ndraw=40, logz=-424.36, remainder_fraction=100.0000%, Lmin=-413.60, Lmax=-19.30
10:37:13 [ultranest] [DEBUG] iteration=8312, ncalls=79417, regioncalls=2995680, ndraw=40, logz=-424.04, remainder_fraction=100.0000%, Lmin=-413.24, Lmax=-19.30
10:37:14 [ultranest] [DEBUG] iteration=8315, ncalls=79436, regioncalls=2996440, ndraw=40, logz=-423.62, remainder_fraction=100.0000%, Lmin=-412.90, Lmax=-19.30
10:37:14 [ultranest] [DEBUG] iteration=8318, ncalls=79452, regioncalls=2997360, ndraw=40, logz=-423.16, remainder_fraction=100.0000%, Lmin=-412.27, Lmax=-19.30
10:37:14 [ultranest] [DEBUG] iteration=8320, ncalls=79458, regioncalls=2997600, ndraw=40, logz=-422.71, remainder_fraction=100.0000%, Lmin=-411.43, Lmax=-19.30
10:37:14 [ultranest] [DEBUG] iteration=8322, ncalls=79468, regioncalls=2998080, ndraw=40, logz=-422.22, remainder_fraction=100.0000%, Lmin=-411.03, Lmax=-19.30
10:37:14 [ultranest] [DEBUG] iteration=8324, ncalls=79484, regioncalls=2998960, ndraw=40, logz=-421.79, remainder_fraction=100.0000%, Lmin=-410.44, Lmax=-19.30
10:37:14 [ultranest] [DEBUG] iteration=8325, ncalls=79496, regioncalls=2999440, ndraw=40, logz=-421.53, remainder_fraction=100.0000%, Lmin=-410.33, Lmax=-19.30
10:37:14 [ultranest] [DEBUG] iteration=8326, ncalls=79513, regioncalls=3000120, ndraw=40, logz=-421.31, remainder_fraction=100.0000%, Lmin=-410.31, Lmax=-19.30
10:37:15 [ultranest] [DEBUG] iteration=8327, ncalls=79527, regioncalls=3000880, ndraw=40, logz=-421.12, remainder_fraction=100.0000%, Lmin=-410.19, Lmax=-19.30
10:37:15 [ultranest] [DEBUG] iteration=8328, ncalls=79545, regioncalls=3002200, ndraw=40, logz=-420.95, remainder_fraction=100.0000%, Lmin=-409.99, Lmax=-19.30
10:37:15 [ultranest] [DEBUG] iteration=8329, ncalls=79566, regioncalls=3003040, ndraw=40, logz=-420.77, remainder_fraction=100.0000%, Lmin=-409.90, Lmax=-19.30
10:37:15 [ultranest] [DEBUG] iteration=8331, ncalls=79578, regioncalls=3003520, ndraw=40, logz=-420.45, remainder_fraction=100.0000%, Lmin=-409.83, Lmax=-19.30
10:37:15 [ultranest] [DEBUG] iteration=8333, ncalls=79603, regioncalls=3004520, ndraw=40, logz=-420.19, remainder_fraction=100.0000%, Lmin=-409.66, Lmax=-19.30
10:37:16 [ultranest] [DEBUG] iteration=8335, ncalls=79625, regioncalls=3005440, ndraw=40, logz=-419.96, remainder_fraction=100.0000%, Lmin=-409.61, Lmax=-19.30
10:37:16 [ultranest] [DEBUG] iteration=8336, ncalls=79640, regioncalls=3006080, ndraw=40, logz=-419.86, remainder_fraction=100.0000%, Lmin=-408.87, Lmax=-19.30
10:37:16 [ultranest] [DEBUG] iteration=8338, ncalls=79668, regioncalls=3007200, ndraw=40, logz=-419.52, remainder_fraction=100.0000%, Lmin=-408.57, Lmax=-19.30
10:37:16 [ultranest] [DEBUG] iteration=8339, ncalls=79703, regioncalls=3008760, ndraw=40, logz=-419.34, remainder_fraction=100.0000%, Lmin=-408.23, Lmax=-19.30
10:37:17 [ultranest] [DEBUG] iteration=8340, ncalls=79715, regioncalls=3009240, ndraw=40, logz=-419.13, remainder_fraction=100.0000%, Lmin=-407.87, Lmax=-19.30
10:37:17 [ultranest] [DEBUG] iteration=8342, ncalls=79738, regioncalls=3010160, ndraw=40, logz=-418.71, remainder_fraction=100.0000%, Lmin=-407.85, Lmax=-19.30
10:37:17 [ultranest] [DEBUG] iteration=8343, ncalls=79767, regioncalls=3011600, ndraw=40, logz=-418.55, remainder_fraction=100.0000%, Lmin=-407.64, Lmax=-19.30
10:37:17 [ultranest] [DEBUG] iteration=8345, ncalls=79788, regioncalls=3012800, ndraw=40, logz=-418.07, remainder_fraction=100.0000%, Lmin=-406.78, Lmax=-19.30
10:37:17 [ultranest] [DEBUG] iteration=8346, ncalls=79803, regioncalls=3013400, ndraw=40, logz=-417.83, remainder_fraction=100.0000%, Lmin=-406.56, Lmax=-19.30
10:37:18 [ultranest] [DEBUG] iteration=8348, ncalls=79848, regioncalls=3015480, ndraw=40, logz=-417.31, remainder_fraction=100.0000%, Lmin=-405.89, Lmax=-19.30
10:37:18 [ultranest] [DEBUG] iteration=8349, ncalls=79858, regioncalls=3015880, ndraw=40, logz=-417.04, remainder_fraction=100.0000%, Lmin=-405.71, Lmax=-19.30
10:37:18 [ultranest] [DEBUG] iteration=8350, ncalls=79882, regioncalls=3017040, ndraw=40, logz=-416.79, remainder_fraction=100.0000%, Lmin=-405.66, Lmax=-19.30
10:37:18 [ultranest] [DEBUG] iteration=8352, ncalls=79901, regioncalls=3017800, ndraw=40, logz=-416.36, remainder_fraction=100.0000%, Lmin=-405.13, Lmax=-19.30
10:37:19 [ultranest] [DEBUG] iteration=8353, ncalls=79932, regioncalls=3019400, ndraw=40, logz=-416.13, remainder_fraction=100.0000%, Lmin=-404.92, Lmax=-19.30
10:37:19 [ultranest] [DEBUG] iteration=8355, ncalls=79948, regioncalls=3020080, ndraw=40, logz=-415.72, remainder_fraction=100.0000%, Lmin=-404.85, Lmax=-19.30
10:37:19 [ultranest] [DEBUG] iteration=8356, ncalls=79963, regioncalls=3020680, ndraw=40, logz=-415.56, remainder_fraction=100.0000%, Lmin=-404.54, Lmax=-19.30
10:37:19 [ultranest] [DEBUG] iteration=8357, ncalls=79989, regioncalls=3021720, ndraw=40, logz=-415.37, remainder_fraction=100.0000%, Lmin=-404.48, Lmax=-19.30
10:37:20 [ultranest] [DEBUG] iteration=8358, ncalls=80012, regioncalls=3022640, ndraw=40, logz=-415.20, remainder_fraction=100.0000%, Lmin=-404.04, Lmax=-19.30
10:37:20 [ultranest] [DEBUG] iteration=8360, ncalls=80025, regioncalls=3023160, ndraw=40, logz=-414.79, remainder_fraction=100.0000%, Lmin=-403.87, Lmax=-19.30
10:37:20 [ultranest] [DEBUG] iteration=8361, ncalls=80043, regioncalls=3023880, ndraw=40, logz=-414.62, remainder_fraction=100.0000%, Lmin=-403.83, Lmax=-19.30
10:37:20 [ultranest] [DEBUG] iteration=8362, ncalls=80062, regioncalls=3024680, ndraw=40, logz=-414.47, remainder_fraction=100.0000%, Lmin=-403.82, Lmax=-19.30
10:37:20 [ultranest] [DEBUG] iteration=8364, ncalls=80075, regioncalls=3025200, ndraw=40, logz=-414.22, remainder_fraction=100.0000%, Lmin=-403.65, Lmax=-19.30
10:37:20 [ultranest] [DEBUG] iteration=8366, ncalls=80094, regioncalls=3025960, ndraw=40, logz=-413.98, remainder_fraction=100.0000%, Lmin=-403.30, Lmax=-19.30
10:37:21 [ultranest] [DEBUG] iteration=8367, ncalls=80108, regioncalls=3026520, ndraw=40, logz=-413.84, remainder_fraction=100.0000%, Lmin=-403.29, Lmax=-19.30
10:37:21 [ultranest] [DEBUG] iteration=8368, ncalls=80135, regioncalls=3028000, ndraw=40, logz=-413.72, remainder_fraction=100.0000%, Lmin=-402.98, Lmax=-19.30
10:37:21 [ultranest] [DEBUG] iteration=8369, ncalls=80145, regioncalls=3028400, ndraw=40, logz=-413.58, remainder_fraction=100.0000%, Lmin=-402.93, Lmax=-19.30
10:37:21 [ultranest] [DEBUG] iteration=8371, ncalls=80177, regioncalls=3029840, ndraw=40, logz=-413.31, remainder_fraction=100.0000%, Lmin=-402.73, Lmax=-19.30
10:37:21 [ultranest] [DEBUG] iteration=8373, ncalls=80190, regioncalls=3030360, ndraw=40, logz=-413.07, remainder_fraction=100.0000%, Lmin=-402.13, Lmax=-19.30
10:37:22 [ultranest] [DEBUG] iteration=8374, ncalls=80228, regioncalls=3032320, ndraw=40, logz=-412.90, remainder_fraction=100.0000%, Lmin=-401.92, Lmax=-19.30
10:37:22 [ultranest] [DEBUG] iteration=8376, ncalls=80241, regioncalls=3032840, ndraw=40, logz=-412.56, remainder_fraction=100.0000%, Lmin=-401.85, Lmax=-19.30
10:37:22 [ultranest] [DEBUG] iteration=8378, ncalls=80272, regioncalls=3034160, ndraw=40, logz=-412.26, remainder_fraction=100.0000%, Lmin=-401.46, Lmax=-19.30
10:37:23 [ultranest] [DEBUG] iteration=8380, ncalls=80303, regioncalls=3035480, ndraw=40, logz=-411.97, remainder_fraction=100.0000%, Lmin=-401.44, Lmax=-19.30
10:37:23 [ultranest] [DEBUG] iteration=8383, ncalls=80313, regioncalls=3035960, ndraw=40, logz=-411.59, remainder_fraction=100.0000%, Lmin=-400.78, Lmax=-19.30
10:37:23 [ultranest] [DEBUG] iteration=8384, ncalls=80333, regioncalls=3036760, ndraw=40, logz=-411.43, remainder_fraction=100.0000%, Lmin=-400.64, Lmax=-19.30
10:37:23 [ultranest] [DEBUG] iteration=8387, ncalls=80354, regioncalls=3037600, ndraw=40, logz=-410.96, remainder_fraction=100.0000%, Lmin=-400.05, Lmax=-19.30
10:37:23 [ultranest] [DEBUG] iteration=8389, ncalls=80373, regioncalls=3038360, ndraw=40, logz=-410.62, remainder_fraction=100.0000%, Lmin=-399.64, Lmax=-19.30
10:37:24 [ultranest] [DEBUG] iteration=8390, ncalls=80438, regioncalls=3041280, ndraw=40, logz=-410.45, remainder_fraction=100.0000%, Lmin=-399.38, Lmax=-19.30
10:37:24 [ultranest] [DEBUG] iteration=8391, ncalls=80479, regioncalls=3043560, ndraw=40, logz=-410.26, remainder_fraction=100.0000%, Lmin=-399.37, Lmax=-19.30
10:37:25 [ultranest] [DEBUG] iteration=8392, ncalls=80489, regioncalls=3044320, ndraw=40, logz=-410.09, remainder_fraction=100.0000%, Lmin=-399.23, Lmax=-19.30
10:37:25 [ultranest] [DEBUG] iteration=8393, ncalls=80511, regioncalls=3045320, ndraw=40, logz=-409.93, remainder_fraction=100.0000%, Lmin=-399.17, Lmax=-19.30
10:37:25 [ultranest] [DEBUG] iteration=8394, ncalls=80522, regioncalls=3045760, ndraw=40, logz=-409.79, remainder_fraction=100.0000%, Lmin=-399.10, Lmax=-19.30
10:37:25 [ultranest] [DEBUG] iteration=8396, ncalls=80540, regioncalls=3046720, ndraw=40, logz=-409.51, remainder_fraction=100.0000%, Lmin=-398.74, Lmax=-19.30
10:37:25 [ultranest] [DEBUG] iteration=8397, ncalls=80558, regioncalls=3047440, ndraw=40, logz=-409.36, remainder_fraction=100.0000%, Lmin=-398.61, Lmax=-19.30
10:37:25 [ultranest] [DEBUG] iteration=8398, ncalls=80585, regioncalls=3048520, ndraw=40, logz=-409.22, remainder_fraction=100.0000%, Lmin=-398.41, Lmax=-19.30
10:37:26 [ultranest] [DEBUG] iteration=8399, ncalls=80600, regioncalls=3049120, ndraw=40, logz=-409.07, remainder_fraction=100.0000%, Lmin=-398.25, Lmax=-19.30
10:37:26 [ultranest] [DEBUG] iteration=8400, ncalls=80633, regioncalls=3050480, ndraw=40, logz=-408.92, remainder_fraction=100.0000%, Lmin=-398.16, Lmax=-19.30
10:37:26 [ultranest] [DEBUG] iteration=8403, ncalls=80643, regioncalls=3050880, ndraw=40, logz=-408.52, remainder_fraction=100.0000%, Lmin=-398.03, Lmax=-19.30
10:37:26 [ultranest] [DEBUG] iteration=8405, ncalls=80665, regioncalls=3051760, ndraw=40, logz=-408.30, remainder_fraction=100.0000%, Lmin=-397.51, Lmax=-19.30
10:37:26 [ultranest] [DEBUG] iteration=8406, ncalls=80681, regioncalls=3052400, ndraw=40, logz=-408.16, remainder_fraction=100.0000%, Lmin=-397.39, Lmax=-19.30
10:37:27 [ultranest] [DEBUG] iteration=8408, ncalls=80691, regioncalls=3052800, ndraw=40, logz=-407.87, remainder_fraction=100.0000%, Lmin=-397.21, Lmax=-19.30
10:37:27 [ultranest] [DEBUG] iteration=8409, ncalls=80730, regioncalls=3054440, ndraw=40, logz=-407.74, remainder_fraction=100.0000%, Lmin=-397.18, Lmax=-19.30
10:37:27 [ultranest] [DEBUG] iteration=8410, ncalls=80744, regioncalls=3055000, ndraw=40, logz=-407.62, remainder_fraction=100.0000%, Lmin=-397.18, Lmax=-19.30
10:37:27 [ultranest] [DEBUG] iteration=8412, ncalls=80769, regioncalls=3056000, ndraw=40, logz=-407.38, remainder_fraction=100.0000%, Lmin=-396.71, Lmax=-19.30
10:37:28 [ultranest] [DEBUG] iteration=8415, ncalls=80809, regioncalls=3057800, ndraw=40, logz=-406.95, remainder_fraction=100.0000%, Lmin=-396.03, Lmax=-19.30
10:37:28 [ultranest] [DEBUG] iteration=8417, ncalls=80821, regioncalls=3058320, ndraw=40, logz=-406.63, remainder_fraction=100.0000%, Lmin=-395.75, Lmax=-19.30
10:37:28 [ultranest] [DEBUG] iteration=8420, ncalls=80836, regioncalls=3058920, ndraw=40, logz=-406.16, remainder_fraction=100.0000%, Lmin=-395.38, Lmax=-19.30
10:37:28 [ultranest] [DEBUG] iteration=8421, ncalls=80846, regioncalls=3059520, ndraw=40, logz=-406.02, remainder_fraction=100.0000%, Lmin=-395.16, Lmax=-19.30
10:37:28 [ultranest] [DEBUG] iteration=8422, ncalls=80856, regioncalls=3060280, ndraw=40, logz=-405.86, remainder_fraction=100.0000%, Lmin=-395.13, Lmax=-19.30
10:37:28 [ultranest] [DEBUG] iteration=8423, ncalls=80866, regioncalls=3060880, ndraw=40, logz=-405.72, remainder_fraction=100.0000%, Lmin=-394.90, Lmax=-19.30
10:37:29 [ultranest] [DEBUG] iteration=8424, ncalls=80906, regioncalls=3062880, ndraw=40, logz=-405.57, remainder_fraction=100.0000%, Lmin=-394.87, Lmax=-19.30
10:37:29 [ultranest] [DEBUG] iteration=8425, ncalls=80918, regioncalls=3063360, ndraw=40, logz=-405.44, remainder_fraction=100.0000%, Lmin=-394.87, Lmax=-19.30
10:37:29 [ultranest] [DEBUG] iteration=8426, ncalls=80938, regioncalls=3064160, ndraw=40, logz=-405.32, remainder_fraction=100.0000%, Lmin=-394.83, Lmax=-19.30
10:37:30 [ultranest] [DEBUG] iteration=8427, ncalls=80988, regioncalls=3066160, ndraw=40, logz=-405.21, remainder_fraction=100.0000%, Lmin=-394.65, Lmax=-19.30
10:37:30 [ultranest] [DEBUG] iteration=8429, ncalls=81053, regioncalls=3069160, ndraw=40, logz=-404.96, remainder_fraction=100.0000%, Lmin=-394.29, Lmax=-19.30
10:37:30 [ultranest] [DEBUG] iteration=8430, ncalls=81071, regioncalls=3069880, ndraw=40, logz=-404.83, remainder_fraction=100.0000%, Lmin=-394.28, Lmax=-19.30
10:37:31 [ultranest] [DEBUG] iteration=8432, ncalls=81096, regioncalls=3070920, ndraw=40, logz=-404.57, remainder_fraction=100.0000%, Lmin=-393.64, Lmax=-19.30
10:37:31 [ultranest] [DEBUG] iteration=8434, ncalls=81120, regioncalls=3071880, ndraw=40, logz=-404.26, remainder_fraction=100.0000%, Lmin=-393.27, Lmax=-19.30
10:37:32 [ultranest] [DEBUG] iteration=8435, ncalls=81171, regioncalls=3074520, ndraw=40, logz=-404.09, remainder_fraction=100.0000%, Lmin=-393.26, Lmax=-19.30
10:37:32 [ultranest] [DEBUG] iteration=8436, ncalls=81193, regioncalls=3075400, ndraw=40, logz=-403.94, remainder_fraction=100.0000%, Lmin=-393.15, Lmax=-19.30
10:37:32 [ultranest] [DEBUG] iteration=8439, ncalls=81221, regioncalls=3076680, ndraw=40, logz=-403.49, remainder_fraction=100.0000%, Lmin=-392.83, Lmax=-19.30
10:37:32 [ultranest] [DEBUG] iteration=8440, ncalls=81247, regioncalls=3077920, ndraw=40, logz=-403.36, remainder_fraction=100.0000%, Lmin=-392.79, Lmax=-19.30
10:37:32 [ultranest] [DEBUG] iteration=8441, ncalls=81258, regioncalls=3078480, ndraw=40, logz=-403.24, remainder_fraction=100.0000%, Lmin=-392.67, Lmax=-19.30
10:37:33 [ultranest] [DEBUG] iteration=8442, ncalls=81278, regioncalls=3079360, ndraw=40, logz=-403.13, remainder_fraction=100.0000%, Lmin=-392.60, Lmax=-19.30
10:37:33 [ultranest] [DEBUG] iteration=8444, ncalls=81302, regioncalls=3080440, ndraw=40, logz=-402.89, remainder_fraction=100.0000%, Lmin=-392.33, Lmax=-19.30
10:37:33 [ultranest] [DEBUG] iteration=8447, ncalls=81332, regioncalls=3081720, ndraw=40, logz=-402.53, remainder_fraction=100.0000%, Lmin=-391.82, Lmax=-19.30
10:37:33 [ultranest] [DEBUG] iteration=8449, ncalls=81349, regioncalls=3082400, ndraw=40, logz=-402.27, remainder_fraction=100.0000%, Lmin=-391.47, Lmax=-19.30
10:37:33 [ultranest] [DEBUG] iteration=8451, ncalls=81359, regioncalls=3082800, ndraw=40, logz=-401.99, remainder_fraction=100.0000%, Lmin=-391.06, Lmax=-19.30
10:37:34 [ultranest] [DEBUG] iteration=8453, ncalls=81383, regioncalls=3083880, ndraw=40, logz=-401.68, remainder_fraction=100.0000%, Lmin=-390.90, Lmax=-19.30
10:37:34 [ultranest] [DEBUG] iteration=8457, ncalls=81395, regioncalls=3084440, ndraw=40, logz=-401.04, remainder_fraction=100.0000%, Lmin=-390.32, Lmax=-19.30
10:37:34 [ultranest] [DEBUG] iteration=8458, ncalls=81409, regioncalls=3085000, ndraw=40, logz=-400.91, remainder_fraction=100.0000%, Lmin=-390.25, Lmax=-19.30
10:37:34 [ultranest] [DEBUG] iteration=8459, ncalls=81433, regioncalls=3086840, ndraw=40, logz=-400.78, remainder_fraction=100.0000%, Lmin=-390.20, Lmax=-19.30
10:37:34 [ultranest] [DEBUG] iteration=8461, ncalls=81442, regioncalls=3087400, ndraw=40, logz=-400.56, remainder_fraction=100.0000%, Lmin=-390.06, Lmax=-19.30
10:37:35 [ultranest] [DEBUG] iteration=8464, ncalls=81461, regioncalls=3088160, ndraw=40, logz=-400.23, remainder_fraction=100.0000%, Lmin=-389.65, Lmax=-19.30
10:37:35 [ultranest] [DEBUG] iteration=8466, ncalls=81476, regioncalls=3088760, ndraw=40, logz=-400.01, remainder_fraction=100.0000%, Lmin=-389.47, Lmax=-19.30
10:37:35 [ultranest] [DEBUG] iteration=8467, ncalls=81509, regioncalls=3090160, ndraw=40, logz=-399.90, remainder_fraction=100.0000%, Lmin=-389.43, Lmax=-19.30
10:37:35 [ultranest] [DEBUG] iteration=8468, ncalls=81538, regioncalls=3091440, ndraw=40, logz=-399.79, remainder_fraction=100.0000%, Lmin=-389.22, Lmax=-19.30
10:37:36 [ultranest] [DEBUG] iteration=8469, ncalls=81593, regioncalls=3093640, ndraw=40, logz=-399.68, remainder_fraction=100.0000%, Lmin=-389.20, Lmax=-19.30
10:37:36 [ultranest] [DEBUG] iteration=8471, ncalls=81611, regioncalls=3094440, ndraw=40, logz=-399.47, remainder_fraction=100.0000%, Lmin=-389.06, Lmax=-19.30
10:37:36 [ultranest] [DEBUG] iteration=8472, ncalls=81623, regioncalls=3094920, ndraw=40, logz=-399.37, remainder_fraction=100.0000%, Lmin=-388.84, Lmax=-19.30
10:37:36 [ultranest] [DEBUG] iteration=8474, ncalls=81642, regioncalls=3095680, ndraw=40, logz=-399.15, remainder_fraction=100.0000%, Lmin=-388.60, Lmax=-19.30
10:37:37 [ultranest] [DEBUG] iteration=8475, ncalls=81710, regioncalls=3098720, ndraw=40, logz=-399.04, remainder_fraction=100.0000%, Lmin=-388.40, Lmax=-19.30
10:37:37 [ultranest] [DEBUG] iteration=8476, ncalls=81737, regioncalls=3100040, ndraw=40, logz=-398.91, remainder_fraction=100.0000%, Lmin=-388.28, Lmax=-19.30
10:37:37 [ultranest] [DEBUG] iteration=8477, ncalls=81751, regioncalls=3100600, ndraw=40, logz=-398.79, remainder_fraction=100.0000%, Lmin=-388.20, Lmax=-19.30
10:37:38 [ultranest] [DEBUG] iteration=8478, ncalls=81784, regioncalls=3102200, ndraw=40, logz=-398.67, remainder_fraction=100.0000%, Lmin=-388.14, Lmax=-19.30
10:37:38 [ultranest] [DEBUG] iteration=8480, ncalls=81825, regioncalls=3103880, ndraw=40, logz=-398.46, remainder_fraction=100.0000%, Lmin=-388.04, Lmax=-19.30
10:37:38 [ultranest] [DEBUG] iteration=8481, ncalls=81846, regioncalls=3104760, ndraw=40, logz=-398.36, remainder_fraction=100.0000%, Lmin=-387.49, Lmax=-19.30
10:37:39 [ultranest] [DEBUG] iteration=8482, ncalls=81910, regioncalls=3107440, ndraw=40, logz=-398.21, remainder_fraction=100.0000%, Lmin=-387.22, Lmax=-19.30
10:37:39 [ultranest] [DEBUG] iteration=8483, ncalls=81937, regioncalls=3108720, ndraw=40, logz=-398.04, remainder_fraction=100.0000%, Lmin=-386.95, Lmax=-19.30
10:37:40 [ultranest] [DEBUG] iteration=8485, ncalls=81975, regioncalls=3110320, ndraw=40, logz=-397.68, remainder_fraction=100.0000%, Lmin=-386.79, Lmax=-19.30
10:37:40 [ultranest] [DEBUG] iteration=8486, ncalls=81995, regioncalls=3111120, ndraw=40, logz=-397.53, remainder_fraction=100.0000%, Lmin=-386.68, Lmax=-19.30
10:37:40 [ultranest] [DEBUG] iteration=8487, ncalls=82042, regioncalls=3113000, ndraw=40, logz=-397.38, remainder_fraction=100.0000%, Lmin=-386.64, Lmax=-19.30
10:37:41 [ultranest] [DEBUG] iteration=8489, ncalls=82070, regioncalls=3114800, ndraw=40, logz=-397.05, remainder_fraction=100.0000%, Lmin=-386.09, Lmax=-19.30
10:37:41 [ultranest] [DEBUG] iteration=8491, ncalls=82088, regioncalls=3115720, ndraw=40, logz=-396.73, remainder_fraction=100.0000%, Lmin=-385.81, Lmax=-19.30
10:37:42 [ultranest] [DEBUG] iteration=8492, ncalls=82149, regioncalls=3118160, ndraw=40, logz=-396.57, remainder_fraction=100.0000%, Lmin=-385.78, Lmax=-19.30
10:37:42 [ultranest] [DEBUG] iteration=8494, ncalls=82165, regioncalls=3118800, ndraw=40, logz=-396.29, remainder_fraction=100.0000%, Lmin=-385.52, Lmax=-19.30
10:37:42 [ultranest] [DEBUG] iteration=8495, ncalls=82179, regioncalls=3119360, ndraw=40, logz=-396.15, remainder_fraction=100.0000%, Lmin=-385.18, Lmax=-19.30
10:37:42 [ultranest] [DEBUG] iteration=8496, ncalls=82193, regioncalls=3119920, ndraw=40, logz=-395.99, remainder_fraction=100.0000%, Lmin=-385.11, Lmax=-19.30
10:37:42 [ultranest] [DEBUG] iteration=8497, ncalls=82203, regioncalls=3120320, ndraw=40, logz=-395.83, remainder_fraction=100.0000%, Lmin=-385.09, Lmax=-19.30
10:37:42 [ultranest] [DEBUG] iteration=8499, ncalls=82227, regioncalls=3121600, ndraw=40, logz=-395.58, remainder_fraction=100.0000%, Lmin=-385.04, Lmax=-19.30
10:37:42 [ultranest] [DEBUG] iteration=8501, ncalls=82241, regioncalls=3122360, ndraw=40, logz=-395.32, remainder_fraction=100.0000%, Lmin=-384.25, Lmax=-19.30
10:37:43 [ultranest] [DEBUG] iteration=8503, ncalls=82269, regioncalls=3123520, ndraw=40, logz=-394.95, remainder_fraction=100.0000%, Lmin=-383.92, Lmax=-19.30
10:37:43 [ultranest] [DEBUG] iteration=8504, ncalls=82296, regioncalls=3125240, ndraw=40, logz=-394.78, remainder_fraction=100.0000%, Lmin=-383.81, Lmax=-19.30
10:37:43 [ultranest] [DEBUG] iteration=8505, ncalls=82330, regioncalls=3126640, ndraw=40, logz=-394.62, remainder_fraction=100.0000%, Lmin=-383.66, Lmax=-19.30
10:37:44 [ultranest] [DEBUG] iteration=8506, ncalls=82344, regioncalls=3127440, ndraw=40, logz=-394.45, remainder_fraction=100.0000%, Lmin=-383.58, Lmax=-19.30
10:37:44 [ultranest] [DEBUG] iteration=8508, ncalls=82358, regioncalls=3128000, ndraw=40, logz=-394.17, remainder_fraction=100.0000%, Lmin=-383.53, Lmax=-19.30
10:37:44 [ultranest] [DEBUG] iteration=8509, ncalls=82406, regioncalls=3129920, ndraw=40, logz=-394.05, remainder_fraction=100.0000%, Lmin=-383.49, Lmax=-19.30
10:37:44 [ultranest] [DEBUG] iteration=8511, ncalls=82416, regioncalls=3130440, ndraw=40, logz=-393.83, remainder_fraction=100.0000%, Lmin=-383.32, Lmax=-19.30
10:37:44 [ultranest] [DEBUG] iteration=8512, ncalls=82426, regioncalls=3130840, ndraw=40, logz=-393.72, remainder_fraction=100.0000%, Lmin=-383.29, Lmax=-19.30
10:37:45 [ultranest] [DEBUG] iteration=8514, ncalls=82445, regioncalls=3131600, ndraw=40, logz=-393.53, remainder_fraction=100.0000%, Lmin=-383.17, Lmax=-19.30
10:37:45 [ultranest] [DEBUG] iteration=8515, ncalls=82460, regioncalls=3132200, ndraw=40, logz=-393.44, remainder_fraction=100.0000%, Lmin=-383.02, Lmax=-19.30
10:37:45 [ultranest] [DEBUG] iteration=8518, ncalls=82469, regioncalls=3132680, ndraw=40, logz=-393.12, remainder_fraction=100.0000%, Lmin=-382.61, Lmax=-19.30
10:37:45 [ultranest] [DEBUG] iteration=8519, ncalls=82485, regioncalls=3133360, ndraw=40, logz=-393.01, remainder_fraction=100.0000%, Lmin=-382.60, Lmax=-19.30
10:37:45 [ultranest] [DEBUG] iteration=8520, ncalls=82514, regioncalls=3134520, ndraw=40, logz=-392.91, remainder_fraction=100.0000%, Lmin=-382.59, Lmax=-19.30
10:37:46 [ultranest] [DEBUG] iteration=8522, ncalls=82572, regioncalls=3136880, ndraw=40, logz=-392.72, remainder_fraction=100.0000%, Lmin=-382.20, Lmax=-19.30
10:37:46 [ultranest] [DEBUG] iteration=8524, ncalls=82602, regioncalls=3138440, ndraw=40, logz=-392.50, remainder_fraction=100.0000%, Lmin=-381.99, Lmax=-19.30
10:37:46 [ultranest] [DEBUG] iteration=8526, ncalls=82614, regioncalls=3138920, ndraw=40, logz=-392.29, remainder_fraction=100.0000%, Lmin=-381.87, Lmax=-19.30
10:37:47 [ultranest] [DEBUG] iteration=8528, ncalls=82657, regioncalls=3140640, ndraw=40, logz=-392.10, remainder_fraction=100.0000%, Lmin=-381.75, Lmax=-19.30
10:37:47 [ultranest] [DEBUG] iteration=8529, ncalls=82672, regioncalls=3141240, ndraw=40, logz=-392.01, remainder_fraction=100.0000%, Lmin=-381.51, Lmax=-19.30
10:37:47 [ultranest] [DEBUG] iteration=8531, ncalls=82689, regioncalls=3141920, ndraw=40, logz=-391.81, remainder_fraction=100.0000%, Lmin=-380.93, Lmax=-19.30
10:37:47 [ultranest] [DEBUG] iteration=8533, ncalls=82718, regioncalls=3143160, ndraw=40, logz=-391.53, remainder_fraction=100.0000%, Lmin=-380.83, Lmax=-19.30
10:37:48 [ultranest] [DEBUG] iteration=8535, ncalls=82794, regioncalls=3146240, ndraw=40, logz=-391.24, remainder_fraction=100.0000%, Lmin=-380.40, Lmax=-19.30
10:37:48 [ultranest] [DEBUG] iteration=8536, ncalls=82816, regioncalls=3147280, ndraw=40, logz=-391.09, remainder_fraction=100.0000%, Lmin=-380.38, Lmax=-19.30
10:37:49 [ultranest] [DEBUG] iteration=8538, ncalls=82887, regioncalls=3150240, ndraw=40, logz=-390.80, remainder_fraction=100.0000%, Lmin=-379.92, Lmax=-19.30
10:37:49 [ultranest] [DEBUG] iteration=8540, ncalls=82916, regioncalls=3151400, ndraw=40, logz=-390.48, remainder_fraction=100.0000%, Lmin=-379.60, Lmax=-19.30
10:37:50 [ultranest] [DEBUG] iteration=8541, ncalls=82943, regioncalls=3152480, ndraw=40, logz=-390.34, remainder_fraction=100.0000%, Lmin=-379.48, Lmax=-19.30
10:37:50 [ultranest] [DEBUG] iteration=8542, ncalls=82964, regioncalls=3153360, ndraw=40, logz=-390.19, remainder_fraction=100.0000%, Lmin=-379.32, Lmax=-19.30
10:37:50 [ultranest] [DEBUG] iteration=8543, ncalls=82976, regioncalls=3153840, ndraw=40, logz=-390.04, remainder_fraction=100.0000%, Lmin=-379.31, Lmax=-19.30
10:37:50 [ultranest] [DEBUG] iteration=8544, ncalls=82992, regioncalls=3154480, ndraw=40, logz=-389.91, remainder_fraction=100.0000%, Lmin=-379.28, Lmax=-19.30
10:37:50 [ultranest] [DEBUG] iteration=8545, ncalls=83004, regioncalls=3154960, ndraw=40, logz=-389.80, remainder_fraction=100.0000%, Lmin=-379.06, Lmax=-19.30
10:37:51 [ultranest] [DEBUG] iteration=8548, ncalls=83051, regioncalls=3156960, ndraw=40, logz=-389.44, remainder_fraction=100.0000%, Lmin=-378.88, Lmax=-19.30
10:37:51 [ultranest] [DEBUG] iteration=8550, ncalls=83075, regioncalls=3157920, ndraw=40, logz=-389.23, remainder_fraction=100.0000%, Lmin=-378.84, Lmax=-19.30
10:37:51 [ultranest] [DEBUG] iteration=8552, ncalls=83091, regioncalls=3158560, ndraw=40, logz=-389.05, remainder_fraction=100.0000%, Lmin=-378.64, Lmax=-19.30
10:37:51 [ultranest] [DEBUG] iteration=8553, ncalls=83104, regioncalls=3159080, ndraw=40, logz=-388.95, remainder_fraction=100.0000%, Lmin=-378.63, Lmax=-19.30
10:37:52 [ultranest] [DEBUG] iteration=8555, ncalls=83143, regioncalls=3160680, ndraw=40, logz=-388.79, remainder_fraction=100.0000%, Lmin=-378.58, Lmax=-19.30
10:37:52 [ultranest] [DEBUG] iteration=8558, ncalls=83167, regioncalls=3161640, ndraw=40, logz=-388.55, remainder_fraction=100.0000%, Lmin=-377.96, Lmax=-19.30
10:37:52 [ultranest] [DEBUG] iteration=8559, ncalls=83199, regioncalls=3162920, ndraw=40, logz=-388.44, remainder_fraction=100.0000%, Lmin=-377.92, Lmax=-19.30
10:37:52 [ultranest] [DEBUG] iteration=8560, ncalls=83210, regioncalls=3163360, ndraw=40, logz=-388.33, remainder_fraction=100.0000%, Lmin=-377.85, Lmax=-19.30
10:37:52 [ultranest] [DEBUG] iteration=8562, ncalls=83226, regioncalls=3164000, ndraw=40, logz=-388.12, remainder_fraction=100.0000%, Lmin=-377.36, Lmax=-19.30
10:37:53 [ultranest] [DEBUG] iteration=8565, ncalls=83298, regioncalls=3167040, ndraw=40, logz=-387.63, remainder_fraction=100.0000%, Lmin=-376.73, Lmax=-19.30
10:37:53 [ultranest] [DEBUG] iteration=8566, ncalls=83315, regioncalls=3167720, ndraw=40, logz=-387.48, remainder_fraction=100.0000%, Lmin=-376.54, Lmax=-19.30
10:37:54 [ultranest] [DEBUG] iteration=8567, ncalls=83368, regioncalls=3169960, ndraw=40, logz=-387.33, remainder_fraction=100.0000%, Lmin=-376.41, Lmax=-19.30
10:37:54 [ultranest] [DEBUG] iteration=8570, ncalls=83416, regioncalls=3171880, ndraw=40, logz=-386.93, remainder_fraction=100.0000%, Lmin=-376.38, Lmax=-19.30
10:37:55 [ultranest] [DEBUG] iteration=8571, ncalls=83485, regioncalls=3174680, ndraw=40, logz=-386.82, remainder_fraction=100.0000%, Lmin=-376.34, Lmax=-19.30
10:37:55 [ultranest] [DEBUG] iteration=8572, ncalls=83501, regioncalls=3175400, ndraw=40, logz=-386.72, remainder_fraction=100.0000%, Lmin=-376.18, Lmax=-19.30
10:37:55 [ultranest] [DEBUG] iteration=8574, ncalls=83514, regioncalls=3175920, ndraw=40, logz=-386.51, remainder_fraction=100.0000%, Lmin=-375.95, Lmax=-19.30
10:37:56 [ultranest] [DEBUG] iteration=8576, ncalls=83571, regioncalls=3178200, ndraw=40, logz=-386.28, remainder_fraction=100.0000%, Lmin=-375.51, Lmax=-19.30
10:37:56 [ultranest] [DEBUG] iteration=8577, ncalls=83596, regioncalls=3179200, ndraw=40, logz=-386.15, remainder_fraction=100.0000%, Lmin=-375.46, Lmax=-19.30
10:37:56 [ultranest] [DEBUG] iteration=8579, ncalls=83609, regioncalls=3179720, ndraw=40, logz=-385.91, remainder_fraction=100.0000%, Lmin=-375.09, Lmax=-19.30
10:37:57 [ultranest] [DEBUG] iteration=8582, ncalls=83631, regioncalls=3180800, ndraw=40, logz=-385.52, remainder_fraction=100.0000%, Lmin=-374.92, Lmax=-19.30
10:37:58 [ultranest] [DEBUG] iteration=8585, ncalls=83740, regioncalls=3185360, ndraw=40, logz=-385.18, remainder_fraction=100.0000%, Lmin=-374.64, Lmax=-19.30
10:37:58 [ultranest] [DEBUG] iteration=8587, ncalls=83770, regioncalls=3186560, ndraw=40, logz=-384.97, remainder_fraction=100.0000%, Lmin=-374.16, Lmax=-19.30
10:37:58 [ultranest] [DEBUG] iteration=8588, ncalls=83780, regioncalls=3187000, ndraw=40, logz=-384.84, remainder_fraction=100.0000%, Lmin=-373.99, Lmax=-19.30
10:37:58 [ultranest] [DEBUG] iteration=8589, ncalls=83792, regioncalls=3187480, ndraw=40, logz=-384.70, remainder_fraction=100.0000%, Lmin=-373.84, Lmax=-19.30
10:37:59 [ultranest] [DEBUG] iteration=8592, ncalls=83829, regioncalls=3189360, ndraw=40, logz=-384.29, remainder_fraction=100.0000%, Lmin=-373.53, Lmax=-19.30
10:38:00 [ultranest] [DEBUG] iteration=8594, ncalls=83952, regioncalls=3194680, ndraw=40, logz=-384.05, remainder_fraction=100.0000%, Lmin=-373.48, Lmax=-19.30
10:38:00 [ultranest] [DEBUG] iteration=8595, ncalls=83968, regioncalls=3195360, ndraw=40, logz=-383.94, remainder_fraction=100.0000%, Lmin=-373.26, Lmax=-19.30
10:38:01 [ultranest] [DEBUG] iteration=8596, ncalls=83993, regioncalls=3196360, ndraw=40, logz=-383.82, remainder_fraction=100.0000%, Lmin=-373.08, Lmax=-19.30
10:38:01 [ultranest] [DEBUG] iteration=8597, ncalls=84003, regioncalls=3196760, ndraw=40, logz=-383.70, remainder_fraction=100.0000%, Lmin=-373.08, Lmax=-19.30
10:38:01 [ultranest] [DEBUG] iteration=8599, ncalls=84026, regioncalls=3197720, ndraw=40, logz=-383.45, remainder_fraction=100.0000%, Lmin=-372.48, Lmax=-19.30
10:38:01 [ultranest] [DEBUG] iteration=8601, ncalls=84075, regioncalls=3200000, ndraw=40, logz=-383.14, remainder_fraction=100.0000%, Lmin=-372.23, Lmax=-19.30
10:38:01 [ultranest] [DEBUG] iteration=8602, ncalls=84086, regioncalls=3200440, ndraw=40, logz=-382.99, remainder_fraction=100.0000%, Lmin=-372.09, Lmax=-19.30
10:38:02 [ultranest] [DEBUG] iteration=8605, ncalls=84137, regioncalls=3202480, ndraw=40, logz=-382.59, remainder_fraction=100.0000%, Lmin=-371.82, Lmax=-19.30
10:38:02 [ultranest] [DEBUG] iteration=8606, ncalls=84182, regioncalls=3204400, ndraw=40, logz=-382.46, remainder_fraction=100.0000%, Lmin=-371.76, Lmax=-19.30
10:38:03 [ultranest] [DEBUG] iteration=8607, ncalls=84229, regioncalls=3206920, ndraw=40, logz=-382.34, remainder_fraction=100.0000%, Lmin=-371.38, Lmax=-19.30
10:38:03 [ultranest] [DEBUG] iteration=8608, ncalls=84261, regioncalls=3208200, ndraw=40, logz=-382.19, remainder_fraction=100.0000%, Lmin=-371.25, Lmax=-19.30
10:38:04 [ultranest] [DEBUG] iteration=8609, ncalls=84290, regioncalls=3209400, ndraw=40, logz=-382.04, remainder_fraction=100.0000%, Lmin=-371.19, Lmax=-19.30
10:38:04 [ultranest] [DEBUG] iteration=8611, ncalls=84311, regioncalls=3210280, ndraw=40, logz=-381.77, remainder_fraction=100.0000%, Lmin=-371.13, Lmax=-19.30
10:38:04 [ultranest] [DEBUG] iteration=8612, ncalls=84350, regioncalls=3212160, ndraw=40, logz=-381.66, remainder_fraction=100.0000%, Lmin=-371.08, Lmax=-19.30
10:38:05 [ultranest] [DEBUG] iteration=8614, ncalls=84413, regioncalls=3214800, ndraw=40, logz=-381.45, remainder_fraction=100.0000%, Lmin=-370.96, Lmax=-19.30
10:38:05 [ultranest] [DEBUG] iteration=8615, ncalls=84424, regioncalls=3215240, ndraw=40, logz=-381.35, remainder_fraction=100.0000%, Lmin=-370.91, Lmax=-19.30
10:38:05 [ultranest] [DEBUG] iteration=8617, ncalls=84448, regioncalls=3216200, ndraw=40, logz=-381.17, remainder_fraction=100.0000%, Lmin=-370.81, Lmax=-19.30
10:38:05 [ultranest] [DEBUG] iteration=8618, ncalls=84479, regioncalls=3217520, ndraw=40, logz=-381.08, remainder_fraction=100.0000%, Lmin=-370.30, Lmax=-19.30
10:38:06 [ultranest] [DEBUG] iteration=8620, ncalls=84492, regioncalls=3218360, ndraw=40, logz=-380.83, remainder_fraction=100.0000%, Lmin=-370.05, Lmax=-19.30
10:38:06 [ultranest] [DEBUG] iteration=8621, ncalls=84522, regioncalls=3219960, ndraw=40, logz=-380.71, remainder_fraction=100.0000%, Lmin=-370.04, Lmax=-19.30
10:38:06 [ultranest] [DEBUG] iteration=8623, ncalls=84576, regioncalls=3222120, ndraw=40, logz=-380.48, remainder_fraction=100.0000%, Lmin=-369.79, Lmax=-19.30
10:38:07 [ultranest] [DEBUG] iteration=8624, ncalls=84606, regioncalls=3223320, ndraw=40, logz=-380.36, remainder_fraction=100.0000%, Lmin=-369.74, Lmax=-19.30
10:38:07 [ultranest] [DEBUG] iteration=8625, ncalls=84624, regioncalls=3224400, ndraw=40, logz=-380.25, remainder_fraction=100.0000%, Lmin=-369.65, Lmax=-19.30
10:38:07 [ultranest] [DEBUG] iteration=8626, ncalls=84646, regioncalls=3225320, ndraw=40, logz=-380.14, remainder_fraction=100.0000%, Lmin=-369.41, Lmax=-19.30
10:38:07 [ultranest] [DEBUG] iteration=8628, ncalls=84657, regioncalls=3225880, ndraw=40, logz=-379.90, remainder_fraction=100.0000%, Lmin=-369.03, Lmax=-19.30
10:38:07 [ultranest] [DEBUG] iteration=8630, ncalls=84670, regioncalls=3226400, ndraw=40, logz=-379.58, remainder_fraction=100.0000%, Lmin=-368.56, Lmax=-19.30
10:38:08 [ultranest] [DEBUG] iteration=8631, ncalls=84684, regioncalls=3226960, ndraw=40, logz=-379.42, remainder_fraction=100.0000%, Lmin=-368.53, Lmax=-19.30
10:38:08 [ultranest] [DEBUG] iteration=8633, ncalls=84694, regioncalls=3227360, ndraw=40, logz=-379.15, remainder_fraction=100.0000%, Lmin=-368.23, Lmax=-19.30
10:38:08 [ultranest] [DEBUG] iteration=8634, ncalls=84705, regioncalls=3227800, ndraw=40, logz=-379.01, remainder_fraction=100.0000%, Lmin=-368.06, Lmax=-19.30
10:38:08 [ultranest] [DEBUG] iteration=8636, ncalls=84718, regioncalls=3228320, ndraw=40, logz=-378.71, remainder_fraction=100.0000%, Lmin=-367.74, Lmax=-19.30
10:38:08 [ultranest] [DEBUG] iteration=8637, ncalls=84761, regioncalls=3230120, ndraw=40, logz=-378.56, remainder_fraction=100.0000%, Lmin=-367.54, Lmax=-19.30
10:38:09 [ultranest] [DEBUG] iteration=8639, ncalls=84789, regioncalls=3231360, ndraw=40, logz=-378.23, remainder_fraction=100.0000%, Lmin=-367.24, Lmax=-19.30
10:38:09 [ultranest] [DEBUG] iteration=8640, ncalls=84798, regioncalls=3231720, ndraw=40, logz=-378.08, remainder_fraction=100.0000%, Lmin=-367.15, Lmax=-19.30
10:38:09 [ultranest] [DEBUG] iteration=8641, ncalls=84847, regioncalls=3233840, ndraw=40, logz=-377.93, remainder_fraction=100.0000%, Lmin=-366.69, Lmax=-19.30
10:38:09 [ultranest] [DEBUG] iteration=8643, ncalls=84863, regioncalls=3234560, ndraw=40, logz=-377.57, remainder_fraction=100.0000%, Lmin=-366.37, Lmax=-19.30
10:38:10 [ultranest] [DEBUG] iteration=8644, ncalls=84909, regioncalls=3236640, ndraw=40, logz=-377.38, remainder_fraction=100.0000%, Lmin=-365.93, Lmax=-19.30
10:38:10 [ultranest] [DEBUG] iteration=8645, ncalls=84931, regioncalls=3237640, ndraw=40, logz=-377.15, remainder_fraction=100.0000%, Lmin=-365.87, Lmax=-19.30
10:38:10 [ultranest] [DEBUG] iteration=8646, ncalls=84951, regioncalls=3238600, ndraw=40, logz=-376.95, remainder_fraction=100.0000%, Lmin=-365.82, Lmax=-19.30
10:38:11 [ultranest] [DEBUG] iteration=8647, ncalls=84982, regioncalls=3239920, ndraw=40, logz=-376.77, remainder_fraction=100.0000%, Lmin=-365.68, Lmax=-19.30
10:38:11 [ultranest] [DEBUG] iteration=8649, ncalls=85014, regioncalls=3241440, ndraw=40, logz=-376.42, remainder_fraction=100.0000%, Lmin=-364.93, Lmax=-19.30
10:38:11 [ultranest] [DEBUG] iteration=8650, ncalls=85044, regioncalls=3242960, ndraw=40, logz=-376.18, remainder_fraction=100.0000%, Lmin=-364.77, Lmax=-19.30
10:38:11 [ultranest] [DEBUG] iteration=8651, ncalls=85059, regioncalls=3243560, ndraw=40, logz=-375.95, remainder_fraction=100.0000%, Lmin=-364.75, Lmax=-19.30
10:38:12 [ultranest] [DEBUG] iteration=8654, ncalls=85085, regioncalls=3244600, ndraw=40, logz=-375.39, remainder_fraction=100.0000%, Lmin=-364.25, Lmax=-19.30
10:38:12 [ultranest] [DEBUG] iteration=8655, ncalls=85095, regioncalls=3245120, ndraw=40, logz=-375.22, remainder_fraction=100.0000%, Lmin=-364.22, Lmax=-19.30
10:38:12 [ultranest] [DEBUG] iteration=8657, ncalls=85108, regioncalls=3245640, ndraw=40, logz=-374.90, remainder_fraction=100.0000%, Lmin=-363.98, Lmax=-19.30
10:38:13 [ultranest] [DEBUG] iteration=8658, ncalls=85178, regioncalls=3248600, ndraw=40, logz=-374.75, remainder_fraction=100.0000%, Lmin=-363.66, Lmax=-19.30
10:38:13 [ultranest] [DEBUG] iteration=8659, ncalls=85189, regioncalls=3249120, ndraw=40, logz=-374.59, remainder_fraction=100.0000%, Lmin=-363.60, Lmax=-19.30
10:38:13 [ultranest] [DEBUG] iteration=8660, ncalls=85200, regioncalls=3249680, ndraw=40, logz=-374.43, remainder_fraction=100.0000%, Lmin=-362.99, Lmax=-19.30
10:38:13 [ultranest] [DEBUG] iteration=8661, ncalls=85237, regioncalls=3251160, ndraw=40, logz=-374.20, remainder_fraction=100.0000%, Lmin=-362.93, Lmax=-19.30
10:38:14 [ultranest] [DEBUG] iteration=8663, ncalls=85282, regioncalls=3253160, ndraw=40, logz=-373.82, remainder_fraction=100.0000%, Lmin=-362.37, Lmax=-19.30
10:38:14 [ultranest] [DEBUG] iteration=8664, ncalls=85302, regioncalls=3253960, ndraw=40, logz=-373.59, remainder_fraction=100.0000%, Lmin=-362.33, Lmax=-19.30
10:38:14 [ultranest] [DEBUG] iteration=8665, ncalls=85336, regioncalls=3255440, ndraw=40, logz=-373.39, remainder_fraction=100.0000%, Lmin=-362.11, Lmax=-19.30
10:38:15 [ultranest] [DEBUG] iteration=8666, ncalls=85384, regioncalls=3257640, ndraw=40, logz=-373.19, remainder_fraction=100.0000%, Lmin=-361.90, Lmax=-19.30
10:38:15 [ultranest] [DEBUG] iteration=8667, ncalls=85416, regioncalls=3259480, ndraw=40, logz=-372.99, remainder_fraction=100.0000%, Lmin=-361.83, Lmax=-19.30
10:38:15 [ultranest] [DEBUG] iteration=8668, ncalls=85436, regioncalls=3260280, ndraw=40, logz=-372.81, remainder_fraction=100.0000%, Lmin=-361.79, Lmax=-19.30
10:38:15 [ultranest] [DEBUG] iteration=8670, ncalls=85446, regioncalls=3260680, ndraw=40, logz=-372.48, remainder_fraction=100.0000%, Lmin=-361.38, Lmax=-19.30
10:38:16 [ultranest] [DEBUG] iteration=8671, ncalls=85469, regioncalls=3261600, ndraw=40, logz=-372.31, remainder_fraction=100.0000%, Lmin=-361.38, Lmax=-19.30
10:38:16 [ultranest] [DEBUG] iteration=8672, ncalls=85492, regioncalls=3262520, ndraw=40, logz=-372.17, remainder_fraction=100.0000%, Lmin=-361.33, Lmax=-19.30
10:38:16 [ultranest] [DEBUG] iteration=8674, ncalls=85508, regioncalls=3263160, ndraw=40, logz=-371.92, remainder_fraction=100.0000%, Lmin=-361.22, Lmax=-19.30
10:38:16 [ultranest] [DEBUG] iteration=8677, ncalls=85553, regioncalls=3265280, ndraw=40, logz=-371.57, remainder_fraction=100.0000%, Lmin=-360.72, Lmax=-19.30
10:38:17 [ultranest] [DEBUG] iteration=8679, ncalls=85582, regioncalls=3266920, ndraw=40, logz=-371.30, remainder_fraction=100.0000%, Lmin=-360.34, Lmax=-19.30
10:38:17 [ultranest] [DEBUG] iteration=8680, ncalls=85592, regioncalls=3267400, ndraw=40, logz=-371.15, remainder_fraction=100.0000%, Lmin=-360.25, Lmax=-19.30
10:38:17 [ultranest] [DEBUG] iteration=8682, ncalls=85602, regioncalls=3267840, ndraw=40, logz=-370.89, remainder_fraction=100.0000%, Lmin=-360.18, Lmax=-19.30
10:38:17 [ultranest] [DEBUG] iteration=8684, ncalls=85620, regioncalls=3268920, ndraw=40, logz=-370.66, remainder_fraction=100.0000%, Lmin=-359.81, Lmax=-19.30
10:38:18 [ultranest] [DEBUG] iteration=8685, ncalls=85656, regioncalls=3270480, ndraw=40, logz=-370.53, remainder_fraction=100.0000%, Lmin=-359.33, Lmax=-19.30
10:38:18 [ultranest] [DEBUG] iteration=8689, ncalls=85668, regioncalls=3270960, ndraw=40, logz=-369.91, remainder_fraction=100.0000%, Lmin=-359.15, Lmax=-19.30
10:38:18 [ultranest] [DEBUG] iteration=8691, ncalls=85727, regioncalls=3273520, ndraw=40, logz=-369.66, remainder_fraction=100.0000%, Lmin=-358.92, Lmax=-19.30
10:38:19 [ultranest] [DEBUG] iteration=8692, ncalls=85756, regioncalls=3274880, ndraw=40, logz=-369.54, remainder_fraction=100.0000%, Lmin=-358.89, Lmax=-19.30
10:38:19 [ultranest] [DEBUG] iteration=8693, ncalls=85778, regioncalls=3275880, ndraw=40, logz=-369.43, remainder_fraction=100.0000%, Lmin=-358.76, Lmax=-19.30
10:38:19 [ultranest] [DEBUG] iteration=8694, ncalls=85801, regioncalls=3277280, ndraw=40, logz=-369.32, remainder_fraction=100.0000%, Lmin=-358.57, Lmax=-19.30
10:38:19 [ultranest] [DEBUG] iteration=8695, ncalls=85824, regioncalls=3278440, ndraw=40, logz=-369.20, remainder_fraction=100.0000%, Lmin=-358.56, Lmax=-19.30
10:38:20 [ultranest] [DEBUG] iteration=8697, ncalls=85881, regioncalls=3280800, ndraw=40, logz=-368.98, remainder_fraction=100.0000%, Lmin=-358.40, Lmax=-19.30
10:38:20 [ultranest] [DEBUG] iteration=8699, ncalls=85891, regioncalls=3281200, ndraw=40, logz=-368.76, remainder_fraction=100.0000%, Lmin=-358.12, Lmax=-19.30
10:38:20 [ultranest] [DEBUG] iteration=8701, ncalls=85937, regioncalls=3283120, ndraw=40, logz=-368.55, remainder_fraction=100.0000%, Lmin=-357.97, Lmax=-19.30
10:38:21 [ultranest] [DEBUG] iteration=8703, ncalls=85948, regioncalls=3283560, ndraw=40, logz=-368.31, remainder_fraction=100.0000%, Lmin=-357.49, Lmax=-19.30
10:38:21 [ultranest] [DEBUG] iteration=8704, ncalls=85961, regioncalls=3284080, ndraw=40, logz=-368.18, remainder_fraction=100.0000%, Lmin=-357.44, Lmax=-19.30
10:38:21 [ultranest] [DEBUG] iteration=8705, ncalls=86005, regioncalls=3285880, ndraw=40, logz=-368.07, remainder_fraction=100.0000%, Lmin=-357.36, Lmax=-19.30
10:38:21 [ultranest] [DEBUG] iteration=8706, ncalls=86039, regioncalls=3287240, ndraw=40, logz=-367.95, remainder_fraction=100.0000%, Lmin=-357.33, Lmax=-19.30
10:38:22 [ultranest] [DEBUG] iteration=8709, ncalls=86054, regioncalls=3287840, ndraw=40, logz=-367.64, remainder_fraction=100.0000%, Lmin=-357.11, Lmax=-19.30
10:38:22 [ultranest] [DEBUG] iteration=8711, ncalls=86064, regioncalls=3288440, ndraw=40, logz=-367.45, remainder_fraction=100.0000%, Lmin=-356.93, Lmax=-19.30
10:38:22 [ultranest] [DEBUG] iteration=8712, ncalls=86096, regioncalls=3289840, ndraw=40, logz=-367.36, remainder_fraction=100.0000%, Lmin=-356.61, Lmax=-19.30
10:38:22 [ultranest] [DEBUG] iteration=8713, ncalls=86108, regioncalls=3290320, ndraw=40, logz=-367.24, remainder_fraction=100.0000%, Lmin=-356.58, Lmax=-19.30
10:38:22 [ultranest] [DEBUG] iteration=8715, ncalls=86125, regioncalls=3291440, ndraw=40, logz=-367.02, remainder_fraction=100.0000%, Lmin=-356.29, Lmax=-19.30
10:38:23 [ultranest] [DEBUG] iteration=8716, ncalls=86166, regioncalls=3293320, ndraw=40, logz=-366.90, remainder_fraction=100.0000%, Lmin=-356.28, Lmax=-19.30
10:38:23 [ultranest] [DEBUG] iteration=8718, ncalls=86196, regioncalls=3295160, ndraw=40, logz=-366.69, remainder_fraction=100.0000%, Lmin=-355.86, Lmax=-19.30
10:38:23 [ultranest] [DEBUG] iteration=8720, ncalls=86205, regioncalls=3295880, ndraw=40, logz=-366.40, remainder_fraction=100.0000%, Lmin=-355.43, Lmax=-19.30
10:38:23 [ultranest] [DEBUG] iteration=8721, ncalls=86215, regioncalls=3296280, ndraw=40, logz=-366.26, remainder_fraction=100.0000%, Lmin=-355.33, Lmax=-19.30
10:38:23 [ultranest] [DEBUG] iteration=8722, ncalls=86226, regioncalls=3296720, ndraw=40, logz=-366.12, remainder_fraction=100.0000%, Lmin=-355.16, Lmax=-19.30
10:38:24 [ultranest] [DEBUG] iteration=8723, ncalls=86251, regioncalls=3297760, ndraw=40, logz=-365.98, remainder_fraction=100.0000%, Lmin=-354.77, Lmax=-19.30
10:38:24 [ultranest] [DEBUG] iteration=8724, ncalls=86274, regioncalls=3298800, ndraw=40, logz=-365.80, remainder_fraction=100.0000%, Lmin=-354.69, Lmax=-19.30
10:38:24 [ultranest] [DEBUG] iteration=8725, ncalls=86287, regioncalls=3299320, ndraw=40, logz=-365.63, remainder_fraction=100.0000%, Lmin=-354.40, Lmax=-19.30
10:38:24 [ultranest] [DEBUG] iteration=8727, ncalls=86304, regioncalls=3300120, ndraw=40, logz=-365.27, remainder_fraction=100.0000%, Lmin=-353.92, Lmax=-19.30
10:38:24 [ultranest] [DEBUG] iteration=8729, ncalls=86320, regioncalls=3300760, ndraw=40, logz=-364.87, remainder_fraction=100.0000%, Lmin=-353.60, Lmax=-19.30
10:38:24 [ultranest] [DEBUG] iteration=8730, ncalls=86330, regioncalls=3301160, ndraw=40, logz=-364.68, remainder_fraction=100.0000%, Lmin=-353.27, Lmax=-19.30
10:38:25 [ultranest] [DEBUG] iteration=8731, ncalls=86348, regioncalls=3301880, ndraw=40, logz=-364.46, remainder_fraction=100.0000%, Lmin=-353.27, Lmax=-19.30
10:38:25 [ultranest] [DEBUG] iteration=8732, ncalls=86369, regioncalls=3302840, ndraw=40, logz=-364.28, remainder_fraction=100.0000%, Lmin=-353.16, Lmax=-19.30
10:38:25 [ultranest] [DEBUG] iteration=8735, ncalls=86378, regioncalls=3303240, ndraw=40, logz=-363.83, remainder_fraction=100.0000%, Lmin=-352.90, Lmax=-19.30
10:38:25 [ultranest] [DEBUG] iteration=8736, ncalls=86389, regioncalls=3303680, ndraw=40, logz=-363.69, remainder_fraction=100.0000%, Lmin=-352.81, Lmax=-19.30
10:38:25 [ultranest] [DEBUG] iteration=8737, ncalls=86403, regioncalls=3304320, ndraw=40, logz=-363.56, remainder_fraction=100.0000%, Lmin=-352.76, Lmax=-19.30
10:38:25 [ultranest] [DEBUG] iteration=8739, ncalls=86415, regioncalls=3304800, ndraw=40, logz=-363.33, remainder_fraction=100.0000%, Lmin=-352.72, Lmax=-19.30
10:38:25 [ultranest] [DEBUG] iteration=8740, ncalls=86427, regioncalls=3305560, ndraw=40, logz=-363.22, remainder_fraction=100.0000%, Lmin=-352.63, Lmax=-19.30
10:38:26 [ultranest] [DEBUG] iteration=8741, ncalls=86463, regioncalls=3307200, ndraw=40, logz=-363.12, remainder_fraction=100.0000%, Lmin=-352.23, Lmax=-19.30
10:38:26 [ultranest] [DEBUG] iteration=8742, ncalls=86488, regioncalls=3308400, ndraw=40, logz=-362.99, remainder_fraction=100.0000%, Lmin=-351.94, Lmax=-19.30
10:38:26 [ultranest] [DEBUG] iteration=8743, ncalls=86499, regioncalls=3308840, ndraw=40, logz=-362.84, remainder_fraction=100.0000%, Lmin=-351.88, Lmax=-19.30
10:38:26 [ultranest] [DEBUG] iteration=8744, ncalls=86523, regioncalls=3309800, ndraw=40, logz=-362.70, remainder_fraction=100.0000%, Lmin=-351.64, Lmax=-19.30
10:38:27 [ultranest] [DEBUG] iteration=8746, ncalls=86542, regioncalls=3310560, ndraw=40, logz=-362.39, remainder_fraction=100.0000%, Lmin=-351.47, Lmax=-19.30
10:38:27 [ultranest] [DEBUG] iteration=8747, ncalls=86560, regioncalls=3311320, ndraw=40, logz=-362.25, remainder_fraction=100.0000%, Lmin=-351.47, Lmax=-19.30
10:38:27 [ultranest] [DEBUG] iteration=8749, ncalls=86572, regioncalls=3311800, ndraw=40, logz=-362.02, remainder_fraction=100.0000%, Lmin=-351.40, Lmax=-19.30
10:38:27 [ultranest] [DEBUG] iteration=8750, ncalls=86614, regioncalls=3313720, ndraw=40, logz=-361.92, remainder_fraction=100.0000%, Lmin=-351.28, Lmax=-19.30
10:38:28 [ultranest] [DEBUG] iteration=8751, ncalls=86630, regioncalls=3314520, ndraw=40, logz=-361.82, remainder_fraction=100.0000%, Lmin=-351.19, Lmax=-19.30
10:38:28 [ultranest] [DEBUG] iteration=8753, ncalls=86653, regioncalls=3315760, ndraw=40, logz=-361.61, remainder_fraction=100.0000%, Lmin=-351.10, Lmax=-19.30
10:38:28 [ultranest] [DEBUG] iteration=8754, ncalls=86666, regioncalls=3316480, ndraw=40, logz=-361.52, remainder_fraction=100.0000%, Lmin=-350.85, Lmax=-19.30
10:38:28 [ultranest] [DEBUG] iteration=8755, ncalls=86680, regioncalls=3317360, ndraw=40, logz=-361.41, remainder_fraction=100.0000%, Lmin=-350.76, Lmax=-19.30
10:38:28 [ultranest] [DEBUG] iteration=8756, ncalls=86703, regioncalls=3318680, ndraw=40, logz=-361.31, remainder_fraction=100.0000%, Lmin=-350.58, Lmax=-19.30
10:38:29 [ultranest] [DEBUG] iteration=8758, ncalls=86741, regioncalls=3320200, ndraw=40, logz=-361.08, remainder_fraction=100.0000%, Lmin=-350.40, Lmax=-19.30
10:38:29 [ultranest] [DEBUG] iteration=8760, ncalls=86762, regioncalls=3321240, ndraw=40, logz=-360.83, remainder_fraction=100.0000%, Lmin=-349.94, Lmax=-19.30
10:38:29 [ultranest] [DEBUG] iteration=8761, ncalls=86778, regioncalls=3322200, ndraw=40, logz=-360.69, remainder_fraction=100.0000%, Lmin=-349.61, Lmax=-19.30
10:38:30 [ultranest] [DEBUG] iteration=8762, ncalls=86814, regioncalls=3323720, ndraw=40, logz=-360.54, remainder_fraction=100.0000%, Lmin=-349.57, Lmax=-19.30
10:38:30 [ultranest] [DEBUG] iteration=8763, ncalls=86873, regioncalls=3326600, ndraw=40, logz=-360.40, remainder_fraction=100.0000%, Lmin=-349.55, Lmax=-19.30
10:38:30 [ultranest] [DEBUG] iteration=8764, ncalls=86892, regioncalls=3327400, ndraw=40, logz=-360.27, remainder_fraction=100.0000%, Lmin=-349.55, Lmax=-19.30
10:38:30 [ultranest] [DEBUG] iteration=8765, ncalls=86904, regioncalls=3327880, ndraw=40, logz=-360.16, remainder_fraction=100.0000%, Lmin=-349.19, Lmax=-19.30
10:38:31 [ultranest] [DEBUG] iteration=8767, ncalls=86931, regioncalls=3329280, ndraw=40, logz=-359.87, remainder_fraction=100.0000%, Lmin=-348.42, Lmax=-19.30
10:38:31 [ultranest] [DEBUG] iteration=8768, ncalls=86947, regioncalls=3330000, ndraw=40, logz=-359.65, remainder_fraction=100.0000%, Lmin=-348.28, Lmax=-19.30
10:38:31 [ultranest] [DEBUG] iteration=8770, ncalls=86971, regioncalls=3330960, ndraw=40, logz=-359.20, remainder_fraction=100.0000%, Lmin=-347.68, Lmax=-19.30
10:38:31 [ultranest] [DEBUG] iteration=8771, ncalls=86999, regioncalls=3332080, ndraw=40, logz=-358.96, remainder_fraction=100.0000%, Lmin=-347.65, Lmax=-19.30
10:38:32 [ultranest] [DEBUG] iteration=8773, ncalls=87021, regioncalls=3332960, ndraw=40, logz=-358.59, remainder_fraction=100.0000%, Lmin=-347.53, Lmax=-19.30
10:38:32 [ultranest] [DEBUG] iteration=8775, ncalls=87036, regioncalls=3333560, ndraw=40, logz=-358.28, remainder_fraction=100.0000%, Lmin=-347.32, Lmax=-19.30
10:38:32 [ultranest] [DEBUG] iteration=8776, ncalls=87086, regioncalls=3336000, ndraw=40, logz=-358.14, remainder_fraction=100.0000%, Lmin=-347.30, Lmax=-19.30
10:38:32 [ultranest] [DEBUG] iteration=8777, ncalls=87100, regioncalls=3336600, ndraw=40, logz=-358.02, remainder_fraction=100.0000%, Lmin=-347.26, Lmax=-19.30
10:38:33 [ultranest] [DEBUG] iteration=8778, ncalls=87119, regioncalls=3337520, ndraw=40, logz=-357.90, remainder_fraction=100.0000%, Lmin=-347.23, Lmax=-19.30
10:38:33 [ultranest] [DEBUG] iteration=8779, ncalls=87142, regioncalls=3338440, ndraw=40, logz=-357.80, remainder_fraction=100.0000%, Lmin=-347.01, Lmax=-19.30
10:38:33 [ultranest] [DEBUG] iteration=8780, ncalls=87186, regioncalls=3340440, ndraw=40, logz=-357.68, remainder_fraction=100.0000%, Lmin=-346.99, Lmax=-19.30
10:38:34 [ultranest] [DEBUG] iteration=8781, ncalls=87210, regioncalls=3341400, ndraw=40, logz=-357.57, remainder_fraction=100.0000%, Lmin=-346.87, Lmax=-19.30
10:38:34 [ultranest] [DEBUG] iteration=8782, ncalls=87228, regioncalls=3342120, ndraw=40, logz=-357.46, remainder_fraction=100.0000%, Lmin=-346.83, Lmax=-19.30
10:38:34 [ultranest] [DEBUG] iteration=8783, ncalls=87245, regioncalls=3342880, ndraw=40, logz=-357.36, remainder_fraction=100.0000%, Lmin=-346.53, Lmax=-19.30
10:38:34 [ultranest] [DEBUG] iteration=8784, ncalls=87261, regioncalls=3343520, ndraw=40, logz=-357.24, remainder_fraction=100.0000%, Lmin=-346.40, Lmax=-19.30
10:38:34 [ultranest] [DEBUG] iteration=8785, ncalls=87295, regioncalls=3344920, ndraw=40, logz=-357.12, remainder_fraction=100.0000%, Lmin=-346.36, Lmax=-19.30
10:38:35 [ultranest] [DEBUG] iteration=8786, ncalls=87310, regioncalls=3346000, ndraw=40, logz=-357.00, remainder_fraction=100.0000%, Lmin=-346.23, Lmax=-19.30
10:38:35 [ultranest] [DEBUG] iteration=8788, ncalls=87346, regioncalls=3347440, ndraw=40, logz=-356.78, remainder_fraction=100.0000%, Lmin=-346.14, Lmax=-19.30
10:38:35 [ultranest] [DEBUG] iteration=8789, ncalls=87374, regioncalls=3348880, ndraw=40, logz=-356.68, remainder_fraction=100.0000%, Lmin=-346.09, Lmax=-19.30
10:38:36 [ultranest] [DEBUG] iteration=8791, ncalls=87424, regioncalls=3351280, ndraw=40, logz=-356.49, remainder_fraction=100.0000%, Lmin=-345.60, Lmax=-19.30
10:38:36 [ultranest] [DEBUG] iteration=8793, ncalls=87468, regioncalls=3353040, ndraw=40, logz=-356.22, remainder_fraction=100.0000%, Lmin=-345.37, Lmax=-19.30
10:38:36 [ultranest] [DEBUG] iteration=8795, ncalls=87493, regioncalls=3354280, ndraw=40, logz=-355.97, remainder_fraction=100.0000%, Lmin=-345.22, Lmax=-19.30
10:38:37 [ultranest] [DEBUG] iteration=8796, ncalls=87503, regioncalls=3354680, ndraw=40, logz=-355.86, remainder_fraction=100.0000%, Lmin=-345.11, Lmax=-19.30
10:38:37 [ultranest] [DEBUG] iteration=8797, ncalls=87516, regioncalls=3355320, ndraw=40, logz=-355.75, remainder_fraction=100.0000%, Lmin=-345.11, Lmax=-19.30
10:38:37 [ultranest] [DEBUG] iteration=8799, ncalls=87540, regioncalls=3356480, ndraw=40, logz=-355.54, remainder_fraction=100.0000%, Lmin=-344.86, Lmax=-19.30
10:38:38 [ultranest] [DEBUG] iteration=8800, ncalls=87607, regioncalls=3359320, ndraw=40, logz=-355.44, remainder_fraction=100.0000%, Lmin=-344.59, Lmax=-19.30
10:38:38 [ultranest] [DEBUG] iteration=8802, ncalls=87649, regioncalls=3361400, ndraw=40, logz=-355.16, remainder_fraction=100.0000%, Lmin=-344.20, Lmax=-19.30
10:38:38 [ultranest] [DEBUG] iteration=8803, ncalls=87659, regioncalls=3361800, ndraw=40, logz=-355.02, remainder_fraction=100.0000%, Lmin=-343.95, Lmax=-19.30
10:38:38 [ultranest] [DEBUG] iteration=8804, ncalls=87691, regioncalls=3363080, ndraw=40, logz=-354.87, remainder_fraction=100.0000%, Lmin=-343.90, Lmax=-19.30
10:38:39 [ultranest] [DEBUG] iteration=8805, ncalls=87708, regioncalls=3363880, ndraw=40, logz=-354.73, remainder_fraction=100.0000%, Lmin=-343.85, Lmax=-19.30
10:38:39 [ultranest] [DEBUG] iteration=8806, ncalls=87719, regioncalls=3364320, ndraw=40, logz=-354.61, remainder_fraction=100.0000%, Lmin=-343.65, Lmax=-19.30
10:38:39 [ultranest] [DEBUG] iteration=8809, ncalls=87741, regioncalls=3365200, ndraw=40, logz=-354.19, remainder_fraction=100.0000%, Lmin=-343.39, Lmax=-19.30
10:38:39 [ultranest] [DEBUG] iteration=8810, ncalls=87759, regioncalls=3366120, ndraw=40, logz=-354.07, remainder_fraction=100.0000%, Lmin=-343.22, Lmax=-19.30
10:38:39 [ultranest] [DEBUG] iteration=8811, ncalls=87783, regioncalls=3367080, ndraw=40, logz=-353.95, remainder_fraction=100.0000%, Lmin=-343.16, Lmax=-19.30
10:38:40 [ultranest] [DEBUG] iteration=8812, ncalls=87811, regioncalls=3368200, ndraw=40, logz=-353.83, remainder_fraction=100.0000%, Lmin=-343.13, Lmax=-19.30
10:38:40 [ultranest] [DEBUG] iteration=8813, ncalls=87831, regioncalls=3369000, ndraw=40, logz=-353.73, remainder_fraction=100.0000%, Lmin=-342.79, Lmax=-19.30
10:38:40 [ultranest] [DEBUG] iteration=8814, ncalls=87878, regioncalls=3371320, ndraw=40, logz=-353.59, remainder_fraction=100.0000%, Lmin=-342.70, Lmax=-19.30
10:38:41 [ultranest] [DEBUG] iteration=8816, ncalls=87890, regioncalls=3371840, ndraw=40, logz=-353.34, remainder_fraction=100.0000%, Lmin=-342.57, Lmax=-19.30
10:38:41 [ultranest] [DEBUG] iteration=8818, ncalls=87907, regioncalls=3372640, ndraw=40, logz=-353.12, remainder_fraction=100.0000%, Lmin=-342.46, Lmax=-19.30
10:38:41 [ultranest] [DEBUG] iteration=8819, ncalls=87920, regioncalls=3373160, ndraw=40, logz=-353.02, remainder_fraction=100.0000%, Lmin=-342.32, Lmax=-19.30
10:38:41 [ultranest] [DEBUG] iteration=8820, ncalls=87949, regioncalls=3374320, ndraw=40, logz=-352.92, remainder_fraction=100.0000%, Lmin=-342.21, Lmax=-19.30
10:38:41 [ultranest] [DEBUG] iteration=8822, ncalls=87960, regioncalls=3374760, ndraw=40, logz=-352.71, remainder_fraction=100.0000%, Lmin=-342.11, Lmax=-19.30
10:38:42 [ultranest] [DEBUG] iteration=8824, ncalls=87987, regioncalls=3375840, ndraw=40, logz=-352.51, remainder_fraction=100.0000%, Lmin=-341.74, Lmax=-19.30
10:38:42 [ultranest] [DEBUG] iteration=8825, ncalls=88023, regioncalls=3377320, ndraw=40, logz=-352.40, remainder_fraction=100.0000%, Lmin=-341.73, Lmax=-19.30
10:38:42 [ultranest] [DEBUG] iteration=8827, ncalls=88056, regioncalls=3379280, ndraw=40, logz=-352.20, remainder_fraction=100.0000%, Lmin=-341.69, Lmax=-19.30
10:38:42 [ultranest] [DEBUG] iteration=8828, ncalls=88077, regioncalls=3380360, ndraw=40, logz=-352.11, remainder_fraction=100.0000%, Lmin=-341.61, Lmax=-19.30
10:38:43 [ultranest] [DEBUG] iteration=8831, ncalls=88136, regioncalls=3382800, ndraw=40, logz=-351.86, remainder_fraction=100.0000%, Lmin=-341.49, Lmax=-19.30
10:38:43 [ultranest] [DEBUG] iteration=8832, ncalls=88155, regioncalls=3383600, ndraw=40, logz=-351.78, remainder_fraction=100.0000%, Lmin=-341.49, Lmax=-19.30
10:38:44 [ultranest] [DEBUG] iteration=8834, ncalls=88177, regioncalls=3384480, ndraw=40, logz=-351.63, remainder_fraction=100.0000%, Lmin=-341.17, Lmax=-19.30
10:38:44 [ultranest] [DEBUG] iteration=8835, ncalls=88207, regioncalls=3385680, ndraw=40, logz=-351.55, remainder_fraction=100.0000%, Lmin=-341.12, Lmax=-19.30
10:38:44 [ultranest] [DEBUG] iteration=8837, ncalls=88221, regioncalls=3386240, ndraw=40, logz=-351.39, remainder_fraction=100.0000%, Lmin=-341.01, Lmax=-19.30
10:38:44 [ultranest] [DEBUG] iteration=8838, ncalls=88272, regioncalls=3388280, ndraw=40, logz=-351.31, remainder_fraction=100.0000%, Lmin=-340.93, Lmax=-19.30
10:38:45 [ultranest] [DEBUG] iteration=8839, ncalls=88283, regioncalls=3388720, ndraw=40, logz=-351.23, remainder_fraction=100.0000%, Lmin=-340.75, Lmax=-19.30
10:38:45 [ultranest] [DEBUG] iteration=8840, ncalls=88332, regioncalls=3391000, ndraw=40, logz=-351.15, remainder_fraction=100.0000%, Lmin=-340.65, Lmax=-19.30
10:38:45 [ultranest] [DEBUG] iteration=8842, ncalls=88344, regioncalls=3391480, ndraw=40, logz=-350.98, remainder_fraction=100.0000%, Lmin=-340.53, Lmax=-19.30
10:38:46 [ultranest] [DEBUG] iteration=8844, ncalls=88382, regioncalls=3393240, ndraw=40, logz=-350.82, remainder_fraction=100.0000%, Lmin=-340.37, Lmax=-19.30
10:38:47 [ultranest] [DEBUG] iteration=8845, ncalls=88477, regioncalls=3397080, ndraw=40, logz=-350.73, remainder_fraction=100.0000%, Lmin=-340.31, Lmax=-19.30
10:38:47 [ultranest] [DEBUG] iteration=8847, ncalls=88502, regioncalls=3398080, ndraw=40, logz=-350.57, remainder_fraction=100.0000%, Lmin=-340.22, Lmax=-19.30
10:38:47 [ultranest] [DEBUG] iteration=8849, ncalls=88526, regioncalls=3399200, ndraw=40, logz=-350.43, remainder_fraction=100.0000%, Lmin=-340.10, Lmax=-19.30
10:38:47 [ultranest] [DEBUG] iteration=8851, ncalls=88554, regioncalls=3400480, ndraw=40, logz=-350.28, remainder_fraction=100.0000%, Lmin=-339.91, Lmax=-19.30
10:38:48 [ultranest] [DEBUG] iteration=8853, ncalls=88571, regioncalls=3401160, ndraw=40, logz=-350.13, remainder_fraction=100.0000%, Lmin=-339.73, Lmax=-19.30
10:38:48 [ultranest] [DEBUG] iteration=8854, ncalls=88602, regioncalls=3402400, ndraw=40, logz=-350.05, remainder_fraction=100.0000%, Lmin=-339.64, Lmax=-19.30
10:38:48 [ultranest] [DEBUG] iteration=8855, ncalls=88616, regioncalls=3402960, ndraw=40, logz=-349.97, remainder_fraction=100.0000%, Lmin=-339.39, Lmax=-19.30
10:38:48 [ultranest] [DEBUG] iteration=8856, ncalls=88642, regioncalls=3404120, ndraw=40, logz=-349.88, remainder_fraction=100.0000%, Lmin=-339.21, Lmax=-19.30
10:38:49 [ultranest] [DEBUG] iteration=8857, ncalls=88677, regioncalls=3405720, ndraw=40, logz=-349.78, remainder_fraction=100.0000%, Lmin=-339.08, Lmax=-19.30
10:38:49 [ultranest] [DEBUG] iteration=8858, ncalls=88728, regioncalls=3407760, ndraw=40, logz=-349.67, remainder_fraction=100.0000%, Lmin=-338.85, Lmax=-19.30
10:38:49 [ultranest] [DEBUG] iteration=8859, ncalls=88748, regioncalls=3408560, ndraw=40, logz=-349.56, remainder_fraction=100.0000%, Lmin=-338.31, Lmax=-19.30
10:38:49 [ultranest] [DEBUG] iteration=8860, ncalls=88764, regioncalls=3409200, ndraw=40, logz=-349.38, remainder_fraction=100.0000%, Lmin=-338.29, Lmax=-19.30
10:38:50 [ultranest] [DEBUG] iteration=8861, ncalls=88808, regioncalls=3410960, ndraw=40, logz=-349.23, remainder_fraction=100.0000%, Lmin=-338.06, Lmax=-19.30
10:38:50 [ultranest] [DEBUG] iteration=8863, ncalls=88820, regioncalls=3411560, ndraw=40, logz=-348.93, remainder_fraction=100.0000%, Lmin=-338.00, Lmax=-19.30
10:38:51 [ultranest] [DEBUG] iteration=8865, ncalls=88834, regioncalls=3412120, ndraw=40, logz=-348.68, remainder_fraction=100.0000%, Lmin=-337.84, Lmax=-19.30
10:38:51 [ultranest] [DEBUG] iteration=8866, ncalls=88868, regioncalls=3414040, ndraw=40, logz=-348.56, remainder_fraction=100.0000%, Lmin=-337.81, Lmax=-19.30
10:38:51 [ultranest] [DEBUG] iteration=8867, ncalls=88891, regioncalls=3415480, ndraw=40, logz=-348.45, remainder_fraction=100.0000%, Lmin=-337.65, Lmax=-19.30
10:38:52 [ultranest] [DEBUG] iteration=8868, ncalls=88979, regioncalls=3419120, ndraw=40, logz=-348.34, remainder_fraction=100.0000%, Lmin=-337.45, Lmax=-19.30
10:38:52 [ultranest] [DEBUG] iteration=8869, ncalls=88999, regioncalls=3420000, ndraw=40, logz=-348.22, remainder_fraction=100.0000%, Lmin=-337.34, Lmax=-19.30
10:38:52 [ultranest] [DEBUG] iteration=8870, ncalls=89026, regioncalls=3421160, ndraw=40, logz=-348.09, remainder_fraction=100.0000%, Lmin=-337.28, Lmax=-19.30
10:38:53 [ultranest] [DEBUG] iteration=8871, ncalls=89053, regioncalls=3422280, ndraw=40, logz=-347.98, remainder_fraction=100.0000%, Lmin=-337.07, Lmax=-19.30
10:38:53 [ultranest] [DEBUG] iteration=8872, ncalls=89070, regioncalls=3423000, ndraw=40, logz=-347.86, remainder_fraction=100.0000%, Lmin=-337.01, Lmax=-19.30
10:38:53 [ultranest] [DEBUG] iteration=8874, ncalls=89090, regioncalls=3424000, ndraw=40, logz=-347.63, remainder_fraction=100.0000%, Lmin=-336.92, Lmax=-19.30
10:38:54 [ultranest] [DEBUG] iteration=8875, ncalls=89136, regioncalls=3426040, ndraw=40, logz=-347.52, remainder_fraction=100.0000%, Lmin=-336.68, Lmax=-19.30
10:38:54 [ultranest] [DEBUG] iteration=8876, ncalls=89182, regioncalls=3428040, ndraw=40, logz=-347.41, remainder_fraction=100.0000%, Lmin=-336.58, Lmax=-19.30
10:38:54 [ultranest] [DEBUG] iteration=8877, ncalls=89193, regioncalls=3428520, ndraw=40, logz=-347.29, remainder_fraction=100.0000%, Lmin=-336.57, Lmax=-19.30
10:38:54 [ultranest] [DEBUG] iteration=8878, ncalls=89211, regioncalls=3429240, ndraw=40, logz=-347.19, remainder_fraction=100.0000%, Lmin=-336.36, Lmax=-19.30
10:38:54 [ultranest] [DEBUG] iteration=8879, ncalls=89221, regioncalls=3429680, ndraw=40, logz=-347.07, remainder_fraction=100.0000%, Lmin=-336.17, Lmax=-19.30
10:38:55 [ultranest] [DEBUG] iteration=8880, ncalls=89246, regioncalls=3430680, ndraw=40, logz=-346.95, remainder_fraction=100.0000%, Lmin=-336.11, Lmax=-19.30
10:38:55 [ultranest] [DEBUG] iteration=8882, ncalls=89261, regioncalls=3431280, ndraw=40, logz=-346.72, remainder_fraction=100.0000%, Lmin=-335.93, Lmax=-19.30
10:38:55 [ultranest] [DEBUG] iteration=8883, ncalls=89283, regioncalls=3432160, ndraw=40, logz=-346.61, remainder_fraction=100.0000%, Lmin=-335.70, Lmax=-19.30
10:38:55 [ultranest] [DEBUG] iteration=8885, ncalls=89312, regioncalls=3433320, ndraw=40, logz=-346.37, remainder_fraction=100.0000%, Lmin=-335.58, Lmax=-19.30
10:38:56 [ultranest] [DEBUG] iteration=8886, ncalls=89325, regioncalls=3433840, ndraw=40, logz=-346.26, remainder_fraction=100.0000%, Lmin=-335.42, Lmax=-19.30
10:38:56 [ultranest] [DEBUG] iteration=8888, ncalls=89345, regioncalls=3434640, ndraw=40, logz=-346.04, remainder_fraction=100.0000%, Lmin=-334.94, Lmax=-19.30
10:38:56 [ultranest] [DEBUG] iteration=8889, ncalls=89355, regioncalls=3435040, ndraw=40, logz=-345.89, remainder_fraction=100.0000%, Lmin=-334.93, Lmax=-19.30
10:38:56 [ultranest] [DEBUG] iteration=8890, ncalls=89405, regioncalls=3437120, ndraw=40, logz=-345.76, remainder_fraction=100.0000%, Lmin=-334.73, Lmax=-19.30
10:38:57 [ultranest] [DEBUG] iteration=8891, ncalls=89460, regioncalls=3439560, ndraw=40, logz=-345.62, remainder_fraction=100.0000%, Lmin=-334.63, Lmax=-19.30
10:38:57 [ultranest] [DEBUG] iteration=8893, ncalls=89481, regioncalls=3440440, ndraw=40, logz=-345.37, remainder_fraction=100.0000%, Lmin=-334.52, Lmax=-19.30
10:38:57 [ultranest] [DEBUG] iteration=8894, ncalls=89495, regioncalls=3441080, ndraw=40, logz=-345.25, remainder_fraction=100.0000%, Lmin=-334.34, Lmax=-19.30
10:38:58 [ultranest] [DEBUG] iteration=8895, ncalls=89544, regioncalls=3443640, ndraw=40, logz=-345.13, remainder_fraction=100.0000%, Lmin=-334.18, Lmax=-19.30
10:38:58 [ultranest] [DEBUG] iteration=8896, ncalls=89563, regioncalls=3444440, ndraw=40, logz=-345.00, remainder_fraction=100.0000%, Lmin=-334.11, Lmax=-19.30
10:38:58 [ultranest] [DEBUG] iteration=8897, ncalls=89579, regioncalls=3445400, ndraw=40, logz=-344.88, remainder_fraction=100.0000%, Lmin=-334.02, Lmax=-19.30
10:38:59 [ultranest] [DEBUG] iteration=8899, ncalls=89652, regioncalls=3448960, ndraw=40, logz=-344.64, remainder_fraction=100.0000%, Lmin=-333.74, Lmax=-19.30
10:38:59 [ultranest] [DEBUG] iteration=8901, ncalls=89663, regioncalls=3449440, ndraw=40, logz=-344.40, remainder_fraction=100.0000%, Lmin=-333.62, Lmax=-19.30
10:38:59 [ultranest] [DEBUG] iteration=8902, ncalls=89699, regioncalls=3451080, ndraw=40, logz=-344.29, remainder_fraction=100.0000%, Lmin=-333.60, Lmax=-19.30
10:39:00 [ultranest] [DEBUG] iteration=8904, ncalls=89726, regioncalls=3452160, ndraw=40, logz=-344.09, remainder_fraction=100.0000%, Lmin=-333.46, Lmax=-19.30
10:39:00 [ultranest] [DEBUG] iteration=8905, ncalls=89737, regioncalls=3452720, ndraw=40, logz=-344.00, remainder_fraction=100.0000%, Lmin=-333.46, Lmax=-19.30
10:39:00 [ultranest] [DEBUG] iteration=8908, ncalls=89763, regioncalls=3453800, ndraw=40, logz=-343.75, remainder_fraction=100.0000%, Lmin=-332.84, Lmax=-19.30
10:39:00 [ultranest] [DEBUG] iteration=8910, ncalls=89778, regioncalls=3454560, ndraw=40, logz=-343.49, remainder_fraction=100.0000%, Lmin=-332.52, Lmax=-19.30
10:39:00 [ultranest] [DEBUG] iteration=8911, ncalls=89793, regioncalls=3455240, ndraw=40, logz=-343.36, remainder_fraction=100.0000%, Lmin=-332.51, Lmax=-19.30
10:39:01 [ultranest] [DEBUG] iteration=8912, ncalls=89863, regioncalls=3458160, ndraw=40, logz=-343.24, remainder_fraction=100.0000%, Lmin=-332.41, Lmax=-19.30
10:39:02 [ultranest] [DEBUG] iteration=8914, ncalls=89913, regioncalls=3460360, ndraw=40, logz=-343.01, remainder_fraction=100.0000%, Lmin=-332.21, Lmax=-19.30
10:39:02 [ultranest] [DEBUG] iteration=8915, ncalls=89936, regioncalls=3461640, ndraw=40, logz=-342.90, remainder_fraction=100.0000%, Lmin=-331.96, Lmax=-19.30
10:39:02 [ultranest] [DEBUG] iteration=8916, ncalls=89952, regioncalls=3462280, ndraw=40, logz=-342.77, remainder_fraction=100.0000%, Lmin=-331.77, Lmax=-19.30
10:39:02 [ultranest] [DEBUG] iteration=8917, ncalls=89963, regioncalls=3462760, ndraw=40, logz=-342.64, remainder_fraction=100.0000%, Lmin=-331.71, Lmax=-19.30
10:39:02 [ultranest] [DEBUG] iteration=8918, ncalls=89984, regioncalls=3463680, ndraw=40, logz=-342.51, remainder_fraction=100.0000%, Lmin=-331.69, Lmax=-19.30
10:39:03 [ultranest] [DEBUG] iteration=8919, ncalls=90024, regioncalls=3465400, ndraw=40, logz=-342.40, remainder_fraction=100.0000%, Lmin=-331.63, Lmax=-19.30
10:39:04 [ultranest] [DEBUG] iteration=8920, ncalls=90119, regioncalls=3469800, ndraw=40, logz=-342.29, remainder_fraction=100.0000%, Lmin=-331.59, Lmax=-19.30
10:39:04 [ultranest] [DEBUG] iteration=8921, ncalls=90136, regioncalls=3470560, ndraw=40, logz=-342.19, remainder_fraction=100.0000%, Lmin=-331.39, Lmax=-19.30
10:39:04 [ultranest] [DEBUG] iteration=8922, ncalls=90156, regioncalls=3471360, ndraw=40, logz=-342.08, remainder_fraction=100.0000%, Lmin=-331.31, Lmax=-19.30
10:39:05 [ultranest] [DEBUG] iteration=8925, ncalls=90214, regioncalls=3473840, ndraw=40, logz=-341.75, remainder_fraction=100.0000%, Lmin=-330.86, Lmax=-19.30
10:39:05 [ultranest] [DEBUG] iteration=8927, ncalls=90264, regioncalls=3476520, ndraw=40, logz=-341.51, remainder_fraction=100.0000%, Lmin=-330.52, Lmax=-19.30
10:39:05 [ultranest] [DEBUG] iteration=8928, ncalls=90274, regioncalls=3476920, ndraw=40, logz=-341.38, remainder_fraction=100.0000%, Lmin=-330.51, Lmax=-19.30
10:39:06 [ultranest] [DEBUG] iteration=8930, ncalls=90320, regioncalls=3479680, ndraw=40, logz=-341.16, remainder_fraction=100.0000%, Lmin=-330.47, Lmax=-19.30
10:39:06 [ultranest] [DEBUG] iteration=8931, ncalls=90377, regioncalls=3482120, ndraw=40, logz=-341.06, remainder_fraction=100.0000%, Lmin=-330.36, Lmax=-19.30
10:39:06 [ultranest] [DEBUG] iteration=8932, ncalls=90389, regioncalls=3482600, ndraw=40, logz=-340.96, remainder_fraction=100.0000%, Lmin=-330.13, Lmax=-19.30
10:39:07 [ultranest] [DEBUG] iteration=8933, ncalls=90410, regioncalls=3483440, ndraw=40, logz=-340.85, remainder_fraction=100.0000%, Lmin=-330.06, Lmax=-19.30
10:39:07 [ultranest] [DEBUG] iteration=8935, ncalls=90426, regioncalls=3484080, ndraw=40, logz=-340.64, remainder_fraction=100.0000%, Lmin=-329.88, Lmax=-19.30
10:39:07 [ultranest] [DEBUG] iteration=8936, ncalls=90455, regioncalls=3485320, ndraw=40, logz=-340.54, remainder_fraction=100.0000%, Lmin=-329.87, Lmax=-19.30
10:39:07 [ultranest] [DEBUG] iteration=8937, ncalls=90478, regioncalls=3486240, ndraw=40, logz=-340.44, remainder_fraction=100.0000%, Lmin=-329.63, Lmax=-19.30
10:39:07 [ultranest] [DEBUG] iteration=8938, ncalls=90493, regioncalls=3487000, ndraw=40, logz=-340.33, remainder_fraction=100.0000%, Lmin=-329.52, Lmax=-19.30
10:39:08 [ultranest] [DEBUG] iteration=8939, ncalls=90510, regioncalls=3487680, ndraw=40, logz=-340.22, remainder_fraction=100.0000%, Lmin=-329.47, Lmax=-19.30
10:39:08 [ultranest] [DEBUG] iteration=8940, ncalls=90556, regioncalls=3489680, ndraw=40, logz=-340.12, remainder_fraction=100.0000%, Lmin=-329.34, Lmax=-19.30
10:39:08 [ultranest] [DEBUG] iteration=8941, ncalls=90571, regioncalls=3490280, ndraw=40, logz=-340.01, remainder_fraction=100.0000%, Lmin=-329.26, Lmax=-19.30
10:39:08 [ultranest] [DEBUG] iteration=8943, ncalls=90589, regioncalls=3491000, ndraw=40, logz=-339.81, remainder_fraction=100.0000%, Lmin=-329.17, Lmax=-19.30
10:39:09 [ultranest] [DEBUG] iteration=8944, ncalls=90607, regioncalls=3491720, ndraw=40, logz=-339.72, remainder_fraction=100.0000%, Lmin=-329.11, Lmax=-19.30
10:39:09 [ultranest] [DEBUG] iteration=8945, ncalls=90653, regioncalls=3493760, ndraw=40, logz=-339.63, remainder_fraction=100.0000%, Lmin=-329.05, Lmax=-19.30
10:39:09 [ultranest] [DEBUG] iteration=8946, ncalls=90672, regioncalls=3494520, ndraw=40, logz=-339.54, remainder_fraction=100.0000%, Lmin=-329.00, Lmax=-19.30
10:39:09 [ultranest] [DEBUG] iteration=8947, ncalls=90683, regioncalls=3494960, ndraw=40, logz=-339.45, remainder_fraction=100.0000%, Lmin=-328.95, Lmax=-19.30
10:39:10 [ultranest] [DEBUG] iteration=8948, ncalls=90704, regioncalls=3495800, ndraw=40, logz=-339.37, remainder_fraction=100.0000%, Lmin=-328.93, Lmax=-19.30
10:39:10 [ultranest] [DEBUG] iteration=8950, ncalls=90740, regioncalls=3497400, ndraw=40, logz=-339.22, remainder_fraction=100.0000%, Lmin=-328.81, Lmax=-19.30
10:39:10 [ultranest] [DEBUG] iteration=8951, ncalls=90752, regioncalls=3497880, ndraw=40, logz=-339.14, remainder_fraction=100.0000%, Lmin=-328.69, Lmax=-19.30
10:39:11 [ultranest] [DEBUG] iteration=8953, ncalls=90772, regioncalls=3498680, ndraw=40, logz=-338.99, remainder_fraction=100.0000%, Lmin=-328.46, Lmax=-19.30
10:39:11 [ultranest] [DEBUG] iteration=8954, ncalls=90801, regioncalls=3500320, ndraw=40, logz=-338.90, remainder_fraction=100.0000%, Lmin=-328.38, Lmax=-19.30
10:39:11 [ultranest] [DEBUG] iteration=8956, ncalls=90825, regioncalls=3501400, ndraw=40, logz=-338.74, remainder_fraction=100.0000%, Lmin=-328.05, Lmax=-19.30
10:39:11 [ultranest] [DEBUG] iteration=8957, ncalls=90861, regioncalls=3503040, ndraw=40, logz=-338.64, remainder_fraction=100.0000%, Lmin=-328.04, Lmax=-19.30
10:39:12 [ultranest] [DEBUG] iteration=8959, ncalls=90909, regioncalls=3505360, ndraw=40, logz=-338.46, remainder_fraction=100.0000%, Lmin=-327.88, Lmax=-19.30
10:39:12 [ultranest] [DEBUG] iteration=8960, ncalls=90911, regioncalls=3505440, ndraw=40, logz=-338.37, remainder_fraction=100.0000%, Lmin=-327.84, Lmax=-19.30
10:39:12 [ultranest] [DEBUG] iteration=8962, ncalls=90940, regioncalls=3507520, ndraw=40, logz=-338.21, remainder_fraction=100.0000%, Lmin=-327.61, Lmax=-19.30
10:39:13 [ultranest] [DEBUG] iteration=8965, ncalls=90964, regioncalls=3509160, ndraw=40, logz=-337.93, remainder_fraction=100.0000%, Lmin=-327.30, Lmax=-19.30
10:39:13 [ultranest] [DEBUG] iteration=8966, ncalls=90978, regioncalls=3509720, ndraw=40, logz=-337.84, remainder_fraction=100.0000%, Lmin=-327.13, Lmax=-19.30
10:39:13 [ultranest] [DEBUG] iteration=8967, ncalls=90989, regioncalls=3510160, ndraw=40, logz=-337.74, remainder_fraction=100.0000%, Lmin=-327.00, Lmax=-19.30
10:39:13 [ultranest] [DEBUG] iteration=8968, ncalls=91012, regioncalls=3511360, ndraw=40, logz=-337.64, remainder_fraction=100.0000%, Lmin=-327.00, Lmax=-19.30
10:39:14 [ultranest] [DEBUG] iteration=8969, ncalls=91080, regioncalls=3514560, ndraw=40, logz=-337.55, remainder_fraction=100.0000%, Lmin=-326.78, Lmax=-19.30
10:39:14 [ultranest] [DEBUG] iteration=8970, ncalls=91099, regioncalls=3515440, ndraw=40, logz=-337.45, remainder_fraction=100.0000%, Lmin=-326.77, Lmax=-19.30
10:39:14 [ultranest] [DEBUG] iteration=8972, ncalls=91111, regioncalls=3516120, ndraw=40, logz=-337.26, remainder_fraction=100.0000%, Lmin=-326.67, Lmax=-19.30
10:39:14 [ultranest] [DEBUG] iteration=8973, ncalls=91150, regioncalls=3518200, ndraw=40, logz=-337.17, remainder_fraction=100.0000%, Lmin=-326.55, Lmax=-19.30
10:39:15 [ultranest] [DEBUG] iteration=8974, ncalls=91174, regioncalls=3519160, ndraw=40, logz=-337.08, remainder_fraction=100.0000%, Lmin=-326.50, Lmax=-19.30
10:39:15 [ultranest] [DEBUG] iteration=8977, ncalls=91191, regioncalls=3519920, ndraw=40, logz=-336.83, remainder_fraction=100.0000%, Lmin=-326.34, Lmax=-19.30
10:39:15 [ultranest] [DEBUG] iteration=8978, ncalls=91205, regioncalls=3520600, ndraw=40, logz=-336.75, remainder_fraction=100.0000%, Lmin=-326.32, Lmax=-19.30
10:39:16 [ultranest] [DEBUG] iteration=8979, ncalls=91254, regioncalls=3522880, ndraw=40, logz=-336.67, remainder_fraction=100.0000%, Lmin=-326.27, Lmax=-19.30
10:39:16 [ultranest] [DEBUG] iteration=8980, ncalls=91286, regioncalls=3524440, ndraw=40, logz=-336.60, remainder_fraction=100.0000%, Lmin=-326.21, Lmax=-19.30
10:39:16 [ultranest] [DEBUG] iteration=8982, ncalls=91303, regioncalls=3525160, ndraw=40, logz=-336.45, remainder_fraction=100.0000%, Lmin=-325.96, Lmax=-19.30
10:39:17 [ultranest] [DEBUG] iteration=8983, ncalls=91359, regioncalls=3527400, ndraw=40, logz=-336.37, remainder_fraction=100.0000%, Lmin=-325.92, Lmax=-19.30
10:39:18 [ultranest] [DEBUG] iteration=8985, ncalls=91456, regioncalls=3531520, ndraw=40, logz=-336.22, remainder_fraction=100.0000%, Lmin=-325.75, Lmax=-19.30
10:39:18 [ultranest] [DEBUG] iteration=8986, ncalls=91475, regioncalls=3532280, ndraw=40, logz=-336.14, remainder_fraction=100.0000%, Lmin=-325.59, Lmax=-19.30
10:39:18 [ultranest] [DEBUG] iteration=8987, ncalls=91489, regioncalls=3532840, ndraw=40, logz=-336.06, remainder_fraction=100.0000%, Lmin=-325.58, Lmax=-19.30
10:39:18 [ultranest] [DEBUG] iteration=8988, ncalls=91526, regioncalls=3534480, ndraw=40, logz=-335.98, remainder_fraction=100.0000%, Lmin=-325.52, Lmax=-19.30
10:39:18 [ultranest] [DEBUG] iteration=8989, ncalls=91542, regioncalls=3535120, ndraw=40, logz=-335.90, remainder_fraction=100.0000%, Lmin=-325.39, Lmax=-19.30
10:39:19 [ultranest] [DEBUG] iteration=8991, ncalls=91577, regioncalls=3536520, ndraw=40, logz=-335.75, remainder_fraction=100.0000%, Lmin=-325.33, Lmax=-19.30
10:39:19 [ultranest] [DEBUG] iteration=8992, ncalls=91588, regioncalls=3536960, ndraw=40, logz=-335.68, remainder_fraction=100.0000%, Lmin=-325.23, Lmax=-19.30
10:39:19 [ultranest] [DEBUG] iteration=8993, ncalls=91602, regioncalls=3537520, ndraw=40, logz=-335.60, remainder_fraction=100.0000%, Lmin=-325.21, Lmax=-19.30
10:39:19 [ultranest] [DEBUG] iteration=8996, ncalls=91616, regioncalls=3538160, ndraw=40, logz=-335.39, remainder_fraction=100.0000%, Lmin=-325.00, Lmax=-19.30
10:39:19 [ultranest] [DEBUG] iteration=8997, ncalls=91628, regioncalls=3538640, ndraw=40, logz=-335.32, remainder_fraction=100.0000%, Lmin=-324.99, Lmax=-19.30
10:39:20 [ultranest] [DEBUG] iteration=8998, ncalls=91662, regioncalls=3540600, ndraw=40, logz=-335.25, remainder_fraction=100.0000%, Lmin=-324.94, Lmax=-19.30
10:39:20 [ultranest] [DEBUG] iteration=8999, ncalls=91727, regioncalls=3544000, ndraw=40, logz=-335.19, remainder_fraction=100.0000%, Lmin=-324.91, Lmax=-19.30
10:39:21 [ultranest] [DEBUG] iteration=9000, ncalls=91760, regioncalls=3545440, ndraw=40, logz=-335.12, remainder_fraction=100.0000%, Lmin=-324.63, Lmax=-19.30
10:39:21 [ultranest] [DEBUG] iteration=9002, ncalls=91773, regioncalls=3546280, ndraw=40, logz=-334.96, remainder_fraction=100.0000%, Lmin=-324.38, Lmax=-19.30
10:39:21 [ultranest] [DEBUG] iteration=9005, ncalls=91808, regioncalls=3547720, ndraw=40, logz=-334.68, remainder_fraction=100.0000%, Lmin=-323.67, Lmax=-19.30
10:39:22 [ultranest] [DEBUG] iteration=9006, ncalls=91882, regioncalls=3551440, ndraw=40, logz=-334.55, remainder_fraction=100.0000%, Lmin=-323.65, Lmax=-19.30
10:39:22 [ultranest] [DEBUG] iteration=9007, ncalls=91932, regioncalls=3554080, ndraw=40, logz=-334.44, remainder_fraction=100.0000%, Lmin=-323.64, Lmax=-19.30
10:39:23 [ultranest] [DEBUG] iteration=9008, ncalls=91957, regioncalls=3555400, ndraw=40, logz=-334.33, remainder_fraction=100.0000%, Lmin=-323.55, Lmax=-19.30
10:39:23 [ultranest] [DEBUG] iteration=9009, ncalls=91976, regioncalls=3556200, ndraw=40, logz=-334.23, remainder_fraction=100.0000%, Lmin=-323.53, Lmax=-19.30
10:39:23 [ultranest] [DEBUG] iteration=9010, ncalls=91995, regioncalls=3557200, ndraw=40, logz=-334.14, remainder_fraction=100.0000%, Lmin=-323.53, Lmax=-19.30
10:39:23 [ultranest] [DEBUG] iteration=9013, ncalls=92018, regioncalls=3558280, ndraw=40, logz=-333.81, remainder_fraction=100.0000%, Lmin=-322.94, Lmax=-19.30
10:39:24 [ultranest] [DEBUG] iteration=9014, ncalls=92070, regioncalls=3560360, ndraw=40, logz=-333.70, remainder_fraction=100.0000%, Lmin=-322.41, Lmax=-19.30
10:39:24 [ultranest] [DEBUG] iteration=9016, ncalls=92081, regioncalls=3560840, ndraw=40, logz=-333.36, remainder_fraction=100.0000%, Lmin=-322.18, Lmax=-19.30
10:39:24 [ultranest] [DEBUG] iteration=9017, ncalls=92093, regioncalls=3561760, ndraw=40, logz=-333.21, remainder_fraction=100.0000%, Lmin=-321.96, Lmax=-19.30
10:39:24 [ultranest] [DEBUG] iteration=9018, ncalls=92104, regioncalls=3562320, ndraw=40, logz=-333.05, remainder_fraction=100.0000%, Lmin=-321.77, Lmax=-19.30
10:39:24 [ultranest] [DEBUG] iteration=9019, ncalls=92118, regioncalls=3563000, ndraw=40, logz=-332.89, remainder_fraction=100.0000%, Lmin=-321.68, Lmax=-19.30
10:39:25 [ultranest] [DEBUG] iteration=9020, ncalls=92129, regioncalls=3563640, ndraw=40, logz=-332.74, remainder_fraction=100.0000%, Lmin=-321.26, Lmax=-19.30
10:39:25 [ultranest] [DEBUG] iteration=9021, ncalls=92190, regioncalls=3566240, ndraw=40, logz=-332.54, remainder_fraction=100.0000%, Lmin=-321.16, Lmax=-19.30
10:39:26 [ultranest] [DEBUG] iteration=9022, ncalls=92236, regioncalls=3568400, ndraw=40, logz=-332.37, remainder_fraction=100.0000%, Lmin=-321.15, Lmax=-19.30
10:39:26 [ultranest] [DEBUG] iteration=9024, ncalls=92249, regioncalls=3568920, ndraw=40, logz=-332.08, remainder_fraction=100.0000%, Lmin=-321.05, Lmax=-19.30
10:39:26 [ultranest] [DEBUG] iteration=9026, ncalls=92273, regioncalls=3569920, ndraw=40, logz=-331.83, remainder_fraction=100.0000%, Lmin=-320.56, Lmax=-19.30
10:39:26 [ultranest] [DEBUG] iteration=9029, ncalls=92295, regioncalls=3570800, ndraw=40, logz=-331.40, remainder_fraction=100.0000%, Lmin=-320.49, Lmax=-19.30
10:39:27 [ultranest] [DEBUG] iteration=9030, ncalls=92381, regioncalls=3575120, ndraw=40, logz=-331.28, remainder_fraction=100.0000%, Lmin=-320.47, Lmax=-19.30
10:39:27 [ultranest] [DEBUG] iteration=9031, ncalls=92394, regioncalls=3575640, ndraw=40, logz=-331.18, remainder_fraction=100.0000%, Lmin=-320.27, Lmax=-19.30
10:39:27 [ultranest] [DEBUG] iteration=9032, ncalls=92404, regioncalls=3576080, ndraw=40, logz=-331.07, remainder_fraction=100.0000%, Lmin=-320.08, Lmax=-19.30
10:39:27 [ultranest] [DEBUG] iteration=9033, ncalls=92421, regioncalls=3577000, ndraw=40, logz=-330.94, remainder_fraction=100.0000%, Lmin=-320.04, Lmax=-19.30
10:39:28 [ultranest] [DEBUG] iteration=9036, ncalls=92435, regioncalls=3577560, ndraw=40, logz=-330.55, remainder_fraction=100.0000%, Lmin=-319.52, Lmax=-19.30
10:39:29 [ultranest] [DEBUG] iteration=9038, ncalls=92550, regioncalls=3582920, ndraw=40, logz=-330.31, remainder_fraction=100.0000%, Lmin=-319.49, Lmax=-19.30
10:39:29 [ultranest] [DEBUG] iteration=9039, ncalls=92563, regioncalls=3583480, ndraw=40, logz=-330.20, remainder_fraction=100.0000%, Lmin=-319.28, Lmax=-19.30
10:39:30 [ultranest] [DEBUG] iteration=9040, ncalls=92638, regioncalls=3586720, ndraw=40, logz=-330.09, remainder_fraction=100.0000%, Lmin=-319.26, Lmax=-19.30
10:39:30 [ultranest] [DEBUG] iteration=9041, ncalls=92677, regioncalls=3588280, ndraw=40, logz=-329.98, remainder_fraction=100.0000%, Lmin=-319.20, Lmax=-19.30
10:39:30 [ultranest] [DEBUG] iteration=9042, ncalls=92703, regioncalls=3589320, ndraw=40, logz=-329.88, remainder_fraction=100.0000%, Lmin=-319.11, Lmax=-19.30
10:39:31 [ultranest] [DEBUG] iteration=9043, ncalls=92789, regioncalls=3593680, ndraw=40, logz=-329.78, remainder_fraction=100.0000%, Lmin=-319.03, Lmax=-19.30
10:39:31 [ultranest] [DEBUG] iteration=9044, ncalls=92802, regioncalls=3594200, ndraw=40, logz=-329.69, remainder_fraction=100.0000%, Lmin=-319.02, Lmax=-19.30
10:39:32 [ultranest] [DEBUG] iteration=9046, ncalls=92837, regioncalls=3595600, ndraw=40, logz=-329.50, remainder_fraction=100.0000%, Lmin=-318.90, Lmax=-19.30
10:39:32 [ultranest] [DEBUG] iteration=9049, ncalls=92866, regioncalls=3597160, ndraw=40, logz=-329.25, remainder_fraction=100.0000%, Lmin=-318.60, Lmax=-19.30
10:39:32 [ultranest] [DEBUG] iteration=9050, ncalls=92897, regioncalls=3598400, ndraw=40, logz=-329.16, remainder_fraction=100.0000%, Lmin=-318.59, Lmax=-19.30
10:39:32 [ultranest] [DEBUG] iteration=9053, ncalls=92908, regioncalls=3598840, ndraw=40, logz=-328.88, remainder_fraction=100.0000%, Lmin=-318.21, Lmax=-19.30
10:39:33 [ultranest] [DEBUG] iteration=9055, ncalls=92946, regioncalls=3600440, ndraw=40, logz=-328.70, remainder_fraction=100.0000%, Lmin=-318.05, Lmax=-19.30
10:39:33 [ultranest] [DEBUG] iteration=9056, ncalls=92993, regioncalls=3602400, ndraw=40, logz=-328.62, remainder_fraction=100.0000%, Lmin=-317.97, Lmax=-19.30
10:39:33 [ultranest] [DEBUG] iteration=9057, ncalls=93014, regioncalls=3603240, ndraw=40, logz=-328.53, remainder_fraction=100.0000%, Lmin=-317.66, Lmax=-19.30
10:39:34 [ultranest] [DEBUG] iteration=9060, ncalls=93028, regioncalls=3603840, ndraw=40, logz=-328.21, remainder_fraction=100.0000%, Lmin=-317.46, Lmax=-19.30
10:39:34 [ultranest] [DEBUG] iteration=9061, ncalls=93109, regioncalls=3607440, ndraw=40, logz=-328.11, remainder_fraction=100.0000%, Lmin=-317.42, Lmax=-19.30
10:39:35 [ultranest] [DEBUG] iteration=9063, ncalls=93143, regioncalls=3608800, ndraw=40, logz=-327.91, remainder_fraction=100.0000%, Lmin=-317.10, Lmax=-19.30
10:39:35 [ultranest] [DEBUG] iteration=9064, ncalls=93161, regioncalls=3609520, ndraw=40, logz=-327.81, remainder_fraction=100.0000%, Lmin=-316.99, Lmax=-19.30
10:39:35 [ultranest] [DEBUG] iteration=9066, ncalls=93199, regioncalls=3611280, ndraw=40, logz=-327.61, remainder_fraction=100.0000%, Lmin=-316.90, Lmax=-19.30
10:39:36 [ultranest] [DEBUG] iteration=9068, ncalls=93232, regioncalls=3612800, ndraw=40, logz=-327.42, remainder_fraction=100.0000%, Lmin=-316.58, Lmax=-19.30
10:39:36 [ultranest] [DEBUG] iteration=9069, ncalls=93264, regioncalls=3614240, ndraw=40, logz=-327.31, remainder_fraction=100.0000%, Lmin=-316.33, Lmax=-19.30
10:39:37 [ultranest] [DEBUG] iteration=9071, ncalls=93328, regioncalls=3617000, ndraw=40, logz=-327.08, remainder_fraction=100.0000%, Lmin=-316.22, Lmax=-19.30
10:39:37 [ultranest] [DEBUG] iteration=9073, ncalls=93380, regioncalls=3619400, ndraw=40, logz=-326.87, remainder_fraction=100.0000%, Lmin=-316.10, Lmax=-19.30
10:39:37 [ultranest] [DEBUG] iteration=9074, ncalls=93390, regioncalls=3619800, ndraw=40, logz=-326.77, remainder_fraction=100.0000%, Lmin=-315.85, Lmax=-19.30
10:39:37 [ultranest] [DEBUG] iteration=9076, ncalls=93402, regioncalls=3620400, ndraw=40, logz=-326.56, remainder_fraction=100.0000%, Lmin=-315.76, Lmax=-19.30
10:39:38 [ultranest] [DEBUG] iteration=9077, ncalls=93480, regioncalls=3623880, ndraw=40, logz=-326.46, remainder_fraction=100.0000%, Lmin=-315.68, Lmax=-19.30
10:39:39 [ultranest] [DEBUG] iteration=9078, ncalls=93556, regioncalls=3627480, ndraw=40, logz=-326.36, remainder_fraction=100.0000%, Lmin=-315.58, Lmax=-19.30
10:39:39 [ultranest] [DEBUG] iteration=9079, ncalls=93597, regioncalls=3629360, ndraw=40, logz=-326.26, remainder_fraction=100.0000%, Lmin=-315.57, Lmax=-19.30
10:39:40 [ultranest] [DEBUG] iteration=9081, ncalls=93621, regioncalls=3630360, ndraw=40, logz=-326.08, remainder_fraction=100.0000%, Lmin=-315.32, Lmax=-19.30
10:39:40 [ultranest] [DEBUG] iteration=9082, ncalls=93639, regioncalls=3631280, ndraw=40, logz=-325.98, remainder_fraction=100.0000%, Lmin=-315.18, Lmax=-19.30
10:39:41 [ultranest] [DEBUG] iteration=9083, ncalls=93714, regioncalls=3634760, ndraw=40, logz=-325.88, remainder_fraction=100.0000%, Lmin=-315.17, Lmax=-19.30
10:39:41 [ultranest] [DEBUG] iteration=9085, ncalls=93730, regioncalls=3635400, ndraw=40, logz=-325.71, remainder_fraction=100.0000%, Lmin=-315.04, Lmax=-19.30
10:39:41 [ultranest] [DEBUG] iteration=9086, ncalls=93774, regioncalls=3637280, ndraw=40, logz=-325.62, remainder_fraction=100.0000%, Lmin=-314.91, Lmax=-19.30
10:39:41 [ultranest] [DEBUG] iteration=9088, ncalls=93795, regioncalls=3638120, ndraw=40, logz=-325.43, remainder_fraction=100.0000%, Lmin=-314.63, Lmax=-19.30
10:39:42 [ultranest] [DEBUG] iteration=9090, ncalls=93806, regioncalls=3638560, ndraw=40, logz=-325.24, remainder_fraction=100.0000%, Lmin=-314.56, Lmax=-19.30
10:39:42 [ultranest] [DEBUG] iteration=9092, ncalls=93816, regioncalls=3638960, ndraw=40, logz=-325.07, remainder_fraction=100.0000%, Lmin=-314.54, Lmax=-19.30
10:39:42 [ultranest] [DEBUG] iteration=9094, ncalls=93836, regioncalls=3639840, ndraw=40, logz=-324.91, remainder_fraction=100.0000%, Lmin=-314.35, Lmax=-19.30
10:39:42 [ultranest] [DEBUG] iteration=9096, ncalls=93853, regioncalls=3640520, ndraw=40, logz=-324.75, remainder_fraction=100.0000%, Lmin=-314.18, Lmax=-19.30
10:39:43 [ultranest] [DEBUG] iteration=9098, ncalls=93948, regioncalls=3644800, ndraw=40, logz=-324.59, remainder_fraction=100.0000%, Lmin=-314.13, Lmax=-19.30
10:39:44 [ultranest] [DEBUG] iteration=9100, ncalls=94006, regioncalls=3647960, ndraw=40, logz=-324.44, remainder_fraction=100.0000%, Lmin=-313.79, Lmax=-19.30
10:39:44 [ultranest] [DEBUG] iteration=9102, ncalls=94054, regioncalls=3650320, ndraw=40, logz=-324.26, remainder_fraction=100.0000%, Lmin=-313.28, Lmax=-19.30
10:39:45 [ultranest] [DEBUG] iteration=9103, ncalls=94102, regioncalls=3652440, ndraw=40, logz=-324.15, remainder_fraction=100.0000%, Lmin=-313.19, Lmax=-19.30
10:39:45 [ultranest] [DEBUG] iteration=9104, ncalls=94115, regioncalls=3653000, ndraw=40, logz=-324.03, remainder_fraction=100.0000%, Lmin=-313.18, Lmax=-19.30
10:39:45 [ultranest] [DEBUG] iteration=9105, ncalls=94125, regioncalls=3653400, ndraw=40, logz=-323.93, remainder_fraction=100.0000%, Lmin=-313.13, Lmax=-19.30
10:39:45 [ultranest] [DEBUG] iteration=9106, ncalls=94156, regioncalls=3654640, ndraw=40, logz=-323.83, remainder_fraction=100.0000%, Lmin=-312.69, Lmax=-19.30
10:39:45 [ultranest] [DEBUG] iteration=9107, ncalls=94174, regioncalls=3655360, ndraw=40, logz=-323.69, remainder_fraction=100.0000%, Lmin=-312.66, Lmax=-19.30
10:39:46 [ultranest] [DEBUG] iteration=9108, ncalls=94191, regioncalls=3656080, ndraw=40, logz=-323.57, remainder_fraction=100.0000%, Lmin=-312.62, Lmax=-19.30
10:39:46 [ultranest] [DEBUG] iteration=9109, ncalls=94213, regioncalls=3657200, ndraw=40, logz=-323.46, remainder_fraction=100.0000%, Lmin=-312.59, Lmax=-19.30
10:39:46 [ultranest] [DEBUG] iteration=9111, ncalls=94257, regioncalls=3659120, ndraw=40, logz=-323.25, remainder_fraction=100.0000%, Lmin=-312.35, Lmax=-19.30
10:39:46 [ultranest] [DEBUG] iteration=9112, ncalls=94267, regioncalls=3659560, ndraw=40, logz=-323.15, remainder_fraction=100.0000%, Lmin=-312.23, Lmax=-19.30
10:39:46 [ultranest] [DEBUG] iteration=9113, ncalls=94277, regioncalls=3660000, ndraw=40, logz=-323.04, remainder_fraction=100.0000%, Lmin=-312.20, Lmax=-19.30
10:39:47 [ultranest] [DEBUG] iteration=9114, ncalls=94292, regioncalls=3660720, ndraw=40, logz=-322.93, remainder_fraction=100.0000%, Lmin=-312.13, Lmax=-19.30
10:39:47 [ultranest] [DEBUG] iteration=9116, ncalls=94337, regioncalls=3662760, ndraw=40, logz=-322.73, remainder_fraction=100.0000%, Lmin=-311.73, Lmax=-19.30
10:39:47 [ultranest] [DEBUG] iteration=9118, ncalls=94353, regioncalls=3663400, ndraw=40, logz=-322.51, remainder_fraction=100.0000%, Lmin=-311.72, Lmax=-19.30
10:39:47 [ultranest] [DEBUG] iteration=9119, ncalls=94377, regioncalls=3664480, ndraw=40, logz=-322.41, remainder_fraction=100.0000%, Lmin=-311.68, Lmax=-19.30
10:39:48 [ultranest] [DEBUG] iteration=9120, ncalls=94407, regioncalls=3665720, ndraw=40, logz=-322.32, remainder_fraction=100.0000%, Lmin=-311.33, Lmax=-19.30
10:39:48 [ultranest] [DEBUG] iteration=9122, ncalls=94447, regioncalls=3667800, ndraw=40, logz=-322.10, remainder_fraction=100.0000%, Lmin=-311.20, Lmax=-19.30
10:39:49 [ultranest] [DEBUG] iteration=9123, ncalls=94484, regioncalls=3669480, ndraw=40, logz=-321.99, remainder_fraction=100.0000%, Lmin=-311.13, Lmax=-19.30
10:39:49 [ultranest] [DEBUG] iteration=9124, ncalls=94500, regioncalls=3670120, ndraw=40, logz=-321.89, remainder_fraction=100.0000%, Lmin=-311.11, Lmax=-19.30
10:39:49 [ultranest] [DEBUG] iteration=9125, ncalls=94559, regioncalls=3672560, ndraw=40, logz=-321.79, remainder_fraction=100.0000%, Lmin=-310.99, Lmax=-19.30
10:39:49 [ultranest] [DEBUG] iteration=9126, ncalls=94569, regioncalls=3673080, ndraw=40, logz=-321.69, remainder_fraction=100.0000%, Lmin=-310.96, Lmax=-19.30
10:39:50 [ultranest] [DEBUG] iteration=9127, ncalls=94585, regioncalls=3673720, ndraw=40, logz=-321.60, remainder_fraction=100.0000%, Lmin=-310.83, Lmax=-19.30
10:39:50 [ultranest] [DEBUG] iteration=9129, ncalls=94615, regioncalls=3674920, ndraw=40, logz=-321.38, remainder_fraction=100.0000%, Lmin=-310.43, Lmax=-19.30
10:39:50 [ultranest] [DEBUG] iteration=9130, ncalls=94627, regioncalls=3675600, ndraw=40, logz=-321.27, remainder_fraction=100.0000%, Lmin=-310.28, Lmax=-19.30
10:39:50 [ultranest] [DEBUG] iteration=9132, ncalls=94643, regioncalls=3676320, ndraw=40, logz=-321.05, remainder_fraction=100.0000%, Lmin=-310.18, Lmax=-19.30
10:39:50 [ultranest] [DEBUG] iteration=9135, ncalls=94657, regioncalls=3676880, ndraw=40, logz=-320.74, remainder_fraction=100.0000%, Lmin=-309.93, Lmax=-19.30
10:39:51 [ultranest] [DEBUG] iteration=9137, ncalls=94692, regioncalls=3678480, ndraw=40, logz=-320.54, remainder_fraction=100.0000%, Lmin=-309.79, Lmax=-19.30
10:39:51 [ultranest] [DEBUG] iteration=9138, ncalls=94702, regioncalls=3678880, ndraw=40, logz=-320.45, remainder_fraction=100.0000%, Lmin=-309.68, Lmax=-19.30
10:39:51 [ultranest] [DEBUG] iteration=9139, ncalls=94712, regioncalls=3679280, ndraw=40, logz=-320.36, remainder_fraction=100.0000%, Lmin=-309.56, Lmax=-19.30
10:39:51 [ultranest] [DEBUG] iteration=9140, ncalls=94735, regioncalls=3680200, ndraw=40, logz=-320.26, remainder_fraction=100.0000%, Lmin=-309.55, Lmax=-19.30
10:39:51 [ultranest] [DEBUG] iteration=9141, ncalls=94755, regioncalls=3681000, ndraw=40, logz=-320.17, remainder_fraction=100.0000%, Lmin=-309.54, Lmax=-19.30
10:39:52 [ultranest] [DEBUG] iteration=9142, ncalls=94783, regioncalls=3682120, ndraw=40, logz=-320.09, remainder_fraction=100.0000%, Lmin=-309.53, Lmax=-19.30
10:39:52 [ultranest] [DEBUG] iteration=9143, ncalls=94795, regioncalls=3682680, ndraw=40, logz=-320.01, remainder_fraction=100.0000%, Lmin=-309.39, Lmax=-19.30
10:39:52 [ultranest] [DEBUG] iteration=9145, ncalls=94806, regioncalls=3683240, ndraw=40, logz=-319.85, remainder_fraction=100.0000%, Lmin=-309.30, Lmax=-19.30
10:39:52 [ultranest] [DEBUG] iteration=9148, ncalls=94836, regioncalls=3685200, ndraw=40, logz=-319.60, remainder_fraction=100.0000%, Lmin=-308.88, Lmax=-19.30
10:39:53 [ultranest] [DEBUG] iteration=9149, ncalls=94890, regioncalls=3687800, ndraw=40, logz=-319.51, remainder_fraction=100.0000%, Lmin=-308.84, Lmax=-19.30
10:39:53 [ultranest] [DEBUG] iteration=9150, ncalls=94928, regioncalls=3689680, ndraw=40, logz=-319.42, remainder_fraction=100.0000%, Lmin=-308.69, Lmax=-19.30
10:39:53 [ultranest] [DEBUG] iteration=9151, ncalls=94960, regioncalls=3691200, ndraw=40, logz=-319.33, remainder_fraction=100.0000%, Lmin=-308.56, Lmax=-19.30
10:39:54 [ultranest] [DEBUG] iteration=9154, ncalls=94987, regioncalls=3692360, ndraw=40, logz=-319.07, remainder_fraction=100.0000%, Lmin=-308.33, Lmax=-19.30
10:39:54 [ultranest] [DEBUG] iteration=9156, ncalls=95053, regioncalls=3695560, ndraw=40, logz=-318.89, remainder_fraction=100.0000%, Lmin=-308.14, Lmax=-19.30
10:39:55 [ultranest] [DEBUG] iteration=9158, ncalls=95104, regioncalls=3698120, ndraw=40, logz=-318.70, remainder_fraction=100.0000%, Lmin=-307.92, Lmax=-19.30
10:39:55 [ultranest] [DEBUG] iteration=9159, ncalls=95120, regioncalls=3698880, ndraw=40, logz=-318.61, remainder_fraction=100.0000%, Lmin=-307.90, Lmax=-19.30
10:39:55 [ultranest] [DEBUG] iteration=9162, ncalls=95134, regioncalls=3699640, ndraw=40, logz=-318.35, remainder_fraction=100.0000%, Lmin=-307.71, Lmax=-19.30
10:39:56 [ultranest] [DEBUG] iteration=9163, ncalls=95155, regioncalls=3700480, ndraw=40, logz=-318.26, remainder_fraction=100.0000%, Lmin=-307.45, Lmax=-19.30
10:39:56 [ultranest] [DEBUG] iteration=9164, ncalls=95197, regioncalls=3702440, ndraw=40, logz=-318.17, remainder_fraction=100.0000%, Lmin=-307.36, Lmax=-19.30
10:39:56 [ultranest] [DEBUG] iteration=9166, ncalls=95221, regioncalls=3703680, ndraw=40, logz=-317.98, remainder_fraction=100.0000%, Lmin=-307.19, Lmax=-19.30
10:39:56 [ultranest] [DEBUG] iteration=9168, ncalls=95236, regioncalls=3704280, ndraw=40, logz=-317.79, remainder_fraction=100.0000%, Lmin=-306.91, Lmax=-19.30
10:39:56 [ultranest] [DEBUG] iteration=9169, ncalls=95247, regioncalls=3704720, ndraw=40, logz=-317.69, remainder_fraction=100.0000%, Lmin=-306.18, Lmax=-19.30
10:39:57 [ultranest] [DEBUG] iteration=9171, ncalls=95264, regioncalls=3705400, ndraw=40, logz=-317.33, remainder_fraction=100.0000%, Lmin=-306.09, Lmax=-19.30
10:39:57 [ultranest] [DEBUG] iteration=9172, ncalls=95321, regioncalls=3708000, ndraw=40, logz=-317.19, remainder_fraction=100.0000%, Lmin=-306.06, Lmax=-19.30
10:39:57 [ultranest] [DEBUG] iteration=9173, ncalls=95344, regioncalls=3709240, ndraw=40, logz=-317.06, remainder_fraction=100.0000%, Lmin=-306.02, Lmax=-19.30
10:39:58 [ultranest] [DEBUG] iteration=9174, ncalls=95371, regioncalls=3710840, ndraw=40, logz=-316.94, remainder_fraction=100.0000%, Lmin=-305.91, Lmax=-19.30
10:39:58 [ultranest] [DEBUG] iteration=9175, ncalls=95396, regioncalls=3712080, ndraw=40, logz=-316.82, remainder_fraction=100.0000%, Lmin=-305.88, Lmax=-19.30
10:39:59 [ultranest] [DEBUG] iteration=9177, ncalls=95454, regioncalls=3714440, ndraw=40, logz=-316.61, remainder_fraction=100.0000%, Lmin=-305.76, Lmax=-19.30
10:39:59 [ultranest] [DEBUG] iteration=9178, ncalls=95479, regioncalls=3715600, ndraw=40, logz=-316.51, remainder_fraction=100.0000%, Lmin=-305.71, Lmax=-19.30
10:39:59 [ultranest] [DEBUG] iteration=9179, ncalls=95504, regioncalls=3716920, ndraw=40, logz=-316.41, remainder_fraction=100.0000%, Lmin=-305.70, Lmax=-19.30
10:39:59 [ultranest] [DEBUG] iteration=9181, ncalls=95514, regioncalls=3717440, ndraw=40, logz=-316.24, remainder_fraction=100.0000%, Lmin=-305.63, Lmax=-19.30
10:40:00 [ultranest] [DEBUG] iteration=9182, ncalls=95550, regioncalls=3718960, ndraw=40, logz=-316.16, remainder_fraction=100.0000%, Lmin=-305.57, Lmax=-19.30
10:40:00 [ultranest] [DEBUG] iteration=9183, ncalls=95595, regioncalls=3720920, ndraw=40, logz=-316.09, remainder_fraction=100.0000%, Lmin=-305.57, Lmax=-19.30
10:40:00 [ultranest] [DEBUG] iteration=9184, ncalls=95613, regioncalls=3721960, ndraw=40, logz=-316.02, remainder_fraction=100.0000%, Lmin=-305.49, Lmax=-19.30
10:40:01 [ultranest] [DEBUG] iteration=9188, ncalls=95661, regioncalls=3723880, ndraw=40, logz=-315.74, remainder_fraction=100.0000%, Lmin=-305.32, Lmax=-19.30
10:40:02 [ultranest] [DEBUG] iteration=9189, ncalls=95818, regioncalls=3731040, ndraw=40, logz=-315.67, remainder_fraction=100.0000%, Lmin=-305.27, Lmax=-19.30
10:40:03 [ultranest] [DEBUG] iteration=9191, ncalls=95846, regioncalls=3732480, ndraw=40, logz=-315.55, remainder_fraction=100.0000%, Lmin=-305.19, Lmax=-19.30
10:40:03 [ultranest] [DEBUG] iteration=9192, ncalls=95897, regioncalls=3735080, ndraw=40, logz=-315.49, remainder_fraction=100.0000%, Lmin=-305.11, Lmax=-19.30
10:40:03 [ultranest] [DEBUG] iteration=9193, ncalls=95915, regioncalls=3735920, ndraw=40, logz=-315.42, remainder_fraction=100.0000%, Lmin=-304.90, Lmax=-19.30
10:40:04 [ultranest] [DEBUG] iteration=9196, ncalls=95955, regioncalls=3737760, ndraw=40, logz=-315.19, remainder_fraction=100.0000%, Lmin=-304.63, Lmax=-19.30
10:40:04 [ultranest] [DEBUG] iteration=9197, ncalls=95977, regioncalls=3738960, ndraw=40, logz=-315.11, remainder_fraction=100.0000%, Lmin=-304.46, Lmax=-19.30
10:40:04 [ultranest] [DEBUG] iteration=9198, ncalls=96018, regioncalls=3741360, ndraw=40, logz=-315.03, remainder_fraction=100.0000%, Lmin=-304.41, Lmax=-19.30
10:40:05 [ultranest] [DEBUG] iteration=9199, ncalls=96029, regioncalls=3741840, ndraw=40, logz=-314.95, remainder_fraction=100.0000%, Lmin=-304.41, Lmax=-19.30
10:40:05 [ultranest] [DEBUG] iteration=9200, ncalls=96071, regioncalls=3743640, ndraw=40, logz=-314.88, remainder_fraction=100.0000%, Lmin=-304.34, Lmax=-19.30
10:40:05 [ultranest] [DEBUG] iteration=9201, ncalls=96087, regioncalls=3744320, ndraw=40, logz=-314.81, remainder_fraction=100.0000%, Lmin=-304.31, Lmax=-19.30
10:40:05 [ultranest] [DEBUG] iteration=9202, ncalls=96118, regioncalls=3745760, ndraw=40, logz=-314.74, remainder_fraction=100.0000%, Lmin=-304.22, Lmax=-19.30
10:40:06 [ultranest] [DEBUG] iteration=9203, ncalls=96134, regioncalls=3746480, ndraw=40, logz=-314.67, remainder_fraction=100.0000%, Lmin=-304.03, Lmax=-19.30
10:40:06 [ultranest] [DEBUG] iteration=9204, ncalls=96152, regioncalls=3747400, ndraw=40, logz=-314.59, remainder_fraction=100.0000%, Lmin=-303.80, Lmax=-19.30
10:40:07 [ultranest] [DEBUG] iteration=9205, ncalls=96230, regioncalls=3751080, ndraw=40, logz=-314.50, remainder_fraction=100.0000%, Lmin=-303.62, Lmax=-19.30
10:40:07 [ultranest] [DEBUG] iteration=9207, ncalls=96245, regioncalls=3751760, ndraw=40, logz=-314.31, remainder_fraction=100.0000%, Lmin=-303.39, Lmax=-19.30
