5.625568071977640056e-02,7.156561088564304951e-01,6.158609034889240830e-01,6.815953043053131211e-01,7.267923555401792912e-01,1.180200932225156651e-01,6.766720009314666218e-01,1.518807661371134321e-01
8.954140648146009795e-02,2.240749291254717224e-01,5.955557699582542108e-01,4.293404633912370483e-01,9.717470040952864707e-01,7.796724518468263199e-01,5.410395209212892631e-02,1.537799939790930326e-01
1.536553801147850229e-01,6.426024085091325277e-01,8.683405654601511481e-02,5.262653715305358748e-01,8.519622223327822930e-01,3.310765379607531478e-01,3.220286818591050482e-02,1.546350892210395511e-01
1.082931861525068123e-01,8.048501563825054550e-01,4.149629813771993914e-01,6.208578592984844713e-01,7.066869270451862084e-01,3.294941577576555591e-01,6.572562924197048462e-01,1.518634210589483446e-01
1.210090891845909122e-01,5.624652739609525831e-01,1.416737534267496490e-01,5.947245004267697199e-01,8.228979537255235455e-01,3.021514829732088181e-01,5.006489510147017485e-01,1.529190904040508003e-01
1.846347153380517858e-01,9.079210408800433285e-01,4.073236338760716224e-02,5.619544830165450477e-01,8.246866903415192018e-01,3.220467776075693900e-01,3.841412003071498216e-02,1.541638308853353900e-01
7.862697174856000948e-02,8.621522308556979208e-01,6.313003039613271916e-01,6.015956091121246185e-01,7.211850793365373047e-01,4.678462565212720969e-02,7.853698086544468326e-01,1.516674849630634814e-01
6.343330668241217718e-02,7.732423692568770601e-01,6.261977042461833731e-01,7.089949072339742919e-01,6.782422233205583906e-01,2.157902582132778524e-01,8.621456673404133131e-01,1.505555514782584425e-01
1.400878892764729766e-01,8.296049327227520420e-01,2.166347124414095271e-01,5.513100764226812611e-01,7.787608783742351326e-01,2.784681664289301306e-01,1.646775087835050666e-01,1.545911114330175973e-01
1.373352755251203150e-02,3.211749019994972754e-01,5.850700572610962880e-01,6.110832713637640579e-01,9.555876222587901259e-01,6.385499885033735223e-02,5.307566427853519508e-01,1.527449985437314417e-01
7.285272285263641456e-02,4.086933165324218020e-01,8.626117963384515308e-01,5.458115705473217671e-01,7.924354733810281548e-01,9.109939174709800191e-01,9.433878764229297609e-01,1.494778737182977379e-01
1.259009141457692882e-01,7.076018233800815960e-01,8.913446770561817001e-02,6.604290633368066210e-01,7.495790179987027457e-01,2.697988767602311766e-01,5.091108660692718058e-01,1.529308715312318878e-01
4.146305610919626822e-02,4.030823007847347261e-01,8.355175315719376439e-01,5.350508911428938363e-01,8.911854109834631554e-01,3.603312356786279036e-01,4.144542407331123779e-01,1.528098212582419124e-01
5.681533689779608848e-02,3.212132330285521475e-01,6.841424098505226592e-01,5.303701482019044233e-01,9.099551569566320941e-01,5.766673770427194201e-01,2.621208230719257459e-02,1.541449376574398622e-01
5.187697393458497869e-02,6.745670251854959387e-01,8.553942691820088928e-01,5.489011440895766869e-01,8.853440804046781576e-01,3.344381324416334511e-03,2.068299404880475922e-01,1.543164762718537975e-01
5.838283075278941081e-02,7.207791854190639391e-01,5.615911979693207767e-01,6.504543798458486403e-01,7.369347553304010923e-01,6.936811150326210873e-02,8.989125588225876928e-01,1.505609027258993371e-01
8.687423516396666767e-02,7.434931599455852913e-01,2.078401087897877031e-01,6.904099177268685494e-01,7.669680172783208683e-01,8.617573420007429430e-02,5.611743778720013065e-01,1.528104078053916515e-01
4.751136798071765865e-02,5.852427373961692769e-01,8.502290629058485427e-01,4.976406693894860345e-01,9.105279771063217176e-01,7.110623499272672454e-02,3.153366862856328279e-01,1.536419781364324333e-01
3.431004008412436718e-02,4.584750651552932932e-01,6.136200708310542984e-01,6.252672607187760301e-01,8.828682934229562518e-01,7.127838370938877066e-02,6.751112891159677387e-01,1.521599664343043778e-01
9.831419385318158899e-02,8.312253447868600542e-01,1.123051457518962071e-01,7.257706079322640003e-01,6.730641203895832980e-01,6.622242265609712408e-02,7.744801344969873824e-01,1.520607839227917091e-01
1.745696944994472311e-01,2.722120045139376221e-01,5.463385153904171121e-02,4.978077820306689438e-01,9.418516482968550818e-01,6.204497474580956684e-01,1.975861398526299051e-01,1.531833777236974725e-01
6.539339288438747455e-02,7.179893182586591927e-01,8.883826694254883805e-01,5.382312797455995890e-01,7.844300533491379568e-01,2.158443440380473366e-01,5.587288612117435882e-01,1.525410552618324256e-01
9.741117423290554522e-02,6.862562004969809948e-01,1.648457016188689672e-01,6.204958750855156246e-01,8.509013198612822571e-01,6.863894688745625361e-02,3.284683816298032966e-01,1.540015956497058081e-01
5.690799383576955472e-02,6.828503728186290367e-01,5.014891574192981150e-01,6.830401051469163765e-01,7.674157172624297418e-01,7.378295752738661673e-02,8.514103154803714935e-01,1.505354781643527540e-01
5.533760875308256499e-02,5.990462108865048929e-01,9.509673518339297749e-01,4.745251965075006906e-01,8.784963879589271496e-01,2.242218432178866849e-01,1.208945923165649639e-01,1.544485128901257054e-01
1.130514740230854909e-01,4.813358845575664846e-01,1.759146552572126709e-01,5.403441313885858355e-01,9.407820594096135691e-01,3.001915178754339109e-01,1.462479239542167075e-01,1.539368863551347222e-01
1.711970005112828375e-01,7.085493420884834137e-01,2.357642433640218249e-01,5.619137467517774098e-01,7.548136067925397263e-01,6.095050302113879104e-01,4.402248987601881103e-01,1.530080658031094665e-01
1.035404989298834566e-01,3.467532152092889786e-01,4.068602997196085758e-01,4.351340529206590424e-01,9.886070596080724915e-01,4.976110755816341435e-01,9.983639814751132935e-02,1.540348538718279980e-01
8.374548633897815897e-02,6.604456018753261937e-01,4.640144078244803350e-01,5.709755260544818745e-01,8.251051435761772579e-01,1.986309388240380391e-01,3.166617522040611754e-01,1.539593104103930687e-01
4.513335350580945093e-02,6.733629307111576034e-01,5.847673850460707312e-01,6.965151477516369205e-01,7.178562798858643124e-01,8.957819627991858713e-02,9.477533276303719001e-01,1.501455138818044710e-01
6.573770891360211643e-02,7.652850026288077201e-01,7.159747667673428406e-01,6.398534461208523760e-01,6.978770272493817206e-01,2.216265625560545072e-01,9.652609816585571156e-01,1.496685038564525283e-01
1.647938156459800019e-01,5.978073352470502089e-01,1.177223251003962079e-01,4.718950559886604390e-01,9.120393814359963880e-01,3.820837476690293055e-01,6.978979892836723042e-02,1.542685011354740510e-01
2.466369900202891596e-02,4.747306209095748519e-01,7.424741628330806531e-01,5.880274864065929696e-01,8.726894216794827130e-01,3.620880168535567378e-02,9.681080311343857048e-01,1.496456166672370247e-01
5.181958075764418054e-02,6.185465408234034346e-01,2.835507183933118069e-01,7.136157866429969632e-01,7.786529580407618445e-01,6.161112268213031484e-03,7.498688530176208511e-01,1.518528025744244614e-01
5.508007320900936560e-02,5.695062606330518751e-01,7.131307357096650090e-01,6.327424683072667699e-01,7.317698613926038043e-01,3.522979193767739048e-01,9.627494002702063902e-01,1.499846908163935677e-01
8.289748441752256558e-02,7.914791914961601949e-01,3.904525849547304528e-01,6.130804591822510696e-01,8.014651152240575005e-01,2.064879389322249459e-02,4.199815387266137012e-01,1.537922499560461231e-01
2.162927314805436485e-02,4.388841681313764287e-01,8.035505321625833197e-01,5.402068739106646866e-01,9.560066335381036673e-01,9.603795242574209023e-02,2.631346996805599137e-01,1.533924740270919129e-01
2.765543232922568206e-02,4.508955503754630834e-01,8.992995972192432408e-01,6.149369474196763052e-01,8.191804867837552129e-01,3.369630071358281631e-01,8.333747021790374188e-01,1.503968761328162707e-01
9.990491453308114611e-02,5.395910817659570480e-01,1.453593383990214316e-01,6.443121207165818376e-01,8.196901796522542138e-01,2.384886426307993856e-01,3.501301025048422222e-01,1.537899202901677753e-01
1.636950452466768013e-01,6.898752644825608682e-01,2.709234515870517779e-03,6.151035416859094163e-01,7.808637544977083955e-01,3.643139948623075330e-01,2.118667676244703757e-01,1.535426899099191222e-01
3.111245705267101647e-02,5.299373773899350715e-01,7.166699730113239575e-01,6.295920172564855033e-01,8.392592641712692814e-01,4.542415340534694534e-02,7.906511752627753964e-01,1.509941616716446444e-01
6.647726235626251479e-02,6.011283483713576459e-01,4.801447037767931358e-01,5.721467903232162477e-01,8.866554157913393297e-01,1.122150165454773862e-01,4.206755457667267772e-01,1.532969927032430957e-01
1.291405162849517674e-01,9.604054047288766993e-01,2.229220404238127229e-01,6.731817863952841430e-01,6.773938636818401804e-01,2.008567163689863599e-01,5.817552371325263039e-01,1.528693622158381060e-01
1.634116382559796243e-01,8.140051448852697602e-01,2.031523711290137424e-01,5.936999373718017114e-01,7.608759610345994240e-01,5.184665619586361629e-01,1.693211598306184618e-01,1.535452110037379136e-01
5.536342271089722544e-02,5.754753385713244906e-01,7.029409201687217834e-01,5.385464484655861916e-01,8.877912773032599070e-01,2.373329987822201115e-01,1.439043318617732048e-01,1.539848689571930163e-01
8.374906033616706658e-02,9.288951914360987772e-01,6.944058301259722343e-01,6.143571520812003417e-01,7.056376558206135519e-01,6.852801825135057534e-02,8.468541820077835069e-01,1.508022399459227336e-01
8.937584316093191705e-03,4.005878955342993541e-01,6.148186977782192919e-01,7.402199054454194904e-01,8.511603121946912376e-01,4.607506336269323599e-02,9.341593634153635417e-01,1.499787912893714714e-01
8.358460657080009348e-02,7.998381356508026396e-01,5.841068870139476399e-01,6.536216286030431810e-01,7.016693774741057377e-01,2.207062780502198063e-01,8.866166840615661293e-01,1.505763753762380253e-01
4.685480406553445276e-02,3.641504421523777402e-01,5.676888542895113243e-01,5.308538680097385498e-01,9.634246336341405481e-01,2.314623084134161957e-01,2.976666364687007293e-01,1.535744058277719315e-01
1.302575198191719130e-01,7.742598347545980308e-01,1.574948023432676258e-01,5.641744885233732631e-01,8.799470051608853094e-01,1.822267743393489181e-01,1.457242923893384279e-01,1.541824016607548364e-01
1.763879832971441963e-01,8.965118509846647932e-01,1.961087673724065672e-01,5.943677567710580201e-01,7.016559722526430898e-01,5.104044395976571336e-01,2.995364595698122301e-01,1.538321173904522443e-01
1.286902898610891854e-01,3.602480259592510392e-01,2.051148189962576085e-02,5.986992511025512886e-01,8.711248229535638599e-01,3.433297359255158554e-01,5.201791503667729799e-01,1.525928939189022948e-01
2.214877360780563298e-01,9.308634828101289838e-01,2.070881964811310816e-02,5.418649476095105388e-01,7.738207385102841007e-01,4.602110953879272603e-01,2.098613870003367687e-01,1.539671264109333249e-01
3.956570889461100832e-02,3.369594760717717352e-01,7.941583895121896441e-01,5.380374453223690789e-01,9.265430661953777403e-01,4.994961403818385937e-01,2.255688767518747306e-01,1.532400126898423032e-01
7.927120088288000521e-02,9.201949977660222046e-01,6.178329148190824238e-01,6.469560345523512890e-01,6.716005451222174516e-01,8.049583061926582350e-02,9.060841393142289313e-01,1.508340749601854991e-01
2.256921827388946866e-02,4.456217447512498819e-01,6.211960353124537093e-01,6.962225648116502352e-01,8.429713321466847376e-01,1.065396458640720523e-01,9.347698539257021100e-01,1.497560222377375960e-01
8.755297515859906954e-02,7.666391706043899079e-01,6.288117345361233790e-01,6.360058081232278226e-01,6.729236708170169834e-01,4.271348558543892060e-01,8.457224154658075088e-01,1.506488288924939523e-01
5.752394143219274197e-02,5.371114392023487172e-01,4.639523276592925627e-01,6.781291103070655746e-01,7.953263508461448916e-01,2.118033468746559900e-01,6.925586007682809075e-01,1.516566539326198448e-01
3.073863116417301783e-02,4.403688536423574496e-01,5.709843386616292316e-01,6.309541136160079500e-01,9.096009476495628965e-01,1.510393841670781279e-01,4.063256332587421582e-01,1.526645000054313861e-01
5.383381331914018075e-02,6.470111854543335594e-01,7.902105519123991950e-01,5.265693844983739824e-01,8.593910299829929933e-01,1.450732388608069190e-01,2.365647936498313508e-01,1.536438876173177870e-01
1.028800782756690846e-01,7.183381087587217273e-01,4.015163876512711782e-01,5.614235980971703510e-01,8.084810452787546398e-01,2.723229485557289720e-01,6.423087468634652852e-02,1.549885211401068608e-01
6.850868357794499819e-02,6.582897961080504956e-01,6.866025034195765153e-01,4.947942100189054448e-01,9.344997777371820691e-01,5.888412883274371512e-02,1.291161719568981736e-01,1.542784148593603633e-01
8.213236058667959527e-02,7.933821722311712454e-01,5.046679416499767479e-01,6.383363289279140318e-01,7.453182519592265187e-01,1.217460435621898207e-01,5.169120121061691053e-01,1.531487212562299416e-01
1.098659699463276351e-01,5.887994849466120506e-01,1.394603247950969571e-01,5.633507696642323648e-01,8.905659088676151081e-01,2.043776406888427877e-01,1.173092485863501677e-01,1.544697477617044956e-01
1.230434993534015586e-01,6.794671807739656177e-01,3.160778287006339449e-01,5.568502939274547758e-01,8.163423831209932757e-01,3.999544199963694369e-01,6.089794447390778354e-02,1.544670860939005297e-01
2.608945555179410791e-02,4.193877910589962621e-01,8.694637622298815316e-01,5.967796351098109131e-01,8.614002635034833100e-01,2.774497003906844506e-01,7.525599930387368852e-01,1.510954233831375004e-01
1.157773866859041351e-01,5.961766640564771791e-01,4.293338454885994304e-01,6.231656330549071310e-01,6.972634396045955807e-01,6.472219237987369977e-01,9.696875962608835220e-01,1.497662977399607798e-01
7.432804867724684961e-02,6.022284431174934616e-01,8.865242697306598973e-01,5.607356334591616642e-01,7.378040404834749211e-01,6.578386535666855828e-01,9.516586024003241828e-01,1.497626984597829891e-01
5.347039431509827828e-02,4.540188180585063571e-01,6.547822569272792048e-01,6.684372204620830926e-01,7.320141229927283888e-01,5.547532869417153290e-01,9.461782100461813005e-01,1.495490231227961653e-01
1.253127937723168273e-02,2.562339883744665370e-01,6.832712732872732175e-01,6.263481622116019443e-01,9.327873709725787998e-01,2.685957873193611234e-01,5.440343255662825062e-01,1.518572195683861314e-01
4.095903046475143222e-02,5.624681326825000660e-01,8.183897139915116137e-01,5.160860094204504644e-01,9.242693246647906147e-01,7.331571651591456407e-02,1.552099006192066977e-01,1.538120383537493474e-01
4.410640848126742147e-02,5.169558303823705847e-01,9.556346076815596113e-01,4.347828659103049054e-01,9.771684582516388939e-01,1.029460773539678242e-01,1.585115125285715409e-01,1.545553617449627604e-01
1.756747547390566933e-01,6.171401335655881670e-01,1.081260400503951669e-01,5.574121221120509340e-01,8.026642415550970799e-01,6.029005381153551557e-01,3.202303516153359730e-02,1.538189218435383199e-01
6.471392178305995779e-02,7.689814170278048699e-01,6.313669257510785560e-01,6.209829551811527626e-01,7.673726402803158209e-01,2.900326764347854747e-02,7.931420159438589135e-01,1.512635806696868146e-01
1.599640729555697749e-01,7.791178403558221000e-01,1.528474695807166550e-01,6.019070831488757545e-01,7.577463895514606751e-01,4.736497371041716864e-01,2.373063462030276238e-01,1.533410837940845373e-01
7.786446675695928021e-02,4.484923114243329900e-01,1.734816413023895776e-01,6.628669664589146304e-01,8.323829990927673617e-01,1.651345652239624706e-01,6.914005509625521517e-01,1.522032384922832882e-01
1.377921325375376926e-01,9.006123691322547309e-01,3.621912534050054644e-01,5.804130357759432757e-01,7.465113322305496624e-01,4.191393809814629723e-01,1.214196796748125973e-01,1.539084098892616603e-01
4.037244880067974301e-02,3.680478994048095309e-01,5.323278860296908332e-01,6.388104939966998685e-01,8.505323588360431675e-01,2.577954313560477662e-01,8.765182290554898170e-01,1.501724707150709215e-01
1.631774309585616867e-01,6.305108280278108879e-01,1.840321719898807551e-01,4.742284312163562721e-01,8.620726893595641593e-01,4.995840984224526049e-01,8.769995934062202458e-02,1.541571267257580424e-01
4.683707044037746514e-02,5.943278612495910274e-01,4.458643928731425565e-01,7.260121692361189982e-01,7.524858017919799913e-01,1.102175481423518510e-01,8.145828625404418766e-01,1.510757334719281808e-01
1.940911821938219872e-01,7.217509625037353826e-01,5.964184456385701605e-02,5.830365682517781867e-01,7.878646510176300355e-01,5.485121647216256724e-01,3.432257834292370413e-01,1.527345764968187913e-01
4.057461052589236838e-03,3.265684889029080162e-01,7.462691837709332088e-01,6.588557986901100172e-01,8.814266437680084998e-01,1.590552838395706825e-01,7.896878973635962362e-01,1.505962950649664955e-01
1.520107435617799874e-01,6.581641189157291238e-01,9.969893357110376497e-02,5.703493013121063715e-01,8.385288574279746721e-01,3.729737726638359119e-01,6.452161118232274672e-02,1.545026452665983485e-01
7.217681786217346185e-02,8.238173488985035542e-01,5.098348983805143231e-01,7.424872111803335617e-01,6.372121292586341301e-01,1.875515431279383971e-01,9.584461581416878762e-01,1.502239322381193898e-01
5.354604815608818985e-02,3.048330489205540728e-01,7.210502944434850070e-01,5.801167986615459737e-01,8.398047934528647396e-01,6.643184839428784016e-01,7.172349013797645334e-01,1.508683481899185941e-01
1.450904701713512379e-01,7.143357949516242478e-01,8.640614787136163821e-02,6.140983170018389226e-01,7.965462280988462318e-01,2.867922577503714821e-01,4.094260072180684884e-01,1.532992283651786192e-01
9.153976123679163912e-02,5.078652141831786482e-01,6.494090172341023814e-01,4.931051310451315395e-01,8.516412565924803557e-01,6.291010347927792346e-01,2.631972135015491210e-01,1.533755040586159690e-01
1.457843975543932080e-01,8.026745154569050467e-01,2.880523178609770696e-01,5.950349295221458723e-01,7.466443670862977777e-01,4.745467175276472105e-01,2.535542448101079094e-01,1.535392220796556739e-01
1.154046251017782215e-01,6.551772333889567257e-01,3.131895033980286458e-01,4.748807131585352503e-01,9.129946963650481528e-01,2.503268311989624295e-01,2.528766880417609997e-02,1.547074556158360981e-01
7.349263103286049481e-02,6.682263102878684968e-01,7.231810096975277435e-01,4.974022909558448169e-01,9.050361630947353353e-01,1.779833388477593259e-01,3.085313254111121672e-02,1.542157570780541276e-01
3.093062059876518222e-02,3.940379377002130035e-01,7.859246620204788369e-01,6.096653383510713953e-01,8.195702108855624779e-01,3.522154249061459907e-01,7.869972682720949297e-01,1.508766416087958806e-01
5.416280888482558065e-02,4.155337818037549980e-01,5.578115377356755999e-01,5.933538652590272244e-01,8.408774576501378828e-01,3.510937597495428220e-01,7.578497219978723720e-01,1.508630748458197057e-01
1.807886687627666134e-02,3.902880432174832825e-01,8.736511779105766706e-01,5.789197666606937798e-01,8.712253511831693498e-01,2.085562761290832290e-01,6.680176481716229020e-01,1.517561770306091740e-01
7.415742610824743730e-02,8.450629345082831811e-01,8.370209657564340322e-01,5.424365820785311820e-01,7.730493455628423272e-01,1.119263856556534931e-02,8.851832762389186815e-01,1.512048394473891888e-01
1.929670751400510142e-01,5.229294705030382850e-01,1.322988584727931571e-01,4.209288881483653211e-01,9.484585638949474262e-01,6.008791418529630945e-01,2.450508263099593353e-02,1.537391150297694464e-01
5.106667408859642820e-02,5.252859577653292700e-01,3.435384804961967298e-01,7.076991505539602656e-01,7.702797808528384360e-01,8.306983685752125646e-02,9.739093722663745289e-01,1.504809330058875516e-01
1.044972151039821329e-01,7.901024960567261113e-01,3.717493801584825786e-01,5.722360091684127736e-01,8.108371544641012063e-01,2.039106686456035322e-01,7.532445118513375615e-02,1.543224250354488236e-01
7.034274238498089415e-04,3.478485576054413109e-01,8.393703670955134921e-01,5.644021917977202207e-01,9.977237011660109456e-01,2.788042038327090411e-02,5.159588733723017295e-01,1.520376647032118389e-01
4.913713397912421177e-02,5.354765507876184660e-01,6.666718325561618030e-01,6.002455012051234329e-01,8.012035391857882383e-01,1.759341070055862599e-01,9.873699142403697948e-01,1.501193310508570633e-01
9.783340300222925778e-02,8.233336250843245052e-01,3.289137129444280605e-02,7.597806269036084803e-01,6.688823521276523465e-01,3.663326521201679120e-02,8.132998619193020362e-01,1.519255987517010575e-01
2.359612947689897211e-02,5.359506148984211071e-01,7.639883322537828203e-01,6.410783216287836428e-01,8.316132218025714673e-01,3.775916927122985323e-02,7.571451755734264211e-01,1.507814208088479879e-01
4.749985631031673761e-02,6.154206525358539848e-01,8.225270729337144093e-01,5.857450968915397516e-01,8.276858878596164981e-01,1.162229988288715488e-01,4.306606941288285695e-01,1.534758122664203472e-01
1.035683387989391746e-01,5.790554215195724552e-01,3.604352653191499334e-01,5.609598260271203563e-01,8.199917166015271430e-01,3.903661979049725117e-01,3.824068151482868383e-01,1.533267391372787614e-01
1.335254745190912751e-02,3.692492463352219367e-01,8.543445423474523848e-01,5.623403620907432288e-01,9.564448281887567571e-01,1.247705804145748942e-01,1.589663256877416053e-01,1.542290242009083101e-01
4.712906366212719217e-02,6.517289969110385828e-01,6.726858094298817647e-01,6.911051172863934555e-01,7.556844419245036804e-01,1.137534667384497988e-01,9.402228435027579767e-01,1.500915593383869984e-01
8.264672586314243674e-02,7.725222763531898185e-01,7.800593666675879057e-01,4.830912126904699511e-01,8.482740777992432424e-01,2.080002501242885771e-01,4.171481723652181728e-02,1.542554524476638378e-01
1.870516124156436644e-01,4.587343686428121403e-01,1.255432744002152323e-01,4.323116912463819128e-01,9.071738132324439485e-01,6.174682673419511492e-01,2.645146303315376590e-02,1.543333080346161179e-01
8.286541928972128435e-02,7.114174658632250736e-01,3.696122788605230580e-01,6.228859235132550021e-01,8.188393786277199382e-01,1.192419212262537664e-01,2.442746117273719708e-01,1.542129369402214234e-01
5.841851201630018919e-02,7.065204596962670891e-01,7.716421606346786088e-01,5.594509197801776912e-01,8.235111743187203404e-01,4.332026133559530034e-02,7.153082996502470037e-01,1.512619678423336445e-01
1.204803899375847254e-01,5.397267074413856225e-01,4.515115019417587083e-01,4.867038823976143624e-01,8.459115280562059525e-01,5.917134872311431426e-01,3.620890766550730611e-01,1.530618077468027249e-01
4.171518313754123131e-02,5.707121425742407439e-01,9.139794027085093031e-01,5.924804231521038078e-01,7.938953284512211273e-01,2.121007328584228746e-01,9.838781280158008791e-01,1.497461764537381390e-01
5.863933969159672299e-02,3.834743275264688167e-01,6.634829717347017208e-01,5.457054772963054745e-01,8.761743613638842687e-01,5.298248984631530600e-01,3.716023868288834686e-01,1.527748126983954069e-01
1.113248514185167931e-01,4.685200201058519198e-01,4.972698418424327249e-01,4.435295524342149909e-01,9.195421687244877962e-01,5.700958929434902789e-01,3.604424598370181698e-04,1.546698785946173660e-01
1.345025682909682385e-01,8.154149648532442729e-01,4.021190094071719345e-02,7.045382530998193227e-01,6.673806376513914396e-01,2.448035648529601205e-01,6.810278281867885308e-01,1.523224724192373258e-01
1.932780230314419256e-01,5.940299507275711433e-01,1.025928332273753907e-01,5.417680663294225374e-01,8.348961278279806164e-01,6.653946461420843228e-01,1.109531837736549287e-02,1.536987994029106464e-01
3.185237333255724196e-02,4.660591282977222249e-01,9.148496461357257248e-01,5.458106598131197140e-01,8.879126792082547848e-01,9.264770377072875651e-02,6.947076222179535687e-01,1.521422697114352685e-01
5.251687606328277885e-02,5.082725788786334187e-01,5.697378545220698198e-01,6.592342390079907188e-01,7.517568606688559418e-01,3.164847869700822547e-01,8.523655503404239386e-01,1.508476032692240565e-01
9.773199983335773000e-02,8.114008051849186387e-01,2.357272497406149858e-01,6.533596178673481969e-01,7.683293254007163009e-01,9.190963115683198348e-02,2.648460170754464160e-01,1.545821390221153724e-01
5.395672396950232375e-02,4.635980162635323643e-01,7.212296943572669150e-01,6.149162799099714416e-01,7.500406378344631753e-01,4.983427126719449651e-01,9.964324288947099539e-01,1.495015675392904198e-01
2.500397162764592118e-02,4.395714874458126475e-01,8.765730710893803179e-01,5.316199373580215992e-01,9.384063823080797118e-01,1.413675040587338283e-01,4.605233364096230075e-01,1.522707063859224663e-01
9.510485347458574878e-02,7.173910217460949257e-01,5.735377233297074273e-01,5.684915267417773865e-01,7.906670853296569046e-01,3.812538862202712875e-01,1.634966711750239776e-01,1.540313072011198214e-01
7.605698132742495787e-02,4.931026333538325868e-01,4.833940538804721299e-01,5.708638220632906712e-01,8.748484859151642867e-01,3.812206426729163322e-01,2.539399008201650432e-01,1.533445063711384448e-01
1.666533678284029540e-02,4.434946107992467912e-01,7.895989939274069558e-01,6.547280151491692290e-01,8.716150175261722088e-01,4.319681726486035434e-02,8.745759069317933232e-01,1.503047224512475688e-01
1.828886346907681315e-01,6.863786252043967417e-01,1.758324200642678581e-01,5.493236833573720279e-01,7.769247844202384901e-01,6.500614408937572808e-01,2.719095633888525820e-01,1.530620789757276279e-01
9.850964170443393675e-02,7.697278542192129702e-01,1.484180651567569287e-01,6.791100719705623900e-01,7.162730532717456189e-01,8.763683716725062522e-02,7.399109357862267977e-01,1.522322698161536758e-01
1.627893891320589259e-01,6.054711339147899052e-01,2.143427310260026530e-02,6.384938869625725877e-01,7.740879955665451728e-01,4.677091895931227983e-01,1.805474261388549384e-01,1.533928342818947355e-01
5.828448024934291399e-02,6.321431314933013690e-01,8.267796283792827605e-01,5.000538741401185927e-01,9.037680819845131941e-01,3.083001741012886265e-02,5.651130891265782052e-01,1.524869099744705914e-01
6.148294397281724166e-02,4.743714232946377729e-01,7.208523214840212301e-01,4.837561285790418220e-01,9.000928755443833307e-01,3.867996789959884940e-01,1.036765042067773201e-01,1.542917075173272368e-01
5.919014866584211554e-02,6.961355753973605953e-01,5.586891698059957001e-01,6.680125548111656153e-01,7.350383235317222708e-01,1.074312917725001038e-01,9.164260490573069573e-01,1.507873136502762557e-01
3.297007157121860377e-02,5.178313655540336402e-01,7.982882440677885327e-01,5.930700484237986236e-01,8.243093608965762487e-01,1.425190790733765200e-01,7.869616362794727982e-01,1.514004269602743369e-01
2.008552067246154038e-02,4.114587300179367579e-01,6.868376720777593647e-01,5.810560947044443036e-01,9.226576921534646036e-01,2.547564606013136279e-02,5.542077627344806912e-01,1.528743894311876961e-01
9.863076575153699455e-02,7.002986414474046128e-01,3.891120931380353531e-01,5.625854165897722359e-01,8.286253324426454681e-01,2.382014271302919095e-01,3.295064212803462400e-01,1.536825299032230641e-01
5.270200222650541638e-02,6.684707494506305636e-01,5.802356473608190068e-01,6.523686389276068809e-01,7.371680413375775176e-01,1.386450829090725145e-01,8.958520553643043449e-01,1.504201345664167577e-01
4.967323268538266501e-02,6.114950508348232505e-01,7.415158400661518989e-01,6.522403551613170647e-01,7.738941114490154316e-01,1.908147318600402487e-01,8.119549479912012702e-01,1.507758996683647712e-01
6.856223968630389964e-02,6.746459163516090873e-01,5.389607005128823625e-01,5.279001011635755525e-01,8.784264578374160193e-01,3.790954817968425483e-02,2.494722848125431325e-01,1.543223351765253548e-01
5.967152829840197126e-02,5.955165869879133211e-01,8.229052424550349354e-01,4.748186460416055632e-01,9.608520813471043143e-01,7.908804300587690683e-02,3.835767407909518312e-02,1.549630048033391883e-01
5.119884085714081212e-02,5.961951362238485652e-01,8.607212635486867214e-01,5.546617499747573676e-01,8.123541908035232240e-01,1.391523811715301151e-01,8.919962364334936833e-01,1.509065878220587908e-01
1.503432953006641482e-01,5.555699886507181606e-01,3.649091975848113290e-01,4.892148468751685297e-01,8.656869957280350913e-01,6.858090338229057004e-01,1.098901934443066719e-01,1.537559080684015589e-01
1.519965035150022681e-01,5.493001071486042219e-01,1.354187143536865756e-01,5.698279036533249187e-01,8.339931883386622058e-01,5.171896419681927259e-01,1.824635448340033439e-01,1.532495891080312977e-01
7.083940561315907325e-02,6.898429729387459686e-01,8.295584829690662021e-01,4.655076957240263380e-01,8.813139172673907229e-01,2.183398182401242171e-01,2.343665717724668918e-02,1.543474267958249435e-01
7.910180028412611142e-02,6.936177111959727082e-01,3.961618798128294650e-01,6.814101028668764215e-01,7.141917759835821888e-01,2.285785061855695466e-01,6.574722224100446599e-01,1.522193555090334549e-01
2.209919696602239414e-01,7.609155390873265645e-01,2.378747706193989897e-02,5.267212459508587852e-01,8.279194037538053497e-01,5.681343779533289950e-01,8.586413897311573340e-03,1.539509514477838681e-01
1.618593335151424228e-01,7.131575269101557701e-01,1.099395428340746439e-01,6.379242471357575717e-01,7.348797027489443190e-01,5.143430894189897629e-01,2.470826573835456508e-01,1.535129866785080455e-01
1.024090473542507568e-01,6.990909203754147594e-01,3.415544284754366000e-01,5.787113274245155869e-01,8.201865363984846002e-01,2.144495340031721820e-01,4.010478384986244094e-01,1.533340109857669886e-01
6.567998557006940463e-02,5.940815520227377133e-01,5.993576047232154203e-01,6.354140482351152697e-01,7.779126840162187140e-01,3.147091622553379597e-01,6.104395242379834219e-01,1.518161990293747654e-01
8.868458715714350182e-02,6.071819781284872874e-01,3.617900933263398788e-01,6.045962229329195914e-01,8.202164986949151970e-01,2.921679276402197045e-01,3.863665437060869179e-01,1.531898644774895846e-01
6.256117050704046445e-02,6.778489265836646904e-01,8.808227464457029088e-01,4.591670484251725304e-01,9.499222265104652063e-01,2.291975098887588658e-02,1.179325179654557854e-01,1.542316747716613590e-01
1.795988310326931403e-01,5.945023721455520160e-01,4.970581853446615073e-02,6.097436095509394249e-01,7.646569431142516970e-01,5.743052005275255389e-01,3.120985272423270063e-01,1.530563415780610836e-01
3.796496542361127435e-02,4.380975767976750257e-01,8.309277158805012942e-01,5.312617380584152560e-01,9.234780259681804049e-01,2.605520616147075086e-01,3.262415637133477819e-01,1.530740271687139886e-01
8.120660517380434706e-02,7.415164124013282620e-01,9.501936424314041396e-01,4.021004044617469964e-01,9.530143003026829707e-01,6.002946290613209168e-03,4.304185761251760889e-02,1.551642123937617135e-01
2.034036901053313529e-01,8.040368266208739456e-01,1.251889050530052838e-01,5.420203581836093853e-01,7.728910937317217122e-01,6.308121419855975409e-01,6.453897916335876728e-02,1.536170872052612102e-01
1.181983532725932318e-01,8.043278176528160239e-01,3.627274903168755671e-01,6.106775112674516226e-01,7.644620280690894720e-01,3.730970508567585942e-01,1.671177861700886558e-01,1.537332271360824509e-01
6.816536685728083467e-02,6.963102066239725829e-01,5.816907333848182482e-01,5.457065489842393147e-01,8.973966065700857975e-01,6.745721848665461873e-02,9.537963899301954429e-02,1.544271440774984405e-01
5.984524578761330621e-02,8.433884933810792406e-01,6.353138588670979026e-01,7.053391362064692638e-01,6.921594094421789078e-01,4.808059666017711065e-02,7.537537397646545401e-01,1.512374872577212093e-01
4.754641426028427542e-02,6.021491519444676088e-01,5.898665911595453171e-01,6.069097349975359768e-01,8.384625863976311599e-01,3.175212392337456446e-02,4.161751375907580819e-01,1.535757685806372896e-01
1.078533702659794646e-01,5.948084332434337984e-01,2.864469902896395470e-01,5.357900345516652951e-01,8.659238292827085015e-01,2.896040611847284785e-01,9.125708571830054572e-02,1.546625846125729842e-01
5.811318814072607281e-02,6.406504405707026395e-01,8.091811694977240066e-01,6.401281212525435915e-01,7.292782007187648130e-01,4.235429601539777988e-01,9.921143204888851486e-01,1.491105715736273096e-01
9.373949835851613788e-02,5.785433651347918760e-01,4.809155522047811049e-01,4.903222031564749561e-01,8.884572059633882857e-01,3.296663585715002287e-01,2.182418290618352019e-01,1.537570443235271311e-01
1.651298015425005095e-01,7.624529436783766823e-01,3.592504286453968021e-02,5.786332368615177968e-01,8.036551551748077893e-01,3.266666771894737864e-01,2.556381388392697795e-01,1.537614810459841386e-01
5.437179564105531354e-02,6.216794590492187300e-01,8.586246407537849734e-01,6.038106929265431022e-01,7.365032075758815022e-01,3.711862879261436099e-01,9.277096886585396440e-01,1.500250396575093792e-01
1.041110269189679249e-01,6.196330521459324503e-01,3.144348271409230788e-01,5.644093656743010001e-01,8.435295309674147868e-01,2.508871450105868428e-01,2.683165096834143060e-01,1.543112958840555937e-01
5.854225714562813487e-02,5.129381245281690038e-01,7.234704148525223921e-01,5.334697606768616929e-01,8.804672836958464810e-01,3.964645844243505635e-01,5.173070826312997639e-02,1.541749832482730564e-01
1.107780060366388569e-01,8.541796765597755581e-01,2.388804118427888257e-01,6.550025520550585290e-01,7.465407776681252106e-01,1.793509477908110938e-01,2.645048121068043767e-01,1.542738103225503588e-01
5.561069045323742410e-02,5.630826236595446455e-01,6.793407970092787407e-01,5.894420824878692233e-01,8.544781511592796086e-01,2.532719916573836771e-01,2.645557423650194973e-01,1.534306576233099573e-01
3.883601122019963298e-02,5.198271529303571947e-01,9.629062039848008681e-01,5.027845053815876986e-01,9.355048022353839032e-01,4.600627861496645044e-02,5.273685487918248205e-01,1.527987755876130394e-01
1.431433937148673119e-01,6.719823311276700295e-01,1.051079092635776036e-02,6.790228047930070288e-01,7.647302357665323180e-01,3.274842266009368452e-01,2.711657170898318370e-01,1.534685452413733220e-01
3.656236945695454793e-02,5.220339419268990033e-01,7.377928021820152615e-01,5.534394898722242440e-01,9.441579023060198139e-01,6.319852123229535712e-02,1.914365572804774263e-01,1.540126786850850304e-01
2.293359557840418672e-02,4.401209286898242756e-01,6.144524070767788393e-01,6.350040039531966718e-01,8.820993785115365249e-01,1.051821084733212119e-02,6.828644847489633296e-01,1.522419344751345660e-01
1.152322181538360524e-01,8.019875429648093412e-01,3.869357016213875178e-01,5.356731394327723939e-01,8.202596549690704952e-01,2.411984254707781605e-01,8.654320745935062398e-02,1.545831741778771751e-01
2.970869355240089715e-02,5.005856561945584149e-01,7.556641023829389070e-01,5.994066529490038597e-01,8.823338492854386761e-01,2.164512843363175509e-02,6.988646186737224042e-01,1.514278390851000744e-01
6.510207131977363559e-02,6.681636370126530222e-01,6.046601511446858535e-01,5.439631385481792369e-01,9.098043171744777391e-01,2.180985815932895422e-02,2.093527114135024236e-01,1.539628657300553816e-01
1.244528066586996495e-01,6.821644199831593536e-01,3.147863273694664898e-01,5.677808281928784506e-01,7.938553020571194052e-01,4.612068733481515803e-01,2.059642682511363676e-01,1.533781216433074135e-01
1.215232263563142678e-01,7.535381780714737188e-01,3.401119587866738847e-01,6.253166962469028922e-01,7.127545396621125517e-01,4.567470249892860990e-01,5.706700520535881171e-01,1.520988850161843764e-01
4.950361007277329778e-02,6.549145159602970390e-01,8.260029015283594234e-01,6.154513692149856663e-01,7.684972733357178232e-01,7.583655145174522660e-02,8.967587092753885880e-01,1.511291575947078525e-01
9.787957026588919862e-02,6.922375185884502846e-01,1.143120291968213187e-01,6.398564080599953297e-01,8.408942162904018414e-01,5.544561880648923857e-02,3.147642782059661970e-01,1.543081769674335690e-01
9.408001995878575996e-02,6.705836818986550263e-01,4.421621493955370519e-01,6.049561064266326671e-01,7.314004466899920454e-01,3.258201608577434572e-01,7.386959296277983977e-01,1.517282519205395974e-01
3.991218267805547032e-02,5.365202401073243532e-01,8.394714595648982147e-01,5.758188714508445383e-01,8.352619699111848428e-01,1.079499673917089786e-01,8.251090999098091849e-01,1.515335486275613264e-01
1.399156929452662068e-01,6.790704947147676585e-01,1.091186923065489145e-01,6.419124205466348876e-01,7.281637021595923631e-01,4.145293618103124689e-01,3.746469388385448296e-01,1.530691113865331743e-01
7.695085833421008714e-02,6.844429394711247783e-01,3.686953275693127252e-01,6.629792646811296652e-01,7.419709578916646731e-01,1.257890773971527820e-01,9.377094741425739954e-01,1.506629741312838222e-01
7.570928318193614892e-02,6.512493110214221392e-01,3.830663457148675288e-01,7.049056257667423164e-01,7.055018525632730242e-01,2.619317561337823341e-01,8.630615223398643288e-01,1.504851119703816964e-01
5.994857771145255948e-02,4.425439546663759161e-01,6.576434910511221865e-01,5.326876693735831392e-01,8.928002175745560764e-01,4.273534920084819388e-01,1.318130926869094388e-01,1.539278772981568788e-01
1.438104171145927479e-01,7.407598282711493898e-01,1.143520309202964991e-01,5.591789421033349639e-01,8.385014641784638290e-01,2.710506605691502258e-01,1.150400152098882689e-01,1.545200311625744283e-01
1.830506491503856858e-01,7.111005360860653823e-01,3.515468931372739414e-02,5.257946800158248557e-01,8.233796855000847792e-01,3.819537868888045473e-01,1.270529907773258471e-01,1.544203106635622658e-01
8.452077846748992651e-02,2.898705122001954404e-01,4.743162281875698549e-01,5.059447594107482349e-01,9.322596219219788649e-01,5.843845721528665438e-01,3.248454938151424942e-01,1.528555878207741581e-01
5.620251211833079269e-02,6.225815935075009744e-01,5.887982158681687173e-01,5.699382249433820880e-01,8.854541230456487444e-01,4.419920233217411454e-03,3.513533853990088440e-01,1.540278450728051474e-01
1.650192403765381177e-01,9.574159251993520359e-01,2.270431707650311104e-01,5.525191382849522492e-01,7.522357478774952533e-01,3.876711134488056154e-01,1.424390324283280052e-01,1.540086605659581331e-01
3.599005021667316812e-02,4.694530705955950456e-01,8.431065305589320324e-01,6.025998796386237144e-01,8.260902118176269848e-01,3.406442490559007386e-01,9.148320820549304955e-01,1.495821873193255436e-01
1.285609614094860575e-01,6.849460648102668747e-01,3.474640756898871308e-01,5.602545776816972856e-01,7.905479233367496139e-01,5.009682015837416680e-01,8.726197762069959341e-02,1.539550920702412173e-01
8.038939618456764080e-02,7.276553342993877793e-01,9.090514768245390176e-01,4.025261148453478377e-01,9.528442626579990415e-01,9.439860494952045933e-03,4.558401166100567448e-02,1.553270832994062545e-01
2.700272743709013212e-02,4.720928225657513577e-01,6.191050612553209431e-01,6.421199201615134244e-01,8.624155109247206852e-01,1.114155565545816295e-01,7.650424283567034411e-01,1.509500720589749545e-01
5.768719903428040641e-02,5.538488374795539348e-01,5.206174537497263444e-01,6.114825628791258350e-01,8.394109394838585869e-01,1.741001492268894058e-01,7.197811182571109967e-01,1.511127139084316728e-01
1.106140565634649575e-01,4.288129723573456120e-01,4.078089890597019207e-01,4.563964622745362298e-01,9.363732036786402979e-01,5.021745579987610952e-01,1.614421030498119358e-01,1.540057133447993998e-01
7.039278339296085873e-02,3.532541572054944679e-01,6.667826953954736346e-01,5.750525032066869935e-01,8.130199058848061044e-01,7.295785427114236388e-01,8.638769557519087039e-01,1.498249526927216690e-01
1.417477056621399834e-01,7.762524089393204596e-01,3.110375313718801715e-01,5.321651754337489715e-01,8.374725135934704134e-01,3.913058460769361369e-01,7.136471120937115664e-02,1.541393470275874700e-01
7.178652088497514128e-02,7.297783722165044340e-01,5.238653611368000451e-01,5.717229939199843791e-01,9.079366470931266031e-01,5.686118220648184174e-03,8.216043146946278020e-02,1.545864315115437759e-01
6.966105412287250387e-02,4.582356953007479805e-01,2.089085471355160983e-01,7.092088574873924856e-01,7.648276958968641681e-01,2.383161197187009805e-01,8.508085223322172652e-01,1.508742123027503046e-01
4.232782493422849318e-02,5.859799594919914423e-01,6.273130193278777522e-01,6.612783445696602813e-01,7.507468863740068832e-01,1.496702019083002710e-01,8.220873442308839207e-01,1.510996265253096160e-01
1.249548225222380654e-01,7.500361420242156463e-01,1.535686340720173182e-01,5.823604225658653988e-01,8.020363576557386631e-01,1.937975493973094487e-01,4.368158810133453418e-01,1.532849416689594790e-01
4.651507570260619839e-02,6.094090328703315462e-01,5.723967689071540743e-01,6.195576452293637404e-01,8.666306139802339992e-01,7.281149481529025635e-03,4.700764316466461423e-01,1.530279907497736902e-01
1.068124844443423399e-01,5.326091024295153131e-01,4.978815079091269413e-01,5.166896700147438626e-01,8.681159539130063330e-01,6.203454271444736046e-01,5.829816192071435310e-02,1.537106181370068714e-01
3.164792347486595353e-02,4.196277967390741326e-01,6.217130895969297244e-01,6.457739881447255303e-01,8.395010335433898963e-01,1.940425921878831672e-01,7.922549777585266018e-01,1.508213387453672116e-01
7.359598423814307788e-02,6.611169524501527839e-01,4.730851098177999425e-01,5.602793739954332608e-01,8.616830772457385601e-01,1.803071961096512077e-01,1.522981218306862505e-01,1.540075909258561138e-01
2.639492893383618699e-02,4.611623825382243913e-01,4.439432242019646924e-01,7.020896472229926077e-01,8.721218543229439790e-01,1.627759579200194207e-02,8.091700346790409171e-01,1.508212448829763241e-01
3.616594291766019736e-02,4.433698430901040211e-01,8.834659405803131360e-01,5.243549464992890430e-01,9.241830015711556268e-01,3.447371764155667817e-01,1.400392697900134098e-01,1.537367473461453415e-01
1.694384798427316374e-01,4.257023865362139503e-01,1.471994294226414146e-02,5.404346828060822006e-01,8.788620072708694941e-01,5.089002950111215506e-01,2.588162623221060832e-01,1.528745342530813955e-01
7.170022576652319846e-02,7.625770936153646318e-01,6.119775546877596062e-01,6.648842090403315197e-01,7.038826826946450455e-01,1.977971087068990941e-01,9.285763997851743667e-01,1.500134535881794406e-01
1.002417986467584454e-01,5.584031411557546232e-01,3.073674230434235710e-01,5.512171439928603700e-01,8.971381776801210517e-01,2.812913481934189996e-01,6.660544918803673609e-02,1.547090769111472142e-01
1.212119063991512480e-01,5.003219960794175192e-01,1.469423327691181114e-01,5.102592178517605381e-01,9.449906608880495051e-01,2.839861097310643068e-01,1.137833926079114821e-01,1.540592246185285841e-01
8.997830937868186996e-02,5.351910043072394263e-01,4.414664258266065566e-01,5.150152974116897209e-01,8.834156007602973482e-01,3.295674837575435223e-01,2.128257708990344832e-01,1.542187311472305589e-01
4.525482482737267637e-02,4.783869252536256389e-01,7.356663913241354713e-01,6.250373725993479956e-01,7.615147925636502890e-01,4.134258313031609622e-01,9.500517860665862457e-01,1.497564607812383042e-01
4.578012558254971470e-02,3.706542979375656577e-01,6.763378326421399800e-01,5.622639846094595883e-01,8.948024993170433650e-01,3.871223710647130334e-01,6.116919945960880289e-01,1.514154655812579575e-01
1.786543746585462222e-01,5.395351281978846281e-01,2.055876335416419454e-01,5.055089281255352729e-01,8.490818083100617475e-01,6.835259634215241631e-01,9.079140540319335928e-02,1.540505023226925452e-01
4.047412096650988833e-02,5.429354637478061019e-01,8.441052333678892294e-01,5.990147301663686363e-01,8.203479730686202842e-01,1.607024460454924142e-01,9.734065214837142044e-01,1.496307455982368584e-01
7.067716000810542187e-02,6.735175415776707419e-01,6.575162926340440972e-01,5.592805292065723410e-01,8.125131656628875598e-01,1.984348381736678046e-01,5.208840723823128238e-01,1.526910036465159992e-01
2.436369277880789941e-02,4.126197883735588934e-01,7.742853457748036794e-01,6.069094498270715121e-01,8.763494573179200220e-01,2.395966905368480671e-01,6.644562281313787233e-01,1.510863820158644399e-01
5.774712310133867793e-02,6.191075822494900294e-01,6.881383644420812074e-01,5.331120565091285179e-01,8.789205571642231263e-01,5.574144861651225691e-02,3.196745331470880469e-01,1.537687074325216618e-01
5.138347000261398595e-02,5.754062096079992639e-01,5.815648960294126368e-01,6.059415025312558933e-01,8.874624948585416728e-01,1.084959742602015775e-01,2.564715147827686392e-01,1.537625571361993237e-01
4.700844860719916724e-02,5.677047290403141044e-01,9.567082972361132809e-01,4.967893754982035670e-01,8.867207213492054318e-01,8.051634973497082126e-02,3.646460409480768439e-01,1.537195401150950047e-01
1.154495691082988024e-01,4.044668360774462679e-01,1.511410411254262010e-01,5.696221219268176039e-01,8.868396157516272860e-01,3.522639366098705427e-01,4.166933851933989352e-01,1.530925857724285133e-01
1.705784610817615010e-01,7.830110958887791517e-01,6.719501153199225474e-02,5.581178564452744517e-01,7.887504632085181600e-01,3.960306545081119789e-01,1.912180876272265295e-01,1.538430882166881286e-01
9.935235330092588579e-02,6.552100187802345488e-01,6.869937381127404485e-01,5.873357795009476190e-01,6.951931741915476914e-01,7.287806041429952808e-01,9.953479302606274004e-01,1.493662199091838061e-01
1.017122176655467086e-01,6.910494860277900386e-01,4.378193247888413353e-01,5.477801117619679472e-01,8.321861300882841261e-01,2.787185389871650321e-01,9.222454425028786540e-02,1.547017311787512173e-01
1.614371364614026194e-01,8.271007197625486196e-01,5.100621913661312901e-02,6.612617761679361328e-01,7.035535177104099702e-01,3.710287887629215575e-01,4.953572143280697282e-01,1.528004460460800351e-01
1.106958806673473128e-01,5.419020516395650633e-01,1.395152907530646247e-01,5.582124582085812303e-01,8.796187608011930559e-01,2.380802293658659807e-01,2.114753592084408773e-01,1.542331429861339420e-01
1.147656290610091223e-01,6.478529597487951985e-01,2.942458715056586183e-01,6.148896388708077199e-01,7.908282623966346181e-01,3.999983835524242304e-01,2.843663179020877729e-01,1.532959860810681474e-01
2.951355303239345390e-02,4.488481004525263218e-01,6.161436395025399193e-01,5.938386548123355535e-01,9.050084357910685995e-01,4.590664639301880734e-02,7.737972577876200964e-01,1.513835283866060144e-01
7.127597363613352721e-02,5.756939852238005528e-01,7.677097162564470167e-01,6.058458054383888403e-01,7.214174068704850562e-01,6.131200901441218321e-01,9.743200768806747902e-01,1.492214608696099121e-01
1.225840510625127722e-01,6.218686491928495652e-01,1.229056991060372694e-01,6.185599231928100572e-01,7.999281823575615791e-01,3.001498887768907498e-01,4.847321305296972138e-01,1.525307767469542553e-01
1.114818143699307373e-02,2.953887751880764911e-01,6.544045892033575340e-01,6.522786398692721477e-01,9.211443694861575215e-01,2.080012682399342006e-01,6.267195361370351270e-01,1.516019487342606664e-01
8.072267527008963883e-02,4.630060738457729141e-01,4.092966639879762059e-01,5.346453045784115288e-01,8.983970926423212600e-01,3.668230701839010899e-01,1.964470194471905073e-01,1.538121619361666192e-01
9.273878730338840082e-02,5.422299940834427456e-01,9.838978626917438408e-02,6.607514696280628597e-01,8.060822326476847488e-01,1.658687889273400551e-01,6.636007648346671228e-01,1.522209690902218415e-01
3.076645656043880406e-02,5.030432923164239734e-01,8.655900906641238457e-01,5.657224050795539583e-01,8.854535859009377008e-01,1.622515223448806054e-01,2.052402569301833291e-01,1.540256875476693210e-01
1.226068118259816819e-01,9.261770142712657528e-01,2.378204358795203421e-01,6.274195952599493920e-01,7.928213790227937041e-01,1.153021458136753441e-01,2.218067160770107182e-01,1.543312208329730428e-01
1.274363398886067533e-01,6.439112724901926432e-01,2.919450378328498630e-01,5.389769494753878787e-01,7.926450528430820652e-01,4.110223293016076473e-01,3.193655493498546716e-01,1.539003155919496935e-01
1.257100327498847925e-01,7.178568272556672403e-01,2.396913969065883609e-03,7.072651932296724064e-01,7.268738975794819535e-01,2.210224214230665507e-01,5.998615528051280954e-01,1.521570615111724756e-01
3.930511675144605921e-02,5.832170930892013327e-01,9.029449801913869145e-01,5.621980750948201155e-01,8.716474352720243735e-01,1.407381233978065582e-01,2.835877770840636858e-01,1.534221651509912743e-01
1.246802026932269658e-01,8.666118709599011094e-01,2.551475421396220411e-01,6.332442274830836215e-01,7.623412689171478185e-01,2.210592755674133658e-01,2.011150156475503548e-01,1.544471590060217947e-01
1.303271693768507655e-01,7.447618592829299278e-01,8.096765455292465052e-02,5.895354383779690677e-01,8.530109251892484812e-01,1.892952540815953100e-01,1.206548908921312169e-01,1.544019878434840509e-01
1.470668482493295293e-02,3.651873816568810827e-01,8.083245076081333469e-01,6.581862475398551071e-01,8.432405594851347663e-01,2.225778980899351667e-01,9.349022851114185961e-01,1.497596647503845191e-01
1.047468457354687049e-01,6.702186954863337265e-01,4.245815431691856712e-01,5.458990584253018419e-01,8.519106635023511176e-01,2.944384786043767743e-01,2.106390387124337238e-01,1.539737784140998988e-01
8.981275425416661295e-02,6.577617646390764294e-01,2.153786351215241091e-01,7.051907519086852982e-01,7.435081761664930067e-01,2.184940829445873312e-01,5.827446326051394232e-01,1.523871305783504326e-01
8.173207854299495423e-02,6.697880231987792810e-01,4.473736464569707527e-01,5.768815358697607643e-01,8.176599868879113053e-01,1.923630484369734106e-01,2.789143410408924106e-01,1.538701417534602267e-01
1.869236359902300970e-01,5.418655620669921014e-01,1.645904548972757508e-01,5.078383438022727736e-01,8.435043295857913570e-01,6.704315492648982300e-01,2.340473038824059937e-01,1.535847615979140379e-01
1.289006744266132376e-01,6.445995201552890963e-01,4.361288878367217681e-01,4.936510855609828052e-01,8.399152034975037040e-01,5.601779945740540390e-01,1.271799550871080542e-01,1.538799021364748720e-01
1.630592338990994317e-01,5.866171477133533818e-01,2.404698076743545798e-01,4.322169620547435254e-01,9.172948787539585425e-01,5.290960631684727966e-01,4.137953408838462854e-02,1.540243927906770338e-01
8.155164019181322665e-02,8.131094589283696106e-01,7.950206106930881589e-01,6.384561051594720427e-01,6.597182331090474250e-01,3.968904997996409723e-01,9.956122534593225826e-01,1.500326410561921842e-01
1.239635473134710619e-02,2.853541442636361447e-01,8.456318552843348213e-01,6.155627208559631969e-01,8.794569193217338654e-01,3.827061382559177050e-01,7.478547666184094389e-01,1.507655633981357657e-01
1.737425925597723131e-01,3.420552571720988366e-01,6.937489495637327863e-02,4.813130837363103764e-01,9.600145569965979897e-01,5.922950114577270053e-01,4.128431896475298624e-02,1.532407533832972901e-01
2.336506646071694060e-02,4.726322239838219308e-01,8.248882870079033980e-01,5.899494079887084297e-01,9.320563387321184612e-01,6.717207885861664618e-02,1.457013321326747213e-01,1.541862587509348625e-01
5.944052538161277016e-02,5.311511022308352814e-01,4.266414814416653600e-01,6.958332121617634147e-01,7.270706632886342335e-01,3.145509795662659869e-01,8.715183060145639260e-01,1.502911940234285537e-01
1.143273972760924101e-01,4.067626598704475183e-01,9.572952767530312768e-02,6.217579056916686664e-01,8.457952423974315348e-01,3.704095450472793538e-01,3.665879391660665787e-01,1.531875252708420065e-01
6.459925062504350002e-02,8.308360926378592914e-01,6.060471332852871429e-01,6.852896426953150044e-01,6.626195438906311574e-01,9.495526488291800016e-02,9.371276426291451633e-01,1.506257559770536603e-01
3.329452980720782468e-02,4.743384215487010946e-01,7.064461780595885365e-01,5.785066276292833987e-01,9.369898574477165676e-01,1.167510419871399252e-01,4.534079011761453781e-01,1.522915305104543537e-01
9.051525706537774663e-02,4.649154160627838039e-01,4.047718711182745066e-01,5.128038394304750280e-01,9.226483353397536558e-01,3.331105896902887276e-01,2.823983106849919933e-01,1.537022690200122166e-01
9.009719189024406605e-02,7.616422543051233340e-01,5.511628355162190296e-01,5.938477682808014357e-01,7.696522795743231393e-01,2.698418992592949150e-01,2.881879122485747624e-01,1.536166697737878506e-01
1.644071289950839732e-01,6.442496440592483387e-01,1.066793550450810812e-01,5.614105875594973538e-01,8.028808684682769981e-01,4.606935355103135565e-01,1.083972320408312373e-01,1.542116180185340024e-01
8.227618527223287681e-02,8.529834220100218634e-01,4.458594371302045389e-01,6.656838675562809504e-01,7.097358845275176797e-01,4.155261729505160817e-02,9.312960955799500784e-01,1.504968616763910916e-01
1.152383086960609981e-01,8.569192276116978091e-01,3.616764036432149054e-01,6.490423361638482103e-01,6.451633657799623611e-01,3.295197682650230497e-01,8.719121585513652795e-01,1.509792950983318560e-01
4.504213508195514803e-02,4.709601628456143163e-01,6.605600749374985758e-01,6.107606123613710247e-01,8.156850316624354447e-01,3.179332516355507510e-01,7.517423268629233046e-01,1.506542319078630898e-01
1.804798662301768941e-01,7.460013233457070125e-01,5.465812611946341271e-03,5.657756675123257750e-01,8.299085857832042556e-01,3.614899166595110791e-01,2.138292423600318681e-02,1.541740329075990679e-01
1.818817011265266848e-01,6.153152611829761920e-01,1.954126352169468506e-01,4.970741704523020110e-01,8.215895983157396332e-01,6.567346129986095793e-01,5.913481705576650871e-02,1.539878213201386070e-01
3.914070699051335617e-02,3.872150229262545928e-01,5.882905839825103289e-01,5.190852441868721856e-01,9.925469507253786849e-01,1.686929765993431529e-01,1.265509557864075707e-01,1.542765398046220260e-01
2.117609345008186206e-01,8.192716746501612635e-01,3.107715621659512539e-02,5.160553751974881198e-01,8.171531943842538226e-01,5.085954149284099834e-01,5.478042022166673686e-03,1.539246704238774188e-01
1.384464515722711175e-01,5.361884111626532556e-01,2.760319467616859090e-01,4.301826220177435989e-01,9.629645910396600339e-01,4.083943492181062451e-01,1.791514997593601777e-02,1.543425599503569223e-01
7.800779609550603788e-02,7.455746269670792126e-01,4.283361784892113500e-01,6.189118526143433385e-01,8.325245305707555943e-01,9.123669451830343502e-02,1.782850453726739226e-01,1.542891260626938765e-01
1.238480855235450651e-01,7.750298683236038766e-01,3.337008365147029476e-01,6.416436175535397135e-01,6.829504399409330739e-01,4.285903437757933032e-01,7.261262867731408388e-01,1.516785735850507688e-01
8.742988710621135695e-02,8.622764797719932872e-01,2.282574400148314475e-01,7.783974880963480114e-01,6.463363997024045293e-01,9.903353932321393160e-02,8.507180513293266522e-01,1.512671175174760685e-01
5.470050959919615235e-02,4.864507536421145972e-01,6.644019939512703088e-01,5.353184871712356463e-01,8.921694584898495206e-01,3.057684171574235332e-01,2.910942361927126854e-01,1.533866532331698840e-01
7.783929780778599261e-02,2.945387269888798398e-01,7.094614255650383283e-01,5.061255165614988449e-01,9.093752519437551252e-01,8.375104084637494672e-01,9.026756180489148296e-02,1.534434936439516284e-01
1.147721793998948830e-01,5.935992417284648992e-01,1.618216662601255074e-01,5.463699128320330667e-01,9.083722395644211467e-01,2.575921610665779515e-01,5.002276003744365873e-04,1.544815141727124697e-01
8.971488222503631871e-02,9.118527857431681927e-01,8.765319852531773259e-01,5.146965512009507027e-01,8.005544969458676663e-01,1.754170839183727404e-02,2.696332233599529893e-01,1.543231782575222033e-01
5.898051291033709620e-02,6.548606887161260159e-01,5.613136960092920402e-01,6.715502578842017511e-01,7.454846568004426244e-01,1.355336169578972016e-01,9.677050167523597590e-01,1.501436268058117529e-01
3.450344247013835408e-02,4.850549181579549840e-01,8.714720317121265047e-01,5.335069960900254982e-01,9.350179843886800013e-01,1.578710228263336401e-01,2.538739416181161612e-01,1.536613945017775429e-01
4.604837657822385966e-02,4.949815821318026554e-01,5.561185453780832511e-01,6.190144955530113569e-01,8.487541396227901158e-01,1.642757692878782649e-01,5.969881620842272252e-01,1.521254112167277073e-01
5.196957279014847303e-02,6.171413352967156651e-01,7.776934575075014067e-01,5.907398084487249790e-01,7.930865300833064291e-01,1.406821427117641576e-01,9.769888754535518416e-01,1.497834280057467049e-01
8.138256335522374429e-02,5.207325275744253412e-01,4.438136137712575535e-01,5.374448383715435540e-01,8.963080022578923112e-01,3.475384386492511579e-01,5.983420656731081033e-02,1.540208423463958476e-01
1.852239733362383567e-01,9.252067458566881619e-01,8.688390158487391268e-02,6.340527845295496068e-01,6.870610593984729508e-01,4.654719695110012267e-01,4.374191830981123963e-01,1.528561873602820587e-01
6.074736990594696573e-02,7.088571537184003013e-01,5.907203845230810657e-01,6.300246300846292780e-01,7.836168116339984335e-01,1.266291881946043363e-01,4.325417770959463226e-01,1.531831139428998789e-01
9.094841588592272874e-02,9.029910564507924731e-01,3.693848348752332700e-01,6.670664385484956771e-01,7.135713460056221091e-01,1.437532207653191563e-02,7.173452974217660039e-01,1.524195081790470641e-01
2.932667559250062839e-02,4.520213313383932840e-01,9.455379762866367166e-01,5.847163544955651382e-01,8.069668198143331583e-01,2.957759115508058478e-01,9.859435671039880056e-01,1.500202657623780078e-01
7.277237779060419243e-02,6.530557818815723170e-01,6.498052410473964535e-01,6.844899417372746209e-01,6.900225793544807473e-01,4.665595712684577068e-01,9.527963909508635476e-01,1.495252721165556686e-01
5.255387736945114907e-02,7.058728197164017004e-01,7.032200399394458179e-01,5.926755221862421985e-01,7.857553685381188924e-01,7.922425007823363785e-03,7.758173692380642139e-01,1.512604171752325033e-01
4.742142369661275780e-02,6.356131323379217157e-01,9.456326840999556005e-01,5.353669662259087358e-01,8.889038302275935610e-01,3.901890403993901746e-02,2.302826448654648472e-01,1.542788043592546177e-01
1.254550573011926351e-01,6.632862741464511380e-01,1.149144213926215352e-01,6.249184588300895626e-01,7.743344017919168154e-01,2.506426691175302479e-01,5.219468657056427485e-01,1.529620900438586617e-01
1.768341395968607566e-01,8.127754300195593196e-01,1.129624862311759959e-01,6.261570511340334155e-01,6.884715086564948683e-01,5.450446800341870457e-01,3.948350609643485054e-01,1.530713734533043768e-01
7.369624721043695204e-02,6.251689337610482067e-01,3.983580541045961820e-01,6.850051655983881993e-01,7.056562620505201222e-01,2.798680854235535698e-01,9.775580378839250351e-01,1.499579916852444850e-01
2.501393121658050667e-02,4.503565018859454483e-01,8.418263767751810178e-01,6.478892192493771462e-01,8.111292546681394544e-01,2.545205930376808201e-01,9.859424259619224973e-01,1.497609433906758325e-01
1.024918014616478940e-01,7.047238334266799908e-01,2.235041068854561885e-01,6.442658586802039178e-01,7.607960626428683648e-01,1.987678864738890439e-01,6.265783310985135746e-01,1.522922429325193061e-01
5.287796539052482675e-02,6.543586827709393372e-01,5.116547562354827328e-01,6.239929355874054284e-01,8.639411070886170441e-01,1.403088761027593279e-02,3.938512985005426237e-01,1.531158279864052174e-01
5.935295640565688147e-02,6.607301539505299193e-01,6.798686853908417760e-01,5.683879906535744819e-01,8.770643570666587507e-01,1.157624403437557126e-02,3.708149287675840400e-01,1.537361675624174806e-01
8.111622579845764736e-02,4.710529437674403352e-01,2.702009362528623448e-01,6.117422775638490240e-01,8.556227075344676747e-01,2.597703132618410238e-01,5.430271320204418384e-01,1.525365247051730377e-01
3.073349240785305803e-02,4.185166461626329548e-01,6.988887270278091313e-01,6.511726784972732274e-01,8.164011379153205406e-01,2.824609486925011570e-01,8.585674732347153837e-01,1.504784026500133320e-01
1.604115856205736712e-01,7.619614299938947122e-01,1.791221692064041138e-01,5.538387573970336986e-01,7.830272910028061029e-01,4.860916652497175861e-01,8.942060241153071409e-02,1.541132203091253317e-01
7.388887690730441826e-02,8.166841588091060533e-01,7.700421135354922342e-01,6.411587196860881743e-01,6.820088149937243438e-01,2.649001427284476406e-01,8.415354547164550780e-01,1.509329895983938796e-01
2.069085840680044697e-02,3.622447306275637935e-01,9.938125491208456008e-01,4.852479366193023225e-01,9.780898231566752532e-01,2.120965532642475060e-01,3.336745202749501482e-01,1.531734742467057431e-01
1.833938802018374170e-02,2.512430430032797091e-01,6.677210549497166747e-01,6.405048620562014960e-01,8.738669643658409925e-01,3.111695886042596948e-01,8.962995904605355335e-01,1.500392590707763651e-01
1.095356225585321086e-01,4.361150712635701865e-01,6.198960821919824449e-02,5.960486216700908724e-01,8.873452479281017657e-01,2.136177653346895966e-01,4.468812164028919676e-01,1.534891006560781257e-01
1.333099218049951240e-01,7.426836862143406659e-01,2.759289262842863355e-01,5.360964566427840472e-01,8.486946939347976837e-01,3.783667152237716880e-01,8.625340876147635782e-03,1.540720448289126521e-01
1.619935670278111750e-01,9.282301817389974063e-01,1.189046675554830679e-01,6.392649404800905266e-01,6.985315275218777487e-01,3.221586088329957409e-01,3.842479285352791152e-01,1.538838484536048656e-01
4.699392785126720040e-02,5.396492828197769764e-01,7.158571205338601917e-01,5.459904782295955661e-01,8.916746861949006453e-01,7.473435542474959892e-02,3.474157482633885019e-01,1.537842928099049655e-01
8.041853701356503625e-02,7.363069702911647640e-01,3.268815443095327011e-01,7.478143849273750643e-01,6.483212932730638700e-01,2.221490960733938924e-01,9.102690240590611825e-01,1.504344628777216086e-01
3.463594660615132437e-02,4.796036555371509524e-01,5.669272458836149831e-01,6.070924100546373214e-01,8.803628128149318943e-01,1.069959706587164938e-01,4.674468675228373171e-01,1.528319456938184162e-01
9.017377502549726864e-02,4.982692634417294486e-01,5.729842044271827861e-01,4.865808581239790542e-01,8.860980876847809329e-01,5.059523094009190647e-01,2.522202549409345851e-01,1.533300666457760308e-01
1.083934079558300512e-01,6.120411274860009243e-01,4.005245727387535815e-01,5.436237865108777267e-01,8.197043912466313031e-01,4.376588606364895107e-01,1.272128732122505546e-01,1.541725033388917920e-01
5.509019307292736811e-03,3.008129394622676700e-01,7.013039997371781631e-01,6.641171059978171476e-01,9.238811547074856634e-01,6.967190426811192827e-02,9.298567091505334226e-01,1.501577430791490031e-01
1.162245375022450955e-01,7.679018531535269920e-01,1.526200649899911443e-02,7.130189118539276283e-01,7.488443986719141021e-01,1.413485770955014709e-01,4.164447472648051263e-01,1.533648230680461910e-01
1.482699880386175728e-01,4.881582450214565494e-01,1.509600096502479172e-01,5.602659938773664194e-01,8.514264084294131951e-01,5.134463555346607810e-01,3.405912400728103306e-01,1.529986248243720981e-01
5.851063717627100896e-02,6.814276341321534591e-01,8.338635728025232119e-01,5.956545314092875909e-01,7.590635973860534458e-01,1.816725905545028552e-01,9.722468506105513830e-01,1.498243331406972634e-01
3.265283712328554550e-02,4.873234291828296705e-01,8.501796078112704436e-01,5.434636087304510754e-01,9.064861474468327573e-01,1.104661487636272588e-01,6.791857521520371366e-01,1.513719749279419102e-01
1.941507655106446406e-01,5.249183841801374761e-01,1.625395631706672006e-02,5.224893491119837474e-01,8.769518492728236581e-01,5.364986501786841444e-01,2.196658903663101237e-02,1.540209796951973187e-01
8.844943691663624541e-02,5.469918762147149005e-01,1.026976801400854566e-01,6.440429355970826997e-01,8.450065410779186159e-01,9.421804327546715041e-02,5.345785138720159368e-01,1.533068806415257557e-01
7.378846165251498612e-02,5.565141651305753889e-01,4.455956895661908890e-01,5.028905678910002841e-01,9.505744835697963468e-01,1.421883258998924981e-01,1.759341647092886318e-01,1.543401534917919760e-01
8.903247840455139062e-03,2.809793730612905049e-01,6.167522084720432618e-01,6.511845602684627199e-01,9.145296398748186117e-01,1.408357169564697364e-01,8.466223241100847563e-01,1.505924123794318559e-01
1.300740537538923047e-01,9.545527372959476953e-01,2.693932869426353127e-01,5.655011091003360191e-01,7.868609597106729359e-01,1.396773459241737736e-01,2.065234358897866107e-01,1.546027968269935160e-01
7.684518890455609152e-02,1.743209088030956422e-01,6.365943129136568679e-01,4.532481830274807111e-01,9.697750504717720377e-01,8.188505830363677074e-01,1.252798101422497590e-01,1.535485638419125110e-01
7.746115240871942476e-02,8.354392907182619510e-01,8.695511487938372142e-01,5.386443692779433468e-01,7.889579684696136352e-01,1.291501195405347913e-02,7.545384335217866223e-01,1.517591030357505755e-01
5.749147844993031387e-02,6.308098766886782727e-01,6.046905604776594556e-01,6.749059934601007171e-01,7.021849460168162471e-01,2.734725095383610527e-01,8.281873231571951210e-01,1.509242608737478009e-01
3.706141794630399278e-03,2.706618998441553958e-01,4.377419274299621521e-01,7.437846312798925830e-01,8.821599013927319266e-01,2.408716264405189045e-02,9.724947363771585529e-01,1.503001894742469480e-01
1.534966400400879505e-01,7.904876283943939042e-01,9.647605554042765208e-02,6.163861045961569474e-01,8.024842834387077017e-01,3.247132291188336017e-01,1.544994674148901237e-01,1.537722879686825583e-01
1.168747206281948725e-01,6.359166139780942917e-01,1.731560735894018821e-01,6.515014604562606726e-01,7.757925965220691111e-01,3.161826833046849083e-01,4.691986839637458107e-01,1.527652057927309237e-01
4.958044876584533078e-02,5.160245625334539676e-01,8.228733487132615654e-01,6.034996102622568470e-01,7.785475861252033614e-01,3.711809321402863016e-01,9.937289913577020961e-01,1.496717083379161539e-01
9.100420235828884929e-02,8.116868606563026889e-01,3.622808488040475394e-01,6.580831746227333579e-01,7.630852293858029212e-01,1.674928284869319217e-01,2.166766908627373311e-01,1.540416969713606643e-01
5.843186240778622947e-02,6.230359921415025148e-01,5.048481294330352531e-01,6.429014990812578212e-01,7.871123727545900062e-01,1.442967428306038136e-01,5.827357082087587514e-01,1.524247670125815080e-01
2.240985198492212449e-02,4.396914487965070673e-01,7.539562444586570544e-01,6.443555396934950164e-01,8.353121975686451650e-01,1.908571701260631526e-01,9.240817312911946413e-01,1.495492324860308586e-01
1.129690089673715536e-03,4.037044716561719038e-01,8.308291662600376659e-01,6.824004830863461546e-01,8.355296619522909474e-01,4.905591826021143964e-02,9.675639282621144588e-01,1.501611232048574440e-01
8.775978988046242990e-02,8.369494196435649513e-01,8.086954226857245853e-01,4.826152139064943669e-01,8.388105533348837461e-01,9.177942400511968080e-02,1.836975037692140100e-01,1.546084506737491204e-01
6.654269274557056413e-02,5.944447806436744530e-01,6.973863775728961212e-01,5.485753865305956767e-01,8.682981787762230619e-01,2.551148463077803630e-01,1.692633205887041359e-01,1.540739139327634843e-01
7.760871866969087929e-02,6.138377117099345082e-01,6.256851848438862440e-01,6.101560269992447605e-01,7.436340229074918096e-01,4.358568422196570369e-01,6.632274980604390135e-01,1.516553018532134367e-01
1.614041839168907089e-01,6.222538614498602794e-01,2.128374078906779265e-01,5.108172783182609589e-01,8.747818423052499126e-01,5.188899716720086763e-01,1.078216405963602353e-01,1.538009303604043476e-01
5.282487256478978627e-02,6.241069981218666518e-01,5.292737908293274618e-01,6.309224524145303770e-01,8.223493400297628986e-01,9.324835957345642412e-02,5.948276325624287653e-01,1.521420988602230073e-01
6.619276348972233381e-02,4.584692706906005055e-01,5.085896467249848563e-01,6.309401505563394519e-01,7.566290298051420171e-01,4.139463477819174120e-01,9.217988993080581395e-01,1.502493571779992543e-01
4.466839537041689123e-02,4.992236292762770034e-01,5.618015722631959363e-01,6.306997110581742394e-01,8.163000785105014590e-01,1.528331648672902332e-01,9.655603900442062404e-01,1.498489580576377878e-01
5.864349751179184084e-02,6.880810070012364221e-01,8.686799532141689095e-01,5.488819429109396131e-01,8.174243091972711595e-01,1.835020026434663054e-01,3.277069970078450023e-01,1.536000310444126382e-01
7.715822065302746502e-02,6.694130328158224286e-01,3.722479863052451377e-01,6.088327671771283089e-01,8.457684534567575518e-01,6.776228507523607281e-02,2.882901801244741602e-01,1.545283931280417300e-01
1.882076680228945698e-01,7.175116609141301005e-01,1.534275554048152856e-01,5.348657425351066586e-01,7.949221169801176101e-01,6.183761554948625783e-01,2.579249493180230113e-02,1.538057310385897714e-01
1.724886512449019804e-01,6.852882165956665217e-01,1.571506285331442654e-01,5.091442030995668722e-01,8.228758031280453134e-01,5.167058599835288035e-01,7.600317273975737420e-02,1.541953551654192400e-01
3.698218916340538509e-02,5.484880766071574820e-01,8.454825596553765532e-01,5.961566850049128119e-01,8.120808834029444867e-01,1.730568133455342161e-01,8.355864608090197709e-01,1.505295423465496107e-01
5.338640184498017610e-02,4.759686014958591782e-01,7.907258575430446967e-01,5.755715397071484718e-01,8.071106174407139955e-01,4.468088937447488584e-01,7.218683775770213806e-01,1.513114307345754528e-01
6.140647907594176669e-02,5.401569826562732102e-01,2.429857209539210694e-01,6.575914416577851584e-01,8.621542158231991770e-01,3.285154148171026689e-02,6.991628071964627322e-01,1.520248148704664293e-01
4.612660847604427988e-02,5.589032530077179262e-01,9.039075988409964735e-01,5.703192468292582751e-01,8.202862285480966298e-01,1.657768045208146690e-01,8.697269752203800053e-01,1.508476970842413389e-01
9.163926654062530541e-02,5.439478717361203586e-01,2.988312081538354592e-01,5.814072014517073228e-01,8.928171826603411576e-01,2.268463564810111743e-01,2.898690221367158371e-01,1.538747458701166804e-01
6.846184612243617906e-02,8.102479118421961335e-01,4.574832576434567089e-01,6.723970765890217027e-01,7.409201691614917262e-01,4.352436993594610559e-02,4.200319507291696008e-01,1.535127815055322420e-01
3.728169138483912459e-02,4.330308211659699702e-01,8.653070600825625291e-01,4.802942334132612734e-01,9.624645651578664918e-01,1.607431828981917277e-01,2.899121976672841550e-01,1.536529530105616992e-01
4.324413840380676721e-02,5.262752488872363132e-01,8.336974541633664915e-01,5.140837580206073509e-01,9.204938105298615669e-01,2.198134464427499712e-01,7.864320072868197231e-02,1.539538374840871970e-01
2.191298303227707522e-01,6.554406026932448892e-01,7.345717232008552866e-03,5.201324926606698540e-01,8.627833875143652298e-01,5.866939618693720604e-01,6.275967586528219400e-02,1.535236683073932518e-01
1.343085828372431734e-01,6.277972584653183086e-01,3.551600606872467036e-01,5.662150168355841728e-01,7.707916842118122114e-01,5.964752994187110247e-01,3.503046772970903611e-01,1.531382230725718829e-01
2.869482475850582137e-02,5.552920764687180322e-01,9.067437045180004596e-01,6.334692514147929332e-01,8.111050313606331663e-01,9.663251720979260107e-02,8.395270145674903484e-01,1.509558275817891038e-01
6.768895623061019218e-02,7.784625696639861925e-01,6.316074888901015427e-01,6.749327672862738270e-01,6.840827990463268504e-01,1.666392154962829664e-01,9.729808011474769813e-01,1.503622090914459586e-01
1.339539621922822832e-01,3.925134718153500124e-01,6.672278950314758372e-02,5.556645500135106719e-01,8.961029932316774138e-01,4.126049693243800109e-01,1.907409374258985379e-01,1.534405991867509034e-01
8.632727531101754004e-02,8.462726843367696095e-01,8.414608402424119671e-01,4.915044162109862835e-01,8.195889090156982526e-01,2.156939941006347228e-02,6.713275368895039730e-01,1.522804540440820531e-01
1.026364549491037559e-01,7.614960364355036759e-01,4.650427906329346883e-01,5.714104501922452339e-01,7.687795069591233377e-01,3.246209396315592466e-01,2.169085065302634174e-01,1.542365436963907266e-01
1.201087903632547943e-01,9.118671512911287191e-01,2.033855938056497448e-01,6.622221363152609452e-01,6.848325263297221355e-01,2.050546840978467733e-01,5.082584415616907547e-01,1.529446958849098037e-01
5.125607672510960888e-02,6.075164029268632637e-01,7.684620431530329032e-01,5.423768558352948244e-01,8.801503263022869561e-01,6.301371961792029408e-02,6.279493694570690288e-01,1.520051829110792563e-01
2.731110582261485342e-02,4.545729041067310128e-01,9.472068449605324236e-01,5.806864783593320700e-01,8.437966479880798509e-01,1.982641067958925696e-01,9.676753586698776388e-01,1.499906461943055491e-01
9.287490713666882169e-02,7.378769759763936786e-01,3.558962833775072832e-01,5.472475981627907826e-01,8.927737615064293974e-01,5.468606039003215402e-02,1.471265367144412028e-01,1.544576756986180410e-01
6.199048364422363872e-02,7.885454826079242308e-01,7.494499822505289455e-01,6.202322589439170919e-01,7.493391447613597656e-01,9.717492618113432457e-02,5.220469731740998709e-01,1.526769028094626113e-01
4.241558067641353069e-02,4.390628133140737077e-01,5.497017322590842525e-01,5.835795934736281998e-01,9.274785967022498578e-01,1.566347400604321538e-01,1.805126801859671115e-01,1.542010191179011280e-01
2.069309503911192227e-01,9.738656923369486407e-01,2.655579968682281189e-02,6.063789475607773705e-01,6.930669026908509167e-01,4.656768884192751812e-01,4.569143070210988644e-01,1.527744262750594106e-01
1.034536567465258183e-01,4.751604715220446029e-01,4.107708556654444676e-01,4.704336667420291884e-01,9.390376793981263237e-01,4.228394420463048031e-01,6.437188821583317289e-02,1.543180801726340978e-01
8.217235982177463482e-02,8.208431309829449241e-01,5.760841306751008917e-01,6.579365151796044975e-01,6.624741523512043262e-01,2.380836782949152242e-01,9.600847491323480920e-01,1.501918462200954318e-01
6.136483295992061632e-02,4.796782978636231487e-01,6.697961988257729038e-01,5.893662942595259135e-01,8.062867137006018980e-01,4.799396146024439980e-01,5.218070425959668857e-01,1.521466821160561145e-01
6.381710961094415324e-02,6.411356407976227523e-01,2.527748959278718344e-01,7.106897378413290500e-01,7.412901716707785971e-01,2.816533320318539979e-02,8.017292741663017974e-01,1.521133810504764206e-01
9.027100152259708021e-02,6.293624014370013953e-01,3.690137954213711380e-01,6.232076606154872689e-01,7.729870043225911536e-01,2.857930232130104220e-01,6.758079902948034290e-01,1.515231736045524191e-01
1.560057916599093542e-01,9.258914636358823724e-01,1.834500464836696376e-01,6.179931551510181587e-01,7.487821568124438665e-01,3.588851834170536659e-01,1.139334399603250114e-01,1.542773003317717828e-01
5.692423868065301512e-02,6.180627941061325181e-01,8.105644788775376863e-01,5.280042871238962432e-01,8.861167457421195159e-01,1.719760656050230430e-01,3.682674181364676835e-01,1.528455365959053847e-01
1.281314480927402133e-01,8.528328257787036737e-01,2.177371459375537222e-01,6.174619741939540996e-01,7.908829173926426037e-01,2.489571664388925964e-01,1.661709627923844690e-01,1.538402471058623044e-01
4.882719159090558730e-02,6.448947132046878306e-01,6.722002646013449656e-01,6.733509112321369727e-01,7.625410911121776047e-01,1.940703511782977397e-01,6.377743932589392539e-01,1.514733465327132711e-01
1.504458937553134201e-01,8.461266543726767564e-01,1.766108850045791101e-01,6.547475018293607008e-01,6.732174536705863854e-01,4.231494250839833438e-01,4.751995341337947876e-01,1.532440885209509496e-01
1.178880865570528791e-01,9.414640063112187374e-01,4.802331207271098856e-02,7.775039876157534557e-01,6.243414777766959078e-01,1.042061147282144773e-01,8.852360269990710018e-01,1.512693321432619642e-01
9.609877515401413217e-02,9.531298029541284134e-01,7.799788679167990457e-01,5.515121595179446334e-01,7.218944333516802425e-01,9.467928960672275518e-02,9.705622164669600593e-01,1.507024248563404167e-01
1.878758629384891798e-01,8.525732829575202176e-01,1.902136018072525525e-01,5.222037090976745510e-01,7.645983004892678014e-01,5.207779412754320880e-01,2.025148448449552996e-01,1.539176458297382699e-01
1.014642519035258844e-01,8.039879947685441008e-01,1.822583436700824788e-01,7.020261654432768950e-01,6.762414121287841917e-01,1.681666330989111113e-01,6.099977385058141799e-01,1.528145318784020490e-01
3.857425016405381657e-02,5.740581224445259201e-01,8.978790236760350041e-01,5.878054466880509032e-01,8.176657840380884279e-01,1.994229545591902908e-01,5.515441785205623670e-01,1.522707984751013599e-01
5.674651929753428414e-02,6.357201920965269704e-01,3.791273259549309271e-01,6.999429554598639580e-01,7.651836078746272474e-01,3.899781453293862943e-02,9.966381741272569705e-01,1.500648479491185627e-01
8.121813104327170463e-02,4.960796581582386233e-01,3.368198688522258122e-01,5.660361571580819762e-01,9.041584268535050040e-01,2.613525945965216035e-01,2.310733272113343617e-01,1.538687481788639511e-01
5.562723761121411703e-02,5.634529143467433832e-01,7.436418998857354801e-01,5.259261433449102796e-01,9.100110357849194864e-01,1.285204003297479580e-01,2.600915503803067352e-01,1.539436479721169870e-01
2.970855997993024356e-02,4.550279632575227051e-01,8.116990256169203111e-01,6.213772035557227902e-01,8.382831865137171379e-01,1.565879753682569431e-01,9.765865527555552816e-01,1.498801594499721834e-01
1.028318699118742352e-01,5.945126080536103919e-01,4.946355512870756477e-01,5.210641529358045476e-01,8.322993778513172458e-01,4.524179452622165698e-01,4.588457566486958128e-01,1.526372349426158570e-01
3.497711294409364818e-02,6.259434778446284486e-01,6.490301668796535361e-01,7.009263208217634267e-01,7.939593815689078848e-01,1.368309364423542229e-02,9.679572936131191074e-01,1.497305448969675212e-01
1.279593035122681410e-01,4.052781191454933873e-01,3.698036207375908213e-01,4.244180959127832331e-01,9.697606615923212159e-01,5.584768456846596063e-01,9.150451348732446810e-02,1.539726070181016426e-01
5.954781086952566638e-02,7.045955877393645927e-01,8.397187613505782133e-01,5.748091916913946609e-01,7.677157113861932114e-01,1.088328446097725777e-01,7.145962537615218046e-01,1.520637041346706297e-01
1.582346626639969944e-01,9.317990061416885350e-01,5.392511960293544515e-02,6.841365124562639455e-01,7.000903976885296531e-01,3.357906184543172357e-01,2.477328158426306270e-01,1.534187300679826504e-01
3.329158003940989319e-02,4.257503652520660542e-01,7.420197327671066434e-01,6.627542323893422793e-01,7.882371543838254668e-01,4.280734882586028078e-01,9.508813890998322194e-01,1.490142196475764680e-01
7.146474084482756783e-02,7.409669028746637132e-01,7.997249453168191469e-01,6.192667314685581514e-01,7.123340405709357448e-01,3.009880273347511070e-01,9.930536342590587928e-01,1.499139215010010240e-01
8.199540909579336456e-02,6.501830562017223425e-01,3.865653033618586254e-01,6.023965945778513298e-01,7.985434355620727453e-01,1.409806321241461879e-01,6.372606788147050505e-01,1.524939425750913569e-01
4.804453541847583664e-02,5.988865217168052313e-01,9.849177415488120646e-01,5.112833761927292331e-01,8.844516351804998511e-01,1.601692184708858324e-02,5.139915715482599179e-01,1.532487761665281556e-01
2.052971921849221504e-01,9.584717496522761060e-01,1.549383038216854414e-01,5.141917087105903894e-01,7.900465716129060345e-01,4.934448085970685183e-01,1.010834018874671170e-01,1.540926559874199187e-01
1.692646318372034997e-01,7.353555590205187453e-01,1.155327080654511285e-02,5.562769140201914153e-01,8.139525368068660782e-01,3.472886358858683353e-01,3.983194866213135565e-02,1.543890166976545908e-01
8.605720663179587671e-02,7.825162666425490299e-01,3.989641006520830979e-01,6.680708989774695183e-01,7.102128988770033402e-01,1.962693834972766005e-01,7.848543639977159092e-01,1.512049295709589625e-01
7.851989439187802289e-02,5.042416396541511414e-01,2.889735511687625547e-01,6.856548409900119490e-01,7.514131467904610062e-01,3.113768811289629457e-01,8.875627272172321724e-01,1.503281179477001794e-01
1.178244686984864231e-01,3.970620550095003143e-01,1.624901094520587730e-01,5.460177965478403284e-01,9.034154694157825460e-01,3.826365341947413623e-01,2.231386785061392486e-01,1.538395225962785884e-01
6.256254097832172900e-02,6.253999758630044425e-01,7.338496327809396202e-01,5.117031250501269390e-01,8.645970643427111080e-01,1.767090570504220581e-01,3.098484409344192114e-01,1.533352210736406984e-01
8.139774465362875633e-02,7.122388662178752439e-01,4.081009210736671888e-01,5.537639754596893615e-01,9.097750573408663888e-01,8.245725956793853451e-02,5.725418082758743088e-02,1.546985108563705136e-01
1.199567588739285789e-01,7.127965763045552849e-01,2.073027285078810067e-02,6.719604233653464487e-01,7.694699009734142781e-01,1.641489334114416276e-01,5.370627316840465015e-01,1.528124134377846499e-01
4.852294693694823857e-02,6.968470419090833090e-01,6.933370709242123731e-01,6.292532253709284262e-01,8.051590714526376535e-01,1.337560810570731507e-02,8.405640463053889455e-01,1.506058652218115745e-01
6.867065163861049704e-02,6.468231591291070393e-01,4.796738221948377290e-01,6.274435068478424471e-01,7.597719401844319487e-01,1.908916559523800571e-01,5.661403676607916768e-01,1.527842451800339729e-01
3.770100239621319849e-02,4.703438928652156070e-01,8.634193222195568618e-01,5.334688754123021459e-01,9.249902906959275306e-01,2.105532106283991567e-01,4.669248033536587683e-01,1.522478207668081229e-01
7.055335657114968073e-02,6.335902544061899899e-01,5.014366787191997243e-01,5.478695280604137796e-01,8.778626772243723897e-01,1.695548481200761515e-01,5.804183706684235000e-02,1.543691043453301603e-01
4.039542490579009493e-02,3.990385028228616848e-01,5.252189228733887827e-01,5.651315444510389696e-01,9.772080562895413269e-01,1.706242490771841536e-01,1.591071838343879885e-01,1.539351024781933086e-01
2.594878139782436088e-02,4.501466236730049530e-01,7.099334178847378496e-01,5.891670544284876021e-01,9.294267515679750513e-01,8.919001809067586550e-02,6.319916424660719789e-01,1.515586791662121569e-01
7.959486442436630727e-02,6.606425938777296114e-01,2.814830304212181944e-01,6.300378228675358461e-01,8.112052446849838949e-01,1.161147503388861302e-01,4.341904223177862066e-01,1.535417226009187230e-01
4.538164078757334075e-02,6.345812804368681226e-01,5.593610442640587488e-01,7.291010169361632487e-01,7.508937216656413893e-01,1.112641053065352159e-01,8.961408923771000401e-01,1.500590402662467238e-01
9.418702845459769879e-02,6.023287055062847006e-01,5.075440241251649720e-01,5.553271680397290355e-01,8.399652254533392925e-01,4.472869373516420444e-01,1.580771604860843893e-01,1.536844739767962986e-01
6.711710636951390141e-02,6.446605820646075236e-01,4.244307051419418109e-01,5.828967866112553242e-01,8.592134919630974865e-01,5.869673156981802808e-02,3.980260418807748390e-01,1.535729274402151401e-01
8.389426454017712143e-02,6.529917369857661802e-01,5.242799349022142508e-02,6.991490384109103617e-01,8.177641874608134742e-01,4.542058998347198173e-03,6.582755758894369702e-01,1.524857838508582586e-01
6.482831328393671988e-02,6.406485608937306786e-01,5.704994553245990030e-01,5.336203936803388670e-01,9.151075053494637235e-01,4.901030079935525530e-02,1.311208412482121610e-01,1.547890232691440937e-01
1.062827197076180313e-01,5.085364930156877072e-01,5.077940599530634813e-01,4.615390352149675302e-01,8.846513067410353148e-01,5.569684662810728826e-01,2.676498810781352544e-02,1.544758183322166856e-01
1.551106965516396985e-01,6.216870510485275059e-01,1.630855634968708112e-01,5.964973775572899317e-01,7.615774977741658347e-01,5.644891564944494178e-01,3.212197959806810110e-01,1.529332949062341407e-01
8.242970699059046225e-02,7.057752673956054768e-01,4.882473226841098080e-01,5.405589017789615980e-01,8.931358167067682263e-01,8.598259501894056633e-02,1.861324569401581197e-01,1.541554933479128420e-01
2.019555855574252934e-01,8.975083399146068786e-01,1.210294789723935227e-01,5.477971093916879086e-01,7.655504807775277420e-01,5.352810783765297176e-01,2.768814598769621660e-01,1.531808722391061472e-01
5.376084715036963391e-02,6.140187777848968853e-01,9.451882767989930878e-01,4.399929312744346732e-01,9.233272785507929958e-01,8.956875393166563448e-02,1.896688865285989234e-02,1.548401011437923747e-01
9.888403425467268137e-02,6.950360272000221107e-01,3.265027663635316491e-01,6.727109449517901796e-01,7.221693686403934942e-01,3.232170900824677950e-01,7.610395390501671908e-01,1.510090864034820679e-01
2.433771792612345053e-02,3.964336256430092131e-01,5.932423644315450995e-01,5.975517211888806690e-01,9.329895646182505553e-01,4.599602322101858931e-02,5.647741397304837374e-01,1.523557389908513915e-01
9.693882822577376546e-02,6.250347799786479808e-01,7.852221669309217278e-02,6.377014904993413280e-01,8.194821841762279790e-01,9.036741094909644945e-02,5.597016601907991440e-01,1.531018373605356475e-01
4.188979925572661189e-02,5.535753954779499830e-01,5.841280516093745323e-01,6.150535503257691383e-01,8.716058622805104017e-01,3.443968871979202762e-02,5.126156085941945273e-01,1.525344720942453935e-01
6.930576611666403042e-02,5.114061652733221663e-01,5.758960216164025203e-01,6.401094974995708009e-01,7.376576061767450287e-01,5.075805830543571595e-01,8.723911087973597045e-01,1.499491998108849478e-01
1.302623715956653105e-01,8.519222421126704248e-01,2.823286175643482387e-01,5.411282323699001529e-01,8.168274184269919136e-01,2.307426036026502536e-01,4.786626070724636639e-02,1.546031493338780871e-01
2.122809200506543259e-01,8.986464330065084827e-01,2.435992093112798740e-02,6.265860231561021232e-01,7.153462474779235247e-01,5.593048193011300739e-01,1.962967862344938141e-01,1.534809495052525119e-01
6.552526584463114201e-02,7.095024560096259147e-01,9.306659169604901694e-01,4.396127409795204666e-01,8.863397829744990020e-01,5.301702361188032064e-02,1.477401934948688877e-01,1.546822846250514027e-01
1.128160328309462668e-01,6.339812943618838847e-01,1.127403015942074482e-01,5.973966434012978333e-01,8.210064172909801172e-01,1.558685765343630070e-01,5.566126160007442980e-01,1.530521280033652065e-01
1.324613237819069200e-01,4.960624118630384549e-01,3.974829547263523111e-01,4.946532844181560917e-01,8.491261384901740428e-01,6.565886842998363004e-01,1.909212130861756007e-01,1.537756611472617108e-01
3.148617252049178139e-02,4.771016614094834019e-01,5.590258106055192577e-01,6.359218980608526417e-01,9.026466551337095634e-01,3.536620515918181828e-02,4.537915893257697397e-01,1.528783094721443137e-01
6.672452818677818143e-02,6.756917724818075621e-01,4.416141928235113867e-01,5.922965670370607949e-01,8.972232195490367213e-01,3.964525538116264736e-02,1.817210207021024981e-02,1.550930724914380832e-01
2.922619643258189681e-02,4.091278892058209937e-01,9.182125200467170512e-01,5.150309293423103174e-01,9.256683305756872038e-01,2.588291274025462663e-01,6.088852101905913861e-01,1.515088104437854744e-01
1.059731830780586692e-01,6.336422213452770347e-01,4.072207295468413535e-01,4.876621835081129674e-01,8.868222698905497969e-01,2.829134605881246656e-01,3.370084136259005048e-02,1.550212637736496091e-01
2.986156407225951104e-02,3.523980460582150087e-01,7.737343766741894280e-01,6.142483667985272344e-01,8.315147042166878277e-01,3.814387787902774329e-01,9.358241880479531982e-01,1.494988568880909474e-01
2.783344133465283365e-02,3.336058518561126895e-01,3.952555494940021008e-01,7.082063782917272787e-01,8.518228223718282699e-01,1.520970676632424357e-01,8.338672839278262749e-01,1.506740516723562573e-01
1.310724411394326161e-01,7.819762946074210186e-01,6.551126037462545737e-02,6.861966934194817513e-01,6.872085092098961789e-01,2.286466755125075856e-01,6.961175753248779463e-01,1.522812939450754466e-01
4.363961856134382367e-02,4.728807148551477102e-01,7.588214191326925206e-01,5.350343385477203118e-01,9.277010638609981541e-01,2.656933804233112539e-01,8.869313506657616752e-02,1.538513928574183620e-01
1.101525318974036355e-01,7.121452258704512595e-01,3.734192972579808423e-01,5.612899715349920493e-01,7.813788916311075194e-01,3.177086240342404944e-01,3.989174499017987818e-01,1.533482159835447001e-01
1.621461867182782679e-01,7.468997331308964149e-01,4.720511538515970162e-02,6.288476966483352859e-01,7.773584777703734794e-01,3.833057155576654607e-01,2.271433221240737321e-01,1.535824172163429147e-01
1.169359607243287136e-01,3.883559487767339613e-01,3.410413039657952394e-01,5.065400801467235814e-01,9.142132472665807086e-01,6.196458986253943202e-01,1.086082335783873365e-01,1.535042175304706380e-01
1.177833640448562869e-01,5.526549418641949485e-01,2.751373825673378293e-01,5.295173817563100238e-01,8.651294417342411114e-01,4.132079473717092943e-01,1.097527913414517164e-01,1.539694913030374146e-01
1.399721973510422712e-01,6.586543404853985040e-01,4.184464178906172060e-01,4.842409128973278465e-01,8.242615500670723572e-01,6.235316818895645374e-01,7.774578065682308248e-02,1.540184169011464543e-01
2.613420183700021493e-02,4.206029467455010828e-01,6.451888422768921050e-01,6.358347557594654642e-01,8.252965100676172838e-01,1.957504940576936525e-01,9.706764706450143887e-01,1.494419144158151413e-01
6.554036884258335194e-02,7.830945402663174182e-01,6.394229763897405494e-01,6.505795263284843699e-01,7.011321023972777455e-01,1.233452464042997243e-01,9.862421038245237082e-01,1.501471414062918175e-01
4.059328995808821061e-02,6.048887089604529921e-01,3.978207144979450938e-01,7.610049556305831242e-01,7.245263794755064657e-01,5.529519115100914317e-02,8.991392853395784313e-01,1.506710729385614123e-01
7.591715274110749645e-02,5.653001904309086223e-01,5.488805478088558676e-01,5.481959578606617756e-01,8.979366462607591970e-01,3.231190269543803839e-01,2.800783217807184533e-02,1.543081719501679938e-01
5.418575026641231362e-02,6.397258584032059492e-01,6.797777445712536171e-01,5.676564199551045187e-01,8.450945606895761131e-01,2.192519290473324278e-02,6.864509717560500768e-01,1.519262146806282521e-01
1.795220462382672300e-01,6.021436084514886211e-01,1.046496804962038230e-02,5.122745231693801582e-01,8.585408307590614019e-01,4.383585395258192130e-01,7.428739878190337986e-02,1.540912763685702014e-01
1.380549241168629593e-01,4.402857573633225385e-01,2.351378853530895763e-01,4.516353254201562750e-01,9.450295690666214998e-01,5.034464438432708633e-01,2.784512712605347051e-02,1.538913006130018246e-01
9.464584243449150613e-02,3.440454581640520759e-01,4.931134118417204171e-01,5.255190103007748581e-01,8.815020384822853661e-01,7.013393719557858841e-01,1.036974840612309157e-01,1.537281951978508865e-01
6.203933588770899760e-02,6.604514168211286229e-01,9.469146931556903235e-01,4.848506540993863245e-01,8.581956632734137891e-01,1.959884737604485339e-01,4.957369152608726570e-01,1.524945299467061477e-01
9.685351117578154534e-02,8.335964284628992749e-01,3.378876784713513159e-01,6.223963993165914088e-01,8.098212063819798523e-01,7.952214162586929147e-02,2.259792785220173239e-01,1.542333116442125562e-01
1.108394139507173498e-01,7.808242994127143621e-01,3.103466185477452566e-01,5.628483126820926774e-01,8.741394876209650500e-01,1.664421338732001709e-01,1.841431502050866476e-02,1.545706052512269557e-01
2.793993832865621085e-02,3.354189692039549753e-01,4.998748392218628767e-01,6.348855698438222728e-01,8.842416929656312652e-01,1.906050866969095925e-01,7.603160266845346849e-01,1.510487972807719181e-01
6.626397153332878875e-02,6.609776144218804106e-01,5.739996687726939273e-01,6.053304532752754596e-01,8.124625922272655787e-01,1.554433748423609818e-01,5.621387849637062839e-01,1.522782165543785371e-01
9.829523300140170783e-02,7.704653301444697178e-01,3.079009663395969598e-01,6.352689167760204869e-01,7.916544159954850279e-01,1.464879407362735531e-01,3.698373933044969419e-01,1.538745572553652796e-01
6.045954913930504798e-02,4.670697720459460189e-01,6.491436181770310343e-01,6.020175363626384391e-01,8.135938899082911790e-01,4.269043875735022420e-01,7.562423080265797681e-01,1.507589940181610078e-01
2.980875500159920616e-02,5.206679866494658970e-01,9.563470659769454096e-01,5.565177941012403595e-01,8.713428846180750753e-01,3.722461086285158705e-02,5.974233495623594292e-01,1.527144526408849845e-01
5.589303901747669917e-02,4.751016231347540142e-01,5.298330907026370662e-01,6.665052433319140768e-01,7.538469928511870588e-01,3.975153374651076987e-01,7.976862325757139160e-01,1.506184614700180890e-01
1.176056456021191549e-01,6.577833171705382842e-01,2.178085310339325509e-01,5.980704056400658608e-01,7.924086668156421487e-01,3.370785667677146380e-01,2.133835341412358977e-01,1.538996033004288444e-01
2.742274688822889106e-02,4.579396845862855892e-01,9.146013306362347217e-01,5.009627823718424411e-01,9.831140710058675625e-01,1.265073071301905938e-01,3.223771680854314869e-02,1.546227772079626084e-01
1.394585133801531929e-01,7.376488702180017398e-01,1.100109974407878499e-01,6.639022133780185797e-01,6.892006363034387517e-01,3.530028952665317243e-01,5.646885004432457000e-01,1.527536132309199046e-01
5.326453423020054145e-02,3.657687775345883630e-01,6.889442855680365518e-01,5.492414532575242703e-01,9.030179897329806415e-01,4.673439475978208302e-01,2.828064881763827643e-01,1.530882041314167441e-01
1.558031538157613749e-01,9.443103022078043196e-01,1.430365346196608156e-01,6.457127707112668702e-01,7.196837003948678424e-01,3.101443868221251954e-01,3.815293448928319675e-01,1.533927577040561097e-01
3.974145499824255356e-02,4.489655720917085091e-01,9.175683796924389846e-01,4.967368205491230482e-01,9.074368690217743394e-01,3.124417171043620822e-01,2.447304872072224580e-01,1.535505215770293086e-01
1.227539443999117602e-01,5.818323645200650374e-01,5.224827963443617884e-02,6.026666236127123932e-01,8.466118264792238390e-01,2.616100143179701520e-01,1.764512463339361625e-01,1.538567691561663620e-01
1.291751881816027847e-02,4.754193273447751555e-01,7.224426371071523967e-01,7.036488995205134600e-01,8.238707698633307430e-01,5.162379766098557088e-02,8.494910917660948302e-01,1.502716856381129673e-01
6.183988292237425216e-02,6.710657084657831728e-01,6.578116341608850615e-01,5.195835659637030313e-01,8.734335113651383597e-01,3.034306866838376582e-02,3.083971132978516883e-01,1.538880836195297142e-01
1.010230381647387321e-01,5.049846765181705832e-01,3.606841610867081993e-01,4.722103077150648920e-01,9.513989155589888114e-01,3.159214109646871216e-01,3.540692070764572819e-02,1.548743673066375615e-01
5.237025470912815700e-02,6.451216389720477729e-01,8.969166297890456274e-01,5.021181707577304643e-01,8.918849979527202487e-01,4.298789278195580543e-02,3.347255174797631461e-01,1.533820939160120689e-01
1.034068340298257005e-01,6.957267432093257042e-01,4.095113790785429031e-01,5.993609053169363099e-01,7.984414775214402349e-01,3.589606855726438783e-01,1.365117786532026867e-01,1.543081359715638701e-01
1.937554884050024517e-02,4.642759071985911312e-01,8.840262695763103640e-01,5.742129603402669202e-01,9.289081004739427883e-01,9.875340383508240949e-02,2.181500215680172716e-01,1.539422109042705988e-01
1.209363028492097814e-01,8.303933727115850871e-01,2.105110005724495359e-01,5.938018171788410626e-01,7.978320575993446129e-01,1.612045452635304243e-01,8.413244544243558831e-02,1.550285024789657129e-01
7.227228241656287466e-02,6.825754156462309208e-01,4.560837326825926130e-01,5.793457021668414475e-01,9.211793814040445394e-01,6.921237123461196350e-02,1.316590277379509066e-02,1.545900575371282337e-01
6.448964825362041298e-02,4.189519727842881958e-01,5.523295327033678204e-01,5.419660395017590337e-01,8.790871980163307287e-01,3.999236885872731184e-01,4.393554573288857013e-01,1.527457216844974042e-01
7.436145314390360528e-02,5.993063818272239551e-01,4.101178043052486899e-01,7.350428827549349009e-01,6.654040684926453286e-01,3.957334099794367344e-01,9.231798971886864269e-01,1.499365995766974990e-01
1.181135691498815532e-01,6.304483815957104831e-01,2.550025165955226436e-01,6.300074833946650577e-01,7.443297321836055414e-01,4.401787583327194664e-01,6.455943435731843483e-01,1.514988784736819583e-01
5.533517185165642838e-02,4.182650540106150894e-01,6.447800988678034084e-01,5.325978041069271418e-01,9.145718832570970402e-01,3.727350147877104836e-01,3.231241877505472981e-01,1.529193465982276456e-01
3.821381900764488082e-02,3.162826462274806461e-01,5.195376469245922557e-01,6.274799817604597152e-01,8.731573749236615223e-01,3.107553336801849864e-01,7.258957087380868423e-01,1.512180631724010516e-01
1.946109805659150815e-01,7.493759340712295991e-01,6.244022293772139021e-02,5.925184713149792559e-01,7.796906384913232513e-01,5.337081241306693702e-01,2.191460882353612194e-01,1.535260918708951650e-01
2.859519554150000142e-02,4.170149372611182681e-01,5.696416152815765299e-01,6.571441193226196242e-01,8.854018704245348870e-01,1.218310804921490242e-01,8.262070309380309396e-01,1.505918911548951578e-01
4.942457611098754339e-02,6.169711531533731419e-01,6.248753030153415544e-01,5.883034754683688083e-01,8.287134648607331622e-01,9.208116134257168794e-02,4.372628616107200883e-01,1.532154870688657300e-01
1.415804556741606102e-01,5.434669309953568117e-01,2.910405321810742851e-01,4.870610520928109199e-01,8.755519538691610704e-01,4.950174495149222698e-01,2.057303638823527736e-01,1.540658696483675760e-01
1.266168022020315864e-01,8.158101589542601229e-01,4.102882796463749870e-01,5.494245295093624915e-01,7.939270566835393561e-01,3.897485298334404935e-01,1.220306086092148301e-01,1.542344490373435684e-01
1.231871632798133137e-01,7.325191768981695883e-01,1.872044194291432595e-01,5.840712322957977154e-01,7.951025429110517573e-01,2.654557248468935593e-01,2.984054328249521881e-01,1.539027095400091194e-01
1.738099229009192337e-01,4.021631703426856719e-01,1.368917855393997907e-01,4.796356758235328366e-01,9.419547874682456801e-01,6.292508023458568411e-01,4.002843456691324020e-02,1.537504995647900052e-01
5.466412781619280070e-02,6.416784620568048991e-01,9.130954985843731109e-01,4.457117675491368836e-01,9.394598418891798586e-01,1.552079843361081624e-02,1.747703794142569378e-01,1.543967059779214890e-01
1.389010057182178681e-02,3.844322665631909608e-01,7.239071889522676884e-01,5.735628717694957190e-01,9.664990471458463350e-01,4.271117585144734718e-02,3.465699127868663298e-01,1.537170162306079058e-01
9.390016208642469608e-02,8.697348729311185078e-01,2.503086387795694367e-01,7.197079362123833812e-01,6.750756258270107502e-01,8.463208406387071059e-02,8.041657444874701355e-01,1.514530530696544808e-01
4.874677702755404740e-02,6.486884466096582980e-01,5.639120322342620062e-01,6.845347180072257620e-01,7.500380242833509792e-01,9.946030000700675777e-02,8.847726648022911089e-01,1.503456761983566758e-01
1.997193316864349089e-01,5.813301465617286556e-01,1.182025160686245302e-01,4.564510517514492327e-01,9.212827795880170756e-01,5.986070673482780657e-01,1.607792287119996777e-02,1.539722360652714395e-01
4.861616404817432902e-02,4.734438867156104958e-01,5.531701317928882089e-01,5.833688441008308967e-01,8.647896346050790717e-01,1.799683191295460005e-01,4.943230605790523979e-01,1.529317919280200333e-01
9.931528253291770081e-02,7.742722244376305518e-01,3.183063413045505996e-01,5.981817020518327421e-01,8.349268385554875493e-01,1.233908913761805892e-01,1.510851932908771622e-01,1.544560029646265542e-01
3.296368356576876574e-02,4.943013123453430246e-01,7.120400688151100610e-01,6.065606902907186848e-01,8.608624177897377105e-01,9.942957745748562393e-02,8.242634441065678219e-01,1.505320228348423217e-01
6.356002944962962919e-02,6.863868005028973540e-01,7.129405635532737318e-01,5.357077336852279492e-01,8.392257845028111563e-01,6.148799834536605724e-02,5.806633750553420459e-01,1.525329998006459409e-01
4.061336996789480236e-02,5.276869275398935466e-01,8.978041287568337969e-01,5.181969945332715044e-01,8.680342605817142898e-01,6.274158412572269916e-02,7.633347213007137810e-01,1.517054171185641953e-01
8.154834262278461143e-02,8.047806701675833674e-01,4.523862808819167358e-01,6.300646786273497169e-01,7.705942036566311160e-01,9.503608863021523190e-02,2.278912440167298881e-01,1.542870195355992013e-01
1.015251061943713839e-01,4.680062816385812674e-01,3.753173001936602748e-01,5.329855702655429406e-01,8.925977756061234114e-01,4.755743134819366835e-01,1.017789985137422248e-01,1.537099806931204460e-01
1.441759886107172317e-01,3.739800823978907118e-01,2.570586156853698068e-01,4.253242249620537985e-01,9.469091711211894413e-01,5.723334864084821394e-01,7.121229655311944740e-02,1.542410206986589982e-01
5.935382188879192999e-03,2.223941825357810265e-01,5.407030067109414029e-01,7.007198692565218545e-01,8.897158513433525151e-01,1.781963063018701665e-01,9.527539317438382671e-01,1.499502744155431500e-01
7.322287201611289709e-02,7.004782788076096001e-01,5.533031265768408868e-01,5.715833543920803006e-01,8.628418113175845283e-01,1.699031721892977354e-01,1.490863052285251178e-01,1.539637314277797486e-01
9.493396083024666088e-02,7.438794347847436095e-01,3.007470263870049010e-01,6.921085998911428172e-01,6.511697865365789761e-01,2.483578877550778607e-01,9.077494539130841478e-01,1.509882846012174651e-01
9.309765118345898760e-02,5.389449747731818174e-01,2.954268529644547003e-01,5.149911729988724263e-01,9.140698435667411470e-01,2.145823276545245628e-01,1.232339214734672894e-01,1.545597995907252165e-01
9.040566569633849692e-02,4.934715920615619922e-01,4.016199919037665711e-01,5.055374210683455383e-01,9.630157359297049080e-01,2.920539205426479490e-01,1.227788631517242046e-01,1.540886912579298162e-01
1.219840955096193752e-01,6.005913552516296550e-01,4.872510888892995218e-01,4.728969702369524297e-01,8.689105795436873336e-01,5.519359478145351439e-01,1.248350307280559068e-01,1.538248791507487168e-01
7.298935872018422200e-02,6.106492765183534344e-01,2.676022393779894926e-01,7.009059313347449915e-01,7.355819582457417960e-01,1.715847309147592314e-01,9.508908373484028509e-01,1.499493872707595987e-01
1.683128521900332797e-01,4.720524594690697628e-01,5.477781031170103621e-02,4.996494206432783303e-01,9.206192172118451422e-01,4.692100846064464759e-01,1.208776099427301132e-01,1.534759694246121964e-01
3.840652446333787245e-02,5.721647227869726127e-01,8.485361095893766414e-01,6.026510973645398117e-01,8.313134087611375733e-01,1.591973110447398587e-01,5.278369540586327346e-01,1.523694634391038749e-01
1.711117570629768769e-01,6.722239287552917997e-01,2.882939975995019166e-01,4.918605414883858162e-01,8.316593475070910291e-01,6.448420853667392594e-01,7.897874695678769319e-02,1.542819389635433081e-01
4.818436943658322563e-02,3.573249068068246603e-01,5.216188129985512845e-01,5.458019645355813854e-01,9.825020678229892113e-01,2.368060127294494555e-01,2.437791258880109557e-01,1.535893561267538399e-01
6.714193991021272234e-02,5.716609084158812415e-01,7.853785317381072328e-01,4.694636201001941567e-01,9.044432472617505159e-01,3.275222010336707457e-01,8.107200445131074185e-02,1.540634650741239120e-01
6.903061651217128059e-02,4.470347628579621757e-01,5.607080636298343856e-01,5.632585581857438850e-01,8.669064218202874317e-01,4.469276199257055104e-01,9.763433040015762066e-02,1.542619163887677947e-01
1.910667789248876036e-01,3.203002044982097285e-01,7.767486463812561803e-02,4.697023619305357167e-01,9.124005338895569972e-01,6.803566868597291650e-01,3.186867889611254001e-01,1.529335450283579034e-01
5.119741348060963954e-02,5.466703448584635527e-01,6.442527858895394921e-01,5.530201952800057885e-01,8.750157590926787021e-01,1.554083983606685537e-01,2.622066320779699033e-01,1.536749087970423755e-01
4.103192952525063636e-02,5.695125824910842738e-01,8.840137426682488364e-01,5.141889779196489041e-01,9.528284759053786690e-01,5.012287540961035681e-02,1.515186432112868298e-01,1.539325881509823746e-01
4.628203693783205369e-02,6.317460506784132734e-01,6.047744207496357216e-01,6.795818273306208912e-01,7.730786894371246554e-01,2.578325153424354532e-02,8.403283436622179803e-01,1.513698980304633290e-01
8.536320970301856936e-02,6.494167045309680031e-01,5.346004269817814514e-01,5.496299526019848836e-01,8.430342254724154660e-01,3.404928401389087922e-01,9.257607108633525428e-02,1.540330522890440146e-01
1.327119286322320235e-01,6.544111956887078696e-01,1.321081828806996983e-01,5.944207683817035459e-01,8.178043706420113912e-01,3.204243469775486797e-01,1.525051623733791883e-02,1.546844747038318979e-01
2.052049610547959646e-01,9.924686245463412160e-01,1.973140434269635146e-01,5.304542004636851882e-01,7.387877204186567015e-01,5.699839277048117658e-01,2.182657795838784942e-01,1.538779137885676329e-01
1.987063863983651035e-01,8.154867682173438936e-01,3.920229665849650491e-02,5.600502516693662836e-01,8.164577632264572449e-01,4.797053369778808696e-01,4.885688127217213683e-02,1.534963883701881138e-01
9.061171144864431370e-02,6.638358372601651514e-01,1.416288541919943356e-01,6.504593909332622159e-01,8.236101560280577605e-01,5.197130177768682913e-02,4.718968879461589161e-01,1.534644927200582709e-01
1.328965968884178450e-02,3.064404263823185537e-01,6.729825850898857320e-01,6.257383482034413191e-01,9.484408395771944944e-01,1.633406412016042697e-01,7.654133302735850464e-01,1.504799248430948033e-01
9.745881075582250863e-02,7.617300193582110523e-01,5.559316325227275923e-01,5.673607561986365733e-01,7.886288457625590942e-01,3.369949552870341036e-01,1.551980652121670023e-01,1.539152297409501213e-01
7.639186587328458677e-02,7.520266484041437938e-01,5.324816544143089470e-01,6.077703347065669393e-01,8.372487680289772971e-01,1.337141899687031565e-01,8.504664923182025937e-02,1.541969921148679812e-01
4.014957560650610907e-02,5.388237427429182214e-01,9.411169625417848961e-01,4.804336781808337675e-01,9.457472423365763659e-01,6.804809452896148914e-02,2.825991034153655379e-01,1.541187679018571899e-01
1.001342691358579062e-01,7.143929059905996803e-01,2.584340132614159624e-01,5.999871297488912347e-01,8.285199591738398039e-01,1.283615882678334208e-01,2.906483753541451165e-01,1.544773121192576093e-01
1.126926510099567624e-01,8.372498649776416446e-01,7.629784874904443903e-02,6.939497090734966234e-01,7.624196099375962765e-01,6.430416644199898890e-02,5.655654691867908479e-01,1.528496718693992118e-01
8.271838178963783483e-02,5.142241434748444640e-01,2.491667613264867409e-01,6.691050758756521555e-01,7.546336297965587914e-01,2.669740507877643165e-01,8.333390239259949039e-01,1.512202042672038393e-01
6.387356878819824835e-02,4.338612662863741143e-01,6.626357170188437173e-01,5.783744469217801942e-01,7.848775936870485692e-01,5.476900778438809070e-01,9.411072061330467697e-01,1.497044885116870783e-01
1.181467387348587861e-02,3.011955326489245133e-01,7.470858141258909235e-01,6.038749963060521253e-01,9.387557770967414061e-01,1.790293236309090097e-01,8.064792346118321298e-01,1.503871749562203097e-01
2.395675884426903823e-02,3.573431854390730633e-01,8.370899146150810877e-01,5.453531311366519585e-01,9.204428676396535502e-01,2.447881590005548669e-01,5.884659461894596877e-01,1.520503280436992788e-01
7.926984298482034341e-02,8.349193444109858087e-01,8.075427557388814570e-01,5.072925293787956535e-01,8.711193727162729328e-01,4.806829146485408488e-02,1.504488339151265897e-01,1.538689347135172025e-01
9.346426527446481669e-02,6.681091378878710740e-01,1.424952881942746497e-01,7.405051092565355653e-01,6.876697128234480205e-01,2.032662739798158369e-01,8.732769842996728205e-01,1.509117962357928999e-01
1.396867906829809547e-01,8.162398694260279974e-01,1.725382170619412792e-01,6.422771624311522931e-01,7.101588328564308883e-01,3.584278035233935400e-01,2.668707170489175717e-01,1.537668621353271980e-01
1.871398864666249939e-01,9.882295069362838635e-01,5.280730318468029871e-02,5.789855133822131572e-01,7.419196839004698063e-01,3.411711883563297576e-01,2.798330247876495425e-01,1.536449586918754162e-01
1.688225151750306907e-02,3.770396231307259205e-01,5.128518611484651490e-01,6.396339544617248851e-01,9.559384682982162706e-01,7.023094067996227263e-03,4.976565139120844861e-01,1.527153860175996247e-01
9.128666746195804316e-02,6.365974592792754683e-01,4.622273682766235292e-01,5.423859351305436727e-01,8.271942107861580684e-01,3.141181697656430516e-01,2.051413083484175393e-01,1.542658782803334183e-01
4.382831342556667287e-03,3.145334767871404424e-01,5.653940469816217673e-01,6.965131067535802467e-01,9.031748983456210356e-01,7.218403682977067581e-02,8.368350579604515449e-01,1.508312094271965775e-01
5.821518166681791118e-03,3.879622697733421943e-01,8.505188104486753886e-01,6.513081387589158000e-01,8.688944334544802528e-01,7.447273220337702337e-02,8.343548049031790370e-01,1.509403167612902441e-01
9.741241414161919132e-02,8.074099036535193896e-01,1.988440275609427432e-01,6.821918754958711251e-01,7.423121922267136297e-01,5.925326137739145294e-02,6.758788709708348774e-01,1.522655040435650919e-01
2.703002850949647734e-02,5.069510000891522816e-01,9.041040463813979633e-01,5.771156154315499887e-01,8.432660330978546392e-01,1.358370049222351328e-01,8.821937886854900324e-01,1.502138803333837869e-01
4.873387083862160130e-02,5.801137809035555870e-01,7.558853740806490418e-01,5.455859524324463417e-01,9.119419985025035702e-01,1.630272330004994830e-01,1.465172171011440705e-01,1.538629999074548893e-01
1.381512572160017716e-01,5.549599002556164784e-01,3.561297686033574883e-01,5.073775514217578886e-01,8.758004494422383379e-01,6.070231522061911855e-01,5.844395256710543940e-02,1.538670314340291334e-01
2.476512642871782355e-02,5.039060004811769522e-01,7.955076923642607767e-01,6.802381583592796988e-01,7.911169996347413580e-01,1.526829448196208860e-01,9.673635352187452963e-01,1.498261678239337646e-01
1.106286842310944263e-01,9.283532712914299712e-01,1.357062769362002430e-01,7.904094650000956790e-01,5.852640136545470551e-01,1.911376980765429889e-01,8.742895255533406074e-01,1.510625208226969995e-01
6.066100833768363343e-02,6.002286815940991449e-01,5.739969929790342817e-01,6.241532015614160711e-01,8.381504220070280509e-01,2.179949548212456456e-01,3.164509463940518019e-01,1.533373497154823517e-01
2.776818165421471307e-02,4.661947817280718831e-01,9.817356078662630159e-01,5.599991761784297584e-01,8.736764177022546818e-01,8.891862519309157165e-02,9.209810269964258111e-01,1.506903078679887042e-01
1.344831955570574833e-01,4.148148719373467297e-01,1.144207114510868428e-01,5.702838130249930915e-01,8.685818565699278127e-01,4.617810643164711459e-01,2.893078768266417189e-01,1.529927457471927654e-01
9.851264067521847689e-02,8.569914311114659178e-01,3.293125491358799839e-01,7.022371033274783514e-01,6.665794527861214069e-01,2.198936114745096981e-01,7.444372038648061629e-01,1.513414342281604319e-01
1.380261549766547136e-01,7.632664623429571416e-01,2.085787640482984484e-01,5.741561642239904062e-01,8.074651494314316613e-01,3.276431774419201193e-01,4.659745782708940576e-02,1.545915870450436658e-01
9.098370414231152226e-02,6.191289110724447209e-01,4.972053915765718979e-01,6.581634666436021464e-01,7.002829519162776517e-01,4.914402046821129688e-01,9.130074465334778733e-01,1.501656693940764675e-01
8.887184220434192483e-02,6.377296009241504304e-01,4.003669533966601191e-01,5.393356893287394316e-01,8.921913858408730968e-01,2.274587809450609732e-01,1.232955372737579713e-01,1.542685973111322106e-01
4.866812597610437052e-02,6.709859320145487027e-01,6.506199287919218754e-01,6.496065870354195138e-01,7.745979846199850805e-01,6.539470160411070543e-02,8.489183641820680082e-01,1.505792644491751875e-01
5.110833663591508175e-02,5.883099557875037799e-01,8.800033954389080426e-01,5.044789606055440911e-01,9.359552582298913403e-01,5.621405967850906515e-02,2.373286787570863809e-01,1.539689038236846941e-01
1.286228271592380068e-01,7.310963253854300126e-01,1.519026050599479594e-01,6.513363428956623347e-01,7.225481290991878636e-01,3.011778379063397293e-01,6.207714293989734511e-01,1.524051676094998198e-01
5.647065414667584715e-02,5.252646729511609713e-01,4.529541009702451326e-01,7.137567141128511317e-01,7.452705226437644770e-01,3.214593529971371266e-01,9.168359032957744681e-01,1.495620245920576963e-01
1.020170621844671832e-01,5.038236703774281455e-01,4.498703338090094261e-01,4.855422494757977159e-01,8.751734789525766889e-01,4.590522138261626806e-01,1.053645193118760703e-01,1.543972972227349860e-01
1.099023886416763962e-01,7.993320987320465809e-01,3.756766405300124845e-01,5.779209340587529997e-01,7.509656332985384930e-01,2.718117043432520807e-01,4.328266125049514690e-01,1.533023843859279978e-01
3.176342738346631805e-02,4.885664334873529580e-01,6.552906633184782947e-01,6.374460348765710327e-01,8.366670274967926701e-01,8.983659934673846048e-02,9.908189165851901681e-01,1.494271424392521475e-01
6.124689951156702533e-02,6.344169413964868554e-01,8.456249257271770681e-01,4.340229903843322301e-01,9.595834144307079372e-01,9.678001077502598748e-02,4.050434454126466965e-02,1.542327680080006480e-01
1.790701366190760035e-01,9.673741137500855292e-01,1.692203050331047565e-01,5.856513289340606887e-01,7.276436792621471250e-01,4.303805836926816730e-01,3.312240353041654983e-01,1.533873393687464337e-01
1.209581674117484323e-01,7.052177152051437581e-01,1.683229559351192006e-01,6.738312145064886405e-01,7.263391223606170399e-01,3.238777616773418355e-01,6.071115716521400252e-01,1.521989781523886698e-01
9.971595639960632862e-02,5.003543883147480997e-01,2.739000381452681987e-01,5.730540356131430535e-01,8.486315198176243024e-01,3.229165184563587143e-01,4.035711360392778557e-01,1.532961011940817686e-01
3.297434825350888110e-02,4.457079525431145717e-01,8.578399348457783624e-01,5.231145694495865639e-01,9.326776211450675813e-01,2.331158654474700942e-01,7.622500055817105213e-02,1.540314488006591931e-01
1.685826613021219056e-01,7.674777881012193603e-01,1.046732771133966344e-01,5.189267144019600320e-01,8.452124515721235465e-01,3.533819250337950080e-01,3.788166946927917778e-02,1.545573929386058198e-01
7.338228700214188827e-02,7.471860038590920627e-01,8.461243829060240973e-01,5.456198420436453311e-01,7.855210344847193271e-01,1.475882512075783193e-01,7.532887690720287965e-01,1.518902478865439831e-01
1.282178036720358627e-01,5.821200052055965912e-01,4.682827201890626956e-02,6.187178495788417942e-01,8.046669294080216472e-01,3.069371756405503970e-01,2.794434320271870220e-01,1.534892674924429323e-01
5.319960984322338882e-02,7.191218344556576936e-01,5.538903358080462525e-01,7.365126485650285160e-01,6.806498750486122962e-01,1.383584448608181916e-01,9.808134376812449595e-01,1.495462627198158312e-01
4.252848121246505936e-02,5.680311140899159117e-01,9.342835470950732191e-01,5.170096086010750325e-01,9.021162214926459200e-01,7.515527648328013122e-02,2.098372954734993301e-01,1.542298675318531653e-01
7.435503383235891883e-02,6.987517887634514535e-01,7.371305510509874592e-01,6.145399221410504653e-01,7.322400954150919405e-01,3.614910340594376659e-01,8.448345599100964831e-01,1.503627342104085773e-01
1.254856536221225505e-01,6.906575586747991657e-01,4.514249302155398658e-02,6.206806528578895366e-01,8.077961784624816399e-01,1.900809034971969735e-01,3.337338133442370181e-01,1.536186451187862012e-01
1.164553678918979346e-01,7.795777168622197717e-01,2.098872436424747967e-02,7.028309586361508599e-01,7.423440001624519446e-01,1.120282041204519463e-01,5.549803473439036683e-01,1.531372929719707621e-01
1.593935048834108636e-01,8.350204172675012027e-01,3.265380507487880557e-02,6.663705957753628395e-01,6.640266197610270593e-01,3.552774545011497254e-01,6.109351199081404227e-01,1.523830126332197665e-01
1.768924260076065735e-02,3.857763672820962997e-01,6.115704770794490042e-01,6.044120079889889752e-01,9.489713371361068184e-01,3.849133352744049663e-02,6.259262286600135727e-01,1.521502475986406255e-01
5.167350888854141400e-02,6.202438376497638739e-01,5.039308725247453324e-01,6.580098153924450743e-01,7.973389654402254223e-01,1.255559081876992666e-01,4.598489502230190262e-01,1.527740678601786917e-01
2.003206251173964003e-02,3.454644023522369656e-01,8.811459664942484782e-01,5.655698579127738101e-01,9.327586774250967716e-01,2.413409956830785408e-01,4.355959044644077127e-01,1.527934537997633346e-01
1.498588444425444921e-01,4.689140203643838989e-01,6.253275460967483435e-02,5.870054666332431559e-01,8.329890321841041390e-01,4.970489506528383838e-01,1.993642432218503124e-01,1.533742391020828932e-01
3.326833131674879207e-02,5.425268316036282457e-01,8.697774198899078657e-01,5.682400976187522712e-01,8.415771613689394526e-01,6.851394341556488188e-02,9.316242789238418087e-01,1.504221334343412986e-01
4.460851165420502001e-02,5.320141713724799715e-01,5.841946772972321789e-01,6.113647057001374563e-01,8.449646043740294266e-01,1.234781054554577318e-01,7.301404527989510118e-01,1.513793085486525303e-01
7.210740552122658908e-02,6.039416811137280350e-01,4.871875936399930329e-01,5.769318685985146411e-01,8.724794377882907348e-01,2.341293517260364387e-01,1.739788608804916925e-01,1.537726404542808234e-01
1.139849218659477886e-01,9.793540722551025146e-01,1.782288634698924734e-01,6.580691998455359126e-01,7.454762746029743870e-01,1.101666643205406748e-02,4.003847634433256308e-01,1.538443930738612464e-01
9.887055163313435147e-02,5.539889520140428569e-01,2.842029512978404560e-01,5.904714966852191438e-01,8.545893537804777340e-01,3.399154750171873296e-01,8.933154174741997355e-02,1.540278973475403546e-01
1.020656597579681912e-02,4.623477858832081289e-01,8.446037080877610848e-01,6.306835417608323002e-01,8.965175687244723024e-01,1.936219371715169890e-02,3.878138199787621865e-01,1.530530366333936187e-01
3.870611511892321083e-02,5.436221160716796508e-01,8.101893286173821318e-01,5.952542714167737836e-01,8.600493973570527695e-01,8.789446849388593552e-02,9.170625920931148034e-01,1.502113795665466489e-01
1.534374959710992914e-01,7.071265489522317038e-01,1.988336260351210583e-01,5.547126519586508264e-01,7.599431895847389429e-01,4.685298951699752856e-01,3.549647112055833165e-01,1.534495337632890977e-01
4.328085355046545207e-02,4.801089725892915272e-01,8.054548198576582108e-01,4.874242961639297933e-01,9.569780432793539848e-01,1.525166172055670843e-01,3.726672670703521928e-01,1.530052592903277386e-01
5.739164997656925893e-02,7.108445769851872154e-01,7.365970446195839738e-01,5.789303166349328844e-01,7.842412700310643636e-01,9.514095773261596611e-02,5.877366979617100196e-01,1.524679595577527469e-01
6.888929364924403775e-02,5.941717942972841726e-01,2.158981242541680723e-01,6.515726394923023745e-01,8.238041579022175043e-01,3.055038265413606569e-02,5.852963695379639342e-01,1.530395150960758566e-01
1.287393487766153310e-01,6.891649266624918502e-01,2.903749682935789500e-01,5.621320482736938962e-01,7.844231054834360783e-01,4.090890652936539640e-01,4.438985536051872627e-01,1.531156941451464193e-01
1.052897264934374300e-02,3.875867527882338459e-01,9.078171293765234795e-01,5.990247673297156572e-01,9.127544523574452340e-01,7.469920004563385119e-02,9.057085659935197874e-01,1.499840061519424061e-01
6.387542494207601451e-02,6.486289910645670620e-01,4.097121009173613770e-01,6.369696658410818335e-01,8.035129418108015731e-01,6.845910304041635808e-02,7.061375693930809216e-01,1.518549728044425728e-01
2.486444957777025899e-02,5.028118020475090821e-01,6.502690131619834890e-01,6.743534299137825538e-01,8.374057302701779504e-01,4.747733954951693924e-02,6.508007366649878334e-01,1.519139698437484143e-01
2.598812202782826292e-02,5.150562312534484599e-01,5.748620589650109691e-01,7.286137920805948465e-01,7.875774749004277320e-01,2.773270910057029637e-02,9.591147253139145068e-01,1.500777610856141586e-01
2.221322257250202270e-02,4.100255755819974257e-01,5.342330201381390031e-01,6.672576808562814543e-01,9.023363112738990166e-01,4.537535370250345146e-02,6.940160168408813224e-01,1.517813928476911545e-01
3.209616533034229807e-02,4.995084455280268676e-01,4.712249358098402618e-01,6.836484550043467889e-01,8.052495729243219769e-01,9.199530019133594916e-03,8.839404960620044216e-01,1.510537803940115997e-01
8.875203798107085540e-02,8.364499835976467734e-01,5.596917931911478128e-01,6.658021278274663945e-01,6.544157696094310417e-01,3.355140601268392642e-01,8.468720060899210811e-01,1.504369155969409177e-01
8.609380525273728491e-02,7.082657124558938699e-01,5.013352465403778657e-01,5.738496348203104835e-01,8.114900327613667752e-01,2.314470624862601522e-01,3.255707559027432585e-01,1.532601877622756237e-01
5.311424428927351282e-02,6.241546060576655952e-01,9.258075537897998419e-01,4.715009047254163366e-01,8.818559423879229753e-01,1.055220908902725352e-01,3.149399510129702318e-01,1.538293049761712272e-01
3.097615341570134073e-02,3.895868128995638724e-01,8.781711621920835764e-01,5.589011390834293103e-01,8.573099757987284741e-01,3.495479588232351387e-01,6.465610849231783197e-01,1.518503393313092587e-01
9.997155091250066461e-02,6.505575738886560933e-01,3.390118900880587649e-01,5.523389059768160081e-01,8.499545036684600374e-01,2.702510709199953398e-01,5.292102263836639953e-03,1.546641917613052475e-01
1.179084706526635495e-01,8.960073212785766295e-01,2.415259252471367024e-01,5.856747818628988966e-01,8.429494699930329960e-01,9.104634890700058492e-02,1.190021383889289797e-01,1.542891133220078148e-01
5.473232325826741379e-02,5.205838511961401460e-01,6.881392418713641046e-01,5.166526882477701088e-01,9.367058088037631958e-01,2.036680647726589743e-01,8.778791585139367193e-02,1.543820069148254537e-01
3.680673328952564077e-02,5.568812494645112299e-01,5.433713959866651733e-01,6.975914307053582286e-01,7.866264500690092198e-01,3.197127326618939835e-02,8.621949501766690283e-01,1.508303112597353668e-01
2.330605766455290384e-02,4.638790025986386234e-01,8.899219494224845928e-01,5.627144178057693624e-01,9.352687907456420646e-01,6.796383840950651067e-02,4.635445819502782561e-01,1.525098308015006010e-01
3.416533119787543843e-02,5.007619398207158179e-01,7.526775251089580232e-01,5.864255310303814195e-01,8.947983064138247400e-01,6.949631905633796292e-02,6.672949969114778668e-01,1.518481175313821374e-01
1.291785159176732645e-01,4.478496607241564398e-01,1.620802449792213551e-02,5.540844250013408079e-01,9.058142771119190861e-01,2.767294508265716324e-01,2.054508630427489269e-01,1.539113788509363367e-01
8.409547301211739434e-02,5.816003506100912990e-01,3.462796161709595921e-01,5.957008540306472089e-01,8.645655260700230160e-01,2.000144887426024143e-01,3.902883212038189553e-01,1.533460501000137588e-01
5.304143822387185486e-02,4.248374638919254487e-01,6.583502523916551219e-01,5.834438114618866189e-01,8.330208778810417325e-01,3.703822434599976510e-01,7.221641512498240267e-01,1.513707130558169245e-01
1.362220054483325449e-01,3.672924520333612497e-01,1.450278470358690730e-01,4.607469166230853119e-01,9.832584498372346493e-01,4.343260018348953366e-01,7.103066531828905461e-04,1.544394683144116320e-01
2.024004561238690048e-01,8.898939965920087403e-01,2.194580110550793661e-01,4.873639978876326273e-01,8.004661245813650128e-01,5.913769693577567432e-01,8.923488892924869020e-02,1.541147192957079137e-01
4.327794021539547314e-02,6.284868611701978081e-01,6.406743886671562027e-01,7.481743263376263720e-01,6.805378438240845540e-01,2.373070524552033655e-01,9.919821028658668549e-01,1.496137846553724504e-01
1.719949214148900896e-01,8.535552436019419043e-01,1.867648235113031907e-01,5.005521368317199515e-01,8.284171578545211911e-01,3.957086215314192801e-01,1.806771852680183477e-02,1.543135557501802702e-01
1.732714995630592614e-01,7.453516650868550197e-01,1.339009717584694892e-01,5.092055410121509862e-01,8.659222893729983106e-01,3.892787421565259143e-01,1.055954372577957989e-01,1.540965149090877118e-01
1.179860629765987906e-01,6.637320732659387490e-01,1.405417571775449681e-01,5.437007254924175470e-01,9.075941125976778601e-01,1.561414640692089240e-01,1.323395051114399368e-01,1.545303795240646483e-01
5.348891935919380253e-02,6.161892518317291234e-01,7.442097145321358020e-01,5.512552241323113167e-01,8.780114798855878089e-01,1.279027641241635982e-01,3.172704504861940666e-01,1.533093462011142494e-01
4.960696147727317734e-02,5.626088762874191795e-01,7.114774873997943283e-01,5.344492210969610246e-01,9.264832199549483116e-01,1.396673772184334472e-01,1.005388808773376441e-01,1.542787901874855816e-01
1.616438174544584938e-03,2.590129556979841596e-01,8.756961282209667630e-01,5.881073725063566959e-01,9.659570575341051013e-01,2.675178088448223468e-01,4.109966147962694771e-01,1.524298265697257848e-01
1.216493374492706031e-01,7.267534769152638185e-01,2.796571504779628015e-01,5.370261701898858542e-01,8.712904954606606189e-01,2.447405222302869721e-01,1.414293157518688449e-01,1.543792213979922334e-01
1.188679481169245267e-01,5.945288703372103578e-01,2.366874342697873612e-01,5.477694165876944021e-01,8.813120118872194153e-01,3.670774799776788666e-01,1.498818317569733383e-02,1.542314966445833824e-01
9.272279043972241064e-02,7.393412838844832802e-01,4.221650029750135813e-01,5.718666686667103205e-01,8.344104032671820770e-01,1.306522491167109168e-01,3.371938520990716559e-01,1.538064422707112466e-01
1.554946674108956262e-01,6.887795266895033741e-01,5.711561947298304798e-02,5.431240086410534795e-01,8.642778640831050296e-01,3.001367245383279037e-01,6.442943391901290173e-02,1.545154869271203324e-01
5.482995830222336248e-02,5.486147739890033792e-01,6.397560034333417134e-01,5.727880443716659720e-01,8.414702332472235868e-01,1.724721944643118343e-01,7.194044612563310626e-01,1.516445286971532802e-01
1.223990748929386085e-01,6.100443216004175495e-01,1.714596691862600442e-01,6.289623233335415176e-01,7.391088911613366008e-01,3.831039087677560184e-01,5.925210088943171360e-01,1.523537873269151244e-01
4.948235856328504073e-02,4.394990739963011150e-01,7.292933970298223212e-01,5.595813065003675257e-01,8.532954697884533868e-01,3.606652474734328706e-01,5.296071777647467504e-01,1.522325584886170535e-01
8.892027657426071485e-02,5.562430389611758841e-01,3.827493728626658598e-01,5.613716099813189642e-01,8.415144930973685877e-01,3.181381805899832771e-01,1.930032269102530673e-01,1.542131203218860824e-01
1.045763904286124285e-01,9.328069969060313049e-01,2.792314558353016229e-01,6.550761084558902603e-01,7.153374806706983557e-01,7.288627631370245274e-02,4.906073732082996686e-01,1.533520614116326841e-01
4.427148243153106871e-02,6.052486789581483784e-01,7.944904218084432035e-01,5.737787151578237488e-01,8.613378642789984996e-01,1.018565997614170049e-01,2.795744829195520031e-01,1.539436225120408841e-01
9.857434447260188248e-02,6.080917272782117022e-01,1.528869366628049509e-01,6.161524864389813505e-01,8.310390477432132439e-01,1.230935143261642495e-01,5.331425914836529500e-01,1.531715833949188477e-01
2.362745152061300480e-02,2.913720929350420152e-01,6.972816595870510170e-01,5.508964025722026259e-01,9.941511979331226767e-01,2.208162627992470151e-01,3.133943018877516362e-01,1.533871565725321295e-01
8.449216677335441572e-02,8.400558549607386460e-01,4.324730978277058213e-01,6.376009670158384601e-01,7.647568049783790567e-01,9.962683667267829835e-02,2.826881726624521640e-01,1.538593925394850792e-01
1.071353968329432499e-01,4.527767062580816404e-01,2.326161722037873580e-01,6.145427352305468105e-01,8.073488432378620461e-01,4.271346922518969857e-01,6.951527143041621448e-01,1.513595359367669868e-01
5.126301988113371455e-02,6.310682032522522134e-01,7.870397224287595250e-01,5.375492202987960377e-01,9.003971513252189141e-01,8.761832786301826381e-03,1.666638475823664645e-01,1.541137613520115468e-01
3.643166436397485275e-02,3.294385845532711299e-01,5.497273727018220368e-01,6.477361681402489246e-01,8.481616443182680154e-01,3.373876048046362541e-01,9.811752143351275546e-01,1.492355033394656694e-01
1.154345797006145480e-01,4.694058562156382952e-01,3.635928715654155319e-01,4.995421549482524370e-01,8.699689566189325873e-01,5.428238848903106373e-01,2.368817072631230203e-01,1.536199540969510058e-01
5.571594480741107885e-02,5.712699217017325193e-01,7.317848089935556910e-01,5.442170855351975423e-01,8.738786936559900242e-01,1.850415022154943412e-01,2.401787211674658029e-01,1.538939170733167050e-01
1.096305592512900329e-01,8.206867014879197786e-01,2.292876701721677235e-01,6.672498675496723042e-01,6.915949647845340831e-01,1.739856722211156059e-01,8.567113391448402115e-01,1.512040186885751647e-01
3.929978959115582732e-02,5.981970356839720893e-01,6.622955380425870064e-01,6.076297118864301128e-01,8.997696591462873705e-01,2.586599731068758845e-02,3.375886879840443444e-01,1.529841915404990260e-01
8.050099738170521380e-02,7.426777732183540426e-01,4.345649431849443745e-01,7.062818708338725049e-01,6.849849649563062304e-01,2.428999411194476821e-01,8.402069065182200536e-01,1.505296350073846989e-01
6.524522696411219624e-02,7.158261122737376025e-01,7.747793968399347975e-01,5.238887868406485460e-01,8.397503502220123872e-01,1.570634557662388686e-01,2.787189086398331739e-01,1.534077657279278029e-01
6.443468179108700900e-02,6.130430573020377860e-01,4.980722968028780673e-01,5.446098229965649073e-01,9.083683272267177866e-01,6.634549797504174506e-02,5.239115755959239396e-02,1.551205297708206088e-01
4.077924442034763786e-02,5.058419176287192176e-01,4.894869272687036310e-01,6.397554742232931524e-01,8.262890651123609986e-01,9.719032302746080654e-02,7.867835596910495166e-01,1.513965379803293154e-01
1.882900499642486958e-02,5.387653561655929568e-01,6.438846895847426532e-01,7.000043843545661337e-01,7.743125945522095765e-01,3.733427725597093794e-03,9.997366038383586062e-01,1.496754946085948335e-01
3.928683870135300793e-02,5.882423060851706964e-01,9.234598048006492643e-01,5.150932682416504704e-01,9.284504410230867144e-01,2.142745791241362774e-02,3.834019839973396016e-01,1.528647395639025630e-01
4.533487494944076629e-02,5.927996938011591554e-01,7.584541567409102125e-01,5.916197660851471030e-01,8.232267661206396081e-01,1.774993464636559770e-01,5.218886649927462207e-01,1.524568969796530615e-01
7.656412456167491221e-02,6.084635231361433805e-01,1.870017452986874051e-01,7.571176324481563302e-01,6.827552279495358034e-01,1.758361872787190527e-01,9.510751493441880200e-01,1.507307915168941415e-01
5.880746975760982320e-02,6.327576921708536473e-01,9.512778350607991040e-01,4.819467785003021532e-01,8.509993462424759736e-01,1.959064052404121958e-01,4.451145900370863107e-01,1.532945921156469438e-01
7.552415740510332043e-02,7.762825213764668053e-01,6.913324894681862620e-01,5.368389693170760868e-01,8.114209478272204068e-01,1.068943595521974210e-01,3.271042107173194879e-01,1.535400842477159522e-01
6.404341323688533816e-02,6.247960137714902995e-01,8.644817999809097930e-01,4.223820184862224769e-01,9.432054922992385571e-01,9.043042579609042453e-02,1.484138606629589741e-01,1.544737419546320101e-01
8.262473542018870798e-02,4.244715734766330573e-01,4.523808412762626019e-01,5.149253690072677081e-01,9.185213940446813607e-01,4.717060481723906462e-01,3.783857466399320746e-02,1.538027078670392012e-01
5.270087780976751707e-02,4.743480159891761971e-01,7.336736608073399779e-01,4.892673027352222315e-01,9.350294272875304680e-01,2.968803941100065513e-01,1.774141620360665805e-01,1.534485126123459331e-01
1.526904489125642805e-01,8.490106725096967510e-01,2.154298056806823181e-01,5.247807451188530870e-01,8.103260883876950427e-01,3.220272495227315401e-01,1.104678382034252615e-01,1.546102627575793587e-01
5.621443504701574556e-02,3.137080766031585810e-01,6.321256136648099044e-01,5.479483408084316887e-01,8.900897352934702411e-01,5.598502615890522671e-01,4.336262743016419674e-01,1.522345765008308593e-01
5.599165473110125774e-02,6.767963922215523009e-01,7.633155516990377532e-01,6.172490397959891073e-01,7.858694575967154483e-01,1.473708416283152078e-01,4.898647631578449402e-01,1.528629393634155786e-01
1.761531995955484264e-01,8.777239296853767136e-01,1.497460590122251523e-02,6.018779884944288616e-01,7.801080931212417413e-01,3.372327539007233810e-01,1.278762841539854422e-01,1.539457271788799708e-01
1.668638112878564894e-01,3.539844029867594277e-01,1.048808437965231821e-02,5.251197375118760169e-01,9.116371969624683658e-01,4.913529747232108225e-01,3.228199389380133066e-01,1.529881205957232260e-01
1.330449595580165401e-01,6.944365878197734654e-01,4.072275983803541610e-01,5.584801458608978919e-01,7.799928684922408095e-01,5.942294625111204098e-01,2.342020367089216182e-01,1.535758414346962697e-01
8.770901817923193455e-02,3.819297724025202401e-01,5.766100250205787869e-01,4.898457847345332183e-01,8.970632027902155636e-01,6.534433353746422757e-01,2.170370379775865555e-01,1.532147899490177156e-01
2.000060156642455289e-02,3.957061799956487214e-01,8.860422547856342534e-01,5.758924099852467116e-01,8.889799441728628571e-01,1.135156602930979253e-01,7.680082687690956700e-01,1.514943309086729806e-01
9.270280499043100086e-02,5.719015603486321542e-01,2.385827807720815041e-01,5.890968556916966747e-01,8.982852419493083662e-01,1.775148175452826438e-01,2.606458921684369212e-01,1.539541750884146909e-01
1.086499917672989479e-01,5.327786371269657151e-01,1.555403902656968818e-01,6.612362437823209316e-01,7.663677415924474712e-01,3.653317283181919395e-01,4.846259860156894028e-01,1.527168115625109623e-01
3.151826793790145353e-02,3.994982551382817992e-01,7.766635752041870511e-01,5.491198594171593506e-01,9.355751796311017054e-01,2.069200027332338820e-01,3.209409200092381842e-01,1.536938672993071187e-01
6.464491119788147444e-02,2.991121190644807637e-01,6.330740356484262366e-01,5.044018396152003536e-01,9.371996029651624704e-01,5.704636655890631403e-01,4.479872667067763548e-02,1.540146079771526622e-01
1.282660252754483088e-01,6.582429819123237769e-01,2.839307174699317038e-01,5.360244067084155573e-01,7.951888237095491307e-01,3.912116323034902088e-01,3.122990238817522912e-01,1.539710431823348713e-01
1.073416950959101279e-01,7.210861367109883124e-01,2.642330759258727513e-01,5.908772381096891735e-01,7.976479589670020243e-01,1.877880006274309510e-01,4.367496724326632163e-01,1.537757112369685653e-01
7.893437226130704809e-02,5.050290457887314233e-01,6.526109449992794076e-01,5.236658963452960336e-01,8.421177137565643012e-01,5.109671797641661684e-01,5.162685819083860927e-01,1.521204948380486810e-01
1.199472968572896925e-01,5.588380877028884530e-01,2.870196891335752287e-01,5.870949618491900779e-01,8.041437507692335007e-01,4.756127444057040021e-01,4.121356120014499913e-01,1.526784305060819857e-01
2.178424477864308872e-02,4.228979558889818247e-01,9.884398612557094843e-01,5.137904319098757222e-01,9.279201229037202792e-01,1.021469249279685354e-01,6.834195271680568728e-01,1.518381583984381722e-01
4.342668558984130733e-02,3.583611761309377641e-01,6.373059710576032266e-01,6.112644155937290158e-01,8.420030795902511134e-01,3.706897142982755744e-01,9.038261704990423473e-01,1.500219804000149093e-01
8.745071009174354426e-02,4.360768092637711812e-01,5.184694080987413134e-01,5.075377866563650642e-01,9.418694546171341164e-01,5.027702165496574782e-01,7.246274237496630466e-03,1.537863920137008678e-01
1.512101393096658697e-01,3.209919577382798761e-01,2.590751883599418104e-01,4.286553313382622798e-01,9.800392432754451155e-01,6.598512520488197808e-01,3.450925780595476278e-02,1.536891646520983368e-01
2.191603914649090101e-02,4.565114784790649805e-01,5.715076329387668297e-01,6.342089334002444234e-01,8.849305582359476841e-01,4.530735431331478491e-03,7.218024989238340794e-01,1.513015749296847401e-01
2.016915584931640304e-02,3.619283723636503858e-01,7.097336566224189403e-01,6.185883227282850116e-01,9.338478556931185670e-01,1.865065931673995925e-01,6.450298926207085337e-01,1.511770769324793373e-01
1.180977846205802373e-02,4.345097653675068505e-01,7.327199209381294320e-01,6.417595695404374467e-01,9.189590058414098817e-01,6.350086474749239152e-02,4.437720566368132946e-01,1.524293224639554079e-01
1.766672907136115356e-01,6.592718105024764075e-01,2.455186647569937153e-01,4.960469842958219466e-01,8.175913313123430726e-01,6.588729680858460558e-01,3.116135911550999005e-02,1.543840958859332979e-01
1.342126881829435736e-01,8.698258669609342242e-01,7.051345026496780299e-02,6.982896412876354875e-01,6.762634097098614294e-01,2.374981950645514428e-01,5.262630382448790778e-01,1.529890128491939727e-01
5.422394328802455921e-02,4.179389950566019807e-01,4.796727794577746451e-01,6.998049280263342053e-01,7.573630571484071261e-01,3.749406493516743710e-01,9.792878674976392972e-01,1.495636557994136639e-01
4.713178066967915747e-03,2.957231445160232730e-01,6.702636695140381518e-01,6.488266442837634651e-01,9.522412784438436528e-01,8.988000235386744974e-02,8.268188429080358670e-01,1.503287727275338936e-01
6.028783638044978715e-02,7.239782365361497884e-01,8.086244391779950913e-01,5.480872552402719089e-01,8.459708562006655885e-01,2.899831082226669854e-02,4.310339752648373879e-01,1.527460051845947464e-01
8.447817760625592198e-02,8.661774296187403355e-01,8.424662414139399980e-01,5.133092576373092797e-01,8.200927502352314269e-01,3.524927063601773769e-02,2.466954681459054832e-01,1.545361173762046791e-01
6.301742877092339490e-02,7.087110004895710302e-01,4.202457037612442048e-01,7.093979776454408803e-01,7.377392178647744769e-01,3.654381753442431657e-02,8.717311171901447331e-01,1.512034121435256451e-01
4.124165362214497754e-02,5.816048711046098996e-01,6.341557179235157715e-01,6.560145388143686640e-01,8.209543658314916170e-01,3.298195652421365143e-02,7.393421742183399203e-01,1.516579768088952840e-01
3.715562016913683679e-02,4.757605691003088388e-01,7.746111381550699893e-01,6.132550195715900099e-01,8.025963408351483031e-01,3.410959385663371868e-01,7.460824597679726056e-01,1.507876462431256281e-01
4.078189759102600342e-02,5.985737151724622729e-01,7.299366705517873477e-01,6.675144167375756110e-01,8.024896309656053273e-01,1.336581536602308717e-01,8.136202511331140919e-01,1.504943230061267512e-01
8.979284496254034964e-02,9.745818080925525706e-01,4.924954701539367430e-01,7.260035000183130416e-01,6.265578553731910860e-01,1.085518525175935001e-01,9.564916475357245762e-01,1.502554596886706284e-01
3.362044589938402439e-02,4.453390809328843236e-01,6.383321999291677873e-01,6.255816518665484605e-01,8.519051383356904816e-01,2.051571682929200779e-01,9.145979149677682107e-01,1.497679057968791805e-01
1.787147025964276048e-01,6.379478984476409931e-01,1.108891384430968352e-01,5.245521913191741881e-01,8.457970617467218677e-01,5.261627021960617601e-01,6.650832826037328394e-02,1.539978363116639437e-01
4.915858656648811054e-02,6.628878024210598241e-01,7.613630153401558243e-01,5.530822480350557901e-01,8.414557408736612620e-01,4.888760746858422657e-02,4.557840299602048395e-01,1.529348184714499903e-01
1.925208796956422164e-02,4.386756658396422925e-01,7.202732110795428966e-01,6.131938439871967850e-01,9.021290141770513804e-01,4.299686977975736291e-02,5.419384699380910275e-01,1.525155748480642171e-01
7.280827524143387852e-02,7.922515758981893974e-01,6.069401484381496958e-01,7.238338489825170141e-01,6.339996882006611045e-01,2.849599354624415826e-01,9.148242738358776105e-01,1.502791696696944013e-01
4.114820005222208366e-02,5.467309052441676753e-01,8.940549477677509627e-01,5.652852152456131485e-01,8.480426150962229181e-01,2.745759133003896624e-01,4.183545325097562384e-01,1.524992237089388691e-01
1.686806100085227467e-01,5.923710554833973019e-01,1.814358204900388127e-01,5.070863989570305597e-01,8.670237575131392038e-01,5.993167726652151028e-01,7.806402445732701922e-02,1.533788544687165190e-01
1.963164874754501354e-02,4.651910729578923598e-01,6.944035366015528510e-01,6.620716062853629902e-01,8.384084934229473207e-01,5.739950025530027311e-02,8.669136240236022806e-01,1.504902380711487520e-01
1.753513246363649913e-01,9.662486328384443102e-01,4.732164267356436804e-02,5.791981521247222542e-01,7.802908343641782318e-01,2.695357343325952004e-01,2.043531816985312277e-01,1.537206993507543584e-01
9.056018007956234683e-02,4.023588726231176471e-01,3.887955863214629382e-01,5.149637856688424886e-01,9.568306253469076594e-01,4.142133560564475458e-01,8.140356414497174065e-03,1.544349363037462730e-01
7.052693429133065350e-02,7.803111669805089523e-01,5.796586365137990082e-01,5.790344175897127466e-01,8.493841698508350913e-01,1.793860158397625471e-02,6.140909266135224920e-02,1.549878866646896558e-01
7.005820118929528828e-03,4.097890631127215078e-01,6.907886540734674563e-01,7.057918454948380882e-01,8.348567638305515182e-01,6.997427875217177018e-04,9.467663038581622947e-01,1.502701455104871742e-01
1.043147565029252100e-01,8.345142332524092543e-01,3.142154934532914723e-02,7.458019156716210185e-01,6.742594964964157001e-01,5.381766535009896435e-02,8.014951409010980798e-01,1.520832785170342094e-01
5.347152731417334492e-02,5.757740006864991988e-01,7.188461053564952907e-01,6.199494521261208480e-01,7.812858647491964792e-01,2.869281208184264464e-01,9.462732191894619449e-01,1.498445407273923391e-01
8.924204609033890845e-02,5.196227283236141137e-01,5.220818689186637052e-01,5.514460859108513135e-01,8.381239941055268483e-01,4.984040867551689513e-01,3.036496089183610692e-01,1.531946012592406980e-01
5.176352507395860780e-02,6.276663737114742680e-01,8.465966152680151069e-01,5.057604487846425467e-01,8.761030620692146220e-01,5.354365997238302866e-02,4.907018608317164077e-01,1.529633975384889766e-01
9.237808207753431256e-02,4.212475066369263943e-01,4.812517874897888626e-01,4.572905852911286484e-01,9.597460694972411721e-01,4.184231709244263242e-01,8.939351120737332179e-02,1.544397034180390593e-01
1.039869858503094935e-01,7.131047672803960680e-01,6.068335860756186584e-01,6.367648289050472643e-01,6.523054577903802942e-01,6.696428702511860731e-01,9.609046225712787326e-01,1.496288237659920972e-01
1.728335798904222231e-02,4.366119449139390096e-01,8.189935789652593723e-01,5.855858095273306363e-01,9.493679470748086491e-01,6.276570705415018825e-02,1.024179837799301107e-01,1.544423646719197962e-01
6.533450115056468888e-02,5.891835604462455356e-01,5.240298961104156161e-01,6.426348992268189342e-01,7.296535640746294460e-01,2.446178088571303866e-01,9.919161616652973912e-01,1.500583788698216514e-01
6.037015876860465924e-02,7.377977286335897222e-01,9.435816719443520517e-01,5.030433778782322785e-01,8.643206379440475651e-01,3.689913316985402036e-02,2.075436376101288671e-01,1.540330989827379260e-01
1.790355395730014176e-01,6.408472144580559249e-01,2.909115749190327449e-01,4.520313137335542630e-01,8.774392865393169094e-01,6.531111616840743483e-01,4.987804403617129845e-02,1.540619121922239820e-01
1.016539479598815854e-01,5.334704170215645025e-01,4.849121921443109162e-01,5.110833967083290297e-01,8.695348349123026566e-01,4.678719771792357873e-01,2.038053022087501498e-01,1.536243243751369836e-01
1.096951094663767695e-01,4.282282737600473510e-01,4.254568934160949945e-01,6.056734834779512466e-01,7.454676431578822760e-01,7.563860285587045151e-01,8.963926307901409762e-01,1.497693761334780993e-01
8.050471584201926434e-03,2.675726944006599495e-01,5.943236715971341733e-01,6.399558011096079246e-01,9.591507368368833442e-01,1.291262565982739530e-01,7.152185189096763596e-01,1.509525103569235582e-01
5.126917420208607079e-02,4.537923255244938892e-01,6.339571280668305775e-01,5.336808285455357792e-01,9.434334619266077082e-01,1.982400602656757826e-01,3.668690007258322838e-01,1.532620691597932905e-01
3.204303895593055285e-02,6.198996057167355245e-01,5.848846950894928121e-01,7.329888656173630945e-01,7.586195288791358626e-01,1.192925538310740663e-03,8.052557881648457760e-01,1.512893471570223303e-01
2.428176942073298483e-02,4.249259431339786897e-01,6.953292497574677933e-01,6.226718433345090897e-01,8.948048583553072088e-01,2.013505383773116497e-01,5.639555093483126225e-01,1.515324486402495618e-01
9.203025528623068330e-02,6.118841416408358214e-01,1.707212592941724782e-01,7.094064422249435342e-01,7.292599034617773812e-01,2.399802124000261494e-01,5.904892558496170896e-01,1.524425129128847700e-01
1.681745305155252779e-01,7.194107517131277385e-01,6.994001020402745850e-02,5.916396964969865557e-01,7.578870255465799399e-01,4.513472417860828201e-01,1.905169371076709250e-01,1.541284486952554378e-01
9.702895641608727528e-02,6.477116582788103871e-01,3.185756835894532069e-01,5.318917082966686527e-01,9.229920850202389948e-01,1.378467166978779579e-01,1.151565018270189755e-01,1.547700143188170396e-01
6.954840578118857974e-02,6.993832661783059290e-01,4.819842830371145470e-01,7.048714606957354745e-01,7.146865335079201076e-01,1.929136408670711067e-01,9.613555231733121875e-01,1.498217022746820837e-01
8.192741773747176659e-02,8.633588448735542986e-01,4.243298314250613101e-01,7.784719788504359528e-01,6.078795894874255978e-01,2.316344007567223695e-01,9.425543156241247278e-01,1.500107480437454510e-01
1.323738074370921225e-01,6.747371469940198763e-01,1.043913422519365808e-01,5.618411902461946106e-01,8.613170501111085953e-01,2.470116997737704656e-01,1.886347860611437000e-01,1.541281969685936726e-01
6.340400115327540775e-02,5.611756961862461868e-01,2.260800439396120631e-01,6.937342069270308054e-01,7.895788510795139770e-01,6.093414732974142267e-02,8.890701240889871126e-01,1.511882518335918024e-01
7.618170086682894693e-02,2.187339908463284965e-01,6.423488272505067931e-01,4.718996468346975393e-01,9.372176352233404506e-01,8.114197287053626084e-01,6.293842986492281799e-02,1.538152105989090412e-01
3.967876633333787539e-02,4.676954690667299852e-01,8.020499380754592122e-01,5.427600429847904140e-01,8.942173727260095406e-01,2.568769732580225007e-01,5.557113422943027459e-01,1.518048710391573519e-01
4.159393119355028062e-02,5.161890608720218765e-01,7.563460053013455475e-01,5.458997144406720903e-01,9.382758367869251659e-01,1.539549063835713716e-01,6.616400900408442309e-02,1.540430152997501745e-01
7.537357759629317866e-02,7.409607190645028929e-01,5.957144931547035949e-01,5.210630677136929290e-01,8.793099968940408795e-01,9.972096145736630834e-03,1.931519594521464156e-01,1.544081634476850984e-01
5.241699814083407988e-02,4.804937883891108319e-01,6.718342787695856799e-01,5.303771720952956681e-01,9.204422512196097639e-01,2.614241386436156889e-01,1.981979293205208825e-01,1.535595468172965550e-01
1.185235231184769977e-01,6.147556769645488028e-01,4.305812511705897627e-01,4.833572616742398687e-01,8.743762517708015825e-01,4.930108407734866693e-01,7.781118414128096461e-03,1.540042103407318896e-01
1.101836485165393897e-01,5.818203445372741589e-01,3.209196840324587408e-01,5.505805271770336518e-01,8.526460301081907334e-01,3.663871056263839354e-01,2.244775188454778414e-02,1.549860085924568975e-01
2.727737118528972271e-02,4.480332357258409726e-01,5.140993516918050954e-01,6.850696315455826468e-01,8.335991202625191443e-01,9.796757034026035149e-02,8.069690342650671644e-01,1.506802345528972520e-01
3.891382281893235318e-02,4.970911054552585306e-01,6.243707282801012060e-01,6.245476315294437031e-01,8.808061642380883294e-01,1.461527189664853232e-01,5.213275339085814419e-01,1.524846213438975917e-01
1.051096122610405970e-01,6.942049833285425242e-01,1.536612877034695401e-01,6.010684201521444558e-01,8.779439034317296775e-01,7.916073843882692751e-02,3.754890629269054814e-01,1.537694988240667360e-01
9.318607707973994292e-02,5.655228378254786303e-01,4.371445703919112913e-01,5.389654920315989362e-01,8.873872978565977565e-01,3.741627451707426610e-01,1.992871156943452626e-01,1.535483316973613732e-01
8.860133447018123110e-02,9.464870346828879732e-01,4.191892277190720217e-01,6.780524467357268437e-01,6.901418725985339897e-01,3.737134474386671901e-03,7.963359305715675962e-01,1.517957180953703467e-01
1.392320341624694036e-01,5.404377248692184832e-01,1.415199016191430736e-01,5.868340366331370461e-01,8.445767620871084125e-01,4.694284621880898678e-01,1.085010588250217012e-01,1.536095668169653872e-01
3.307430898471767217e-02,5.613538622037481662e-01,5.188105356633033738e-01,6.835119503957250986e-01,8.148368664233481828e-01,6.030813800646961376e-03,8.059818554709421434e-01,1.512130124123280961e-01
1.478412147063388749e-01,6.882851847100359688e-01,1.180199679188683737e-01,5.813378048993634861e-01,8.394357600487512006e-01,3.625147817634986613e-01,7.410212014694644855e-02,1.541780986313673329e-01
1.305252915064990527e-01,8.937845855690160768e-01,1.020111769556774073e-01,6.666216167907157431e-01,7.158784598846493763e-01,1.969507934765975798e-01,3.699841361545574969e-01,1.535984648723423274e-01
1.336760483702524038e-01,7.008719112953835095e-01,6.842001937826658331e-02,5.655184920580011987e-01,8.523695809019286029e-01,1.689190841672084942e-01,2.114818261380732034e-01,1.547300855031111810e-01
5.400533024739193055e-02,6.431710227457259066e-01,5.705290788287796788e-01,6.276106917947700259e-01,8.115017253487138982e-01,1.280635851667162317e-01,4.771695455980961564e-01,1.528600898542310516e-01
6.533775024026348965e-02,6.512587418134835326e-01,3.760741074932709704e-01,6.731992762422662757e-01,7.863174274909586758e-01,6.335238964228373515e-02,8.476357529657200240e-01,1.511263223952876988e-01
9.823972953441603706e-02,7.796659810844939198e-01,4.925164978863658116e-01,5.367537174896617191e-01,8.147459236769392099e-01,2.435994457870058749e-01,1.198469328725511041e-01,1.542777345691611901e-01
8.215168840533201844e-02,8.410126383382114934e-01,7.452233588816263854e-01,6.312189743870693093e-01,6.641869925673428154e-01,2.555251761642050035e-01,9.987192237732605005e-01,1.502072350092011066e-01
2.842072981276531213e-02,5.000284408937496483e-01,8.799490871118069713e-01,5.482214275683968685e-01,8.872091499743948173e-01,9.855477883322108501e-02,7.625584733214074706e-01,1.507723328771934934e-01
6.388869802577171186e-02,5.824200013258888919e-01,8.144684073271741820e-01,5.763965204305389056e-01,7.665659612174083870e-01,4.018559146511856972e-01,9.983151442629732975e-01,1.499242174978174247e-01
5.246722187148888938e-03,3.798402032346972490e-01,9.636881385280909873e-01,5.966431497455695343e-01,9.156426173207324881e-01,4.447621943378302078e-02,9.631401858599215604e-01,1.501520281654189493e-01
2.089818839296404829e-02,2.105396497460039762e-01,7.005362108831465484e-01,5.838177188071183021e-01,9.298127969977771912e-01,3.826690863101094853e-01,7.044536360731403768e-01,1.510369930443777875e-01
1.403616670778145004e-01,9.453074569766413138e-01,9.725898143436373378e-02,6.713435610957141364e-01,6.647591013574151164e-01,1.912032565230333825e-01,7.416008032760492696e-01,1.522576363242788278e-01
1.132709278089251564e-01,8.357152979833698536e-01,3.108135780258673986e-01,5.561171254828268795e-01,8.278242505758286462e-01,1.437196589753075848e-01,1.798823307254010517e-02,1.553520814555337803e-01
6.781664742533646817e-02,7.660273055082531535e-01,8.552325477664609599e-01,5.246619413070013893e-01,8.821312992389189755e-01,3.923659360513448435e-02,1.622910918498174371e-01,1.538372061587405248e-01
1.004012226454503165e-01,6.853812700677538450e-01,1.286786413483645419e-01,7.074770674680327387e-01,7.024129893211756848e-01,2.042671115471250964e-01,7.512021032169622359e-01,1.516926118719734706e-01
2.568322506825627960e-02,3.790433338359986415e-01,5.232245103145232168e-01,6.671929429001548506e-01,8.705105222896823980e-01,1.078155245734881973e-01,7.686228881714929351e-01,1.515505691512196995e-01
8.160121756897008305e-02,8.261745606813996057e-01,5.705304186682873535e-01,6.881596121520864306e-01,6.480730351286485558e-01,3.055067135704908621e-01,8.783016696399396084e-01,1.502352635073281595e-01
4.972085651940550549e-02,3.053194698438354560e-01,6.933707861922215887e-01,5.077713770965066598e-01,9.290001652994084314e-01,5.103744676180942408e-01,1.528553058158363398e-01,1.537789719484070616e-01
4.210884803489978179e-02,5.230261476273915244e-01,7.841826127083753040e-01,5.364550472218969634e-01,9.575727475417996626e-01,1.558924611043921438e-01,1.801434858552380947e-02,1.541535658677609943e-01
1.852031975635939354e-01,5.071409795398977849e-01,1.300320747098761553e-01,5.060472625662255641e-01,8.611246547380104754e-01,6.468256150889767353e-01,2.430348083294085748e-01,1.530822277454660096e-01
8.182993848840655615e-02,6.092617956431711779e-01,5.748130905547035319e-01,4.880712961082526169e-01,8.805973597689560339e-01,2.740200832443946966e-01,1.327789604629931453e-01,1.541716114331727894e-01
5.509802650347052355e-02,5.539526007900147375e-01,6.576845776032156365e-01,5.074837402466255698e-01,9.614055276792823346e-01,9.975999982945074618e-02,1.537345859440526485e-01,1.538302689535366585e-01
8.311248214188714234e-02,6.693552376146012506e-01,1.732462104967428251e-01,7.239711055568829323e-01,7.474447850852546926e-01,1.270307173344178975e-01,6.180671101044882265e-01,1.524846804362184616e-01
2.674730844306956457e-02,4.306786761964781496e-01,7.721643175414071303e-01,5.910587348705617083e-01,8.590386046620455129e-01,2.117241983226473279e-01,6.445887879443530366e-01,1.516370744073278487e-01
5.441508151005244182e-02,7.673492061595426073e-01,6.977006559742473524e-01,7.077362218096239221e-01,6.726431644629820017e-01,1.264336358416468797e-01,9.488686442144518285e-01,1.503293166375874734e-01
1.508306423843269184e-01,4.845059333320781980e-01,1.620395331386944582e-01,5.299204834925027585e-01,8.441236316156541797e-01,5.230916588960526914e-01,2.837807444197957274e-01,1.533283376989368341e-01
1.929235877150832779e-01,8.340243917426340969e-01,1.074147446754723512e-01,5.985996416667345166e-01,7.396883869950939827e-01,5.459609692896906230e-01,1.094998433904454949e-01,1.539340833557676647e-01
4.787849991779768999e-02,4.889435948552466327e-01,8.594673069555958111e-01,5.440042204831213590e-01,8.486917621843464987e-01,3.746566128761292247e-01,6.445736761969625972e-01,1.513384129217681673e-01
6.045554191968992991e-02,6.727927059926299691e-01,9.333596124199912136e-01,4.708717451102354401e-01,8.960061909577687889e-01,1.336419144935407366e-01,2.466095494964537782e-01,1.534350450246815267e-01
6.611329633082563273e-02,7.921145980866537428e-01,3.242545222447428821e-01,7.663983443659058148e-01,6.715368221645822144e-01,8.171446075803501241e-03,8.304455070445123654e-01,1.518679380066739193e-01
8.560825762735405076e-02,7.933485482789041088e-01,8.804685785624892791e-01,4.558494870607856519e-01,8.939368656443775762e-01,1.302687207950511683e-01,5.024458246319668531e-02,1.545009205567468291e-01
1.339995899871123664e-01,8.158516658075083416e-01,9.448152170587587051e-02,6.852011805292277380e-01,7.116862266160954853e-01,2.965296245961716592e-01,4.033698406047143137e-01,1.530780446302320574e-01
1.639674397531625805e-01,9.406017806490615252e-01,7.564055102300515365e-02,6.185095001092471012e-01,7.535285648682051862e-01,3.062073492305214528e-01,1.556770525190975807e-01,1.537325214810967844e-01
1.154495753460145629e-01,7.473221522893137569e-01,3.410884873950355556e-01,5.827392040955614583e-01,7.782376484750432866e-01,3.227836568624588565e-01,1.591939792227508033e-01,1.544136269096771374e-01
4.475834738250622502e-02,4.309707983051718205e-01,6.475521706682416667e-01,6.585707499074684446e-01,7.991168465661073750e-01,3.620349468179200336e-01,9.049845472899836762e-01,1.498565643438753980e-01
5.812208030941767162e-02,5.509673664220697820e-01,7.715487185678306936e-01,5.063455571891438689e-01,8.850018385364600837e-01,2.746576357467168661e-01,4.157830346750578387e-01,1.525435490432655306e-01
2.293645678213032668e-02,4.763646244347961023e-01,5.083777576330608117e-01,7.225626689591031493e-01,8.301979414473887875e-01,6.175798648133087876e-02,9.022171603173370080e-01,1.501025010315444330e-01
5.339414377393689876e-02,6.507071569502956843e-01,5.601787510303835038e-01,6.053289432282469296e-01,8.991109051561786414e-01,4.292174156625944148e-02,1.730530045564289132e-01,1.537627898259939230e-01
6.655700952624538091e-02,6.406296235804700423e-01,5.043360450280819363e-01,6.435229064821829104e-01,7.699089491441076794e-01,2.249034235878781540e-01,6.586727839255854811e-01,1.515585050610707418e-01
1.654819660483973498e-01,4.334844995463811301e-01,2.227156323569678409e-01,4.224193697182971885e-01,9.378188877360978948e-01,6.259005321874622219e-01,2.471534154826793284e-02,1.543536542344539353e-01
4.062232603155914445e-02,4.607097729110705142e-01,8.713624441625900108e-01,4.772359726127993751e-01,9.294105930203785393e-01,2.277651928961009486e-01,3.409848534282873822e-01,1.531653031483614646e-01
1.394614509522476564e-01,8.891247669161577161e-01,9.429891802322815098e-02,6.112122177416310365e-01,7.985304984720431598e-01,1.889657055919299333e-01,1.149330412022288028e-01,1.543921755748028091e-01
1.151321013762986178e-01,7.793974933488581058e-01,6.607515886592785215e-02,6.968463365629324890e-01,7.062234117701845504e-01,1.658656602974458438e-01,5.653790967866368922e-01,1.530527276943646764e-01
1.371663891008335356e-01,8.619841103754934952e-01,2.496860328597013956e-01,5.216874604457802933e-01,8.557021455153382972e-01,2.001396936782637304e-01,9.945613910575018535e-02,1.545382328353327450e-01
3.943830310330465050e-03,4.494455319216973943e-01,7.514858898906346951e-01,7.209683592725737444e-01,8.330891984537096562e-01,3.219569567725569237e-02,8.618257283105965616e-01,1.505770980666145953e-01
1.755648966340838113e-01,6.432369244923198393e-01,3.245782281783543555e-02,5.874372136378752662e-01,7.651446594524192735e-01,4.924381404023318032e-01,3.074109340147250236e-01,1.530269451057109931e-01
1.361327280225772540e-01,8.672251163056889922e-01,1.957248643936710941e-01,5.686803790569677775e-01,7.949379818590248670e-01,2.193296115196967100e-01,1.881607736963710198e-01,1.542176029821941408e-01
1.180268308981082676e-01,4.040063185341528085e-01,2.227445353369429948e-01,4.838408613940964886e-01,9.520796365860322297e-01,4.345118147008564802e-01,2.458750762475808704e-02,1.541148247672868565e-01
2.024353086757518794e-02,3.711360086016611826e-01,9.374627970676081556e-01,5.260451002930495168e-01,9.567150286822339034e-01,1.527764685507769782e-01,5.476861901008835964e-01,1.522829628316877404e-01
8.256256140993242787e-02,6.882312792358142861e-01,5.055746125854329032e-01,5.491020246940075955e-01,9.025857733156903429e-01,1.416690473319887622e-01,9.592040348585328946e-02,1.541678013402281999e-01
2.275033102875788360e-02,4.624950489059522218e-01,7.363732249424941312e-01,5.780254826563124837e-01,9.258813600894590934e-01,3.824506942424560352e-02,2.750652159293686116e-01,1.536901092393863910e-01
6.768703460405055272e-02,5.836772940647929619e-01,5.531040339157429209e-01,5.174823454418968627e-01,8.984537649374386703e-01,1.468384856051896392e-01,2.518317903177802464e-01,1.540854483639763350e-01
5.850542440153079504e-02,5.165113304291443219e-01,7.189233953415331557e-01,5.949596977310521728e-01,7.775286226871128692e-01,4.198118211579923709e-01,8.090482985510115688e-01,1.505358629937226800e-01
1.115748763916685204e-01,8.518301263284655533e-01,3.018241776785992592e-01,6.256806712522262615e-01,7.694214859628719649e-01,2.040617512673812417e-01,2.722313946039391919e-01,1.535673580300963015e-01
4.355151404402472087e-02,4.511592468204188022e-01,1.971885127312388297e-01,7.556769346082388150e-01,7.920415571125181131e-01,4.965328009636327256e-02,9.967829703984101286e-01,1.502006697498336762e-01
5.928300076622942255e-02,8.164318285006502141e-01,6.600804671242952448e-01,6.975666162212041943e-01,6.671449975895469287e-01,9.295777509737546129e-02,9.870870318799989107e-01,1.497604080816987704e-01
8.911948605246881872e-02,1.773309369095462662e-01,6.010833755322048111e-01,4.512756888675285571e-01,9.869058576281484196e-01,8.761270030185305258e-01,6.903878705618654577e-02,1.531847053480602516e-01
1.902240127758271504e-02,3.618247864186425744e-01,5.572293613701697623e-01,6.441801798852965222e-01,9.303077296264739005e-01,6.776502281501634029e-02,6.535712167901159830e-01,1.517755878942045056e-01
6.098134807138972519e-02,5.292194673450076881e-01,8.970970796201807040e-01,4.876980995957331810e-01,8.750548674153572071e-01,3.879831790374588252e-01,1.638915412959486839e-01,1.540528593399538571e-01
1.187002144330544240e-02,2.804787914882888034e-01,7.471241442960143697e-01,6.519499882479559139e-01,8.778890019639241649e-01,3.456855803789701254e-01,7.457115310427300248e-01,1.506038964353322573e-01
1.588801911572741699e-01,9.682602372262917312e-01,2.446171090158670014e-01,5.789330725465660077e-01,7.558610672638621519e-01,3.592824402979968301e-01,2.376385579041334628e-02,1.543337423657080709e-01
6.282651494376502443e-02,7.556128675775817261e-01,7.744318829851741803e-01,5.727955840200960047e-01,8.575718676461405732e-01,1.193572969587891608e-02,5.476536643093143919e-02,1.547383469935321165e-01
3.956194385468540103e-02,5.134014866981811975e-01,8.331873045191852123e-01,4.654040708698078399e-01,9.952743214684366402e-01,2.229846073481897561e-02,1.832525189568327550e-01,1.538933849752939509e-01
5.275558119472163049e-02,5.223142567385137269e-01,5.014096544732865590e-01,5.556497515397035292e-01,9.272515630689922572e-01,2.880977567626763491e-02,3.559041683339723705e-01,1.540454048120851183e-01
6.991793733154177959e-02,8.305537815729306939e-01,5.663704831796052552e-01,7.223575517227025511e-01,6.693736694544776267e-01,1.316687605064544575e-01,9.434317889813110813e-01,1.501134555474482324e-01
3.700455412632246144e-02,5.353303647468237170e-01,6.756817552731395615e-01,5.663801387966014289e-01,8.979908738359565490e-01,8.209270483207631308e-04,4.327821042613458347e-01,1.535864518517850164e-01
1.801274604831849535e-01,7.691460583266092055e-01,2.669696400125964875e-02,5.552028567050718566e-01,8.438723679881268147e-01,3.404967970128846555e-01,9.051690666995565460e-02,1.540088200954877196e-01
4.870368249115309550e-02,6.410934290443821570e-01,6.586071049638732022e-01,6.065881644522714833e-01,8.121856559840646694e-01,1.665847637839276696e-02,8.068734453262654815e-01,1.515933826903894666e-01
1.563076022176901336e-01,9.099537807019364433e-01,1.578088113555383143e-01,5.405490046935181869e-01,8.077941052402556332e-01,2.435572300070420471e-01,1.252430093162261171e-01,1.543938344884454306e-01
5.104193328285921982e-02,6.484053757310557220e-01,7.950203587594364407e-01,5.557628287741381845e-01,8.377784832739605392e-01,1.268077704184866761e-01,4.812845123690209226e-01,1.527032751116744469e-01
6.076766587577574208e-02,6.771883983678053109e-01,8.625579760643284910e-01,4.949154253487301203e-01,8.282222453299830089e-01,3.963523679506586461e-02,7.825682458667604369e-01,1.517145264940815141e-01
1.888312317190567469e-01,8.120625431264743010e-01,5.457270007822478952e-02,5.958266674918303307e-01,7.790148225369322166e-01,4.886561663269063382e-01,5.584149959796219642e-02,1.535670062430819771e-01
4.208637563592600855e-02,5.034516702856033366e-01,5.525992229617011642e-01,6.412905325504274501e-01,8.438183899191692428e-01,1.687125588494093054e-01,5.492399988940850353e-01,1.525300607676459697e-01
6.288410829117380141e-02,6.890181982096640345e-01,7.775913115158816780e-01,5.527319435699985517e-01,7.777055384435038743e-01,1.419401401366142956e-01,7.195175199385275278e-01,1.519780717008398230e-01
1.570268152922820737e-01,8.730189774833131411e-01,3.470848762749739747e-01,5.301875162700534494e-01,7.738917364730122372e-01,5.043690825511505382e-01,7.211517825838453799e-03,1.542871007199411171e-01
9.182403950095879841e-02,6.590422658134318379e-01,2.873131696160032833e-01,7.042279845893978374e-01,6.784064138649609221e-01,3.033435840418441387e-01,7.660187565903679996e-01,1.516101693650747650e-01
7.689443840162657473e-02,5.383356793420134290e-01,1.518643622328233467e-01,6.830917471443533895e-01,7.888852614642239969e-01,1.145044856044102610e-01,8.706434166812960784e-01,1.508699103766480976e-01
7.018356712078421822e-02,8.926614131399814855e-01,5.013646284300441458e-01,7.496855538148957665e-01,6.223865120091133241e-01,8.743575167486339339e-02,8.994161948158727604e-01,1.508059418809680474e-01
7.476167572915898285e-02,7.939153197506374493e-01,4.745279155002719018e-01,6.777366576612094962e-01,7.134154192163346675e-01,1.506621538377110603e-01,5.783124084847743873e-01,1.522987947885022508e-01
1.371381363936363951e-01,8.691903311938951049e-01,2.823020041440924555e-01,5.616318336393001376e-01,7.551675326901107210e-01,2.971175372568551909e-01,2.726202444710325024e-01,1.538962834107011901e-01
9.678225474887558466e-04,3.676930961490937899e-01,7.333029778521156228e-01,6.543556060328686863e-01,9.190827591771876248e-01,6.284051595458317596e-02,7.797715174252283221e-01,1.502381776685596804e-01
1.661398969713409612e-01,6.290649369749995445e-01,9.239612277469894108e-02,5.743948335477317979e-01,7.659957770008437583e-01,5.100895410677732666e-01,2.284641302015255615e-01,1.537649800911709552e-01
2.431082516294556795e-02,5.410401823846358038e-01,7.810879166040507471e-01,6.231291740732672890e-01,8.750529859554629919e-01,2.085087199550805792e-02,4.254290832088837848e-01,1.526101379531637214e-01
7.104923902081754228e-02,7.449833539694737938e-01,6.183977453369247090e-01,6.066278547487413686e-01,7.682775523088016811e-01,1.288887920467515769e-01,8.113020280033336196e-01,1.507203912979836469e-01
3.641703209590024803e-02,3.578308209173839405e-01,5.445584163981274095e-01,6.423483611233458124e-01,8.525309423709941381e-01,2.182202427654910404e-01,9.816456149424312994e-01,1.496985850498575576e-01
1.262941364301204683e-01,5.708351155932011034e-01,1.585592252003746871e-01,5.369796060596053744e-01,9.046042996018412996e-01,3.267330302580594426e-01,3.111940397732515518e-02,1.544942171232945305e-01
1.928813258241514339e-01,7.547883880671176771e-01,9.346332284853137162e-02,5.364829377025240875e-01,7.851565972744504185e-01,5.134112790091428513e-01,2.131064474806741993e-01,1.541047781410563589e-01
1.852549411768363297e-01,6.892196841252472561e-01,1.548548884050773844e-01,5.020713567754300222e-01,8.506149438217425196e-01,5.753194190359161020e-01,1.320508769539702199e-02,1.538635187209042021e-01
9.919501063765234772e-02,4.146377393989528759e-01,4.366843326713336082e-01,5.170094050442712863e-01,8.767652827466624332e-01,5.609435027966681586e-01,2.780111387655657129e-01,1.531209607399028894e-01
1.972294871446436948e-01,8.430211528428829260e-01,9.466110225081358909e-02,5.250483723223616783e-01,8.150793109426136551e-01,4.518414309177841703e-01,1.815939704069572946e-01,1.536637378867263537e-01
1.936084357101143238e-01,7.948228922026603360e-01,1.421589750832231158e-01,5.688525610038022151e-01,7.615740633020389172e-01,5.697160828743453864e-01,3.120871234184943166e-01,1.535500114158672713e-01
8.763491648164092873e-02,7.610319394182705199e-01,5.442786010145397313e-01,6.728076250482755150e-01,6.399596447665862886e-01,4.202086486756501094e-01,9.535648109380803206e-01,1.499537498485049580e-01
6.744829151956141522e-02,7.025008722528118810e-01,3.109424545815822061e-01,6.983561102039269608e-01,7.276824986424506037e-01,1.346703262260567913e-02,9.367895940018144962e-01,1.510359742543506134e-01
5.569404166267325623e-02,6.293118934982224744e-01,4.069937438804451246e-01,6.646349874498014287e-01,7.657042058184482247e-01,5.619683652783813432e-02,8.974057905676424696e-01,1.505871986936340168e-01
1.267827617389036543e-01,7.318216215666069058e-01,1.795828548598486507e-01,6.128014783797159915e-01,7.786212772267377957e-01,2.699576787624323182e-01,5.181073889470609872e-01,1.528000561017805459e-01
1.725861279700285633e-01,8.035904784638552290e-01,5.110142491185093450e-02,5.387106212142293016e-01,8.546884357881359140e-01,2.976825826276892073e-01,1.430105239299962472e-01,1.539314485619869277e-01
9.005580793097232861e-02,8.056007808598845132e-01,3.368786167769830531e-01,6.827740233962171779e-01,6.954958942288924639e-01,1.613313632128605124e-01,5.184513214715961160e-01,1.531381585579077165e-01
2.004074468838592804e-01,9.799769072543818016e-01,1.706399024854458046e-01,5.695923852545554666e-01,7.164383542663766979e-01,5.285190138314089792e-01,2.505515110067263462e-01,1.538592266339811609e-01
4.540446963277222636e-02,5.925042257155337388e-01,5.661003642458026786e-01,6.491815906469595721e-01,8.368223207632022875e-01,5.992022035143690362e-02,5.973089024869916441e-01,1.524832265225217753e-01
2.503139901078779705e-02,4.843545731902405560e-01,5.418038787091566943e-01,6.883901579499427381e-01,8.467580500031323121e-01,5.091289908583981894e-02,6.642191223919073906e-01,1.519265639486993835e-01
1.231727531080144267e-01,6.001241833137109793e-01,1.040034633769643113e-01,6.218973504729005120e-01,8.301737431787392651e-01,2.719373543373501123e-01,3.178637812062620194e-01,1.533389256027388736e-01
1.305839083719244342e-02,3.275456710442720687e-01,7.810554556006230609e-01,6.587258265197852847e-01,8.364623499750709623e-01,3.171350866139576730e-01,8.680918687943997014e-01,1.499747775543357753e-01
8.369385689008433660e-02,8.320213216263770972e-01,3.851006521141374650e-01,6.120727408948087866e-01,7.836916427471058988e-01,3.783489899493541753e-02,3.772837791412481101e-01,1.535091147619622731e-01
1.466986336283971348e-01,8.177464490261537877e-01,2.829803524390966940e-01,5.254814197967656586e-01,8.133747929781031116e-01,3.879001216760916138e-01,3.354672035398270635e-02,1.546015721059738890e-01
6.107998983269755100e-02,6.199320893044817371e-01,3.477803958811770957e-01,6.745991705050276011e-01,8.037371419891813362e-01,8.605488965434424098e-02,4.609475481343092151e-01,1.533349179395826212e-01
3.375877633291206326e-02,4.845058038989185634e-01,9.794295050041599282e-01,4.775905579274474233e-01,9.701476750137303373e-01,1.429515493375671520e-02,4.393817036320272207e-01,1.529831802903353355e-01
3.491074677514806324e-02,4.335355933989182287e-01,4.747428327353713784e-01,6.502069733765334369e-01,8.650051987445551704e-01,3.684270834168101860e-02,8.380387866144241027e-01,1.515099464044454280e-01
1.388289461958807647e-01,3.943795955813564902e-01,4.520376909416004008e-01,4.315190447077811853e-01,9.183452222185211067e-01,8.432098565613148633e-01,1.053339620643289343e-01,1.534602406206089509e-01
7.650788056910576285e-02,7.673131820597619557e-01,3.909135933306150945e-01,6.985364966545337673e-01,6.976060883167800597e-01,1.479639183183501516e-01,9.142666407610751111e-01,1.504371262910017826e-01
6.444090097826135621e-03,3.624792137717016693e-01,7.703548492697185335e-01,5.989971867007822803e-01,9.559325733343220222e-01,4.358493008582225992e-02,7.651393696601939132e-01,1.508675343219607334e-01
6.503815942325948118e-02,6.168211474555358453e-01,7.380633038301412929e-01,5.129730695001171181e-01,8.938405468998418257e-01,2.342604222827524840e-01,7.514142265104617469e-02,1.538917586262101844e-01
4.315466487541191193e-02,3.033195442016236032e-01,7.869150226618482069e-01,6.230820345985280673e-01,7.871271688418468582e-01,7.359914121434915080e-01,9.940443206521039077e-01,1.489754480305122974e-01
1.736596662105585331e-01,8.971901880084671710e-01,7.440466214775143250e-02,6.505279941746709982e-01,7.021412322168565368e-01,4.249103742336460265e-01,1.778433392861539786e-01,1.538895002125152955e-01
6.814929610770029123e-02,3.204311264204344201e-01,6.036288949368591172e-01,4.976733181755360058e-01,9.621981560101398046e-01,5.416577274555900434e-01,9.375751215203403932e-02,1.536561874077148893e-01
2.137076719741847486e-01,7.094465944227047460e-01,2.641006428344533363e-02,4.991082699163633674e-01,8.294811800908132859e-01,5.279243103065844878e-01,2.781529679243633368e-01,1.533413180953604182e-01
1.090146418660525723e-01,6.563711485472198959e-01,2.650226346803548072e-01,6.105687798977884606e-01,7.667642562890158997e-01,3.358419781607409060e-01,5.471539821002581183e-01,1.523499961085727217e-01
6.462887553870938495e-02,5.351174133295417690e-01,4.440304507370417264e-01,7.044464342679623847e-01,7.276360562363819451e-01,3.369977834264192285e-01,9.201798873587212491e-01,1.500910523884258774e-01
8.134267419969778978e-02,7.637882925072146945e-01,6.765016394841262271e-01,5.378821634962822618e-01,8.213321705713759746e-01,2.520444075519013283e-01,1.407633882054382113e-02,1.542457470214591841e-01
1.821639398121317477e-01,6.721604789869054519e-01,4.532419469483178753e-02,5.049519156401686137e-01,8.738549565033709721e-01,4.118858938805287084e-01,1.379139798081316926e-01,1.535847220704655292e-01
7.649928813817469253e-02,6.994139925881968090e-01,6.806422617826333177e-01,5.874083591501212398e-01,7.463321570633361102e-01,2.859213588996508681e-01,9.564050945457857056e-01,1.497841258962897548e-01
9.746439403558834758e-03,3.147594538636026562e-01,8.031811132915682716e-01,6.441586980986663269e-01,8.944327261668136853e-01,2.761749072604744448e-01,7.726068856315295719e-01,1.503310465129600038e-01
9.534220866011003381e-02,5.772865229785278940e-01,3.095550260701152578e-01,6.571234488616907177e-01,7.382280714262510202e-01,3.873882124506916047e-01,7.589998840270831826e-01,1.508504043712250720e-01
6.470159488072793619e-02,5.887656614177033676e-01,4.701604031502888970e-01,6.000461442125064604e-01,8.623866831535175193e-01,1.283076398335852297e-01,3.764621873219809456e-01,1.535216812214925675e-01
7.870224609954230843e-02,6.930598577864927057e-01,4.393020784773180587e-01,6.395477558472363322e-01,7.546772590654046153e-01,2.266429341283692500e-01,7.079369940555191310e-01,1.514150367382398887e-01
1.447034628896552988e-01,8.889027509789848569e-01,3.048158664487469194e-01,5.624444565919052286e-01,7.633543532345331561e-01,3.493572689878573501e-01,3.102998021728429756e-01,1.534887452654271067e-01
8.094498608276781693e-02,6.310759004600883237e-01,5.995787205079775584e-01,5.519093997181258038e-01,8.232492758363294527e-01,3.759118797700446990e-01,3.803054309891835127e-01,1.527865375798710679e-01
6.819338430754706692e-02,5.910765089812904938e-01,4.357636317642653578e-01,6.683594309376205134e-01,7.371897592627226770e-01,2.886004917827900140e-01,9.514860308343326967e-01,1.497265629124559516e-01
1.085077897056605095e-01,6.768372969740690248e-01,9.062370539144326553e-02,6.428114732006742216e-01,7.897589870780020727e-01,1.494839939109352533e-01,3.676526748685622348e-01,1.538706673354834076e-01
1.706575053014861010e-01,6.688063270780841840e-01,7.534119157562790825e-02,5.929818490166766098e-01,7.944998168994573673e-01,4.683759825480684480e-01,8.627866744225493045e-02,1.540148519139181715e-01
6.263935174354400004e-02,5.097498876752051267e-01,7.486327576345732648e-01,6.256626019504516467e-01,7.520220511460539159e-01,5.665233345533084997e-01,9.217110204054552725e-01,1.496053970853206683e-01
4.185522279437660365e-02,4.566413279441376427e-01,6.858684071682924488e-01,5.966712463764147767e-01,8.699436432073235359e-01,2.868086316469768970e-01,5.808927541761764735e-01,1.514397072681620826e-01
1.778786373853777358e-01,4.860639965298254039e-01,8.125227958403968831e-02,4.356261936826958392e-01,9.542825548699696014e-01,4.611407316294373615e-01,8.577412862184558007e-02,1.538937650802054691e-01
1.363421142411380682e-01,6.474476286519841306e-01,6.301139355027762790e-02,6.591702564278052456e-01,7.169896797554337065e-01,3.668053083301741069e-01,5.912108199669308117e-01,1.523454512422109108e-01
1.801268592225068743e-01,7.287485166411267201e-01,7.005550936041138321e-02,5.655047670144602856e-01,8.322488371785570216e-01,4.282741332702335590e-01,1.607404528685543177e-01,1.535818387956021935e-01
3.476019411296437517e-02,4.986900095674610678e-01,6.384602206695477733e-01,6.001430213552746418e-01,8.688930839778211679e-01,1.079907529002059607e-01,6.392647380705323013e-01,1.516425148513359800e-01
2.089067896897254806e-01,7.565332612977540006e-01,1.196135365499634284e-02,5.361977701001769958e-01,8.422565988158075001e-01,4.610975021133821850e-01,8.251928550021231379e-02,1.540088206594961984e-01
1.151053893595306021e-01,4.667850527754284773e-01,2.783508938985760350e-01,5.187846145743020276e-01,9.014235246437045657e-01,4.456108821210852944e-01,2.201264864904092233e-01,1.533329236168524679e-01
5.345331569245635045e-02,5.995245058397048465e-01,5.784139720110496041e-01,6.675084054140907330e-01,7.577528688088781550e-01,1.793503682964973645e-01,9.777553753596932573e-01,1.497641378612804552e-01
2.917923044706671049e-02,4.579187017373020918e-01,7.746038577864478025e-01,5.341388939988984674e-01,9.690674711756825932e-01,4.337913325666375997e-02,3.989764463015206819e-01,1.529770479060314770e-01
1.543127874835084901e-01,5.422738172362856490e-01,2.312046043837396314e-01,5.204835587703144917e-01,8.531524002872272749e-01,6.019546862376954355e-01,1.036479643500055059e-01,1.537197968720387942e-01
6.561698893537695754e-02,6.905363606550084521e-01,8.464324465825527888e-01,5.158698770873761941e-01,8.703385148033653262e-01,2.103538767841092449e-01,7.389511435108858661e-02,1.542120398617440047e-01
1.175372019088973818e-01,7.336841966864390274e-01,1.493907613334728435e-01,6.659388834868393836e-01,7.332644854508891807e-01,2.664833334097542195e-01,5.404170578925598933e-01,1.526099576547508274e-01
3.138297511933303696e-02,5.251866245921189558e-01,4.950866243164794844e-01,7.480956355368791888e-01,7.723398182212297680e-01,6.320864287790084468e-02,9.718789624316546139e-01,1.499757535675753373e-01
5.507106651616709703e-02,4.731852600356422078e-01,1.477998330510281177e-01,7.496677136685563347e-01,7.994999054650331338e-01,5.075775246105768135e-02,9.849774783114453314e-01,1.501011353849328323e-01
3.505461987582726702e-02,5.776866846667016997e-01,8.029412800153674645e-01,5.611115829597220772e-01,9.169039061217733044e-01,4.207311774732880316e-02,2.857601667192603001e-01,1.535322358510994301e-01
6.896438786720512915e-02,7.093808681011338768e-01,6.919364234955611703e-01,5.634707993995257125e-01,8.700198663271162536e-01,1.147865102586988206e-01,1.585390437488004567e-02,1.548053380756973518e-01
4.848672556591689109e-02,6.946044931071967410e-01,4.637859714781528142e-01,7.415288485505175942e-01,6.762949673065961065e-01,5.425801391937656870e-02,9.775244775663349817e-01,1.504438904920928355e-01
4.377113710014385317e-02,4.411945229198817042e-01,4.669763246268952561e-01,6.583563812242224644e-01,8.562622959990354721e-01,2.043189769867099770e-01,6.100670784672657110e-01,1.517884510339338744e-01
2.692098946585778918e-02,4.645562584214171231e-01,8.280068059386491708e-01,5.298706272609847723e-01,9.383070430694580022e-01,3.380777618470198753e-02,2.676504286493630591e-01,1.541016743201163164e-01
1.879565243986584255e-01,9.810068205280502163e-01,1.454412408348426666e-02,6.444972462863887142e-01,6.738104191255094300e-01,3.575787649441994898e-01,6.378069392722331976e-01,1.523008767828746834e-01
5.256303753369534482e-02,5.833232760162887498e-01,7.527543414100617003e-01,6.134196348318933234e-01,7.580228899042049662e-01,2.073598521852315635e-01,9.707214084190105563e-01,1.504513025147618810e-01
1.818374933149338180e-01,8.617727320706911609e-01,1.981774778178655438e-01,5.265972907562109784e-01,7.680893678391743640e-01,5.145487433876235750e-01,7.878084382127736873e-02,1.541839343308614163e-01
1.852074553776366095e-01,6.807210320141178217e-01,1.038425405336940721e-01,5.358215059332711583e-01,7.816898863370549400e-01,5.663300066059019366e-01,1.776780441116989073e-01,1.539737983381083697e-01
5.338181953825339027e-02,4.752327030285712905e-01,8.446762618467636985e-01,4.733693557868420276e-01,9.304662319776245694e-01,3.666252682864838963e-01,7.090072861739349364e-02,1.541349243389369406e-01
4.408618562593231982e-02,5.376870152386123980e-01,5.868896063450531608e-01,6.738632167213375324e-01,7.915411469299842295e-01,1.887867488194407972e-01,9.851819644417969535e-01,1.493876675680990695e-01
4.468219481874355359e-02,5.341318075330103721e-01,9.843992593627064469e-01,4.371912183209972769e-01,9.961707567757155379e-01,1.328972812393353076e-02,1.382713573193083967e-04,1.552279450302204156e-01
2.980564149829165177e-02,5.203354528005854629e-01,5.424929852430456778e-01,6.885228379266452592e-01,8.210456797534605444e-01,6.190927159094644638e-02,6.465547983697418344e-01,1.522481036045905956e-01
6.752497865506071340e-02,7.447897425741492050e-01,7.620168472421078310e-01,5.322679068999472962e-01,8.507857069108865078e-01,1.929084258845081834e-03,6.011672975564952282e-01,1.524186016037858138e-01
2.823681098487496044e-02,4.095363536711963959e-01,8.737071483413030304e-01,4.919492225748290370e-01,9.786765505591233927e-01,1.224932886591574288e-01,3.438049898179506014e-01,1.533901826031580373e-01
8.618878029822006626e-02,8.419537075365890466e-01,4.912478433478352224e-01,5.841763363184486746e-01,7.868810869085506310e-01,9.968898931017824983e-02,1.257337951156127787e-01,1.545708751828020755e-01
1.246941657987362118e-01,7.077880877389197689e-01,4.423985279426243533e-01,4.942347814106189396e-01,8.285811134071876527e-01,4.569524133714860659e-01,3.108791923717463268e-02,1.542637614100455246e-01
1.285112899610821591e-01,4.696256056625370268e-01,2.831409203022058341e-01,5.315613711120358298e-01,8.747881591489810038e-01,5.599505320093181027e-01,1.750756431947592673e-01,1.534927379238437695e-01
9.446618049734377409e-02,7.679492934221944234e-01,3.723085041670430861e-01,5.794023315664256213e-01,8.654344623446402762e-01,1.380926630921152642e-01,3.505905797627989484e-02,1.546636767028898851e-01
4.336814947913275597e-02,5.272113654579690945e-01,6.867549282924767517e-01,6.292505378196424637e-01,8.115785508177135732e-01,2.465160287114482873e-01,7.638084349990944544e-01,1.504811114723694221e-01
1.548133670475943802e-01,6.280584640128713536e-01,1.047411818880071288e-01,5.246874936355647723e-01,8.819391893907038149e-01,3.375522172219234118e-01,1.830449315579379954e-01,1.542917488560024697e-01
7.478779835153266664e-02,6.253213670657726819e-01,4.628810891998558219e-02,7.529217512243411292e-01,7.691889027349035901e-01,9.224425307393591122e-03,8.294359470637149290e-01,1.512775327376262302e-01
8.451892387057780009e-02,6.139034993409913099e-01,1.559115286325620797e-01,6.727581791685233181e-01,7.671962310721456291e-01,1.252751140176575628e-01,6.101851884530020698e-01,1.527624650485556457e-01
1.227161043750763236e-01,7.068797350217895792e-01,2.151233316602257917e-02,6.467696280843402423e-01,8.382532915472422630e-01,1.765505906606123221e-01,2.054560100937233291e-01,1.537941184144667461e-01
5.440072057301826441e-02,4.623958966788842551e-01,7.827392709383262925e-01,4.930325831305357731e-01,8.985194886344201048e-01,3.472518767300318276e-01,2.771911786121626919e-01,1.534675454703015585e-01
1.416305151610733337e-02,4.631897049571976899e-01,6.071413541763190924e-01,7.183058712527488066e-01,8.531865187678407958e-01,7.252800193027320041e-03,9.493005299587782275e-01,1.495476133260101315e-01
7.520753408272548568e-02,5.688756700738977212e-01,4.873365615151881158e-01,5.628759526259236035e-01,8.512500352724481356e-01,3.228743391907269444e-01,4.090737294856205963e-02,1.543712250133477404e-01
9.723013038087033322e-02,8.146190545257070426e-01,6.720457331934853729e-02,7.732279589176233037e-01,6.889932848591225900e-01,6.469705342776138624e-02,7.570171538551325741e-01,1.518730467246091898e-01
1.615417606677284068e-01,9.518378515047507538e-01,1.972639799083382994e-01,6.180816312037868965e-01,7.163666338495775499e-01,3.995549648636783080e-01,2.941636212080407375e-01,1.534708511802486686e-01
8.546244765795762977e-02,6.293132143478705753e-01,2.005005658021153658e-01,7.376935293325774801e-01,6.970016542939538873e-01,2.403107025735699287e-01,9.321556330202875884e-01,1.500515356448757498e-01
9.945001277021159325e-02,7.038736367283932038e-01,3.235188307470268088e-01,5.798442513225028350e-01,8.361190955853514684e-01,1.652209027486128967e-01,2.312816638259489188e-01,1.545086361510690787e-01
1.461072062986262798e-01,5.614735969935532589e-01,3.004969926021283100e-01,4.682728767672342807e-01,8.545662417656540999e-01,5.643081965908701703e-01,1.519498819538322443e-01,1.540201983336766667e-01
5.245606130807628498e-03,4.333217912914844039e-01,7.429818435429448309e-01,7.016090449477324631e-01,8.378470403726040461e-01,3.882262911440320652e-02,8.568533405196512298e-01,1.507992197636069676e-01
2.767104005264199584e-02,5.128092236721633057e-01,7.977248798726256362e-01,6.355132474965152767e-01,7.835823205395446855e-01,1.359709292443190276e-01,9.004437471909232382e-01,1.506778751674676953e-01
6.986935637987828907e-02,7.954986870791055376e-01,4.284146306840870277e-01,7.089569608455856820e-01,6.967895314388643513e-01,1.311792653157354271e-01,6.957615319679131272e-01,1.515272196141853878e-01
5.646319849486616804e-02,6.158631354838320915e-01,5.769507308306895954e-01,5.858697090450619704e-01,8.510284016496273418e-01,8.328915068335107641e-02,3.814211366664992942e-01,1.534735187722513217e-01
7.929842646759205360e-02,6.985224438541097758e-01,2.718990533710521351e-01,6.773860618738413164e-01,7.629349187710264824e-01,1.101821666566290547e-01,4.704056403387354424e-01,1.535867249663069034e-01
1.845790124707265278e-01,9.258000193029427560e-01,9.612316607464577167e-02,5.876336936490994534e-01,7.282340305461487695e-01,3.934632566832908518e-01,3.242353268018888235e-01,1.536772359583089276e-01
9.428545090161578879e-02,4.597791438367158090e-01,4.691437399972329114e-01,5.339891944266713653e-01,8.817496260183429468e-01,5.026823209055664154e-01,1.064633933729137172e-01,1.540430736876143014e-01
7.167851561948045125e-02,7.049908375177080799e-01,2.704950693311212184e-01,6.811818054486245000e-01,7.671490982576565365e-01,1.069446121724076937e-02,8.912205657440583906e-01,1.508073722637452152e-01
8.837761519973447166e-02,5.565163290076714508e-01,5.163534114635364158e-01,6.196368696319535241e-01,7.199696744305462692e-01,5.085608926965772270e-01,9.884496482451234911e-01,1.495901433057724439e-01
4.016010259059756698e-02,5.870765424880850514e-01,6.134128993888623427e-01,6.699925311086447621e-01,7.993944555843340849e-01,6.186474406064465525e-02,5.834601317683785204e-01,1.525033636410353388e-01
1.495200532684766437e-02,3.800961173524205483e-01,5.828481223853554383e-01,6.766920971847998345e-01,8.363695306727001455e-01,1.120846219247349507e-01,9.294272273118144856e-01,1.499397705923322111e-01
6.786243503771793861e-02,7.821493863485257103e-01,7.595840851500459401e-01,5.683339245499413606e-01,8.577176699670042703e-01,4.190434952914823263e-04,2.063112424025751457e-01,1.541830518326791355e-01
6.227880020190530719e-02,5.150726694647219661e-01,2.752783591143617703e-01,7.018364295391261720e-01,8.022099414115007043e-01,1.395955918590304767e-01,6.697322901937416972e-01,1.521605931248797838e-01
6.895897907919643077e-02,6.858324796882591112e-01,5.301840141122713401e-01,6.218216176205991763e-01,7.698272884176320385e-01,1.612483270251057199e-01,6.367073620659937649e-01,1.521546375028767217e-01
7.774795411552481994e-02,5.881111255028579343e-01,4.958190532057090150e-01,4.887835343755224660e-01,9.374774419600249153e-01,1.399925630591360159e-01,1.320007327906316807e-01,1.544002605939854278e-01
3.121771284058030838e-02,4.873350945937371392e-01,8.874568328590053401e-01,5.431472590084895913e-01,8.873369154296604222e-01,2.028580188645403015e-01,3.468030368588179702e-01,1.529682129700885296e-01
9.114020742394185470e-02,5.489667426873131584e-01,1.988340108600982203e-01,7.013977283460635093e-01,7.133810318608485579e-01,3.102419964962571108e-01,9.134769693148472314e-01,1.504139982352947769e-01
9.276369024789787865e-03,2.461503660787791592e-01,6.048621094405884913e-01,6.480661169180368386e-01,9.330855537311695258e-01,1.847339980843401841e-01,7.562656471727962071e-01,1.509884740617528920e-01
1.817725604557547947e-01,4.729059846364743747e-01,1.141725429127108393e-01,4.585353301088609390e-01,9.288757015919241189e-01,5.776938802141807772e-01,2.890524946151029617e-02,1.540227998869090342e-01
8.847993167856443852e-02,5.961605450189388922e-01,5.700516643498687586e-03,7.479901567820061992e-01,7.672428382762724874e-01,7.421817071569825064e-02,7.537078271872825752e-01,1.518487443973948192e-01
2.712744711025223687e-02,3.666898429962114347e-01,7.433519611451906428e-01,6.209900470046214593e-01,8.370723943144361412e-01,3.519740036898591495e-01,8.318709527006036275e-01,1.503766617572863395e-01
1.352581247597051117e-01,8.740313563981358946e-01,1.310420359190937467e-01,6.325349789418887037e-01,7.754341069908072814e-01,2.187232150068490200e-01,1.239922816611415679e-01,1.541396850768527726e-01
7.724853718525395707e-02,8.105271981263673098e-01,8.112428576762107379e-01,5.239417755946969013e-01,8.177862423192178154e-01,1.171356873200112558e-01,1.026259139954697752e-01,1.548098446857504862e-01
3.581086192223555120e-02,4.980902534366716261e-01,6.494841207257909810e-01,5.638681101118230288e-01,9.121020410443543280e-01,7.132030574738432160e-02,2.584766513087882189e-01,1.537393675945250282e-01
5.273415372677807411e-02,6.306972300925677288e-01,8.359546218336270096e-01,5.164434168842636508e-01,8.814273639871069710e-01,8.010649484142590149e-02,5.277228598278476124e-01,1.525674933369625674e-01
5.470925832931226862e-02,4.932840163275851175e-01,5.104233669871233170e-01,5.968793187123890842e-01,8.650217118158246565e-01,2.222310848641891878e-01,4.640582901947092331e-01,1.525398768983859121e-01
2.617710877211244791e-02,4.368477391883954786e-01,6.328751648934310969e-01,6.474644455739415605e-01,8.576019236366287934e-01,1.618187521263967366e-01,5.034122140725729722e-01,1.525444070758605331e-01
1.457264835536326020e-01,4.913752463229880130e-01,3.911463374153494321e-01,4.300414221715901375e-01,8.925643283706593545e-01,6.969064219166145602e-01,1.155860469834519288e-01,1.538471934138090080e-01
4.293842051001724863e-02,6.444946134448521491e-01,8.108842171227432782e-01,6.130957347492529408e-01,8.454059631254510210e-01,6.270692282782860949e-02,3.153565600343662956e-01,1.534814167693449860e-01
7.964180310211375902e-02,3.964439697369450122e-01,6.007396940366382942e-01,5.143273716050001942e-01,8.657471073069051837e-01,6.385713434747095629e-01,1.529058939665963734e-01,1.537246756587519469e-01
1.270325753809621872e-01,4.365860556187197150e-01,3.517246948345142954e-01,5.164053516201514427e-01,8.671694640846160373e-01,6.629471927672387910e-01,1.416831191923313416e-01,1.534505145383854297e-01
5.711512346048948363e-02,5.765797839435405914e-01,9.746430673372049602e-01,4.469322137018921781e-01,8.993879998205882575e-01,2.071872237184905763e-01,3.594370465740145959e-01,1.535989642689704060e-01
7.874507121770048246e-02,8.844247137027907435e-01,4.507385061809979221e-01,7.050623736603391922e-01,6.658747591840867841e-01,8.294050480696618655e-02,7.063930702083736080e-01,1.521639473534296960e-01
1.274895886138185108e-01,5.535221467101235637e-01,3.834783719782937084e-01,4.818047902223280277e-01,8.631847542036118481e-01,5.739347827566092519e-01,3.426113391155666266e-02,1.541326940724114525e-01
1.129908615774848496e-01,4.444287764938955609e-01,2.307669726843297187e-01,5.066727809817467287e-01,9.433737255722708381e-01,3.364196186526862142e-01,2.307455865017010443e-01,1.539659448885050130e-01
2.929987467928645700e-02,4.562725703064789418e-01,5.590671529234418902e-01,6.219157379697213273e-01,9.242829046293110640e-01,4.901042664444632546e-03,6.837660562600007541e-01,1.515709938517898203e-01
9.067271453717813678e-02,4.427179568145281907e-01,2.217594828755079517e-01,6.652217144269619853e-01,7.721689266548047437e-01,3.624616397258993428e-01,7.794491519521199452e-01,1.509794129009531527e-01
1.343097659130290666e-01,8.710890987377800654e-01,3.097267305372712887e-01,5.442719920632708153e-01,8.149873157458722428e-01,2.590849872546866495e-01,8.483690203384741668e-03,1.547411023088960391e-01
1.636729667980524328e-01,5.939987835175252195e-01,6.886273922637919931e-02,5.115039042986604390e-01,8.638369880278902180e-01,3.981768135161036226e-01,1.411344260022658892e-01,1.540696312540640045e-01
4.870028594621989698e-02,4.741955983821537490e-01,4.408836578465131217e-01,6.622724273249351867e-01,7.923469874640647337e-01,1.626382754223881233e-01,9.487150198722755778e-01,1.502771483046787260e-01
1.809928914641173725e-01,9.992333893649767429e-01,8.885163125926537342e-02,5.934430692398764418e-01,7.452674422935539056e-01,3.374482195975763155e-01,6.578697716719639210e-02,1.544389298671315358e-01
5.259405714417722533e-02,5.714304752680782196e-01,4.049239797417575337e-01,7.167428701465391461e-01,7.331946705338364678e-01,1.631720865223650896e-01,7.809313102122854566e-01,1.514132152365408879e-01
7.263189821310092609e-03,3.754413105634993864e-01,9.327994258414459283e-01,6.023878825648589785e-01,9.104898514159935896e-01,5.200662651918713797e-02,9.165785288441387069e-01,1.500872992652781956e-01
3.225546973541631307e-02,4.595591349558594829e-01,7.796986672567205456e-01,5.745615641337802337e-01,9.162150152269866732e-01,2.084701278628973697e-01,2.872123813610837351e-01,1.532995581979139377e-01
2.327794430161420070e-02,4.808316018321171503e-01,7.849021036273946539e-01,6.326901861543775540e-01,8.628009883907805655e-01,1.166872585260139428e-01,4.796265513671661984e-01,1.523778173977762551e-01
5.792086402471079143e-02,6.379763381517306042e-01,8.610616553526695416e-01,5.532230019635265839e-01,7.847706073256274228e-01,2.409863411761902219e-01,9.999088372443596384e-01,1.496156887769072019e-01
4.324552460640565532e-02,4.676664124516278220e-01,7.117272384424000453e-01,5.886072959041644959e-01,8.250593586612374741e-01,3.127197347801837224e-01,8.084383863147390770e-01,1.505064354018148809e-01
1.113280545850284659e-01,8.693953408045829168e-01,5.411933258170483763e-01,5.453483036300723619e-01,7.729021793003841845e-01,2.924743218289490021e-01,1.201023806666874916e-01,1.542680257378665487e-01
1.716808638626292072e-01,9.819291592400805069e-01,1.517780557423984433e-01,6.117009746798806047e-01,7.441704671144373506e-01,3.570151484540934894e-01,1.307668535860375680e-01,1.543294827036466033e-01
6.251205562979755825e-03,3.784743171221909841e-01,7.744458726580696339e-01,5.814354531803638260e-01,9.604354222445502520e-01,4.736018035727779241e-02,3.087793159681323507e-01,1.533115146343357049e-01
3.570836783335441106e-02,4.222537501624541445e-01,7.656359026708935422e-01,4.895898771229740265e-01,9.930055398616093321e-01,1.415957586158504422e-01,2.180156781214324657e-01,1.536133528055734776e-01
1.700504457670469205e-01,8.540817627935975986e-01,3.885220729395039152e-02,6.453369573671910997e-01,7.532946915013184475e-01,3.652009095928175908e-01,2.813021554417256542e-01,1.533684302540416766e-01
8.542651416435638467e-02,8.394021559794597742e-01,4.251921119494221357e-01,7.411762570807083339e-01,6.040274943151882070e-01,2.708914868857786873e-01,9.167957137734310535e-01,1.503159131832922935e-01
1.137622924152654202e-01,6.821774280982988437e-01,2.198665770698321198e-01,5.882098532321780038e-01,7.909528598616346606e-01,2.598506085161301771e-01,4.061686065807061929e-01,1.533471729698466790e-01
1.706874478289700792e-01,5.697466713808163608e-01,2.464760198516491307e-02,5.247405643340057324e-01,8.966272671629537117e-01,4.076787664541784428e-01,2.086666938007853689e-01,1.534249562433186997e-01
1.869570458054116147e-01,6.630425552350969198e-01,2.099238458291051157e-01,4.824128993813899813e-01,8.236766649355775627e-01,6.784124386641284810e-01,2.193387097487331516e-02,1.540035014242609468e-01
1.528345223846476197e-01,8.492117403118983887e-01,2.057998305886447610e-01,5.229423356004674339e-01,8.508951640629497382e-01,3.114773888672563440e-01,5.315034290966358377e-03,1.543144724026239978e-01
1.009377557994908803e-01,5.260836583768805363e-01,4.024470519450200623e-01,5.681919004768468673e-01,8.435297391858642690e-01,4.486899537655834602e-01,2.072298064890273905e-01,1.538508916672730042e-01
5.878617888020252341e-02,7.159203369471989209e-01,8.308578771125414431e-01,5.778766697194023250e-01,7.972904334980965846e-01,1.118125825642284910e-01,7.778198075977884596e-01,1.510062519292319494e-01
3.786632737018457567e-02,3.878813384756760185e-01,5.082383189654464672e-01,6.338310861232071547e-01,8.469353477172127942e-01,1.765059659233849942e-01,8.318586569288481947e-01,1.511014364696984802e-01
8.177085066567402194e-02,7.431489192993272486e-01,3.381703436596655843e-01,6.356136970151200494e-01,7.456576319107610651e-01,1.081034186826653753e-01,6.672997564832100492e-01,1.522864932133792815e-01
1.726469010089420886e-01,7.935746892605769487e-01,9.456330196383083697e-02,6.169211215531428261e-01,7.206453345387041631e-01,4.719051882556791755e-01,4.194898583679311788e-01,1.529953737427821869e-01
5.027237945445230810e-02,5.452297533013024111e-01,6.374087965746959572e-01,5.175980381805390662e-01,9.892067272560900459e-01,1.116389630446856240e-01,5.949152641873067804e-03,1.542864652851606844e-01
1.770945086271413782e-01,5.753313146591216842e-01,9.673765821991281433e-02,5.120728287451534744e-01,8.535876668649953203e-01,5.464105169052242417e-01,1.633820816585007107e-01,1.536319026183042002e-01
1.005470150624124814e-01,6.801438875480426693e-01,5.189618535450618575e-01,5.219366245406905636e-01,8.316798937082643395e-01,4.067631058027892932e-01,9.208602856366632228e-02,1.540081561254109388e-01
5.630146745230520805e-02,5.524248855241240541e-01,7.737626423254625463e-01,4.754857961183849291e-01,9.448335393996233345e-01,1.996935556234638587e-01,1.530085704799545865e-01,1.536163089768816103e-01
4.461623810746644797e-02,4.517047313895761196e-01,9.305385114609365793e-01,4.954557451750633001e-01,9.176643557874293311e-01,4.038003799115419401e-01,1.082048041496573854e-01,1.539172667960281848e-01
1.573357154142426828e-02,3.779870743830640034e-01,5.558755539117096189e-01,6.542592233793308454e-01,9.474458456080253610e-01,1.969759697958206601e-02,6.321640795241019184e-01,1.517733680900660020e-01
5.903408184436507999e-02,6.310055938299696798e-01,3.575652720862766420e-01,6.880637915241683000e-01,7.655831653629462386e-01,4.626330516743976107e-02,9.744882798981513439e-01,1.502681948177207738e-01
1.215642260660085849e-01,6.223286467405340083e-01,4.664176434001541249e-01,5.124430552423854257e-01,8.288695239168272222e-01,5.529116261847003555e-01,1.479985520117530484e-01,1.538711043654004129e-01
6.535265691395977794e-02,7.141903541349664541e-01,6.886829300026964251e-01,5.452029695631978035e-01,8.908918644905875484e-01,4.712372121307509265e-02,1.504091004740459869e-01,1.541482060534330456e-01
6.487728563902248058e-02,8.212677150697164086e-01,5.768479323539892345e-01,6.882858007711563086e-01,7.088265136160750712e-01,5.998817719101878776e-02,7.064979909575329620e-01,1.517506320747256665e-01
5.970709404451868957e-02,5.083284737873923209e-01,5.791548606700958057e-01,6.429331071815749254e-01,7.784995061343579215e-01,3.431726519183849189e-01,8.384835431497164038e-01,1.506885683343535953e-01
1.213965845670836596e-01,6.265736766427975057e-01,1.650133561549578243e-01,5.730765276776357275e-01,8.579622235788293416e-01,2.618201043374491777e-01,2.380275882531959208e-01,1.537660773643429180e-01
5.190573367848843461e-02,5.947919558984506860e-01,3.657069429254529713e-01,7.831719973370774301e-01,6.712001485640100018e-01,1.801913938499072887e-01,9.926385950388529888e-01,1.500228418787698526e-01
1.038018886769183913e-01,7.542983758930282834e-01,2.870448805322535213e-01,6.616928461329067979e-01,7.137902382713308125e-01,2.303102723871258140e-01,6.267187050433719042e-01,1.526973040748907662e-01
5.685010831564444450e-02,6.514731289173445461e-01,4.291208960755411028e-01,7.115012048560359625e-01,7.539965732676715549e-01,1.040268086840825668e-01,8.029505819543794054e-01,1.510221445313863764e-01
5.223977599892326573e-02,5.649511282759882569e-01,8.169464401745902826e-01,5.665110922085558887e-01,8.118113410159633059e-01,3.532376687934699611e-01,3.830809708391884616e-01,1.529728693182932642e-01
1.443120084947991932e-01,9.365326979387602613e-01,9.389633491557780598e-02,6.874663818157432660e-01,6.746209801636543490e-01,2.748112703394218759e-01,5.241934466601486653e-01,1.527915889738525601e-01
6.978291410036241427e-02,7.065930344498176918e-01,5.830256534558931891e-01,5.376028015906995083e-01,8.598564617770553253e-01,6.571643894451420498e-02,1.258243211421567476e-01,1.545005617797594877e-01
5.085305422096726702e-02,5.816392482510511774e-01,7.916642059041493207e-01,5.003145531759041198e-01,9.060862928891912915e-01,4.613852448155075781e-02,2.282618979197696962e-01,1.544670624329268771e-01
5.668624102127074044e-02,6.098351159878567795e-01,8.790761676608060959e-01,6.138066615733215325e-01,7.472651971301769169e-01,3.753191455128647713e-01,9.632611990043116190e-01,1.498396612257609228e-01
6.252341841289695001e-02,6.080672366134575180e-01,3.230620415102073983e-01,6.601124251205482407e-01,8.275971559499105679e-01,1.554573183778096279e-02,6.640014444357684731e-01,1.525669374213056984e-01
1.380541771987402189e-01,6.465282385808074350e-01,2.388197913439772946e-01,5.401129208931227943e-01,7.986495964844411155e-01,4.485854957772946183e-01,2.525718784259746719e-01,1.538241033128587010e-01
1.481465113376748688e-01,6.143048638601958933e-01,2.062223110831615247e-01,5.369366266049137026e-01,8.424687055965331961e-01,4.836583183932509078e-01,2.384271118856239324e-01,1.534045447341371993e-01
1.373635950543999340e-01,6.696762186369058512e-01,1.549915640042914822e-02,6.666681996639138852e-01,7.291491747185624428e-01,3.055978336416294017e-01,4.061617475379607489e-01,1.534245406657363253e-01
9.740262419612404077e-02,5.575472243965580166e-01,4.328331530351282042e-01,5.255420888044988192e-01,8.791061196513030307e-01,3.925545544413072685e-01,3.634925807431166334e-02,1.547232904875077697e-01
1.131195814775347308e-01,9.254283157237118695e-01,2.156306290052529551e-01,6.882999565707160761e-01,7.154121309100857085e-01,1.086180202044424448e-01,4.295402462886929174e-01,1.535573078436714700e-01
1.602008913964542147e-01,9.026505228451270346e-01,2.073802963924806231e-01,5.626140000738177882e-01,7.826088618338987724e-01,3.396321469159508388e-01,1.820382597200842500e-02,1.547514485572536180e-01
1.184439300514025240e-01,6.593961503530167967e-01,2.222053834333182765e-01,6.230012267331144216e-01,7.943947363463628175e-01,3.745863555987234417e-01,2.439830215734965224e-01,1.535620991140595193e-01
1.256515827971419197e-01,7.679120444760031416e-01,1.295071665699310537e-01,6.113846569712232393e-01,7.794441033884702552e-01,2.255440841261539264e-01,2.534511703716824105e-01,1.538909096457865278e-01
1.285125097336793087e-01,4.800353339806988084e-01,3.863229393474124640e-01,5.127182512343240184e-01,8.680824880321436066e-01,6.503456638079516683e-01,2.287191408661548575e-02,1.541751604231024475e-01
4.607235362581118404e-02,5.843627260191109896e-01,8.056799263620735285e-01,6.060165139970927761e-01,8.240602634369923463e-01,1.931458301716817982e-01,5.933625451322706024e-01,1.518928909964574192e-01
1.770932787886616011e-01,6.041916902022439473e-01,1.797352038885661196e-01,5.129661877244297008e-01,8.332995897359684045e-01,6.501078401016872066e-01,1.010241448144821308e-01,1.535361484138550725e-01
4.387768656886843061e-02,5.464490725497043178e-01,4.095407401540426817e-01,6.832024735611188504e-01,8.441992826864979094e-01,8.723321104696757367e-03,8.522261698973011557e-01,1.509516780579337469e-01
6.642031911833991276e-02,7.779893053397439751e-01,4.938071449983105765e-01,7.214459839478597480e-01,7.051538135278687669e-01,5.699178375267949237e-02,8.818682216135134144e-01,1.507798900338517822e-01
2.479353665321319677e-02,5.292180576480540743e-01,8.149023374989137203e-01,5.991712212838934404e-01,8.439563498510052053e-01,2.066824983847093122e-02,7.722832656318849853e-01,1.515638428795250126e-01
5.989204600274461443e-02,7.198862505520120525e-01,7.357805908732273359e-01,6.289497677000159825e-01,7.557067433830456649e-01,1.055004259625714480e-01,8.065381678441070346e-01,1.511815303975366231e-01
4.853349202953433084e-02,5.375105844312618730e-01,3.532269980158094236e-01,7.120374705191486742e-01,7.375397170661950330e-01,1.130237595646486626e-01,9.832132733210354747e-01,1.503340634636313455e-01
7.018019040920669971e-02,8.214526860894471039e-01,6.744563428557178719e-01,6.491803395613542360e-01,7.072891119992367193e-01,8.201230517345362014e-02,9.448243684364797668e-01,1.508189233082057878e-01
9.089051373774047204e-02,6.051845372985009686e-01,2.316621045304040061e-01,6.264714064372606250e-01,8.474482507864070646e-01,2.023360444032976657e-01,3.017025071098824451e-01,1.536996430144695891e-01
6.306691675496116367e-02,7.272064388613256325e-01,4.630720637701054021e-01,6.831503407352581547e-01,7.376996705106086960e-01,7.009396933509487448e-02,6.815365459171475182e-01,1.521250794561407882e-01
4.840820549792936023e-02,5.864639400029887373e-01,9.381680163997163646e-01,5.200093537113065212e-01,8.457437509651870577e-01,1.093649029440852960e-01,6.127625501757423265e-01,1.525188719451218700e-01
5.486325170219895353e-02,6.057267400322061679e-01,5.935745629082567199e-01,6.451906367801273356e-01,7.872183876824059290e-01,1.809848314061064112e-01,5.779568401128135635e-01,1.524368129578487219e-01
4.706901302357138772e-03,3.138536705813368966e-01,6.279777005191065076e-01,6.696165078674716220e-01,9.054486058147545036e-01,1.029264136883430436e-01,6.660796530610716415e-01,1.516950364432935461e-01
4.708425821586152693e-02,6.692894428433578957e-01,6.080194632300317537e-01,6.433090650010933054e-01,8.363041021120921625e-01,2.003234190072367138e-03,6.550949302237535354e-01,1.515388062748438958e-01
6.633611117991937423e-02,7.195115525490837216e-01,6.486601594515426505e-01,5.639244485869080448e-01,8.560066032152900961e-01,1.090824969984890425e-01,1.028184730412529113e-02,1.544141463658945113e-01
3.276626598231489884e-02,4.763633527774233101e-01,8.374246448993025727e-01,4.937074517409372199e-01,9.360772150640287448e-01,5.537205173550074910e-02,4.414573101708182401e-01,1.532199804316630998e-01
1.246608734693542553e-01,5.680954906103591329e-01,8.897266132671965977e-02,6.031934409139152464e-01,8.291949278784700450e-01,3.191149463728263358e-01,2.499254950203944892e-01,1.536778109412684501e-01
2.253417080545621620e-01,7.853019040397519746e-01,6.819232552785103874e-02,4.985880271410378928e-01,8.298634430577994658e-01,6.275129164077732913e-01,5.857588849467076919e-02,1.535363785393072389e-01
2.398000633443082841e-02,5.016418873291348390e-01,7.508971135336952596e-01,6.246746045923782242e-01,9.234380219293710779e-01,1.607452234149153725e-03,3.867332384492910280e-01,1.530174257560446005e-01
1.631911060443429484e-01,8.018274134926397512e-01,3.660546450902890658e-01,5.150564025795006939e-01,7.846341333240195448e-01,6.451875384974609107e-01,1.062993951026420802e-01,1.538332435732652492e-01
4.883963041436186620e-02,6.446122133105464114e-01,8.301832405529507852e-01,5.863565372364881734e-01,8.134393426616670641e-01,3.077155955279489707e-02,8.723996363058117431e-01,1.508538029321689622e-01
6.593214628008516043e-02,5.190435752201213448e-01,3.341568766713464145e-01,6.983307856019473903e-01,7.726219838279568819e-01,2.281061885007080736e-01,9.133642543048086093e-01,1.501441456050827683e-01
1.277090268625639680e-01,7.737818510277976181e-01,3.685117690463413087e-01,5.351442993132068393e-01,8.296680587735537626e-01,3.490552938265766292e-01,1.253997321640031859e-01,1.543078251938879986e-01
1.653156458853068389e-01,6.802629367901144031e-01,8.940788407272748373e-03,6.305488128884653154e-01,7.719593318337560905e-01,3.918475754256279808e-01,2.559616591430656229e-01,1.537076068188574784e-01
4.100805265951314865e-02,3.530046401859048832e-01,5.437577079388062895e-01,5.720967461985192459e-01,9.395828447741072509e-01,2.466065231549511017e-01,4.714636775331855767e-01,1.524530441832429029e-01
2.021722339436528848e-01,9.252187469405873665e-01,1.777944411725983498e-01,5.510319136900780901e-01,7.457837080532297991e-01,5.660524040398171586e-01,2.028517465407772558e-01,1.538102935710184693e-01
1.250760024659789416e-01,8.464261057013955369e-01,3.685764159754793545e-01,5.534020895204458945e-01,8.205374867017082297e-01,2.895885489154622627e-01,5.656157316131316115e-02,1.541576916540053077e-01
8.343578282573674287e-02,5.780754180824859700e-01,7.341966002531326030e-01,6.079470375792348502e-01,7.321581738199329781e-01,6.943599863107650094e-01,8.775968962933115014e-01,1.499099846074469777e-01
1.145803075788974362e-01,4.481348032297738371e-01,1.334521448370057928e-01,5.909908405298267553e-01,8.779872481421013841e-01,3.762921090327597251e-01,1.882994565948416521e-01,1.536585495693902348e-01
1.009708315077403606e-01,6.605893573793008011e-01,5.082388554553091131e-02,6.542505188388918480e-01,8.289143818492340499e-01,6.309764857048283382e-02,4.693881580351136895e-01,1.534315882326628966e-01
7.885057378197261879e-02,6.607811900195701416e-01,5.205781205268014133e-01,5.447833743371144344e-01,8.324891123284396954e-01,1.869062375705186352e-01,3.280295870199343433e-01,1.536269606536208865e-01
6.433703877091496992e-02,4.776454731278697574e-01,6.906412373158763440e-01,5.612082738415217209e-01,8.233692689267788634e-01,4.995588357739627061e-01,5.987748387975254660e-01,1.516710856185865264e-01
1.294469990884807298e-01,6.506051499395608673e-01,2.587987085279402910e-01,5.159198817278642935e-01,8.674597911082161383e-01,3.327480210304694097e-01,1.922161317316534168e-01,1.538412791450592398e-01
1.577229032577237011e-01,8.379116047466605988e-01,3.727086177347982421e-02,6.580070943453797394e-01,7.371931736780162892e-01,3.109746294681275947e-01,1.991580082846506339e-01,1.542351179163266861e-01
8.718751854502697352e-02,4.872659380976331889e-01,4.580865266209994680e-01,5.265750505338014920e-01,8.910533053043869778e-01,3.854203594450926751e-01,2.190630177948321156e-01,1.537360084900278312e-01
7.106074965251400755e-02,7.236114410241085704e-01,8.645655906106239907e-01,4.728675265695071461e-01,8.493501509841799857e-01,1.348315220671159054e-02,6.315881155291271920e-01,1.526736529426666877e-01
4.571747743841519940e-02,6.198585428086718085e-01,6.519444295529636113e-01,6.131861451865469048e-01,8.785693782060389756e-01,4.115073850284337031e-02,2.564777624559969049e-01,1.536717534394199114e-01
2.002424104233166968e-01,8.193495477454851850e-01,2.186931109984002752e-01,5.280100422259598192e-01,7.837901429676448206e-01,6.663151055343459195e-01,1.254222295555086353e-01,1.537609745334207190e-01
5.562408308524023626e-02,4.631327298099602308e-01,6.305695156091205567e-01,5.371652665867894250e-01,9.407086933997039768e-01,2.417096783572174057e-01,2.491684779947598294e-01,1.536815509801376101e-01
1.049240676667665961e-01,6.802064603607069770e-01,1.567294146262404597e-01,6.501198442012532386e-01,7.413350687504256520e-01,1.980343461612244504e-01,6.296080216328506785e-01,1.526417117678200708e-01
1.186209005267102601e-01,6.943888684430370439e-01,2.717462702404513930e-01,5.851835165942875783e-01,8.030410130334171281e-01,3.246011096702531296e-01,2.455813671731339742e-01,1.540996510539721087e-01
3.774236081685408695e-03,3.294858932173847510e-01,7.857053145043759734e-01,6.582317177650913731e-01,9.040082865399566847e-01,1.222178883164099505e-01,8.985369253602593087e-01,1.500027407148128156e-01
1.194366173220028082e-02,4.274397844097185262e-01,8.060991143797184844e-01,6.329818075430744262e-01,8.826750710186833659e-01,5.543730556642101348e-02,7.646624239300354731e-01,1.508598547521624589e-01
8.948264473599351621e-02,7.777721585144898864e-01,1.471382918237663651e-01,7.415872328632151511e-01,6.601110222436469277e-01,7.917684174299408073e-02,9.645149309724012632e-01,1.507380427491579467e-01
4.560265997045435948e-02,5.819381906117497838e-01,8.875543617898123960e-01,4.557694145105388173e-01,9.773254756289470047e-01,1.650963980852848678e-03,7.139030305974769508e-02,1.543172090007793595e-01
3.304740168946550261e-02,5.890352815978570078e-01,7.264611167520090840e-01,6.570392111100447075e-01,8.004027713559092039e-01,1.009073832687372163e-01,6.959844487737766316e-01,1.514368464024446193e-01
3.417525255700528536e-02,4.291103459972643308e-01,7.855353754923322107e-01,4.976505210387733302e-01,9.898516718655498980e-01,1.500671226451533169e-01,1.114676547292127173e-01,1.540868587522754296e-01
1.729683238668850154e-01,3.452986178892777369e-01,8.121292848267136488e-02,4.856924297358355957e-01,9.218248675300797501e-01,5.757151105239689537e-01,1.630388560541421450e-01,1.537620859028725473e-01
4.417070834266322021e-02,6.074909808262141109e-01,8.515728973794747247e-01,5.597029444599147530e-01,8.834650200044289470e-01,1.090139593122238237e-01,2.717139887696184974e-02,1.546990042322092807e-01
7.289853184406780429e-02,3.925939249116188190e-01,7.397938337070089077e-01,4.930778762700631646e-01,8.969637436030443167e-01,6.577508895779908826e-01,3.275615705297555413e-01,1.527428127192938523e-01
8.503729945981439164e-02,5.895318054371737615e-01,4.588176415488833815e-01,5.990986209848762067e-01,7.562484347162514720e-01,3.428784923082951464e-01,7.922556438297780890e-01,1.513202727826716831e-01
6.049392929499098487e-02,6.395903489341547843e-01,9.281834690344497041e-01,4.968871083490279394e-01,8.348440927582049254e-01,2.256669242966517774e-01,2.430296444944130552e-01,1.542544514630204422e-01
1.022836907775618309e-01,5.985092846700033054e-01,1.892958912670539839e-01,5.907104188543865764e-01,8.612465323586026011e-01,1.698782399956883238e-01,4.371857944288335407e-01,1.531681472982143188e-01
6.314344242113646699e-02,6.648439122776510501e-01,5.240318981220227768e-01,5.752618111619443031e-01,9.160209105079912817e-01,1.206624257600880101e-02,6.800416372116890873e-02,1.549826415829086979e-01
4.725638519729962600e-02,5.343434926163297405e-01,8.929997136697032101e-01,4.883205924535374276e-01,9.115748975018913569e-01,1.416760035477623580e-01,5.993551848095717283e-01,1.520980721696772175e-01
5.233546534474192713e-03,3.856256419233113908e-01,8.262091134726462505e-01,6.349786264531703806e-01,9.168956833861414690e-01,4.434447071525338124e-02,8.837347978318551567e-01,1.496728067597900835e-01
1.790049337526833095e-01,7.246829174527070760e-01,6.959972439452183357e-02,5.571958317847066633e-01,8.489974460672654599e-01,4.027244352017093076e-01,1.019277222064638999e-01,1.540114434128638798e-01
8.057460878542213600e-02,6.016722566504304481e-01,2.344866058841991452e-01,6.113373169168638821e-01,8.487944118115052783e-01,8.112039448620872450e-02,5.501777722958849370e-01,1.531910499229488520e-01
1.106507932707446740e-01,4.403992714807977160e-01,4.093988102328652290e-01,4.563219768822232014e-01,9.553498360831949032e-01,5.057205312768291439e-01,3.893644512204419428e-03,1.541472158875236143e-01
6.951228100798254039e-02,5.696925136119690425e-01,5.529510663704251261e-01,5.574303627147783047e-01,8.473826332843271691e-01,2.650098508527700680e-01,2.489685936926611665e-01,1.541147155349836539e-01
3.043742559560830285e-02,4.365442331815875820e-01,7.344677136718976707e-01,6.241393173738811750e-01,8.229995816116059126e-01,1.770871671331992470e-01,9.791309200527251733e-01,1.498713542663746567e-01
5.589532283240775806e-02,7.140344610955932092e-01,6.254412895825990359e-01,6.879371465931858332e-01,6.995642296420414574e-01,1.888347194975257826e-01,7.649702040289607652e-01,1.512627672234640452e-01
5.795987194279812044e-02,5.111093920308473759e-01,5.986629612609221107e-01,6.483434693259522152e-01,7.478533885313909391e-01,3.987620588511813224e-01,7.922661451474373173e-01,1.509394258987536153e-01
8.567567261555937563e-02,9.018720879408599345e-01,7.753574366604912838e-01,5.515158730207709858e-01,7.865638967778166846e-01,1.739237928059103599e-02,5.689661140070612078e-01,1.527172108803496187e-01
9.494512730377346887e-02,7.911385306549798546e-01,2.806647796421404273e-01,6.680409007387955178e-01,7.077780054662576870e-01,1.552540994794646134e-01,6.708784121804799438e-01,1.519922652014448761e-01
9.699057657579164549e-02,9.624743034320664137e-01,4.757754616801042613e-01,6.722090620321462540e-01,6.690523397302624575e-01,1.121110026216389499e-01,7.123396564253898777e-01,1.519873247562671392e-01
7.862293676814594012e-02,6.139709400442679987e-01,2.858787983827085766e-01,6.231730940589736978e-01,8.613672191170048675e-01,6.795762811020616967e-02,4.812485266822668639e-01,1.534360926990237795e-01
7.371269730710323931e-02,6.363611659509278429e-01,5.984135271128728784e-01,4.839099486223940039e-01,9.399654295754293898e-01,8.524197520826162777e-02,6.936305208279391898e-02,1.546211165431968793e-01
1.009819034904238244e-01,8.011077317686779997e-01,1.625886247023552444e-01,6.703495291807457512e-01,7.718104182351965825e-01,4.259363215931943891e-02,6.407133148000138112e-01,1.525152231248244339e-01
9.205260665526199260e-02,6.173096283288909136e-01,5.090842674503027743e-01,5.735141242588071009e-01,8.087597412672162811e-01,4.407865456903053980e-01,1.496331871625080079e-01,1.538718815397494832e-01
9.850838313209404895e-02,4.432084344406966858e-01,6.970318711749149410e-01,5.552280633998387671e-01,7.600874316157029131e-01,9.098935667175742648e-01,9.808722023459655048e-01,1.494314921559043163e-01
5.357332087034945983e-02,5.728750198980420150e-01,4.644125088189751671e-01,7.114510631400454699e-01,7.205682659914454113e-01,2.631614195381783983e-01,9.571134290508129805e-01,1.494723789893541988e-01
1.105926177432918489e-01,3.939292401957055767e-01,4.841973001416198241e-01,4.597523838893647907e-01,9.101903153257060453e-01,6.437595706801233497e-01,9.948484062764662017e-02,1.542647494344848158e-01
3.808916529639432003e-02,4.380339359992360682e-01,6.500255912899282063e-01,5.496060333250145646e-01,9.675275750700050859e-01,6.742742405719409637e-02,3.791553650331450642e-01,1.534489102744249767e-01
5.611737157420543937e-02,6.241982413730553514e-01,7.883621063261170292e-01,6.065059981371240250e-01,7.441378824728674957e-01,2.249025226881105621e-01,9.403161625260775258e-01,1.504378163659290946e-01
3.493987191123350267e-02,5.279168459773224686e-01,5.793496126551890280e-01,6.345918039357993923e-01,8.498083778483008777e-01,9.858928865886981696e-02,5.018288278974142314e-01,1.523321426906043830e-01
9.262942836863248541e-02,5.273384047448086420e-01,1.783862645239441269e-01,6.793849172431482009e-01,7.896223680825888991e-01,2.797780516283993046e-01,5.677447536807339601e-01,1.523764810760998845e-01
1.674376353047284938e-01,7.038909453784788495e-01,2.798665793610382035e-01,4.877124621402557647e-01,8.539719086888586386e-01,5.606224386589913067e-01,9.603359758527635348e-02,1.541643484895079685e-01
9.890421644833341519e-02,6.813701779276012394e-01,4.590572850482758649e-01,5.608309162594973252e-01,8.099907755734163661e-01,3.210457064653344794e-01,2.439670150748007860e-01,1.541363087599936510e-01
6.154749720174583494e-02,4.971994504789630231e-01,1.581511394081903665e-01,7.721669040478873480e-01,7.476142729793366914e-01,1.510036311318219138e-01,9.515481279138797710e-01,1.502323095436855216e-01
4.554950472130133571e-02,6.172316211113935136e-01,6.905123760676177280e-01,5.940281004497593997e-01,8.459810437942737460e-01,1.663582379630157426e-02,8.981667778588204865e-01,1.501867078675345746e-01
6.434243157971371307e-02,7.682403806523609990e-01,6.367888365891808400e-01,6.765217520012020147e-01,7.044651905918987156e-01,8.661765976307456150e-02,9.452131185850082273e-01,1.504485800166107390e-01
4.783054603183096998e-02,6.566545098914613465e-01,4.741062498805746483e-01,7.338507053672631564e-01,7.309006233797665786e-01,1.163060939099881674e-01,7.957797628505345333e-01,1.509861923529701722e-01
1.914553659798873264e-02,4.440080572783119406e-01,7.738560999735493162e-01,6.557375366042972331e-01,8.373316291383982035e-01,1.901837349546328659e-01,9.371939238217359414e-01,1.494964840555509378e-01
5.348457914398428714e-02,3.729307477882357613e-01,6.041616420814381883e-01,5.552433331179174036e-01,8.980483845281840294e-01,4.249393489440010940e-01,2.825090675930465034e-01,1.531468629429061368e-01
8.016487285047738109e-02,4.860051306986682973e-01,4.961311300651520817e-01,6.241505392748563086e-01,7.611750966156994869e-01,4.982934750156851056e-01,9.367700521508030009e-01,1.499405655020773220e-01
3.254773287824080236e-02,3.719411284149841679e-01,9.204921388344069477e-01,5.331377412918570924e-01,8.811711441794033428e-01,4.120077575951873738e-01,6.105217434002604415e-01,1.516617223317036633e-01
1.268621048244421567e-01,7.215397891298396260e-01,1.590960236557727447e-01,5.196063016156249326e-01,8.940555602609099317e-01,1.553348063637747800e-01,1.229332695326877944e-01,1.548643283509483493e-01
1.799081112273895333e-01,5.207976004930429115e-01,1.180230553500299928e-01,4.918847522191499011e-01,9.137116080280688335e-01,5.424026514961450829e-01,5.424094000975682173e-02,1.540779607579196575e-01
5.933666214529606520e-03,4.582164235133597829e-01,6.515281348483539237e-01,7.398799592696251315e-01,8.331652124722628283e-01,2.209886946738875979e-02,9.971802575793655699e-01,1.492511450725976518e-01
9.534593024164714214e-02,7.479302284561232250e-01,5.107581882747589397e-01,6.014044846024771962e-01,7.722689912088593900e-01,3.673927233114330226e-01,1.308573364370018699e-01,1.538884879694621399e-01
9.356411873982603544e-02,4.836426419209323702e-01,6.684039733157660645e-01,4.904953675100767740e-01,8.584253087872305565e-01,7.093905409402985196e-01,7.111471841334349175e-02,1.540420618011905662e-01
5.267921921949186154e-02,5.423874816992876324e-01,7.062669086439372634e-01,6.732337963382102330e-01,7.397587660337275883e-01,4.193708274954897619e-01,9.957253617492953790e-01,1.492778728364165530e-01
6.988539071479857312e-02,7.268712642217027842e-01,7.812710261364629316e-01,5.404591342454050373e-01,7.868346960619837516e-01,1.650737927680148709e-01,5.647632458453490933e-01,1.524725271313107644e-01
1.998295929451554542e-01,9.810731604235056746e-01,1.201315709703643098e-02,6.492133813907243756e-01,6.704738120491824382e-01,4.631420598157042767e-01,4.838764736582458759e-01,1.525221938433800606e-01
2.837712178924586826e-02,4.629528336934523591e-01,4.758770059564110255e-01,6.659442369667973871e-01,8.273421424177659356e-01,4.734205794608470352e-02,9.267412569494172248e-01,1.502712866320912999e-01
3.792374543015485100e-02,3.153272542132258272e-01,3.217010994651087197e-01,6.786362306000230937e-01,8.906628233318905075e-01,1.318715567769158381e-01,7.780006598135242868e-01,1.513700756517811219e-01
6.601303113386250421e-02,5.889866999380800605e-01,7.864684734780982289e-01,4.777800887055812518e-01,9.195584288439915266e-01,2.424089178727522331e-01,9.095840448131331524e-03,1.543445466458216453e-01
1.409312818424787450e-01,6.170670549267570637e-01,1.956981783554961885e-02,6.200952836527109380e-01,8.139451407704966224e-01,3.273450541217894916e-01,2.829980251761018417e-01,1.532910479235316259e-01
7.915067403919323619e-02,7.975087106651259639e-01,3.486261312811456681e-01,7.323415188895228134e-01,6.963845153350185502e-01,1.299164288761688324e-01,5.895366357771230081e-01,1.525742177261749932e-01
1.385968921325716752e-01,6.268194515588916271e-01,3.204277492401926275e-01,5.434581496863838401e-01,8.002259845271543215e-01,5.844470720026053723e-01,5.448277686865460323e-02,1.542135264648050175e-01
4.562154885498465040e-03,2.810833313319134885e-01,7.040195068255051813e-01,6.871386714982501420e-01,8.547400267269397167e-01,2.410948595798020622e-01,9.170127908152918561e-01,1.496639504409460197e-01
2.174636150782027766e-01,6.112117291795952090e-01,1.687607784202177497e-02,5.061327130671025021e-01,8.684991410787099575e-01,6.444256751587011944e-01,2.239736254581625730e-03,1.531680801665989688e-01
2.948825855556892056e-02,5.159529239191933403e-01,7.297759512311792207e-01,6.194052077195062456e-01,8.279564236849759062e-01,5.266001610969375801e-02,9.351442271374257320e-01,1.500098868592915080e-01
1.595818032080602578e-01,8.525116733384973111e-01,1.158183260932477143e-03,6.564682018258495289e-01,7.588971188755039288e-01,3.059814103778740191e-01,1.569675810280765083e-01,1.534352257502604178e-01
6.071275710866526343e-02,6.164281759372576275e-01,6.790690780786945435e-01,5.566109568999370039e-01,8.893593705916379433e-01,1.291878789772655245e-01,2.246425469761622051e-01,1.538276349506678686e-01
3.165395204305454513e-02,5.351014488532750413e-01,6.230881219622903533e-01,6.175404472629483221e-01,9.080977444288670375e-01,4.815259983140962596e-02,3.451791623255714425e-01,1.529067110534571283e-01
1.386389594070064069e-01,6.663451995859732691e-01,2.441021912907071212e-01,5.045988530780022296e-01,8.293952289147954460e-01,4.073206572569066930e-01,6.862934468206577376e-02,1.546222241343619686e-01
1.482183712663481812e-03,3.602502574499726329e-01,7.210071741678003576e-01,6.763537674526409749e-01,8.703902045135716303e-01,9.480824798098536066e-02,8.906267028085632642e-01,1.501397590384783709e-01
1.460098835815604179e-01,9.485956460043434291e-01,1.182360738622919016e-01,6.684125916115269961e-01,6.564379138719560469e-01,2.502118648671306511e-01,7.652704271291885796e-01,1.516798239836389117e-01
7.167668167338633878e-02,7.319685315883116550e-01,5.455629632539080731e-01,5.852086929141019356e-01,8.607723599488503741e-01,2.916479131150268023e-02,6.982272525389648932e-02,1.551102314337399757e-01
7.988577319822826039e-02,6.969781744372149923e-01,6.939259940075204192e-01,4.934966900888374530e-01,8.819732102252348938e-01,2.448355830284162926e-01,3.478845605433383836e-02,1.543467669220906224e-01
1.003686196388767216e-01,7.143982104336188410e-01,2.847856365117467647e-01,7.129422159856715346e-01,6.682068512004014638e-01,3.475894369687729801e-01,8.183410367485148829e-01,1.505510632806130455e-01
5.048365808920874526e-02,6.801337494048965704e-01,7.168441841374422197e-01,6.219951831865090375e-01,7.799995717600904932e-01,8.915883184455097865e-02,5.625439627709333257e-01,1.524760010568667057e-01
8.815713030664162897e-02,8.426074790469049169e-01,3.785139000038929558e-01,7.301170918253775399e-01,6.459646036707531458e-01,1.632295456442113823e-01,8.888245872980393703e-01,1.508706345691982476e-01
1.134343371295661318e-01,5.494140942399009520e-01,4.752712907467106507e-01,5.181372793401273213e-01,8.529214964256568443e-01,5.764181185903980431e-01,1.187200745578554928e-01,1.536990064002782264e-01
5.016397606046849034e-02,6.849093243760989713e-01,8.935915379957053428e-01,5.575851835096450326e-01,8.383590380139513965e-01,3.655501618873333025e-02,5.939232744943327980e-01,1.522637954527442106e-01
1.430860813355618599e-01,5.107288098600241133e-01,2.071499677603960698e-02,5.722283726479191479e-01,8.877171055506928310e-01,3.640175170868827914e-01,1.083157692582808473e-01,1.538645030486382459e-01
9.865773389031413931e-02,6.301346316135335579e-01,4.552672703810119459e-01,5.585064250887773474e-01,8.130596014611209954e-01,3.830050337062866350e-01,1.744318104820502535e-01,1.541682716245539875e-01
1.530233911347960163e-01,8.592774830048937051e-01,2.071484565511617082e-01,5.649714040087965294e-01,8.061720315708863493e-01,3.287305353118097906e-01,2.083603082737504608e-01,1.538385455221438491e-01
3.503336485693641505e-02,4.773057913027423105e-01,7.174549355130247497e-01,5.377538159273279605e-01,9.440751120278496611e-01,9.466351972013206661e-02,8.381786622954401356e-02,1.545645397280201450e-01
3.553264331912581175e-02,4.496413090593578965e-01,8.854844665719521224e-01,5.571171015949963889e-01,8.895061916852831096e-01,3.283857439579863091e-01,2.611182465794111840e-01,1.533105667590478338e-01
1.098558148936409212e-01,7.184111095799391444e-01,3.085170593515651483e-01,6.298921183369244892e-01,7.353895322813620572e-01,3.400760488786638280e-01,4.461353735617669680e-01,1.531313626823514462e-01
5.705072640669687362e-02,4.994026171327820007e-01,4.823777909448188073e-01,6.247962885692488477e-01,8.255606922815195148e-01,1.766418913222867759e-01,8.237251918905978965e-01,1.510329015774285466e-01
2.845847347187394072e-02,4.474109839551579371e-01,8.670384474566557031e-01,6.011233664429547208e-01,8.567532257536144558e-01,2.404618175313602835e-01,7.126650755136010318e-01,1.514123789117928776e-01
1.710572246709549105e-03,3.045541986557841474e-01,6.136119619893506405e-01,6.709495353706088627e-01,9.190730676513223507e-01,9.337141893480976895e-02,6.959173325689930190e-01,1.511339470309345512e-01
7.872947110337868981e-03,3.267115913139756467e-01,9.260959530778734017e-01,5.862526998955420732e-01,9.035178793667254515e-01,2.076484882261720455e-01,6.739366421918431271e-01,1.517320188009150528e-01
5.019197229352543449e-02,5.517816560170955009e-01,6.231635093833325367e-01,5.933247585585055273e-01,8.496461979233891348e-01,2.304348936990729957e-01,3.613142787898868669e-01,1.529948013423581832e-01
4.942847274245561889e-02,4.977000526225436872e-01,4.807409666736062737e-01,6.274533643976852870e-01,8.629401786036623445e-01,1.354722846576990047e-01,5.322702240528239814e-01,1.529642893401791937e-01
1.709981638387998715e-01,5.963133843707724147e-01,1.569093724131073730e-01,4.836006203285286853e-01,8.490390094196366144e-01,5.421401196246884435e-01,8.792087107297552606e-02,1.543075356200646064e-01
9.903953542123576648e-02,6.984207606214122288e-01,2.033680254910885110e-01,6.707831698566105727e-01,7.602515493869981267e-01,1.988686797871260792e-01,5.634899006500644347e-01,1.526079444410263775e-01
5.643640911731916121e-02,4.535576353475468392e-01,1.338356787795938474e-01,7.137646566045119378e-01,8.150734719235166459e-01,5.995782257513604385e-02,9.185029671106155202e-01,1.507056004924555714e-01
1.225753440471134409e-01,9.272830924682904374e-01,2.447016683978032459e-01,5.799762162422225087e-01,7.912874912784750858e-01,7.238285282413847721e-02,2.686703002671789742e-01,1.546641725552931057e-01
5.099631034759932735e-02,6.295942226085646798e-01,8.937983530739039839e-01,5.461000676808764887e-01,8.654203518037523191e-01,9.132803706083883477e-02,3.205244698810162385e-01,1.538421152540035419e-01
7.835212383295084293e-03,4.322839109811097424e-01,8.389241680625230124e-01,6.719435496074982472e-01,8.576085914577048497e-01,8.686960453605116483e-02,7.158379479497436471e-01,1.510684942245739959e-01
5.444482943981680811e-02,6.037828342434217177e-01,9.460667151190639279e-01,4.429293261279437788e-01,8.984028585670353895e-01,1.931986990506351365e-02,4.899243044734586938e-01,1.535260747304752205e-01
1.042904907820875055e-01,4.960674041887808139e-01,5.436014556173665024e-01,4.627972553656606314e-01,9.202698476347659362e-01,5.968659881075203399e-01,8.483027588294111965e-04,1.541283583842451566e-01
1.579300235146980647e-01,5.794482659423954019e-01,2.637380500000574557e-02,5.238213816786425614e-01,9.191353893579357059e-01,3.349089204196961100e-01,1.299895695698184972e-01,1.537066639942440693e-01
1.690931091630191174e-01,5.978893540718658306e-01,3.441752694769536491e-01,4.626383523996047131e-01,8.671735635322617153e-01,7.586551872631775995e-01,2.523964348707968819e-02,1.536807381849981946e-01
6.107212975532470833e-02,7.179665200840932293e-01,5.841393775522455423e-01,5.964956677862442991e-01,8.099385456682717255e-01,4.203051017710862647e-02,2.818790950311702570e-01,1.542236093627443738e-01
1.582061186510521633e-01,4.753783719441373457e-01,1.769931515037462266e-01,4.429228260972714049e-01,9.667455260950116314e-01,4.600818806590908361e-01,8.534210115964335763e-03,1.543080722716623221e-01
1.512813514847418384e-01,8.707271656141604144e-01,1.137254950178352986e-01,5.874450801739783401e-01,7.547374261879032931e-01,2.928330032717141318e-01,1.376235286126662460e-01,1.544538987104098482e-01
3.851349729216008155e-02,5.166019170921271053e-01,6.653523222630097766e-01,6.191707174369315281e-01,8.172089501514566701e-01,1.764429269261506561e-01,7.885757814221436846e-01,1.505660706529587944e-01
1.183754659596134018e-01,8.019767240911115369e-01,2.253321323116978525e-01,6.193934504167116772e-01,8.069297678881528491e-01,2.261433408003450385e-01,3.755304252852537106e-02,1.545885389773927199e-01
7.345618938200311476e-02,4.701315756217926967e-01,3.404254870334262884e-01,6.492690563815338711e-01,8.154183276424088467e-01,2.939420113939731904e-01,6.399950138673868860e-01,1.519280214331652501e-01
1.751913741139356495e-01,7.456931056116142820e-01,2.195473882182086278e-02,5.917122500836448085e-01,8.028786520425736928e-01,3.714215995371936696e-01,1.322907090044614931e-01,1.537464297673999947e-01
6.705908351033645909e-02,7.376453164249257011e-01,3.696145156081971916e-01,6.706462072037712163e-01,7.346586255245184383e-01,2.029861705707561303e-02,8.613798759428039631e-01,1.512654960122166437e-01
8.319658526976662916e-02,8.690159981704270731e-01,8.360877965591957395e-01,5.330821766828599539e-01,7.735164764596232923e-01,7.304078132273827961e-02,6.553086332118805979e-01,1.523009613010268826e-01
3.839025049264837425e-02,5.219136315226262646e-01,8.291647278501457219e-01,5.159586017386779133e-01,9.449475030049804269e-01,7.134443003710999598e-02,1.384992622109251226e-01,1.546995244440361184e-01
1.572289090592927652e-01,6.095196576120817111e-01,1.253032330402892858e-01,5.907838351677994204e-01,8.016713278425920963e-01,4.814933988352484429e-01,2.915459644704230247e-01,1.535692421789398576e-01
1.172425680793295899e-01,5.681045947917351402e-01,1.549675650752011524e-01,5.768688846520032554e-01,8.789249537038678062e-01,3.052278151362865510e-01,1.054592449635141649e-01,1.540641800978002629e-01
1.495352770858144331e-01,7.060529590629468499e-01,2.199234584392851244e-01,5.873479256569267282e-01,7.693175406530680105e-01,5.015191195960639892e-01,3.512514979352466815e-01,1.528361840189521315e-01
3.119553441332054144e-02,3.592048543336289201e-01,8.960555323542287454e-01,5.478422144958942086e-01,8.975409407937877670e-01,4.390166884045054729e-01,3.353935411642052777e-01,1.530291669198508009e-01
2.046444557671936448e-02,5.035008987095763722e-01,9.039269887512351165e-01,5.630604474685655392e-01,9.076175940461832514e-01,5.686503254814456731e-03,3.349891203651901295e-01,1.534079577983913090e-01
4.518995452911237637e-02,6.249460663858268372e-01,8.850246773204872852e-01,5.743288710238307893e-01,8.582882823184075916e-01,3.626362714126241116e-02,3.808446252711987223e-01,1.536071252598275039e-01
7.859907249148499753e-02,5.818266568901311331e-01,7.166482606107794640e-01,5.800452947069918430e-01,7.484513713823034431e-01,5.490982808992893593e-01,9.473503918804493384e-01,1.496446887271178916e-01
7.732815942665921538e-02,5.712620862939574717e-01,2.878020758306589211e-01,5.791465278349574586e-01,9.373627795637636817e-01,5.833931612484102858e-02,2.632569763041299749e-01,1.543472261945999235e-01
5.727993379432178706e-02,6.142222943641971744e-01,8.006434254723959754e-01,5.267246495239341630e-01,8.585285124269801393e-01,1.243923564857860597e-01,7.552900388275720633e-01,1.512200811645537379e-01
2.726535386577601944e-02,3.924477210367758873e-01,8.992102614234420699e-01,5.459069725833497477e-01,9.178499905806816184e-01,1.919088304082228746e-01,6.971668717884418331e-01,1.517020709976619197e-01
6.889966884601750330e-02,5.794621844181127024e-01,6.011919452235967576e-01,5.088595626422960372e-01,9.504891858086907952e-01,1.605373309264080117e-01,8.377536596423335036e-02,1.541470205248966219e-01
6.260488738193556446e-03,4.370111527506568838e-01,7.945733828996711656e-01,6.600855564510058615e-01,8.603629175807611107e-01,8.417388756131571892e-03,7.520003636658956214e-01,1.513701292056119641e-01
9.011292273119088370e-02,6.772775411138794999e-01,3.573601465330510374e-01,5.933726411880856366e-01,8.321190557294603218e-01,1.809441836995442920e-01,9.811109268046752652e-02,1.550319776086611367e-01
4.828829934132868040e-02,5.807422652125525664e-01,5.722014803959747375e-01,5.882164853727280818e-01,9.046415226823980582e-01,8.672791452239905774e-02,2.691096340384089292e-01,1.534128905622891559e-01
1.120819487863292524e-01,4.966988970091479882e-01,1.814419777124949840e-01,5.553615041087398563e-01,8.974358575077820976e-01,3.027713133818893398e-01,3.151099526511441651e-01,1.533651345008933686e-01
1.752815362331661686e-01,2.687602283148777804e-01,6.267380180829951186e-05,4.654681876758293146e-01,9.850107258881029004e-01,5.013235107052576023e-01,6.313836709302350636e-02,1.537953170128451008e-01
4.626681680943101060e-03,3.272307810636568837e-01,5.776590022746088682e-01,7.162555505837868708e-01,8.540273135841266461e-01,9.221325002651098446e-02,8.496086946784350280e-01,1.508984317654650797e-01
3.641317265457631736e-02,6.469061746749226183e-01,4.814911995179800286e-01,7.515853816359135964e-01,7.503862775546248365e-01,1.516448980705520366e-03,9.411977779845697167e-01,1.501632312755582788e-01
5.614016512359499417e-02,5.473578259229858745e-01,3.710076334092771710e-01,5.999892375150230883e-01,9.332631978219213531e-01,2.244088128265186999e-02,2.977308890795187790e-01,1.541890669765898225e-01
3.702127872282243853e-02,4.399555109095585337e-01,8.057924188276311961e-01,5.084836014993171505e-01,9.567686094064515867e-01,1.889250983707822518e-01,2.082639435604109746e-01,1.538232702290886211e-01
1.184880037717132850e-02,2.965788512790453746e-01,7.404593201930110835e-01,6.124403161127435213e-01,9.119225032341327086e-01,2.344304219216908347e-01,5.877818873100885133e-01,1.518982051390189159e-01
1.258485743301848980e-01,7.631065501345355440e-01,2.657304977513367250e-01,5.930847974960992142e-01,7.644490827607064443e-01,3.338588554471957348e-01,3.433143056541775873e-01,1.534961583068414626e-01
3.861534692535351782e-02,3.904807570552909501e-01,5.553611089638781362e-01,6.404543444626841220e-01,8.618294451478814011e-01,2.411568980099653148e-01,6.479841275592302940e-01,1.518381343818271390e-01
7.589367955814489697e-02,7.494499403482651756e-01,6.446683060941884591e-01,6.384464674376606474e-01,7.179197740623479707e-01,1.892972941043805646e-01,9.462968273351708426e-01,1.504581116116835704e-01
3.832059662813557671e-02,5.589036893320848964e-01,5.468920938063247528e-01,6.708633280329697746e-01,8.127515065311481379e-01,5.609838972606362439e-03,7.005719984863418848e-01,1.521124932859262147e-01
2.045227508620309775e-01,3.255221949354724087e-01,4.801831895898334146e-03,4.713726159987146613e-01,9.241952158063376777e-01,6.814975300801017211e-01,1.468755935404148505e-01,1.529960574973254495e-01
1.343376163715811755e-01,5.824980347010051407e-01,3.936279302155260007e-01,4.667744034719933932e-01,8.559953588845431449e-01,5.472878613683208604e-01,1.976074086458797785e-01,1.540159736299180904e-01
8.471740143858176586e-02,5.536329061796304574e-01,2.343858981579848288e-01,6.897009573940280358e-01,7.352793627982425750e-01,2.357399403661696036e-01,9.215310782253356425e-01,1.506907524570363643e-01
1.433851585712934418e-01,5.125619642013610200e-01,2.803811238638993508e-01,5.082351096326255258e-01,8.467075667486962942e-01,6.168546994900270253e-01,8.138644613186096777e-02,1.539731655556816903e-01
4.262145448089973282e-02,4.834732393085146018e-01,8.681264974567612924e-01,5.588617801092066184e-01,8.522134513549691759e-01,3.255483135033749309e-01,5.049469875570815613e-01,1.525672410906007970e-01
5.481491135290508798e-02,5.994012238167832907e-01,9.720324616822733077e-01,4.764052536020825790e-01,8.922438764669496924e-01,1.402147782626628758e-01,1.358492375879812308e-01,1.548875519829793490e-01
1.736633805500351901e-01,7.626178785424471140e-01,1.710376455243116656e-01,5.627042996668266683e-01,7.914401617724828863e-01,5.400156507842842624e-01,3.820316118057853760e-02,1.540603756173005157e-01
9.582909247194047742e-02,8.038860476060722959e-01,5.431561299530018871e-01,6.080615183656008504e-01,7.326017850433835799e-01,3.063882986772129002e-01,4.104881669615937922e-01,1.531218757002834330e-01
1.149965386713669435e-02,3.286730223977347709e-01,8.868526155467124639e-01,5.235177043572468714e-01,9.934128807321381815e-01,9.296512426920452987e-02,3.896627458686175993e-01,1.530204832100063583e-01
8.264010002896547691e-02,4.889550786515393654e-01,6.869318818466669807e-01,4.782963954415280772e-01,8.804944091556503594e-01,5.704411466141491305e-01,1.360232757251422786e-01,1.538499452166186554e-01
6.399921677699707545e-02,5.440339196632605345e-01,7.290812594559497040e-01,5.240468165603408002e-01,8.377854563733254656e-01,3.973392609157141986e-01,3.275089225236058610e-01,1.532240046842894277e-01
1.958417859943492600e-02,4.272429655803452464e-01,8.801302463962974443e-01,5.857763414638380572e-01,8.543629317175782667e-01,1.605008159424777536e-01,7.452139392885854807e-01,1.512978998674074371e-01
8.442120479865225513e-02,3.059764200648029675e-01,4.888919388807128064e-01,5.208067271067637893e-01,9.172681451015401999e-01,6.057168772310086435e-01,1.127903285590025062e-01,1.539234324195119796e-01
1.812569838554926593e-01,6.846669866998321696e-01,8.800386502746893047e-02,5.010043086339842633e-01,8.631132421678361366e-01,4.227324513522585647e-01,1.450875178941952726e-01,1.538170443219351313e-01
1.751771710460338360e-02,4.536898975750333629e-01,6.717537732774433445e-01,6.266702499332893472e-01,9.014484796830113389e-01,5.146101640844896741e-02,5.908960198299298971e-01,1.518268085779136412e-01
1.048127566086137774e-01,5.766001419488179236e-01,2.186507076643534053e-01,6.565055265521778649e-01,7.704533704176913522e-01,3.520295179265450214e-01,4.354700321526179807e-01,1.529851198911423571e-01
1.516665132408396011e-01,9.752248422687739282e-01,2.453309384441881569e-01,5.766263085103965347e-01,7.493172530499618844e-01,2.669682996120161800e-01,2.770096455288806325e-01,1.539911436942981438e-01
6.968346440940847986e-02,4.808797689383411678e-01,4.886754014727963669e-01,6.687388624579094776e-01,7.370500585341464017e-01,4.844559488950975767e-01,8.440822989890808259e-01,1.502895223508861622e-01
1.783576516923577326e-01,8.124920394851533612e-01,3.761413358976795074e-02,6.357971485441094028e-01,7.413368517712466410e-01,4.188104551107306173e-01,1.482497411156043499e-01,1.539471231204107282e-01
5.135957781854166848e-02,5.432048866374503682e-01,8.253435790522944959e-01,5.149117280983973588e-01,8.974594696715769704e-01,1.595151941612812929e-01,4.703573422200150178e-01,1.530548370432985028e-01
5.607303830493733099e-02,6.030091581521132005e-01,5.863205191715648024e-01,6.085586228084732818e-01,8.658194449409484239e-01,1.717769293282264687e-01,1.909242222256021804e-01,1.539441404413262049e-01
7.904932251174739966e-02,7.179336417894874867e-01,6.238824274183891738e-01,5.804910864548860072e-01,7.709917702940973783e-01,2.499758839131984434e-01,4.177572586257150000e-01,1.532347350672343400e-01
6.370604626477389953e-02,6.058780125716070053e-01,9.310317823474050236e-01,4.977746359257498310e-01,8.418213395354307016e-01,2.970856428983655872e-01,4.714299244454333015e-01,1.530716042220692796e-01
1.077815850218843685e-01,5.856683943937893710e-01,3.528514910753312583e-01,4.948738135381172687e-01,9.136882661299038366e-01,3.327830555485202235e-01,9.605307178360000808e-03,1.543713187826751543e-01
4.995704928318977361e-02,6.158568425257712198e-01,8.373507108687985312e-01,5.804370860441618873e-01,8.541793985727214045e-01,1.698215461209394705e-01,2.404737281983503339e-01,1.538201559770422389e-01
8.696524693549749496e-02,7.244657223210828612e-01,3.567032952081229946e-01,6.052173067360735459e-01,8.516376079414459399e-01,8.757374353373340026e-02,2.703144263083031573e-01,1.539571434084122947e-01
1.061538609012940976e-01,6.860311140612315173e-01,1.841219972186567411e-01,6.202253808958377856e-01,8.244855723497663824e-01,1.265262091935341060e-01,4.161035990507764293e-01,1.539620559145764012e-01
5.867412804010682659e-02,6.434932311718244424e-01,9.693668633847560834e-01,4.401872757713495288e-01,9.335508945695271121e-01,7.752737370726631161e-02,3.027797498938528120e-02,1.548762390285166324e-01
1.108055711780485536e-01,6.439569652777616948e-01,2.419711969528682838e-01,6.082076714510795679e-01,7.656444479029613781e-01,3.266935803641527469e-01,5.264352551225930377e-01,1.527811866881069180e-01
1.596324215981814731e-01,5.248671245962519549e-01,6.859988461571892016e-02,5.492828958297258923e-01,8.824170967870950122e-01,4.471943472531137997e-01,2.512613044736932144e-01,1.529723698747575966e-01
1.240067954234983644e-01,8.370236952087284354e-01,3.072918829448508804e-01,6.556036837292711361e-01,6.815793122895565936e-01,3.899553419312128399e-01,6.138771392026205476e-01,1.519068481296310669e-01
1.202378892675366601e-01,6.888043358764323054e-01,1.526374193421096148e-01,5.571997385960518745e-01,8.545094459284126032e-01,1.951858483100158970e-01,1.399265820011478256e-01,1.546264543498995225e-01
6.557600879750451195e-02,3.828905357327873071e-01,6.090906770432767958e-01,4.731977103839732912e-01,9.559344862845520208e-01,3.879356827914428041e-01,9.598986822884592041e-02,1.542609678600867784e-01
9.919062129669080352e-02,6.592337044640763644e-01,4.559893797598695842e-01,5.374019823124447370e-01,8.466436764774198931e-01,2.989555322581203267e-01,5.263968333872770522e-03,1.548710783527604828e-01
1.250492184560856590e-01,7.844151646500135966e-01,2.650847530452727363e-01,6.473588321594174744e-01,7.322198434755283758e-01,3.709215512768204714e-01,2.109287414197680011e-01,1.538361484514872424e-01
1.830240564855064866e-01,9.640295859653833510e-01,2.108827813425366848e-01,5.916300156597891213e-01,6.860598913302137225e-01,5.373149432132025005e-01,4.024689781076098982e-01,1.531205871157132192e-01
5.298277367300056884e-02,5.839588635276092843e-01,7.706254677953017218e-01,4.995343011297552760e-01,9.197500989030580332e-01,9.547262044898321975e-02,3.101733852540651815e-01,1.536038670086602165e-01
8.554642936839201850e-02,5.073018250550843655e-01,4.966186390991887967e-01,5.112517662777320560e-01,9.003426662672954217e-01,4.094196141976806924e-01,3.618537890920481281e-03,1.546926829593908426e-01
1.741698039780743001e-01,5.601490928317162110e-01,1.296024093765645868e-01,4.987918046140245587e-01,8.701764752652780821e-01,5.057942430228958841e-01,2.276016162013246580e-01,1.538811145792108592e-01
7.809779676072801935e-02,7.444185869910280307e-01,9.691894184318248229e-01,4.691222516057212966e-01,8.369116649688328469e-01,2.554630238687985444e-01,2.591375771752363333e-01,1.538883064248364740e-01
1.369664026602441520e-01,4.322931407256688230e-01,1.230716191333895981e-01,5.758539395659659776e-01,8.462990334297275652e-01,5.005782013177438872e-01,3.884543127472404600e-01,1.525348540256618868e-01
2.026677272047226475e-01,4.188727211470311129e-01,5.322743306055177648e-02,4.730885230912990069e-01,8.991259595312270925e-01,6.398799230570088037e-01,2.084660579968515837e-01,1.532398655821786415e-01
4.444552208077282712e-02,3.951818254217841497e-01,8.262755694824899244e-01,4.861383251997771771e-01,9.574959161902980576e-01,3.576756693201917359e-01,6.956323370160960584e-02,1.540116184146488598e-01
5.951425005421594888e-02,4.936940820972490762e-01,4.412032503574525588e-01,6.228963674809820938e-01,8.437606325028990106e-01,2.057399585334726000e-01,5.691323614022655297e-01,1.523778151284098659e-01
3.264489382097426201e-02,6.206352812856161805e-01,6.875751116666383167e-01,7.136327624339267039e-01,7.549761176651689221e-01,5.882099768605264511e-03,9.544273162483722928e-01,1.505387362106810900e-01
3.826149659684142251e-02,5.193835690454248200e-01,6.254092015494354673e-01,6.818707896181406269e-01,7.812172657337220771e-01,2.440649208643164148e-01,8.321731818799218416e-01,1.504710199041865148e-01
4.339589033137909724e-02,5.521258363002816694e-01,8.973467975781079797e-01,5.161159132471029309e-01,9.335709196305383983e-01,7.532996571708294731e-02,2.827858488243356616e-01,1.538025999946829592e-01
1.266966102693182494e-01,9.052308862195876937e-01,1.730524854077042929e-01,6.212970851605656986e-01,7.657111210591652783e-01,1.636445517571916142e-01,1.892178946746956858e-01,1.542073590343190359e-01
3.731807614158348663e-02,5.101443929967816038e-01,9.021785163508023730e-01,4.984158805374228063e-01,9.540463525125794098e-01,1.746412688013798675e-02,4.472854167686727278e-01,1.532717919554798247e-01
3.224498336034318374e-02,4.000105825676881777e-01,7.015314656681730376e-01,5.357517245198089029e-01,9.712713225185646282e-01,1.300272139588752318e-01,1.407620683099073400e-01,1.545439526997272606e-01
1.902394962614173402e-01,5.526336572930997670e-01,6.439161993503283998e-02,5.510866744212339352e-01,8.510012570078803185e-01,6.294029175502009466e-01,1.350843177686400498e-01,1.531939783639723052e-01
7.629474399993704803e-02,8.593216715105838066e-01,6.326374953557240000e-01,6.445562298310777427e-01,7.060631516478701464e-01,9.098623414421549982e-02,9.284223997697317321e-01,1.505529889458054604e-01
1.589972910853711952e-01,6.224279698921642012e-01,2.849229978137106656e-01,4.910573585894966175e-01,8.245621960240783199e-01,6.024156765966509619e-01,3.263215021031196095e-02,1.543752017076235605e-01
1.473958806866159377e-01,4.990659529426343388e-01,2.305817045063690562e-02,5.211433985586479967e-01,9.171940565229561582e-01,3.251710177120698542e-01,1.354480138145795487e-01,1.541943532857809884e-01
2.886359593374744625e-02,4.063200722854418689e-01,8.051597113795450067e-01,5.700748694845255704e-01,8.663449481257371465e-01,2.903704176207664855e-01,5.901406075252152439e-01,1.519814513485375218e-01
1.736631103567992107e-01,4.593513857301195769e-01,4.581768365499905293e-02,4.709426610862346707e-01,9.383570146356018382e-01,4.644042166618788103e-01,5.308556480507037323e-02,1.542826820642409780e-01
1.403170273579389948e-01,8.764113431689399825e-01,2.886489227120075940e-01,5.387413668600861127e-01,8.288690811349023191e-01,2.653120999437678096e-01,2.480916933074334141e-02,1.544313055641700627e-01
1.413759306049891529e-02,4.199527585329360102e-01,7.590850653898123523e-01,5.715847952327441917e-01,9.764377100744409121e-01,5.391536189932322198e-02,2.240062896674381576e-01,1.537288359199383836e-01
6.915471184676791339e-02,6.802645667136899554e-01,9.881022781404111832e-01,4.455025990630249177e-01,8.998589923965769621e-01,1.241471557238420786e-01,1.057472370221835267e-01,1.548575409176900508e-01
2.376565830984334049e-02,3.578203808747247860e-01,7.661430209179926898e-01,6.241335291915777184e-01,8.629833502507808785e-01,2.583788966479877991e-01,9.707850493375009826e-01,1.495081388795653776e-01
2.556425391757920218e-02,4.852965774689639300e-01,5.150149587135643969e-01,6.935104978235469009e-01,7.901218173438103731e-01,4.382511217653262126e-02,9.131360428252441874e-01,1.506615760459651399e-01
5.071594802127565166e-02,4.813182821421244095e-01,7.357624574549652685e-01,6.415612964081554015e-01,7.358545405803020856e-01,4.997047207135024705e-01,9.887517284753223334e-01,1.494513800802912684e-01
8.113413376501303620e-02,6.991423259029985182e-01,2.729973503518158262e-01,6.802607536078372208e-01,7.417288619495557844e-01,1.024902033347344088e-01,6.578504187800534586e-01,1.528212318228220623e-01
6.519883113983804268e-02,5.060825992221649194e-01,3.822228789120312165e-01,6.130943397666402950e-01,8.859494716120810409e-01,2.097640994763763089e-01,2.610808446740603417e-01,1.536304222714074130e-01
3.794919073658732656e-02,3.897850928045764607e-01,2.020786038842066201e-01,7.383188974526521120e-01,8.704830584468655763e-01,7.536528242308659920e-03,8.059692076358576651e-01,1.516176285716409888e-01
4.117876680157124547e-02,4.875533465496119101e-01,8.068522147578538473e-01,6.009173458794546674e-01,8.073381204913256948e-01,3.198888462081645456e-01,7.986087105808805653e-01,1.509063133874487816e-01
4.170747433870886089e-03,3.362039224675409388e-01,6.355334825559877387e-01,6.987318690868704607e-01,8.646203609337700380e-01,9.148560112206105543e-02,9.326080065007966713e-01,1.497212378027477364e-01
1.436050055982368290e-01,3.850042869279041158e-01,1.257248196817370434e-01,4.580733197409598279e-01,9.630195016938252195e-01,4.407295378542497311e-01,1.016167032428136885e-01,1.538733810752879183e-01
1.259114281133701385e-01,6.191178611296128675e-01,3.477236558128754540e-02,6.809193022432451503e-01,7.675567874250148748e-01,2.988087173285882692e-01,4.758572331746346862e-01,1.524632356062094463e-01
1.702313055193797608e-01,4.047980300268133602e-01,1.284730367589642652e-02,5.417676741220380787e-01,8.979611259929152212e-01,4.849985614535152201e-01,1.885149544790526432e-01,1.533934433695917088e-01
1.029224446735390042e-01,8.750906601372920868e-01,3.595691774616178726e-01,5.969679459931441778e-01,7.881672569771437376e-01,1.090255773564834385e-01,2.491511396691487856e-01,1.544190203665273819e-01
2.751698235802270409e-02,4.979550957657390420e-01,7.348628930295331152e-01,6.168250998222686299e-01,9.025608527064900022e-01,1.530693675937522258e-02,3.727297412167471791e-01,1.536475019671301456e-01
2.638643870904869293e-02,4.150072424827087603e-01,6.800027129979142604e-01,5.984507946269291834e-01,9.178346799729306671e-01,1.817359026767595420e-01,3.272407972578797453e-01,1.530221191801918457e-01
5.237379537847496741e-02,4.510992744058529569e-01,5.381980278520118732e-01,5.438911041611760311e-01,9.462801642782459055e-01,1.781260661772421927e-01,2.701180239752933865e-01,1.538937997135003122e-01
1.595541812876285770e-01,7.672580458459250519e-01,1.656340798568710082e-01,5.751992765171614064e-01,7.497219003845529972e-01,4.659714548037141579e-01,4.375919904005092231e-01,1.527774121670537333e-01
3.412973347603164009e-02,5.365788565989889625e-01,7.684785134470069057e-01,5.942144825319886081e-01,8.900990640028735301e-01,8.230881086380331668e-02,4.687753863128517606e-01,1.528159030369641846e-01
5.959968054026749951e-02,5.625033036676024834e-01,9.004095357070237560e-01,4.806036410779644941e-01,8.717564239939480375e-01,3.381783400870152501e-01,9.539524273508742658e-02,1.546348395677357435e-01
2.115917264349783666e-01,4.731968811696632971e-01,2.878211121462526112e-02,5.102317258009027023e-01,8.913238294520205995e-01,6.707506357273834707e-01,1.399613190096636317e-01,1.531668521751873291e-01
9.207025377529555465e-02,7.886218004855082286e-01,1.247488182060721429e-01,7.747860658424141622e-01,6.497359312275544641e-01,9.660069054431774660e-02,9.772992035240513076e-01,1.505448540590785533e-01
4.613001414606342221e-02,5.910108075151452312e-01,7.262248556692134649e-01,5.374414289864316574e-01,8.797678516587726927e-01,2.646846629538793239e-02,6.303654546426161742e-01,1.519776120721194057e-01
3.686886495527302854e-02,4.425238582700875001e-01,4.771669048472924612e-01,6.448726733447791570e-01,8.955762618225024951e-01,8.726858041960411372e-02,6.793561995416250721e-01,1.518331596041647136e-01
6.146763858428251626e-02,6.927100540077124613e-01,8.191592250030279576e-01,5.390170603318175102e-01,8.300120272612896422e-01,7.523144818366989117e-02,4.835221944708393282e-01,1.528801738899004670e-01
1.797080164955854042e-02,4.147486798421646248e-01,6.830482686245965551e-01,6.507876836861430370e-01,8.887302772638631110e-01,1.123634357003461814e-01,6.676007131139103379e-01,1.514711865468676977e-01
6.656529153834650492e-02,7.440276584441842811e-01,6.481435982020127273e-01,6.493248658421670871e-01,7.469793387083523140e-01,1.036174017462726804e-01,9.597780482152113990e-01,1.502892776505942718e-01
8.902202700757590181e-02,6.886713358456533207e-01,3.464584305927059238e-01,5.824826768443954750e-01,8.709773086643133322e-01,1.362399673123716182e-01,2.492196805568887008e-01,1.536467141510170220e-01
9.287171366913882231e-02,7.844440993572836529e-01,1.843366962924735675e-01,7.096963397153561726e-01,7.045865228382061085e-01,1.210267536320067672e-01,7.390224732022511178e-01,1.515514657557079092e-01
1.427723530645796379e-01,9.828423451353763829e-01,3.708797295337233901e-01,5.985510355316225883e-01,6.906289316306665205e-01,3.757983015205487165e-01,2.928431825777973452e-01,1.538610854119251414e-01
7.803173026764696762e-02,6.311572949842817470e-01,8.207684577964742267e-01,5.166650820621571105e-01,8.306590911540997491e-01,4.833071269789240842e-01,9.106765526165955249e-02,1.541052990472056294e-01
3.197912121273865232e-02,4.676607016437895892e-01,6.974098765187872750e-01,6.907095832206876507e-01,7.860140299003095521e-01,2.758543161104946573e-01,8.941541777311283745e-01,1.498992296822657388e-01
1.774409563047216198e-02,2.721786995956231858e-01,6.880723596807625242e-01,6.420489074555518760e-01,8.812108609900684009e-01,3.326608712318515626e-01,7.050848101585415195e-01,1.511001433547030370e-01
4.263396885402510189e-02,5.045553032939411597e-01,8.349692335311118541e-01,5.359057272672971273e-01,8.672574776140347108e-01,2.481701488187153803e-01,4.685557861855770834e-01,1.523673362293182509e-01
3.135507710055415037e-02,4.727879020183274328e-01,7.235794277513769579e-01,5.855211963662791952e-01,9.250090343025912931e-01,4.789439137899315080e-02,3.841355732038252979e-01,1.531805348850929782e-01
4.916708053097867265e-02,6.249756516902664760e-01,4.235509344013989597e-01,7.211957088583063058e-01,7.304574199573073967e-01,1.198524927797171846e-01,9.785391194242367696e-01,1.497053089927338487e-01
3.896739586011876283e-02,5.942033102447445980e-01,8.502853476573062341e-01,5.908983397981875108e-01,8.560265150142786217e-01,1.520631682590312117e-03,5.434088574240407699e-01,1.530427696269563154e-01
1.531711757428939613e-01,6.202610154888821281e-01,3.564292485736443306e-01,4.883521345256700563e-01,8.353242783770060687e-01,6.726976459336257985e-01,2.357646257717349869e-01,1.533639439089206913e-01
5.923621039608825689e-02,6.244016232987403825e-01,5.775117285192223893e-01,6.578950038789386223e-01,7.319307275876176799e-01,2.823025974118962278e-01,7.703877423219047671e-01,1.507754756471132995e-01
5.209518332276662222e-02,5.422656839266667417e-01,8.464876680423319977e-01,5.400766409027072390e-01,8.470591703994178046e-01,2.377217103014619692e-01,8.328276510233554308e-01,1.507195916805568192e-01
3.494075704128062759e-02,4.967866084068194299e-01,6.159510681813018529e-01,6.032099249519509154e-01,8.812386332245689680e-01,1.206311637191215536e-01,4.256257079642563612e-01,1.527835331512471528e-01
5.783396289617646902e-02,6.542346152198116327e-01,6.943127502934944850e-01,5.230423238560168997e-01,8.906235894192400249e-01,2.275113460892086437e-02,2.611529246384223235e-01,1.538495922129154980e-01
4.378046822068220462e-02,4.499021955251868432e-01,7.824955691443882255e-01,5.212043155524909155e-01,8.866323456174208806e-01,2.661888772857775032e-01,5.785132867551761038e-01,1.519965399035722864e-01
5.604626205166733655e-02,5.864695162055726385e-01,6.746043097539153877e-01,5.697615414184992177e-01,9.113048194320687578e-01,1.728808422642281184e-01,5.854409673293686778e-02,1.542677947075389855e-01
1.221653718238659286e-01,8.666312294534073146e-01,2.543229258153684169e-01,6.230915637947727070e-01,7.403120559680151924e-01,1.890186662093990555e-01,4.873068965532167396e-01,1.532828308562202702e-01
2.452270994424268769e-02,4.168891161127418199e-01,7.142334324413535107e-01,6.875002959758771404e-01,8.080255529185866870e-01,3.166146010005745914e-01,9.554427129493077153e-01,1.490837770770938597e-01
4.164444118664090144e-02,5.302538120031766722e-01,3.181322705022030517e-01,7.717662775562144084e-01,7.698318487071417193e-01,8.388498072023745089e-02,8.785537625853625521e-01,1.505898401445396884e-01
9.892095782455537223e-02,8.389063820585228592e-01,2.348642288249174481e-01,6.630447519687336921e-01,7.570204345229620824e-01,1.062603550774884331e-01,3.029578666808556697e-01,1.541158704216017417e-01
5.706314232980486123e-02,6.087183335336328049e-01,6.007684146045132456e-01,6.220291470850444204e-01,7.828046569616801120e-01,1.451505031163198567e-01,8.523330456876548888e-01,1.511686725305094736e-01
1.585365171910430859e-01,5.856840720752002349e-01,1.868314094637446576e-02,6.117913081638467476e-01,7.876830034640726064e-01,4.216871184176050336e-01,1.584201850355372865e-01,1.539433520821785750e-01
7.478165617069290616e-02,7.506824396856723869e-01,4.336035209517956623e-01,6.768480430385825919e-01,7.143850401775426739e-01,1.638355203516948522e-01,6.772496832322707494e-01,1.520556774801437305e-01
6.189408354167012793e-02,6.448748743954014762e-01,3.284326216256120978e-01,6.932871054431339886e-01,7.477496882896236263e-01,5.394139627467853249e-02,7.065103393961470468e-01,1.524729593586874876e-01
3.530668492123234525e-02,5.583819539164324164e-01,7.678906392210447240e-01,6.072192983959420198e-01,8.482355627534380327e-01,4.189994599138846532e-02,5.207223842475920961e-01,1.528848226757950624e-01
3.862521814133132447e-02,4.220736259744994889e-01,9.437376457103056060e-01,4.438814457390750645e-01,9.707614038970224790e-01,2.934123586461938604e-01,2.113646529505125438e-02,1.546122174058836563e-01
9.264198005142161574e-02,9.585311011227305444e-01,8.537536834777639250e-01,5.116823226763795862e-01,8.110880334818736381e-01,2.544397610825954725e-02,3.150443261697050135e-01,1.536214994981718873e-01
6.966210473492584487e-02,7.360457351579344776e-01,8.424284978756315656e-01,5.073725788644248835e-01,8.149455817917539147e-01,7.021221735708793599e-03,9.334767124505685132e-01,1.511810526236115060e-01
8.168489173798930414e-02,8.980729490748377009e-01,7.816605968424327200e-01,5.255466049359789338e-01,8.156610534827978265e-01,2.143602445342052132e-02,1.815469862627158149e-01,1.540994341396501321e-01
8.302881856254207271e-02,7.426077869943362719e-01,7.901740273684850768e-01,4.809494406441376935e-01,8.431088697379617303e-01,2.635677780074497378e-01,5.043322733961308479e-02,1.543721143301436394e-01
8.664103981071785698e-02,4.161949354309990579e-01,5.402564848704088929e-01,5.762103572656911421e-01,8.017055357348743527e-01,6.577852224542239945e-01,7.705867852892156478e-01,1.506557510428714608e-01
3.096102631765615398e-03,4.099969648660615196e-01,8.995834838109529885e-01,6.121497667025961320e-01,8.943706942888866029e-01,5.250428792515948739e-02,6.927577262955226800e-01,1.516222076752583303e-01
1.736122701499386856e-01,3.406440931712608755e-01,2.994272250533885904e-02,5.264192835159315909e-01,9.101894670399854892e-01,5.422035047053994639e-01,2.396835074657726883e-01,1.531137621146829164e-01
1.682329290824988166e-02,4.309049690063151972e-01,8.194706158121657369e-01,5.827374511404647128e-01,8.965753347245492000e-01,3.747106811607542332e-02,8.384425776439522471e-01,1.509045000341897869e-01
1.140911862786369579e-01,7.527142065425047601e-01,1.078957076900921574e-01,5.891926231991484464e-01,8.551974681607017459e-01,4.607478698554307028e-02,3.649067039853294281e-01,1.542087870888145251e-01
9.437858419281766609e-02,7.076842351150071098e-01,5.212732974280467335e-01,5.889129404509607646e-01,7.823535613034174885e-01,4.119128151199625831e-01,2.155711248261202306e-01,1.534118198194035221e-01
7.336341099975229874e-02,6.481131454801797309e-01,4.360723460385499961e-01,5.671640714348699097e-01,8.875942698797038011e-01,1.216775996324688802e-01,4.717789355647095118e-03,1.548771343634363917e-01
9.371693786448817565e-02,7.327978181705321337e-01,3.047722727000168885e-01,6.490700898326392521e-01,7.963493664159917440e-01,1.890484319481477160e-01,2.471611192035474414e-01,1.539308982257544534e-01
1.383431958320977540e-01,8.034140889070193747e-01,1.433562581799903146e-01,5.996516668283893292e-01,8.024353689706630322e-01,2.199402084728007689e-01,1.997522302448175302e-01,1.546635208190711985e-01
5.507723079496422425e-02,6.325160962484062122e-01,7.885441573728306786e-01,5.131048572591950796e-01,9.119708803998634039e-01,1.087832747839015402e-01,1.180420112286083567e-01,1.537146903482268789e-01
1.403526017653493607e-01,8.292287159684462727e-01,3.425923575775819963e-01,5.617920612949622861e-01,7.656464437011649693e-01,4.390298612630322284e-01,2.687826734300926002e-01,1.535533552247648204e-01
8.040099689036589448e-02,4.386599328485721871e-01,5.898651852876050095e-01,4.951186383711049799e-01,9.008851719187342955e-01,5.502412151121327533e-01,5.772121707065541729e-02,1.539977302028443518e-01
1.468431166135551469e-01,9.014448465676931921e-01,1.583607365532886946e-01,6.380378471593356471e-01,6.910340590328443167e-01,2.808847885680155754e-01,6.375691650474966110e-01,1.523518930748998246e-01
5.542850929025421036e-02,6.432982659198193121e-01,5.440863809500755544e-01,7.067745690574295248e-01,7.271781622033037795e-01,1.851227256603926175e-01,7.179140202979991114e-01,1.516090292412156371e-01
1.782769345182018128e-01,9.260699154442084691e-01,3.704666289551389324e-02,6.183694346781585249e-01,7.355559717724702296e-01,3.342327004462779527e-01,2.550347585777584802e-01,1.539301009642333740e-01
8.647486670958531851e-02,8.953693365109505198e-01,7.985184861178762361e-01,5.443606058034426987e-01,8.057027434114757414e-01,4.684984172575967776e-02,1.519619550569243915e-01,1.544871616917536661e-01
2.673070574436996194e-02,5.447744615640955912e-01,7.850898459535036178e-01,6.613869452278495764e-01,8.268333423547169492e-01,8.759935495088472246e-02,8.900485854026589649e-01,1.499512970248988997e-01
3.356703384509784893e-02,3.015648556610904807e-01,4.545047760635107514e-01,6.350641721851705279e-01,9.028250605572596399e-01,2.198769624846147741e-01,6.755719226275163081e-01,1.517525190269186919e-01
1.568876534093001096e-01,7.189722701517515802e-01,1.305599290476998076e-01,5.484320882694911914e-01,8.276829058178137855e-01,3.565004440513973583e-01,2.167663335569583460e-01,1.538573518679633434e-01
6.215478675486802579e-02,5.008100580996732720e-01,7.130740057969116030e-01,6.262356726707103416e-01,7.474661736284287095e-01,5.817350807562553516e-01,8.242391839685787591e-01,1.501178267301358227e-01
6.619744906055402556e-02,6.266438071193152215e-01,7.556230684540816700e-01,4.864762917347180693e-01,8.807727740258113336e-01,2.105639677883748284e-01,1.929821334676164457e-01,1.538560674979951026e-01
1.018011451500796943e-01,8.829141429030039623e-01,3.090580712247201767e-01,6.644484392713617682e-01,7.403067288832934079e-01,1.009869917219972102e-01,3.064143852790880973e-01,1.541415331914757214e-01
1.386766745282118074e-01,7.103257762351070648e-01,3.742973351455494702e-01,5.550519657733600232e-01,7.846849625150800200e-01,5.603853646363983199e-01,2.076594182546875611e-01,1.537211672766588266e-01
1.806008495400457381e-01,9.366368701417403519e-01,1.291997183051694087e-01,5.935564951839604753e-01,7.139013572714567601e-01,4.460376007586368541e-01,3.231905884856688949e-01,1.534022489845583981e-01
1.553793811485375820e-01,7.216002032703245916e-01,1.293789305840699622e-01,5.322640214489204880e-01,8.407045495277509772e-01,3.683069118546578591e-01,1.710877295615298443e-01,1.539818760300083744e-01
5.906136302590449944e-02,6.324170416485587198e-01,9.501395085864330348e-01,4.667314388936243397e-01,9.307397444142445631e-01,1.179328423037278029e-01,2.475441511807979222e-01,1.537158882624750922e-01
1.080842601078021992e-01,6.824942534479975231e-01,3.106515296406159310e-01,5.928033728017868542e-01,8.220978150308728694e-01,2.796305054082786068e-01,7.120908864394198678e-02,1.545752621659123305e-01
1.067438825461155955e-01,6.249997469991751542e-01,4.354959805202333056e-01,5.509622275840199146e-01,8.026104405453703405e-01,4.272389600566243728e-01,4.714278442699371130e-01,1.528666095630607791e-01
1.006851365510776780e-01,5.256248193802450785e-01,6.326425838233998844e-01,4.958155176665647312e-01,8.561525248882357886e-01,7.266282862894322125e-01,6.395187228383258926e-02,1.535662268775502270e-01
1.322799831484966493e-01,6.081963755202228761e-01,1.579001001082425137e-02,6.548184212336911614e-01,7.897154147709234406e-01,2.977272534036395357e-01,4.311310718770865469e-01,1.527848741576997571e-01
1.106288508280105498e-01,7.101800363685601969e-01,3.409252760177081676e-01,6.485352021688346458e-01,7.076359222182020403e-01,3.942223057228689820e-01,6.875609740558125127e-01,1.516532776384504899e-01
1.457912708637476573e-01,5.420507810775334612e-01,2.559790852938057526e-01,5.377657408495011282e-01,8.484190650947358581e-01,5.914184266028781334e-01,1.992956679421103994e-02,1.542216247572947840e-01
2.923084145966962227e-02,3.270591418993921140e-01,7.739000884982704109e-01,5.623179913142333231e-01,9.013105922181290364e-01,3.284997464793446564e-01,6.382507725967568879e-01,1.518522038071813962e-01
1.000738098519572683e-02,4.096880564804136204e-01,8.650747121631003900e-01,6.048057581730930110e-01,9.426134702747455130e-01,4.262929560848366384e-02,5.522541870023516264e-01,1.518720689695225723e-01
2.232284499310881187e-02,3.937666835484847083e-01,7.819417429300219435e-01,6.009782183890424179e-01,8.961236369871261598e-01,2.212470495568390483e-01,7.259733013351912234e-01,1.510383715876091326e-01
4.672296255476662830e-02,6.446978812803194625e-01,7.027279590791033481e-01,6.112449460011067925e-01,8.317275120980017755e-01,4.210702583095776719e-02,3.249654837046853650e-01,1.538500043889199642e-01
6.469335768829449773e-02,4.799160301613333846e-01,7.725751864423400228e-01,4.987359854869312659e-01,8.815551240811377864e-01,4.655155737571520236e-01,3.503064514256438722e-01,1.527557463861557996e-01
6.766893573896463898e-02,6.756687878239018286e-01,8.165416898407270585e-01,4.800664554053425959e-01,9.103116585110477832e-01,1.390535697768362500e-01,7.089787627078841803e-02,1.546129152600758394e-01
3.988326435513182833e-02,4.360380608852751916e-01,5.572049293797903813e-01,5.658547117897139156e-01,9.629645933345531983e-01,1.678253681477444859e-01,2.269853326195508947e-02,1.544101334871640641e-01
1.359048683961949777e-01,7.184575763976377427e-01,1.014854728520974692e-01,5.862752303334826109e-01,8.042799117073962112e-01,2.902117194103037146e-01,2.089462961086994419e-01,1.537222664163350461e-01
4.089024085841121842e-02,4.079095411849912867e-01,4.197299496103679139e-01,6.858679559199416520e-01,8.198521254981849804e-01,1.442694992674505849e-01,9.273124812160988828e-01,1.505921787986415350e-01
3.368129913820903931e-02,5.103038616023660712e-01,5.473317350935126280e-01,6.916364688172462749e-01,7.795410565828498894e-01,1.198355169821201383e-01,8.327452180445089613e-01,1.511011099059655638e-01
1.802138007817163934e-02,2.748690444012845124e-01,7.110502003969610962e-01,6.315756740295694893e-01,8.701689468185938026e-01,3.427035822864334946e-01,8.250352675654248902e-01,1.502512567678332966e-01
1.709144782264176987e-02,4.499404683298220409e-01,8.075793018970878201e-01,6.430681348009487097e-01,8.461812478693161443e-01,3.852936045147903332e-02,8.869328526595372519e-01,1.510834704717755606e-01
1.144194990847465232e-01,9.396811776023734630e-01,3.118515708382182949e-01,5.748688783074157316e-01,8.076512393307535564e-01,4.669475033613196269e-02,1.960046204676911263e-01,1.543586011398204727e-01
6.710214724439250711e-02,8.017747720298492586e-01,4.602771589633444238e-01,7.584633394053683642e-01,6.334520685043218968e-01,1.477133481162268003e-01,9.950055431436726217e-01,1.501568329180894279e-01
1.382142789874857280e-01,8.608219563098769012e-01,1.320907599091374895e-01,6.171326696057124472e-01,7.453151917167630813e-01,2.018839725787360262e-01,4.526426914346863839e-01,1.532595629601363474e-01
1.046064490022965282e-01,9.250383968886166652e-01,2.589039169284765851e-01,6.598884753585931850e-01,6.851982407758553384e-01,6.360740973181266966e-02,7.565710939040969363e-01,1.522347286896560958e-01
7.871847794580021096e-02,6.362249305460941917e-01,4.322979525592802186e-01,6.352092917639911018e-01,7.855389326188959576e-01,2.989056483467186776e-01,3.848811809034515807e-01,1.530204323319562243e-01
1.148681554762838869e-01,6.756691695867511616e-01,5.439518018436059199e-01,5.239668278094167242e-01,8.190587487394410671e-01,5.287384569748145857e-01,5.807216241627988218e-02,1.542963563485219292e-01
6.784895372652700873e-02,6.442557456049334830e-01,8.412652013693087127e-01,5.919274860824764728e-01,7.262982783606507509e-01,4.294642770322163461e-01,9.614310891011719207e-01,1.501201586283918976e-01
5.407260562704848533e-02,6.312712995552808293e-01,8.966760467783649879e-01,5.233355450082961546e-01,8.211139980838151331e-01,1.680556150133202808e-01,6.308700787006331634e-01,1.521057134563703339e-01
7.365623777337729217e-02,8.311230855986209143e-01,3.879058788040853911e-01,7.098747923060694243e-01,6.958409024109624141e-01,5.148536196836037138e-02,7.405960340788102503e-01,1.514578804013800295e-01
1.641254762847761672e-02,4.602318244710710271e-01,7.229543229539816540e-01,6.371547251036420167e-01,8.768433064849661118e-01,3.503215179856836170e-02,7.208484138326651802e-01,1.517260639394723831e-01
3.572884789225576341e-02,4.929813528667097433e-01,8.164919288193496216e-01,5.350378753353723926e-01,8.839664409691215807e-01,1.227078560923786088e-01,7.421817245134367802e-01,1.512413248530894982e-01
1.398278887659027969e-01,8.733306259727441345e-01,4.040079914265826133e-02,7.028929396000755947e-01,6.862114901047616788e-01,1.972594018640612401e-01,6.741507031782003612e-01,1.523420155356534911e-01
5.964517887491944947e-02,6.781081537063641251e-01,7.824412745299530458e-01,5.803025929768970137e-01,7.724991326089787336e-01,1.983966005241891151e-01,7.324989901008969184e-01,1.513357262832147609e-01
1.378985922260956842e-01,7.156842964675097507e-01,4.151277794718297165e-01,5.383191084083648326e-01,7.668909874274261185e-01,5.747619721781485058e-01,4.313670459696103410e-01,1.530271610114828096e-01
1.171584526683688010e-01,8.306037102126078153e-01,3.284138526295056204e-01,5.727066877120520205e-01,7.982407100691958357e-01,2.375010464965368606e-01,1.775682439734037055e-01,1.540538852019734950e-01
9.272473322366146797e-02,8.660424936604483870e-01,2.399073360660229359e-01,7.606236955753428175e-01,6.272559504627143179e-01,1.445589943081640183e-01,7.536249006203139533e-01,1.519482056975526019e-01
1.604539276366400147e-01,6.948703492822169148e-01,4.598270457781034048e-02,5.626117643534831458e-01,8.167044890259005374e-01,3.644743913491098053e-01,1.179361862337776623e-01,1.538110920878870136e-01
1.155426562636182736e-01,8.474312901308015400e-01,2.779808737628063353e-01,6.108022282966741878e-01,7.624536267655411814e-01,2.087177695291688173e-01,1.982931454199806653e-01,1.542203245098780762e-01
1.288938377014465231e-01,8.726981980624437529e-01,1.843034745185586076e-01,6.233809842869167950e-01,7.763152646415579783e-01,1.799046808584487123e-01,2.910203873676446840e-01,1.536825227872142541e-01
4.881290806310489144e-02,5.089280544114739291e-01,6.254432680458171800e-01,5.780101778334456597e-01,8.970024010600494702e-01,1.609249822807142793e-01,5.729415430162941858e-01,1.520621460675653236e-01
1.707873986655666920e-02,3.123146466913097608e-01,8.743371110021220804e-01,5.473850762490674038e-01,9.324219961597610684e-01,3.023076058116090925e-01,4.803413147677213502e-01,1.523504023216927794e-01
7.065294881591582810e-02,6.535503038516397023e-01,9.256097476672482394e-01,4.487958245619892983e-01,8.802307868128629309e-01,2.401928855399379503e-01,2.903558141050343044e-01,1.537078542189821984e-01
4.242515800483376287e-02,5.433608855666616222e-01,8.079328510244707662e-01,5.334079384975562999e-01,9.064191729221486860e-01,9.734358084422992108e-02,2.185691634445851017e-01,1.539989403220640152e-01
5.124522397166594856e-02,5.224831535494701695e-01,9.377481198090180659e-01,4.863458979816355776e-01,8.816383081374098429e-01,2.754927230980538377e-01,2.179348879902560654e-01,1.540839589301290780e-01
2.195893555339158421e-01,5.055848310798046752e-01,6.498303346769718214e-02,4.245835771989949214e-01,9.134890115771023833e-01,6.706598377151660184e-01,7.544906149855701294e-02,1.539092704018683311e-01
1.052863334686240659e-01,6.083221679922505842e-01,6.192488552970629723e-01,5.230465735675150496e-01,8.236273955697224203e-01,6.642000538787280473e-01,2.326304994706951401e-02,1.539590439173036951e-01
1.270377454220909530e-01,6.015121907822980063e-01,2.557695336785295037e-01,5.536908247930935056e-01,8.695580465457630748e-01,4.112497001686313824e-01,8.038094473231227610e-03,1.545011431465949103e-01
9.365730657283263816e-02,8.481662447003179839e-01,5.117465199008679466e-01,6.235478311368358728e-01,7.061222858835732863e-01,2.220703755694483639e-01,6.984145208862211351e-01,1.516334123913306575e-01
1.715514515737172618e-01,8.241149783001333606e-01,1.478559168331272655e-02,6.251215264827038043e-01,7.667730367164140581e-01,3.576606433045677602e-01,2.050129691243366969e-01,1.536377426073090025e-01
6.600351298304718561e-03,3.911619040905178202e-01,7.213549043821384510e-01,6.417012351871415055e-01,9.216281898406386563e-01,3.391331844777312199e-02,4.792315259334438693e-01,1.528876301216896272e-01
5.886837756464563531e-02,6.150567381314423487e-01,9.487029068367387463e-01,4.304817331183433682e-01,9.250666688419856287e-01,5.999459377780572145e-02,1.717651751952063433e-01,1.548331305795291324e-01
9.936534970632354691e-02,4.168065022733964398e-01,2.083513768313571268e-01,6.366837814144710173e-01,8.054711649075669833e-01,4.031947849595226563e-01,7.223217041422307361e-01,1.511351384774620166e-01
4.615765243689821939e-02,4.646471671916212465e-01,7.660333428493970587e-01,5.308247519333106901e-01,8.838365584507855699e-01,3.292079162915436674e-01,1.752605334834305695e-01,1.540488310244425563e-01
6.303606339596530550e-02,5.673098815729096245e-01,5.666357747757411190e-01,6.467502394421889012e-01,7.635875363430267848e-01,3.180587283342430349e-01,6.926263190463911590e-01,1.513684936890666299e-01
1.828660293707333739e-01,6.511408571934383938e-01,4.614006374057316728e-02,5.749369679285855073e-01,7.809850719062256807e-01,5.421117522390855870e-01,1.439366981191177453e-01,1.534066156184920315e-01
6.334844000525377550e-02,6.765791761333008747e-01,5.236501179649190041e-01,6.729804184090222297e-01,7.578803736531650737e-01,1.459431760610689910e-01,9.495103767054977606e-01,1.498214379994584899e-01
3.020946230575610042e-02,4.718413779501525185e-01,8.280798422615656129e-01,5.603308292210086305e-01,8.823094115560040640e-01,1.558101772766512516e-01,3.970034925320897190e-01,1.534200284997203345e-01
8.081346074585490924e-02,4.802570285261671956e-01,4.109875402724735838e-01,5.372091334255992834e-01,9.042139791198501309e-01,3.254166238460194926e-01,1.922646078077012155e-01,1.540692518597121252e-01
8.547962367704692310e-03,2.998671305356264138e-01,8.779645745170795434e-01,6.048408838624221850e-01,9.004048316657897733e-01,2.067411526981469128e-01,8.999911486601688271e-01,1.504692381851113758e-01
6.335382356634595979e-02,6.898029496744254585e-01,7.945069400063158316e-01,5.319498176240380349e-01,8.163919359917986007e-01,1.900835320872249490e-01,3.902406142936752920e-01,1.531129942533474841e-01
1.404565927439418160e-01,7.879204291813044492e-01,1.118036469744702055e-01,6.571597238862453283e-01,7.308106918296976007e-01,3.247336826865365178e-01,3.290008819372143289e-01,1.537159487339328778e-01
6.903039552525905287e-02,7.672906772752531301e-01,3.264267484551893750e-01,7.432294681129198999e-01,6.581963565394610693e-01,7.554095513106398596e-02,9.262499018146977958e-01,1.511425774566834968e-01
9.478169062350239038e-02,8.062042062619838578e-01,1.941404937705088485e-01,7.269743123777411276e-01,6.793931727970010659e-01,1.423482384273125623e-01,6.285316769539340820e-01,1.523572160684804888e-01
6.954541585774635937e-02,6.836184521417238980e-01,5.268020923343975648e-01,6.012908184688476876e-01,8.091512660839389470e-01,6.936959366062583898e-02,6.738600037294428802e-01,1.522086368761993436e-01
1.646928638706032788e-02,3.991427691399567212e-01,7.585679550705701768e-01,5.979988358406075344e-01,9.755295094075897566e-01,5.892900837417344717e-02,4.975026853583691677e-01,1.522254062288183329e-01
7.981203461329099136e-02,8.364377639828372013e-01,5.691234186800788741e-01,6.381973637720911308e-01,7.285240743910204042e-01,4.701249380318678339e-02,9.511189384890720300e-01,1.504504832255970925e-01
1.379009652818696530e-01,6.154176732338310085e-01,1.860980923443717461e-01,5.940362516873555210e-01,7.989440269728228516e-01,4.345707622837903239e-01,3.156988258822182591e-01,1.532922887977669624e-01
1.724535348382432720e-01,3.309824034193586950e-01,7.193768331909833336e-02,4.877547689168556522e-01,9.333280624196680364e-01,6.105227831070969557e-01,1.209264667293084572e-01,1.531563977931759135e-01
8.323372012834817646e-02,8.185958162251005810e-01,6.254418521486007077e-01,5.528403338264139544e-01,8.158522321745119710e-01,3.837404373856853623e-02,2.744142275429645728e-01,1.542627739269481213e-01
1.042737078550044078e-01,7.463976261902639520e-01,2.684247790762357422e-01,5.788061284308702037e-01,8.822157755609201235e-01,1.044390440132898501e-01,4.520563296977231360e-02,1.550942548024047130e-01
1.006144375370803673e-01,4.582769419153486234e-01,1.488567705972289046e-01,5.958887622335031775e-01,8.699577636326312202e-01,2.661565011527774471e-01,4.433034840953832822e-01,1.530062497918600883e-01
4.837369228227736406e-02,6.669689563210885463e-01,7.614672887554532199e-01,6.064307150883957442e-01,8.660643734682664796e-01,2.822931796762073731e-02,2.185691502826816457e-01,1.540785138392805342e-01
7.851543521111695179e-02,6.324329198061322543e-01,4.929092995345178418e-01,6.413822227919840913e-01,7.392015580086647164e-01,3.161923985745216936e-01,7.382417726110024336e-01,1.512073069716646234e-01
4.465543145949793513e-02,5.014803209690505970e-01,6.722055045583990029e-01,5.122681895581231437e-01,9.824515530727454538e-01,5.989485116017231880e-02,2.353476527580428135e-02,1.550186656305808930e-01
8.630724691150266914e-02,7.368294383913668311e-01,4.164902370366359019e-01,5.488959733761341608e-01,8.829146232527073090e-01,6.837639415878071780e-02,2.531156148721196986e-01,1.538758721066076363e-01
1.123217106406794730e-01,4.783604612138999679e-01,1.303497465966828583e-01,5.540850635983567418e-01,9.090297239264434337e-01,2.465933381607270658e-01,2.489136925892502239e-01,1.539380568339565047e-01
7.324559335283506445e-02,5.117832673696938173e-01,3.807368434724452411e-01,5.419979921501342224e-01,9.227797174841140260e-01,2.136030886439223564e-01,1.910859868146428386e-01,1.539724760616274224e-01
5.810529385605980174e-02,6.619119954332068900e-01,4.200144836170793261e-01,6.692162662708478482e-01,7.663631288801420194e-01,7.567304700852356403e-02,6.767198400513453338e-01,1.517703166271567872e-01
1.742781771370461308e-01,8.017573481495555709e-01,2.062225734091289731e-01,5.691291561000751953e-01,7.822114838564223627e-01,5.599424915329591634e-01,5.268267512770996586e-02,1.539559747088043717e-01
3.864689664088709342e-02,6.008360137739929829e-01,7.512668722876112426e-01,6.715738128705449617e-01,7.738938618566972849e-01,1.305455387494455777e-01,9.114627359381803906e-01,1.501253375029744930e-01
1.491546076265811149e-01,4.625469656775241800e-01,3.781811145880772940e-01,4.372244263909454975e-01,9.031097199386868279e-01,7.470934259102212094e-01,4.064450617847087388e-02,1.537930762485189284e-01
3.602451079977977977e-02,4.596777550251325284e-01,9.451178974929927978e-01,4.523044811087612027e-01,9.715785434344196281e-01,5.648969783045870718e-02,4.322485631844376619e-01,1.532276257523934593e-01
1.893300387578299993e-01,8.201747069570430870e-01,2.325584551072915340e-01,5.324164607953549844e-01,7.466383260084064055e-01,6.169785051882727966e-01,2.763364159886431137e-01,1.538232373684456644e-01
1.344962235978193477e-01,9.187547255516202993e-01,1.649625730221984665e-01,6.274679657676771605e-01,7.135511794606099745e-01,2.289575579211609591e-01,4.453469535139809587e-01,1.531789481964406230e-01
1.085134172518334161e-01,7.716645908473193094e-01,3.011163704969476718e-01,6.138831516727921711e-01,7.565320100880986720e-01,2.880332226663722683e-01,2.415001186702877278e-01,1.536771798608006223e-01
1.618701828395560649e-03,3.877868380537026205e-01,6.940108597724782280e-01,7.245805941326018962e-01,8.477709145153773385e-01,2.429505028734990635e-02,8.717277535305488767e-01,1.504625541278814815e-01
9.204801680096227900e-02,7.617730683116363810e-01,5.840829921808928793e-01,5.753835319321998210e-01,7.778289037138019779e-01,3.437061806019724997e-01,1.938040676735069967e-01,1.536095538738207755e-01
1.566307757175524618e-01,5.495402627696935882e-01,8.347879654283130169e-02,4.975331861136521594e-01,9.095242057171203376e-01,3.822603173643400742e-01,1.113749658839787160e-01,1.540705432348590809e-01
1.023656116427864304e-01,9.209646859599094348e-01,3.879497311909555490e-01,5.868795525301564453e-01,8.002225717017676931e-01,2.040131467897440820e-02,1.011822867563435535e-01,1.551194435589226817e-01
1.758856661216177675e-01,8.325726019064719763e-01,3.965785072720040549e-02,6.188397117800782388e-01,7.208605488117847404e-01,4.056393310820091691e-01,3.457497303193795002e-01,1.532474582951796338e-01
6.226821783066021493e-02,4.550051351079261175e-01,8.504523095816831635e-01,4.861259112091936840e-01,9.037762449418557109e-01,5.161246784488651151e-01,9.056258420773372064e-02,1.539224500581800048e-01
2.138344829896104415e-01,4.687735587650713187e-01,3.127245530519240369e-02,4.506592857277301745e-01,9.187989249532516611e-01,6.194589071757463650e-01,2.137416758882814127e-01,1.532502095160986066e-01
3.229171719673271101e-02,4.837032020193895998e-01,5.133999393616424101e-01,6.452130897278753885e-01,8.533684213955274878e-01,8.020690877060324131e-02,5.393030327916603639e-01,1.526302865312161028e-01
1.285395871840411264e-02,3.674694978689309055e-01,6.854035018355446596e-01,6.786883593567470951e-01,8.505100053000024252e-01,1.638076270254220090e-01,8.934357531578920320e-01,1.500325565557999452e-01
8.292001248379615719e-02,7.600926639982104049e-01,1.665652553505705402e-01,7.116628598776364445e-01,7.551317084044280037e-01,3.803503434415200779e-02,6.016418253322561860e-01,1.525964114112138559e-01
1.575643304584415372e-01,5.746136497301415069e-01,2.130530826814309164e-01,4.994214484494114425e-01,8.566551883051263250e-01,5.694656428605253673e-01,5.469839601978782051e-02,1.536995240811512842e-01
5.742608915548080839e-02,6.694311954755686189e-01,9.046175706806878214e-01,5.161523763140452026e-01,8.420897448395496809e-01,9.711745340665883797e-02,3.126291390534119419e-01,1.539205432975999099e-01
4.809981865801270240e-02,6.723889768990065630e-01,5.341439838482292535e-01,6.728996394938607795e-01,7.801676723856472151e-01,5.493814510845740351e-03,9.104818318194044524e-01,1.501071929892269785e-01
1.612374179707785071e-01,7.922668333090606696e-01,1.016590699339975923e-01,5.695220462703075581e-01,8.147654697159494308e-01,3.198063443714918019e-01,2.589271221295481595e-01,1.537181084437584389e-01
9.542793000164326300e-02,7.028297862551433628e-01,2.861254963504776816e-01,5.358049556463133634e-01,9.181466617433298172e-01,8.719107657405711365e-02,4.094747210685728556e-02,1.547064117556022078e-01
2.800348500159782067e-02,4.475243312615698743e-01,7.604361021925312158e-01,5.518134527136737688e-01,9.528398231150766451e-01,1.057321894033171339e-01,1.922025231711917415e-01,1.541802217758009852e-01
7.082153017838566100e-02,4.722503128317602217e-01,5.583098516491651342e-01,5.441037012460090416e-01,8.777911477196334022e-01,3.818659730269173269e-01,3.253146213074804560e-01,1.532887644398190086e-01
6.888648522860052470e-02,6.891019088748955301e-01,5.326292415828056681e-01,6.603776063170910815e-01,7.525381841596596733e-01,1.992425035321696847e-01,7.927631983639555902e-01,1.510110679749882556e-01
1.801181253876518729e-02,3.615076618113101659e-01,5.930197808905086632e-01,6.940017626434662468e-01,8.265904449450808267e-01,1.603852319092419210e-01,8.792563714240437811e-01,1.508281826471518372e-01
9.236243782110985234e-02,9.964284494684229054e-01,3.414500028386934227e-01,7.465211480599377447e-01,6.330400196517914635e-01,1.815924773864624475e-02,8.599452146124486607e-01,1.512769802079906301e-01
1.004723018952677766e-01,7.648208046186443232e-01,1.102160729249968552e-01,7.199620488312761246e-01,7.083780062360975904e-01,1.108664723448101463e-01,6.020252541311301719e-01,1.532175931256580803e-01
4.815364135340861884e-02,5.466978574820957615e-01,8.141488754828031249e-01,6.473028345569685760e-01,7.241244240673677668e-01,4.788387952577146112e-01,9.655223960050018928e-01,1.495450495657769663e-01
1.006917930032887182e-01,8.328090815436032246e-01,2.696032611973477877e-01,6.504563218756839182e-01,7.444755975304878648e-01,9.453149081268374943e-02,6.315996519471206438e-01,1.525005428264712137e-01
9.091572129964962945e-02,8.042023123780825955e-01,2.397321017026468604e-01,6.633209646148342520e-01,7.643245170438148772e-01,2.013982343042342027e-02,4.896715857746990475e-01,1.540213417759918324e-01
1.641271573845905218e-02,4.282848547040569165e-01,5.833580997374968602e-01,6.628930771874239625e-01,9.190848437964824758e-01,1.641438384032906095e-02,7.284724383090179778e-01,1.508914006275531849e-01
1.391368306852760195e-01,8.454171345866300369e-01,3.749853264106800532e-01,5.396337538126153577e-01,7.623326759668056507e-01,4.235097270108294509e-01,1.610427276829698995e-01,1.543214501949668749e-01
9.148021328630884241e-02,9.048632058236019127e-01,8.130127306238912333e-01,5.000163736902639711e-01,8.320935979703582008e-01,4.828864867270357686e-02,1.058594547142188702e-01,1.547473182134263825e-01
3.918005566508931531e-02,5.246894847010692420e-01,6.388626818349283365e-01,6.178812812043175118e-01,8.735057919326625342e-01,1.436124725069913566e-01,3.236345895781554960e-01,1.530594274671042698e-01
6.007308107807515091e-02,7.639226384047784757e-01,5.672926387906661594e-01,7.073332564586437554e-01,7.185725263236615312e-01,5.658334286422478376e-02,8.764010314618774222e-01,1.506240326041823618e-01
1.023409855622398335e-01,7.748795186416060909e-01,4.280459571073384484e-01,6.489802307771965761e-01,6.791324251047305971e-01,3.574895246076368327e-01,7.176226280088251475e-01,1.515010139076332363e-01
6.704032322179487302e-02,6.782303520124505214e-01,9.148397373776776531e-01,4.352832917017975811e-01,9.293668878048272353e-01,9.558604107438056774e-02,2.077510883243891548e-01,1.538896366016132555e-01
2.025229810038078893e-02,4.821790085225999833e-01,8.808936607699822119e-01,6.185279390927688192e-01,8.257202497011710829e-01,1.214034547966406086e-01,7.763051639243545576e-01,1.513897828774223853e-01
1.714707763277388275e-01,7.348923784190118935e-01,1.748272210623210143e-01,5.454328951222484623e-01,7.868988332171877875e-01,5.088636059343992768e-01,3.184468329753476490e-01,1.535721477271686231e-01
6.081898413174707807e-02,7.441885659494285044e-01,6.448418292169880717e-01,6.025246385020548434e-01,7.748744842688520817e-01,2.888754072311908172e-02,9.734019864883953765e-01,1.501198246629157629e-01
1.480807754400726706e-01,5.530883077941158854e-01,3.020048027997634943e-02,5.407386897240742396e-01,9.410612517081262673e-01,2.626166232817863655e-01,9.714037233456329634e-02,1.544571358680334738e-01
8.420291359327879144e-02,7.652901213075701259e-01,4.505164565507048247e-01,6.050312952642422637e-01,7.875758023949531728e-01,1.508676984610968497e-01,2.984961553363929543e-01,1.539001652215038762e-01
1.389523119451172850e-01,6.850865243084837131e-01,2.322077515431908157e-01,5.771278512387968407e-01,7.849750732995871561e-01,4.202556412972836553e-01,3.246688673158749650e-01,1.536499067309704536e-01
8.693210629957427715e-02,6.786512934401554009e-01,2.280064697263688711e-01,7.126791832972255714e-01,7.394550430437696331e-01,1.720086823563486411e-01,7.569652008707263846e-01,1.515219999141608487e-01
5.850975792154305272e-02,6.753983284552398381e-01,7.675305461934566198e-01,5.875379009577816891e-01,8.253835868219994154e-01,9.886104844747170550e-02,4.438825888752822579e-01,1.529319577372751371e-01
2.133730822628521206e-03,2.843715527070139193e-01,7.181942099308260552e-01,6.381359890815592184e-01,9.066812589304505954e-01,1.279688380689870120e-01,8.066442785843975782e-01,1.510562886665378080e-01
1.517185952639672764e-01,4.027297120456797552e-01,1.514160839765095745e-01,4.816717336590728427e-01,9.488279862268740317e-01,4.941907464018988616e-01,1.829939596761442355e-01,1.536358108511372278e-01
4.565389995955625169e-02,6.149366343561672998e-01,7.048521422426069494e-01,6.160735817057052532e-01,7.985148223489277886e-01,1.011556501306864475e-01,6.997794615382800787e-01,1.514804165902267075e-01
1.259555738168760264e-01,7.295232623051118859e-01,3.376684767837195844e-01,5.199648719426299692e-01,8.436843386034905690e-01,3.270051220771920675e-01,1.901047447943501334e-01,1.539949539683944657e-01
8.514483160051698751e-02,3.525700021238142856e-01,7.531916866690833157e-01,4.675896588005524768e-01,8.923174007200624924e-01,8.516448336683792864e-01,1.772546010315809162e-01,1.534109262358143988e-01
1.568215497570169814e-01,8.946595746171319696e-01,2.551355216278832772e-01,5.697143517109637401e-01,7.246300629997497467e-01,3.974015937792372277e-01,2.674780734458898079e-01,1.540952835527799880e-01
7.202175774905658634e-02,6.708721527525980388e-01,9.633654992234790271e-01,4.408162330322559219e-01,8.864522144881493704e-01,1.318846185980788732e-01,3.164213302788143611e-01,1.543440755449846380e-01
1.057386281035448128e-02,3.718486040492587907e-01,9.334339764549547391e-01,5.284422664322101504e-01,9.661215109887819619e-01,8.533944265580289956e-02,2.967514587713415697e-01,1.537019490533743926e-01
9.264575139127310954e-02,9.078590143738669571e-01,4.303704721039784409e-01,6.084495618222284241e-01,7.935944044695951716e-01,3.109787519285306390e-02,1.151529943950038715e-01,1.549675432534100006e-01
3.801941311188583583e-02,4.424030465925239408e-01,6.887036599598601594e-01,5.481281376033998454e-01,9.299409158942336662e-01,1.462984023482817586e-01,2.311479278635877044e-01,1.538739665820293701e-01
1.227448031624894104e-01,5.238853396552821673e-01,4.097479990727204702e-01,5.205037601964574989e-01,8.545625032784494035e-01,6.176556118298175413e-01,2.379807441909395083e-01,1.533099532214373950e-01
4.857536145866687971e-02,5.755455641244842102e-01,2.929038458533735345e-01,7.737854227704655807e-01,7.201508020826855594e-01,8.623210398545227973e-02,9.866853296585196276e-01,1.498448619264835802e-01
4.066860902478496714e-02,4.782386284254221409e-01,5.563724482942591365e-01,5.649831050714041458e-01,9.386974008636306266e-01,1.242232742526004907e-01,1.583540378913632085e-01,1.541149336289744376e-01
4.852921075187471150e-02,6.067046518710743630e-01,9.738123503856056518e-01,5.167285966159552713e-01,8.434129858325796203e-01,7.208286866537488846e-02,8.895916684840859956e-01,1.508986249199249507e-01
7.015747020176188453e-02,6.572659874468447239e-01,2.798962575816458798e-01,6.407953053726906933e-01,7.966928372953659965e-01,3.740804286408522250e-02,6.282607896944097936e-01,1.526982439832062777e-01
8.853211570011962350e-02,8.039585364205533713e-01,1.585686132112335556e-01,7.617415352071302825e-01,6.823928685052125243e-01,6.356533196667984997e-02,9.272669278165184270e-01,1.505910087161878019e-01
1.676200396634022760e-01,7.578986758796404377e-01,1.009749296745566238e-01,6.424946655388742434e-01,7.426082066071292287e-01,4.890495405649175065e-01,2.752233459011355632e-01,1.531524624841887616e-01
5.154903874573552036e-02,6.755074419249526008e-01,7.373773433512038622e-01,6.638771953934118342e-01,7.507729344715209363e-01,1.939427657905255509e-01,8.386799239246307547e-01,1.504202407952434928e-01
1.012588677284232824e-01,2.662988827639761746e-01,6.453008698750759553e-01,4.344060115902028119e-01,9.526323477393713324e-01,9.077038886950605789e-01,9.214862248124522370e-02,1.535791100823536426e-01
1.844915817113778334e-01,1.894120803613887905e-01,1.119664587081048435e-02,4.498863920012454165e-01,9.655749060617191404e-01,6.016553761392943178e-01,1.924212919545039702e-01,1.534783437616295543e-01
4.367350946147212365e-02,3.124227794784018575e-01,7.066608293937883811e-01,5.309114958011902363e-01,9.137173835843938052e-01,4.377291844398930043e-01,3.628324644341724969e-01,1.530477326327440435e-01
4.160823251041498305e-02,5.951376898191708120e-01,8.517644827876464930e-01,5.364608061706643838e-01,9.315189394099837594e-01,7.816091245713252533e-03,9.559974717175678816e-03,1.550116549083892792e-01
7.205054766586893589e-02,6.299083385448944750e-01,8.312639433456485705e-01,5.300259086068914716e-01,8.051888977384920043e-01,4.208703265556909545e-01,4.283124179029956791e-01,1.527125228031480375e-01
1.204484527991542264e-01,4.187597243407125136e-01,3.755794773925841268e-01,4.829363234800503890e-01,9.226228256585117249e-01,6.430672636259544550e-01,2.352816900071497130e-03,1.539730234254882701e-01
1.474749270790930433e-01,4.541058745110965189e-01,1.295561054370372722e-01,4.869481644019065802e-01,8.957823627697643065e-01,4.451627903241230366e-01,1.697378983436345079e-01,1.539718148299345502e-01
8.631177507927535741e-02,8.475080295646633122e-01,6.641641180281299128e-01,5.961715302391387139e-01,7.031202522434903956e-01,1.629362871241769595e-01,9.086267212118788184e-01,1.509536427395200830e-01
1.236987551800888818e-01,5.708465592740853412e-01,1.095674535254661519e-01,5.799756415561208023e-01,8.933008038698020403e-01,2.368771822545665540e-01,3.016233355216925149e-01,1.538271490230743999e-01
1.961526514270338084e-01,8.539211187591573271e-01,1.900741517407885106e-01,5.396466457279420759e-01,7.807591462474768873e-01,5.945749362132775051e-01,1.698058825541445271e-01,1.539245028728789821e-01
3.182182823563016461e-02,5.000590155784755408e-01,7.943954278024909499e-01,6.146420233303752090e-01,8.221807826233291649e-01,1.548489976201206098e-01,6.341876919825517600e-01,1.522640762427379946e-01
4.533484428170220931e-02,5.992482006330215327e-01,8.073038949398139152e-01,5.198642030805271652e-01,9.208553154895360304e-01,5.696417116580732021e-02,3.703289041380107838e-01,1.528022455826882897e-01
3.393596959332388641e-02,4.184084944821460095e-01,4.404137676649154676e-01,6.156185509155620572e-01,9.395648281278490277e-01,1.614475006801241452e-02,5.219635644600929547e-01,1.531166698517236746e-01
1.167636518541370905e-01,9.568205059366552412e-01,2.113670118170615231e-01,7.111680913010283156e-01,6.363803815785029627e-01,1.276308102605254458e-01,8.278341479909763212e-01,1.517966903687339997e-01
5.782197270053190952e-02,6.985549621395139575e-01,7.988217471227212485e-01,5.865747836566663764e-01,8.406075913314876580e-01,1.061000072794707760e-01,3.367781124545843330e-01,1.533460360602784678e-01
5.778541412918115905e-02,7.188441403210072966e-01,6.182235212347154674e-01,6.078433627126033079e-01,7.861022620624130708e-01,1.847383637668631451e-02,7.621797160421412975e-01,1.512148910488115838e-01
4.145527791638553561e-02,6.076289042344543700e-01,5.388301781460410611e-01,7.003379972557823852e-01,7.584502714795823275e-01,4.943888477349223098e-03,9.224107703137041092e-01,1.511411472243814891e-01
3.346146938492502998e-02,4.074025680497483926e-01,7.519235889596656008e-01,5.235809443902424976e-01,9.585937164454227943e-01,1.988226722435518512e-01,3.856349528502078794e-02,1.546187604454311026e-01
1.242352072575835104e-01,5.542894147883066225e-01,3.818886667158795656e-01,5.331849916812534396e-01,8.335650364507838361e-01,5.429388987921626164e-01,1.883907844057914893e-01,1.539880332235984139e-01
1.774392579942320192e-02,4.004051038116018812e-01,7.270671691628356470e-01,6.325468653504706662e-01,8.876316795962974071e-01,1.726549345581655792e-01,4.079518995012623162e-01,1.528468963810799275e-01
1.225597956810096645e-01,6.237000827711786100e-01,2.248723608039389366e-01,5.758480813677336885e-01,8.139417388941412312e-01,3.477343058011063137e-01,2.982890474301191364e-01,1.536613614538403505e-01
1.963381052193572118e-01,6.105563448993571729e-01,8.235816492838493597e-02,5.073472502581630739e-01,8.245572833019709780e-01,5.835864306913443045e-01,2.929676814585674416e-01,1.534813913748683256e-01
1.758370893584948469e-01,6.900112085185966526e-01,3.463900361013864670e-01,4.896496492731181593e-01,8.151459995645948808e-01,7.635197422477792983e-01,3.023700026089315429e-02,1.541630283073409935e-01
4.258880810951271023e-02,5.975911654953833807e-01,6.327612737248787811e-01,6.334271279015036837e-01,8.500085311685323664e-01,5.398176387069014703e-02,5.403142418621331711e-01,1.523071569858357455e-01
1.534991426976382856e-01,9.207255346963267861e-01,1.461926002942952607e-01,6.242896537502898857e-01,6.718867518542677164e-01,3.178330603522663278e-01,6.022369858130864895e-01,1.526963179852162400e-01
3.903447857403541388e-03,3.212194555668095863e-01,8.531901516429658550e-01,6.150192500696098907e-01,9.315518923482537517e-01,1.319022239357049986e-01,7.001518607599133137e-01,1.510959199477846793e-01
1.324482695493024442e-01,9.580472598259900385e-01,1.804984193716307472e-01,6.970844684031974881e-01,6.744975956550031126e-01,2.509275098698743323e-01,3.996478118880979480e-01,1.533319919482726834e-01
1.472761121001288642e-01,5.586430266702732128e-01,8.433181103515863253e-02,5.240646389385408277e-01,8.759398263467784718e-01,3.516133343484337259e-01,2.289430721858509987e-01,1.538885038718587894e-01
8.658088670110274110e-02,5.265954198622369020e-01,1.467603156769642370e-01,6.846482792561571218e-01,7.885840540967841150e-01,1.882348226940642466e-01,8.279068426371694045e-01,1.509360179334786334e-01
1.658691454011945454e-01,8.298883962546497184e-01,3.172134567214636713e-01,5.356026239052489313e-01,7.469510761941410282e-01,5.546435813426904282e-01,2.669590486394580742e-01,1.538088556036443788e-01
3.647448202158093400e-03,1.856397922375736531e-01,6.596580773740010617e-01,6.171081211499718222e-01,9.829454580365359906e-01,2.303312146397267224e-01,6.419343977599558659e-01,1.514213662911604585e-01
5.066933200197159398e-02,5.439299733755227351e-01,9.023914155112060520e-01,5.245868470229093639e-01,8.445942846203885468e-01,3.225923647614947209e-01,3.897619404277212207e-01,1.531025010646174245e-01
3.924743961089433714e-02,4.546867956851706749e-01,8.527526951237160979e-01,5.399968556811329812e-01,8.741175904269629093e-01,2.511113565554068394e-01,5.393591965162313207e-01,1.524701553198516413e-01
4.203474781647897895e-02,5.956200339345828487e-01,7.913757155335943150e-01,5.499072301933278784e-01,9.082060047990091478e-01,8.331210019260987254e-02,2.176084790271278213e-01,1.537373891795737746e-01
3.727335513303586118e-02,5.299227544188014338e-01,8.638163615183276356e-01,5.719022955829358157e-01,8.573328308648251461e-01,2.108601127277624498e-01,4.942943517162129430e-01,1.522000970777757922e-01
3.599192400424430782e-03,3.270608830802788636e-01,6.856965600822413354e-01,6.461967581863723442e-01,9.172377950681054326e-01,5.279064846657527399e-02,9.854622779853090542e-01,1.495831387948297897e-01
3.699622279201471992e-02,5.525632985167447941e-01,5.877454138707540743e-01,7.219056738446315569e-01,7.521760175095570933e-01,1.321457639062167955e-01,8.641556159553260841e-01,1.509317197757933937e-01
6.241973960739179844e-02,7.365510540483478641e-01,8.825564314323719461e-01,5.202814959754034074e-01,8.869333302995985324e-01,5.608995082781670360e-02,1.284646812261248106e-01,1.539929701661593431e-01
7.902301948021277223e-02,5.838437891777771283e-01,3.022150041644792173e-01,6.951176005831979365e-01,7.108846437478109070e-01,3.201675972275106474e-01,8.799831110271920664e-01,1.501844233829047748e-01
3.749511881513936662e-02,4.280586602017045217e-01,8.196233189730383062e-01,4.754967200770895963e-01,9.963531647279391112e-01,1.530612275708948811e-01,5.043944316850101917e-02,1.544283849878241854e-01
1.807705574221209199e-02,3.979627203154254556e-01,9.295304718441571579e-01,5.297248089209978250e-01,9.783565269654403984e-01,7.606740412564003129e-02,1.703134871271605455e-01,1.545204834605678201e-01
1.281156555078855619e-01,6.739421257981041968e-01,1.043587100820655977e-01,5.661077936943480493e-01,8.595720178221090135e-01,2.200989589391013912e-01,1.537631650591320120e-01,1.546237415865483189e-01
1.190680083260358402e-01,7.029225536675827168e-01,2.611728357809578460e-01,6.398351305388849664e-01,7.384050491255185200e-01,3.769392803434346573e-01,4.057151955888968486e-01,1.532050562429714546e-01
4.459868566675524726e-02,6.130628220267970718e-01,8.731385468372473424e-01,6.240890943069480334e-01,7.828885058727554913e-01,1.929272095430199230e-01,9.678246471029876563e-01,1.498895657215658650e-01
6.880992053748695436e-02,7.168710443854889869e-01,8.729477724344599787e-01,4.465385896995942017e-01,8.968114454657925005e-01,2.620493289450276375e-02,3.038237608418363767e-01,1.538013347155446631e-01
2.221403464689501728e-02,3.963314014424808018e-01,8.234807137853379366e-01,5.397865200865936686e-01,9.807649160547105005e-01,9.757053395572176657e-02,1.917550408597514799e-01,1.538192820290613105e-01
8.435198054591970529e-02,6.276785359637089279e-01,3.861228998649449129e-01,6.687520853088547712e-01,7.105807940212924834e-01,3.433720410263326750e-01,7.989429287042881800e-01,1.508653695984696619e-01
9.019327241374347492e-02,8.442204515518614283e-01,3.470188720720818187e-01,7.060796536584084127e-01,6.973703322858402220e-01,1.519265289957233422e-01,5.837299632693632168e-01,1.524840816803471610e-01
9.758142969158004054e-02,4.821326445294217278e-01,2.830025549154642217e-01,5.468200496869511928e-01,8.760774303317823142e-01,2.939133769797795392e-01,3.507825581243713686e-01,1.537903732917725030e-01
1.606882255017297867e-01,6.958025269332408502e-01,4.064488135555727188e-02,5.795826933459006236e-01,8.143070960709654083e-01,3.678891101491054139e-01,2.128382170242847093e-01,1.538358209920371866e-01
2.368313650420339478e-02,3.958114281423525949e-01,8.245937859873648801e-01,5.455936045820163338e-01,9.425229653855085044e-01,2.060785392019011397e-01,3.971512982038514772e-01,1.529136057774414803e-01
6.439067822517607897e-02,5.555791768497687633e-01,7.066354127403737806e-01,5.078999794810629131e-01,8.753833776078060458e-01,3.174727645406625332e-01,1.459481334492719329e-01,1.541097120172125190e-01
1.661291231632516796e-02,3.062112667067941052e-01,8.066760174728275778e-01,6.284220506519893057e-01,8.669217246116635023e-01,3.484628096884863080e-01,6.955678624291514733e-01,1.511429821504075011e-01
4.721642574591675828e-02,6.710310511726322868e-01,5.404271220638661166e-01,7.354602652759536507e-01,7.201523941370726600e-01,1.159474451345689494e-01,9.842406975051560813e-01,1.497903057053273368e-01
3.756552441997390579e-02,6.315513714096570030e-01,6.597241550506501850e-01,7.154207438812890674e-01,7.492551548740845613e-01,3.822914912756908423e-02,8.751857068633469572e-01,1.506999360867282423e-01
1.816669589078359348e-01,3.440985494727325511e-01,2.817662642477508639e-02,4.393079897196321415e-01,9.951933210310744959e-01,4.993287492572286435e-01,2.453898598756248939e-02,1.541459340462244532e-01
4.983156857814292906e-02,5.448248163413458300e-01,7.405651404178210662e-01,6.019503495414915140e-01,7.781645059252594310e-01,2.384170193125126069e-01,8.334823566144082818e-01,1.511107741520242576e-01
2.205174881666275843e-01,7.493067786426554910e-01,8.649970874556545120e-03,5.424591968440386491e-01,7.991303709514077092e-01,5.896254583230637891e-01,8.997114524628335719e-02,1.538122740769456986e-01
3.391809420458090363e-02,3.816528976073690904e-01,7.610466737579451024e-01,5.189813119434781852e-01,9.806798325136537597e-01,2.054081448251390829e-01,2.467836404048825705e-01,1.536437435344241986e-01
1.594057548483130415e-01,7.374062392796839616e-01,3.239241785190414835e-01,5.145241181221750226e-01,8.142782708595696084e-01,5.853403230931207846e-01,4.892051909809680410e-03,1.542650370085354716e-01
1.721430402328725795e-01,6.148363299119571357e-01,9.058344015220687329e-02,5.246018526296998274e-01,8.441283684598619441e-01,4.733124521337450652e-01,1.476295575254717440e-01,1.537704310392813967e-01
1.909309695574931132e-01,8.388058891606102740e-01,1.360505019198174903e-01,5.491554262828028943e-01,7.643233448546868924e-01,5.311329106612853179e-01,2.651547937622569240e-01,1.535443214705246029e-01
4.681345491618398719e-02,5.928460037827337770e-01,7.032549894508384192e-01,6.626360398778344818e-01,7.302236706848141967e-01,3.203755986858770610e-01,9.064333385926679476e-01,1.499125963277582185e-01
6.374383859707746791e-02,7.613113854865842800e-01,4.769573432756603060e-01,7.032115310753841442e-01,6.824721353792176926e-01,6.660565462071810217e-02,9.500995779008967190e-01,1.508812164214259899e-01
2.209756239318745596e-02,3.953633494110552760e-01,9.330301949388347671e-01,5.159249759291297810e-01,9.669666175986995071e-01,1.762642451004831912e-01,3.062708272087821815e-01,1.533766399998695573e-01
1.605752369424874315e-01,9.880078978217918806e-01,2.260235154794185408e-01,5.812689256782793690e-01,7.555811593113640479e-01,3.090060496314122052e-01,1.266893918879652969e-01,1.544572836763653256e-01
1.172275571396404481e-01,6.766495126019592687e-01,3.218523614727757942e-01,5.481972549149518592e-01,8.038661148262414846e-01,3.751144164854226526e-01,5.960762415394815772e-02,1.546453240806167639e-01
2.052614869433226630e-02,3.626765873111555960e-01,7.247799475929423973e-01,6.573323933001625763e-01,8.580455811394480659e-01,1.867101401044702347e-01,9.268603010154672361e-01,1.500205431998008765e-01
5.587587525806267386e-02,5.461824709994056448e-01,4.639424934081513574e-01,5.581323803356551538e-01,9.320347337089812667e-01,5.018838927385887994e-02,1.306378957753415726e-01,1.546720731897530954e-01
1.135118711688502119e-01,5.871468234061842928e-01,1.484902644706534991e-01,5.867638811178251812e-01,8.738387002811206505e-01,2.245203319211478421e-01,3.425913142995766769e-01,1.533184183806893808e-01
4.363369583957688036e-02,4.871325114579195814e-01,5.885086433640939196e-01,5.558320384092239053e-01,9.048695423451297293e-01,1.083754981758182079e-01,4.894158000111784590e-01,1.527801837826978093e-01
1.342248384129330341e-01,6.356380673935831949e-01,1.709070502168583139e-01,5.652386205268038477e-01,8.422417368736833110e-01,3.248353400786737621e-01,3.052288026213189065e-01,1.539412325359817979e-01
7.841283563160701686e-02,7.616654405111966675e-01,5.950982071275073837e-01,5.695762412541252040e-01,8.534362337565747358e-01,1.734686127205166128e-01,1.960953052797215213e-02,1.541262854754779366e-01
3.157591114633263862e-02,4.811328521607093345e-01,8.292445105768104785e-01,5.633609423676334549e-01,8.849130332378251085e-01,4.508742889945238641e-02,7.621719083602989109e-01,1.518379081593592972e-01
8.164110887644401848e-02,8.302256408301285084e-01,8.044480140808685231e-01,5.206080174941467575e-01,8.542582212278737597e-01,6.755521514980489250e-03,8.552315493701534432e-02,1.550462180488198505e-01
2.378025991860868715e-02,4.844378744489720168e-01,8.866054440727767494e-01,5.510720279153424883e-01,8.967580704555148108e-01,1.219439343612888915e-01,5.352116621786828787e-01,1.521635720333525954e-01
4.526235089826696756e-02,6.031152012812185381e-01,5.878708777720128564e-01,6.218095302266359869e-01,7.967326211697738358e-01,1.600705265043178560e-02,9.636141566631422073e-01,1.506388113604935075e-01
4.084916380195404567e-02,4.004623456967848494e-01,6.052622343015141571e-01,5.468552206373571423e-01,9.224574254502723170e-01,2.364916240836830996e-01,3.325531541708823813e-01,1.533922284514720458e-01
1.120460776528960090e-01,5.193950732981291729e-01,2.298321638677107426e-01,5.521357377192515070e-01,8.518123669237922524e-01,3.566835406671520214e-01,2.742181916497077321e-01,1.539121879765941725e-01
1.149763762593279531e-01,4.893905564453384094e-01,3.937073303169533744e-01,4.975351065489094227e-01,8.709047698847600660e-01,5.654956032980320568e-01,7.323000544460156469e-02,1.538179042060272006e-01
1.508965904454453444e-01,8.235198414686649704e-01,2.024592449734363697e-01,5.561544441935335481e-01,7.685925770017129066e-01,3.346063643411205657e-01,3.536945853511573867e-01,1.538471322630147187e-01
1.361097371506688192e-01,4.770576870945510972e-01,1.010961835117146768e-02,6.398724563288464839e-01,8.225103618796765215e-01,3.666086081616173331e-01,3.640870890001077220e-01,1.529859660338430405e-01
1.470043029866300310e-01,6.550198011181199709e-01,4.352152253581670349e-02,5.956468997867119253e-01,8.136431793279609304e-01,2.982533889477126388e-01,4.124095706820702922e-01,1.532339222590974326e-01
6.435279058487344828e-02,7.883768027517059629e-01,7.608291933660262796e-01,5.969741236283123698e-01,7.956957172184009330e-01,9.611852742143989214e-02,3.057853310818906545e-01,1.535099667984877736e-01
1.389662211269726277e-01,6.836214883468598735e-01,3.065355181473483070e-01,4.937752668050277016e-01,8.476218828584362042e-01,4.199349890602260826e-01,6.664863100502693705e-02,1.545990551473518659e-01
2.049653273676707022e-01,5.557899709037832370e-01,3.364353619171805976e-02,4.996024850849007937e-01,8.838745276687782759e-01,5.963959032306098695e-01,7.397044252556761457e-02,1.537371601850144320e-01
3.565138096034768667e-02,4.959112402306748435e-01,6.049784444681732820e-01,5.803292669376164392e-01,9.407493655222416429e-01,7.311716255345948601e-02,2.737701590048454703e-01,1.534311052662819252e-01
7.934850455490154164e-02,5.563244332879979659e-01,3.060876421401274028e-01,6.408344667010995588e-01,8.128744038454072118e-01,2.038055110655762059e-01,5.490511487236359178e-01,1.529305692040324460e-01
8.514328924275003929e-02,7.392802169553466252e-01,3.424785809278699800e-01,6.238971132513037032e-01,8.105676693994101623e-01,1.272397752519564273e-01,3.674343864010891636e-01,1.532962852091454831e-01
9.094511164219618027e-02,9.420760976400149866e-01,2.412380889206100498e-01,7.413521482011957708e-01,6.707470461063580469e-01,6.449993103937901040e-03,6.709794181460612128e-01,1.525051003950797790e-01
1.493371335478467510e-01,8.593144562633422412e-01,1.041716441080061117e-01,6.408307143016038765e-01,7.651149753167748591e-01,2.630737986342699952e-01,3.175718921091543745e-01,1.537297483525567610e-01
1.033162314922938807e-01,5.257525045111020034e-01,4.058505720923714644e-01,5.449551381574466724e-01,8.358044886872296741e-01,4.438628342772585889e-01,4.362968460776711632e-01,1.528765763533400934e-01
8.038541319727854351e-02,4.566546468933985192e-01,6.372867427481924141e-01,5.184072891951547746e-01,8.482264503557880309e-01,5.932830438255424221e-01,1.533848224705507968e-01,1.540148774120978781e-01
1.503198037285818633e-01,9.418701166933812763e-01,1.765717567555563638e-01,6.432199978742003665e-01,6.623840102589251266e-01,3.045045311244978792e-01,6.303294288527133693e-01,1.525810982773492808e-01
1.580996479729299686e-01,7.049011391885467992e-01,6.405275356009065835e-02,5.638916065465042760e-01,8.245498209573803861e-01,2.854646207621400200e-01,2.877823464058621439e-01,1.540084113600875548e-01
3.264448972206040328e-02,4.698374414835708723e-01,6.309108526876395784e-01,7.008560034351862811e-01,7.618741836527876954e-01,2.195427890091380396e-01,9.462917792947754814e-01,1.502631205685034388e-01
3.008091549387574559e-02,3.980836981483373282e-01,4.579032245221992259e-01,7.195879135696711115e-01,8.231463011409870800e-01,1.769671773183103813e-01,9.218194543437863153e-01,1.498948527508588424e-01
8.698141596500058581e-02,8.375989810264170554e-01,6.410038763274772400e-01,6.287117498783820757e-01,6.869763354133259226e-01,2.566582579585241497e-01,9.345957940436909750e-01,1.502828000976956790e-01
3.937768581032150689e-02,3.844825602245973695e-01,9.185627008571897179e-01,4.794257443183701506e-01,9.430002381928570543e-01,4.107959640920136879e-01,1.781277709731099446e-01,1.537922986444412721e-01
7.627502957956577845e-02,7.461570702387634313e-01,8.231297249980582542e-01,4.656678286345913298e-01,8.857794719381996140e-01,5.912196577200706793e-02,2.109690252218260897e-01,1.540646022694252548e-01
1.024982160101260142e-01,9.239952018398396305e-01,2.673585684077097180e-01,7.164308861130936901e-01,6.580570528169970013e-01,9.929846600045907912e-02,8.165976782007318135e-01,1.516558769426859243e-01
5.728018862861131155e-02,6.805645345430143545e-01,7.536687141448361604e-01,5.508958822873452066e-01,8.357562960721460765e-01,4.004107035823686878e-02,5.397709687280816127e-01,1.530488498478436987e-01
1.092702848743199728e-01,6.226948654118302784e-01,3.165342136542018681e-01,5.388087020119233239e-01,8.646073850301432273e-01,3.317898456993957912e-01,1.301405890059161852e-01,1.539247351405947928e-01
5.439701627163210512e-02,4.010156699774093392e-01,8.259964511553072875e-01,4.968834189043320193e-01,8.980465542153039937e-01,5.638100210309677784e-01,1.996179934807014167e-01,1.532139209792534595e-01
5.672559880647471547e-02,6.359353899468956905e-01,5.661653343722399256e-01,6.373086950458886069e-01,7.869756275820046776e-01,1.086792152879476614e-01,9.082074289505879250e-01,1.503161739491701843e-01
5.456422409084330655e-02,6.896869361898917417e-01,7.787770466618524345e-01,5.321314974469987247e-01,8.637817534098615191e-01,6.842469993491590019e-02,1.204486298268320210e-01,1.542826169588082108e-01
6.309635978888016028e-02,7.996958008089943837e-01,6.022231557938966251e-01,6.734650345216024458e-01,7.285439357129005478e-01,7.675723090788047487e-02,5.771266968463741875e-01,1.521503549695581159e-01
6.211188592531787650e-02,6.576675243410970984e-01,7.569708207455241311e-01,5.142951098699514167e-01,8.997404303348255361e-01,1.212770144663259941e-01,4.494429073277761422e-02,1.543930993848472155e-01
1.251044428843857415e-01,5.751640159635755811e-01,5.919410468743213638e-01,5.987886985153372255e-01,7.144583692566734978e-01,9.801633536955459691e-01,9.600210314331754091e-01,1.492794588760915919e-01
5.687333514673072188e-02,5.578234929587370106e-01,3.075726293263558730e-01,7.216601764564838373e-01,7.646856477436538846e-01,1.425315274413314071e-01,8.335190828805545404e-01,1.509940492955193503e-01
2.590271922434259771e-02,4.341244997754979407e-01,6.582693972773741020e-01,5.982695756020516287e-01,9.625824576653728704e-01,9.664759347357823605e-02,3.704248877629882086e-01,1.528787363209458960e-01
3.361433169510157082e-02,5.158471663741215352e-01,8.665081962091911727e-01,5.408958494580420329e-01,8.736804634837479488e-01,1.379736369946885088e-01,4.744210349988240427e-01,1.529727911652402350e-01
2.168765024047294987e-02,3.926819044055848140e-01,9.701334015570968194e-01,5.283120461769524878e-01,9.288653628641432292e-01,1.916871008319417924e-01,7.068931203969079924e-01,1.513587322200276863e-01
8.959490633243152868e-02,8.143021356946965605e-01,3.061130040696991017e-01,7.197929075950997291e-01,6.424918796223832995e-01,1.648301107658114162e-01,9.121491031454831422e-01,1.506816082267467827e-01
1.565173791371193834e-01,4.850746368410134846e-01,1.284077860023393747e-01,5.800056915215626718e-01,8.187228417662065771e-01,5.866089523977628950e-01,2.045773102740691962e-01,1.535154209894876720e-01
4.621757944654069500e-02,5.722335221693899410e-01,6.001019949844343948e-01,6.434434621372323582e-01,8.372151256932364172e-01,7.381802438027224023e-02,6.899768741923927307e-01,1.515459339532396199e-01
1.647950071918478643e-01,4.912178060609965202e-01,5.127415476770735836e-02,5.806469192577193850e-01,8.424028385426802767e-01,5.138590808850013181e-01,1.606172899191073977e-01,1.533806859939749467e-01
8.717093169741245429e-02,4.098591311834482442e-01,4.357481646757544458e-01,4.761376965795248162e-01,9.882075857478886949e-01,3.872151937501853713e-01,3.145274991168361955e-02,1.542725771111565780e-01
2.069523173992058318e-01,6.016089605494746584e-01,1.129324419050949935e-01,4.672917483005632477e-01,8.835620001903294884e-01,6.562294454124681931e-01,1.429685941986439945e-01,1.535218484227640623e-01
1.798563152041594004e-01,6.339153374144588238e-01,1.709748913537469384e-01,4.812661810909092397e-01,8.630571090917924515e-01,5.808070989350919699e-01,1.249834721368678347e-01,1.538292138698990619e-01
3.674314736369588275e-03,3.299917580661925753e-01,8.208478603949966868e-01,6.003652301950297421e-01,9.438774390747848297e-01,1.515057642959268813e-01,5.200274326802628577e-01,1.520522958060947227e-01
9.257984456151623076e-02,6.077021283142837182e-01,5.568985626242607401e-01,5.398201647226194000e-01,8.543310934153506286e-01,4.529794393743438174e-01,1.119260623529964027e-01,1.539013858301785387e-01
4.899563067055059257e-02,5.578553232961775965e-01,9.647804559455654960e-01,4.475704248212233338e-01,9.873557336481977309e-01,5.170353014022738281e-02,9.706102653509268707e-02,1.547483656135421326e-01
3.328807722897045296e-02,5.594379925874681803e-01,7.205778018875822477e-01,5.941370576314652929e-01,8.494650374812260374e-01,2.660429824699739321e-02,5.120928639628041790e-01,1.526146339995909929e-01
7.773964307440485444e-02,7.416182702906047863e-01,4.688236869446081867e-01,5.744575393076384318e-01,8.639198453433298841e-01,4.108925284011016865e-02,3.339582772741734873e-01,1.535433741011367204e-01
4.727735855379647939e-02,6.302214802481794775e-01,4.965014737450654803e-01,7.342299849995482797e-01,7.159632496407565272e-01,7.439464657808950165e-02,9.990706059529872451e-01,1.503374996544979691e-01
7.428233009870963133e-02,5.288944468116153486e-01,6.642099661722506987e-01,5.903674291002415364e-01,7.882787141253797536e-01,5.217740646333638432e-01,6.949973168401712975e-01,1.512038238636432830e-01
1.361502370536206707e-01,5.552654186762446820e-01,3.958528673962767308e-01,4.767710751378790857e-01,8.843719403437690918e-01,5.923596668054909031e-01,4.986182678861744710e-02,1.541489933992632733e-01
8.236770047273095363e-02,4.928712512748036345e-01,6.536116037044331639e-01,4.859338854989918577e-01,9.092214761926276090e-01,4.887575913795113580e-01,9.016911824920648133e-02,1.539816416286504674e-01
2.990738507591890472e-02,4.353944952982903849e-01,9.671472733413886136e-01,4.687290090287838384e-01,9.816586090201214754e-01,6.707192981320747593e-02,3.669967159914667709e-01,1.535847007222439220e-01
5.313324571016194570e-02,5.842088346232504614e-01,9.988884756729161651e-01,4.692285242008431556e-01,9.224479651271119129e-01,6.215050537593291846e-02,3.049247299826449153e-01,1.541005130024208358e-01
4.078540500338048019e-02,4.467096429309446171e-01,3.145594041646265770e-01,6.849507574550514066e-01,8.693873313676065973e-01,4.936046309078095939e-02,7.791477609695782736e-01,1.515540942219684439e-01
4.793861425804871873e-02,5.254153474911582578e-01,5.654807041631155773e-01,5.490274921848132816e-01,9.312613752262188793e-01,1.241454476332943813e-01,6.802242524482404740e-02,1.542173153596405055e-01
1.882773027278033806e-01,8.203410032415133779e-01,5.960977630602387611e-02,5.700952396773576458e-01,7.621473936007215899e-01,4.947271780060833457e-01,1.395682019007201680e-01,1.535491833265814343e-01
8.796623512570900250e-02,7.638400479056687287e-01,3.526244437250506403e-01,6.077198634441420833e-01,8.220389681662224612e-01,7.503585050800909428e-02,2.413561304671018870e-01,1.544226499015541321e-01
5.483078330282906143e-02,6.252359169113627102e-01,8.656996483040115820e-01,5.621078280118571024e-01,7.848124525698788601e-01,1.525845185755481115e-01,9.737100467481172306e-01,1.507364886450472674e-01
8.343394946308799187e-02,9.122673655306475782e-01,6.698964076053540717e-01,6.056358409640288931e-01,7.510205882050189352e-01,1.809561314851282354e-02,4.845759660791539858e-01,1.530725726076696269e-01
2.040958800186119804e-02,3.318619989299653184e-01,4.710227156967131679e-01,6.634752620173328674e-01,8.982938978099550553e-01,9.719452456493626880e-02,8.260820415232684732e-01,1.506287763137107438e-01
6.908821177171746430e-02,7.651373241579049189e-01,7.605898386246646714e-01,6.055481239666419269e-01,7.661662498388979170e-01,1.097503953253688158e-01,7.310799755244727915e-01,1.517626723380169629e-01
1.301929714818181039e-01,6.119775214004347097e-01,6.681798596575833082e-02,6.109759900995481718e-01,8.446302874032542984e-01,2.600102991643645223e-01,3.086425677111492849e-01,1.535115671824491823e-01
1.267240046350217864e-01,8.532276085223595707e-01,1.813909610735635058e-01,6.342348521850146303e-01,7.676146645261994195e-01,1.966945258012421094e-01,1.650998120648685119e-01,1.545283990294125942e-01
1.034066245849304816e-01,7.460076355983227270e-01,3.302455164308389923e-01,5.220061370891301289e-01,9.220981324427287573e-01,1.076590996468701489e-01,1.235685904982780636e-02,1.545752205750031139e-01
7.600209045266248520e-02,6.351733278788764814e-01,4.788390855902314169e-01,6.808683726860415009e-01,7.054475369831144649e-01,3.478569931787025560e-01,8.954101526199802485e-01,1.501423534659548364e-01
7.125602280853277071e-02,6.505069737095104943e-01,5.131913401535069807e-01,6.106452154679465893e-01,8.268363044166119336e-01,1.697703116584985406e-01,2.997394748712738921e-01,1.537853970454033103e-01
1.187684393486572870e-01,4.985088541041720056e-01,1.347291113433601861e-02,6.610450285254920733e-01,8.243138533533881374e-01,2.747983999429827739e-01,4.603248389816549380e-01,1.527586637223302679e-01
1.466585110801987279e-01,6.364877202149733515e-01,1.317692368264468672e-01,5.442744471525798877e-01,8.320319935117598265e-01,3.723350098635525574e-01,1.795117866881622004e-01,1.537763715790339547e-01
5.166158184461380060e-02,4.774408146280891829e-01,5.894964875084995892e-01,5.772669559083959401e-01,8.733596306417600319e-01,2.704150574454925460e-01,4.249406295816891554e-01,1.525444902460862118e-01
7.001794257445896619e-02,5.518766861463143547e-01,5.871469948104520720e-01,4.783030419091244267e-01,9.530410951719107127e-01,2.049564228378705777e-01,2.190794404015644625e-02,1.546140350762762739e-01
9.014309339032111623e-02,6.638631317150317512e-01,5.792886027561636730e-01,5.259633060294007789e-01,8.248834145708334731e-01,3.503648875178702049e-01,2.356403784387519351e-01,1.539024066670007795e-01
1.240935973288926075e-01,8.508966430404173442e-01,3.641675152495409407e-01,6.013970212623335199e-01,7.067996253102262205e-01,3.566441122577554412e-01,4.432072956396968522e-01,1.532025660171560111e-01
1.193704651813775330e-01,5.810786196211141785e-01,4.786214669054911219e-02,6.250226654580754992e-01,8.561811647056358776e-01,2.140641607130556734e-01,2.494464917100718271e-01,1.541514909359469887e-01
