22:30:43 [ultranest] [DEBUG] ReactiveNestedSampler: dims=8+0, resume=True, log_dir=/home/ljy/BettiCurveCosmo/Emulator/model-fof-rsdz/mcmc_result/nwLH-Recovery/12/combined, backend=hdf5, vectorized=False, nbootstraps=30, ndraw=128..65536
22:30:44 [ultranest] [INFO] Sampling 1600 live points from prior ...
22:32:47 [ultranest] [DEBUG] run_iter dlogz=0.5, dKL=0.5, frac_remain=0.10, Lepsilon=0.0010, min_ess=400
22:32:47 [ultranest] [DEBUG] max_iters=-1, max_ncalls=-1, max_num_improvement_loops=-1, min_num_live_points=1600, cluster_num_live_points=40
22:32:47 [ultranest] [DEBUG] minimal_widths_sequence: [(-inf, 1600.0), (inf, 1600.0)]
22:32:48 [ultranest] [DEBUG] iteration=0, ncalls=1601, regioncalls=40, ndraw=40, logz=-inf, remainder_fraction=100.0000%, Lmin=-56313.89, Lmax=-64.28
22:32:48 [ultranest] [DEBUG] iteration=2, ncalls=1603, regioncalls=120, ndraw=40, logz=-53524.91, remainder_fraction=100.0000%, Lmin=-45396.32, Lmax=-64.28
22:32:48 [ultranest] [DEBUG] iteration=4, ncalls=1605, regioncalls=200, ndraw=40, logz=-41037.77, remainder_fraction=100.0000%, Lmin=-33674.32, Lmax=-64.28
22:32:48 [ultranest] [DEBUG] iteration=5, ncalls=1606, regioncalls=240, ndraw=40, logz=-33681.70, remainder_fraction=100.0000%, Lmin=-32288.38, Lmax=-64.28
22:32:49 [ultranest] [DEBUG] iteration=6, ncalls=1607, regioncalls=280, ndraw=40, logz=-32295.76, remainder_fraction=100.0000%, Lmin=-31825.25, Lmax=-64.28
22:32:49 [ultranest] [DEBUG] iteration=7, ncalls=1608, regioncalls=320, ndraw=40, logz=-31832.63, remainder_fraction=100.0000%, Lmin=-30265.72, Lmax=-64.28
22:32:49 [ultranest] [DEBUG] iteration=8, ncalls=1609, regioncalls=360, ndraw=40, logz=-30273.10, remainder_fraction=100.0000%, Lmin=-29476.28, Lmax=-64.28
22:32:49 [ultranest] [DEBUG] iteration=9, ncalls=1610, regioncalls=400, ndraw=40, logz=-29483.67, remainder_fraction=100.0000%, Lmin=-29383.13, Lmax=-64.28
22:32:49 [ultranest] [DEBUG] iteration=10, ncalls=1611, regioncalls=440, ndraw=40, logz=-29390.51, remainder_fraction=100.0000%, Lmin=-29306.74, Lmax=-64.28
22:32:49 [ultranest] [DEBUG] iteration=11, ncalls=1612, regioncalls=480, ndraw=40, logz=-29314.13, remainder_fraction=100.0000%, Lmin=-27552.98, Lmax=-64.28
22:32:50 [ultranest] [DEBUG] iteration=13, ncalls=1614, regioncalls=560, ndraw=40, logz=-26905.83, remainder_fraction=100.0000%, Lmin=-26584.26, Lmax=-64.28
22:32:50 [ultranest] [DEBUG] iteration=14, ncalls=1615, regioncalls=600, ndraw=40, logz=-26591.65, remainder_fraction=100.0000%, Lmin=-25454.88, Lmax=-64.28
22:32:50 [ultranest] [DEBUG] iteration=15, ncalls=1616, regioncalls=640, ndraw=40, logz=-25462.27, remainder_fraction=100.0000%, Lmin=-25206.31, Lmax=-64.28
22:32:50 [ultranest] [DEBUG] iteration=17, ncalls=1618, regioncalls=720, ndraw=40, logz=-24708.05, remainder_fraction=100.0000%, Lmin=-24560.34, Lmax=-64.28
22:32:50 [ultranest] [DEBUG] iteration=18, ncalls=1619, regioncalls=760, ndraw=40, logz=-24567.73, remainder_fraction=100.0000%, Lmin=-24205.08, Lmax=-64.28
22:32:51 [ultranest] [DEBUG] iteration=19, ncalls=1620, regioncalls=800, ndraw=40, logz=-24212.47, remainder_fraction=100.0000%, Lmin=-23828.87, Lmax=-64.28
22:32:51 [ultranest] [DEBUG] iteration=21, ncalls=1622, regioncalls=880, ndraw=40, logz=-22636.23, remainder_fraction=100.0000%, Lmin=-22581.40, Lmax=-64.28
22:32:51 [ultranest] [DEBUG] iteration=22, ncalls=1623, regioncalls=920, ndraw=40, logz=-22588.79, remainder_fraction=100.0000%, Lmin=-21482.08, Lmax=-64.28
22:32:51 [ultranest] [DEBUG] iteration=23, ncalls=1624, regioncalls=960, ndraw=40, logz=-21489.47, remainder_fraction=100.0000%, Lmin=-21472.05, Lmax=-64.28
22:32:51 [ultranest] [DEBUG] iteration=25, ncalls=1626, regioncalls=1040, ndraw=40, logz=-20975.03, remainder_fraction=100.0000%, Lmin=-20538.80, Lmax=-64.28
22:32:51 [ultranest] [DEBUG] iteration=28, ncalls=1629, regioncalls=1160, ndraw=40, logz=-19868.19, remainder_fraction=100.0000%, Lmin=-19317.41, Lmax=-64.28
22:32:51 [ultranest] [DEBUG] iteration=30, ncalls=1631, regioncalls=1240, ndraw=40, logz=-17702.22, remainder_fraction=100.0000%, Lmin=-17660.88, Lmax=-64.28
22:32:51 [ultranest] [DEBUG] iteration=33, ncalls=1634, regioncalls=1360, ndraw=40, logz=-17143.11, remainder_fraction=100.0000%, Lmin=-17124.34, Lmax=-64.28
22:32:52 [ultranest] [DEBUG] iteration=35, ncalls=1636, regioncalls=1440, ndraw=40, logz=-16707.30, remainder_fraction=100.0000%, Lmin=-16394.01, Lmax=-64.28
22:32:52 [ultranest] [DEBUG] iteration=37, ncalls=1638, regioncalls=1520, ndraw=40, logz=-16326.85, remainder_fraction=100.0000%, Lmin=-15760.02, Lmax=-64.28
22:32:52 [ultranest] [DEBUG] iteration=39, ncalls=1640, regioncalls=1600, ndraw=40, logz=-15393.30, remainder_fraction=100.0000%, Lmin=-15087.96, Lmax=-64.28
22:32:52 [ultranest] [DEBUG] iteration=41, ncalls=1642, regioncalls=1680, ndraw=40, logz=-14453.57, remainder_fraction=100.0000%, Lmin=-13716.08, Lmax=-64.28
22:32:52 [ultranest] [DEBUG] iteration=45, ncalls=1646, regioncalls=1840, ndraw=40, logz=-12477.25, remainder_fraction=100.0000%, Lmin=-11692.46, Lmax=-64.28
22:32:52 [ultranest] [DEBUG] iteration=47, ncalls=1648, regioncalls=1920, ndraw=40, logz=-10883.67, remainder_fraction=100.0000%, Lmin=-10769.52, Lmax=-64.28
22:32:53 [ultranest] [DEBUG] iteration=49, ncalls=1651, regioncalls=2040, ndraw=40, logz=-10349.21, remainder_fraction=100.0000%, Lmin=-10121.27, Lmax=-64.28
22:32:53 [ultranest] [DEBUG] iteration=51, ncalls=1653, regioncalls=2120, ndraw=40, logz=-9930.39, remainder_fraction=100.0000%, Lmin=-9204.01, Lmax=-64.28
22:32:53 [ultranest] [DEBUG] iteration=53, ncalls=1655, regioncalls=2200, ndraw=40, logz=-9014.78, remainder_fraction=100.0000%, Lmin=-8782.45, Lmax=-64.28
22:32:53 [ultranest] [DEBUG] iteration=57, ncalls=1659, regioncalls=2360, ndraw=40, logz=-8395.52, remainder_fraction=100.0000%, Lmin=-8296.86, Lmax=-64.28
22:32:53 [ultranest] [DEBUG] iteration=58, ncalls=1660, regioncalls=2400, ndraw=40, logz=-8304.27, remainder_fraction=100.0000%, Lmin=-8278.17, Lmax=-64.28
22:32:53 [ultranest] [DEBUG] iteration=61, ncalls=1663, regioncalls=2520, ndraw=40, logz=-8052.79, remainder_fraction=100.0000%, Lmin=-7974.92, Lmax=-64.28
22:32:53 [ultranest] [DEBUG] iteration=63, ncalls=1665, regioncalls=2600, ndraw=40, logz=-7662.15, remainder_fraction=100.0000%, Lmin=-7648.34, Lmax=-64.28
22:32:53 [ultranest] [DEBUG] iteration=65, ncalls=1667, regioncalls=2680, ndraw=40, logz=-7487.86, remainder_fraction=100.0000%, Lmin=-7374.86, Lmax=-64.28
22:32:54 [ultranest] [DEBUG] iteration=67, ncalls=1669, regioncalls=2760, ndraw=40, logz=-7048.96, remainder_fraction=100.0000%, Lmin=-6976.83, Lmax=-64.28
22:32:54 [ultranest] [DEBUG] iteration=69, ncalls=1671, regioncalls=2840, ndraw=40, logz=-6952.27, remainder_fraction=100.0000%, Lmin=-6749.95, Lmax=-64.28
22:32:54 [ultranest] [DEBUG] iteration=72, ncalls=1674, regioncalls=2960, ndraw=40, logz=-6537.06, remainder_fraction=100.0000%, Lmin=-6409.29, Lmax=-64.28
22:32:54 [ultranest] [DEBUG] iteration=73, ncalls=1675, regioncalls=3000, ndraw=40, logz=-6416.71, remainder_fraction=100.0000%, Lmin=-6168.26, Lmax=-64.28
22:32:54 [ultranest] [DEBUG] iteration=74, ncalls=1677, regioncalls=3080, ndraw=40, logz=-6175.68, remainder_fraction=100.0000%, Lmin=-5931.61, Lmax=-64.28
22:32:54 [ultranest] [DEBUG] iteration=77, ncalls=1680, regioncalls=3200, ndraw=40, logz=-5824.87, remainder_fraction=100.0000%, Lmin=-5765.83, Lmax=-64.28
22:32:54 [ultranest] [DEBUG] iteration=80, ncalls=1683, regioncalls=3320, ndraw=40, logz=-5199.96, remainder_fraction=100.0000%, Lmin=-5060.41, Lmax=-64.28
22:32:55 [ultranest] [DEBUG] iteration=82, ncalls=1685, regioncalls=3400, ndraw=40, logz=-4978.78, remainder_fraction=100.0000%, Lmin=-4950.15, Lmax=-64.28
22:32:55 [ultranest] [DEBUG] iteration=85, ncalls=1688, regioncalls=3520, ndraw=40, logz=-4890.93, remainder_fraction=100.0000%, Lmin=-4876.09, Lmax=-64.28
22:32:55 [ultranest] [DEBUG] iteration=88, ncalls=1691, regioncalls=3640, ndraw=40, logz=-4684.22, remainder_fraction=100.0000%, Lmin=-4611.75, Lmax=-64.28
22:32:55 [ultranest] [DEBUG] iteration=91, ncalls=1694, regioncalls=3760, ndraw=40, logz=-4590.03, remainder_fraction=100.0000%, Lmin=-4571.59, Lmax=-64.28
22:32:55 [ultranest] [DEBUG] iteration=94, ncalls=1697, regioncalls=3880, ndraw=40, logz=-4523.59, remainder_fraction=100.0000%, Lmin=-4500.25, Lmax=-64.28
22:32:55 [ultranest] [DEBUG] iteration=96, ncalls=1699, regioncalls=3960, ndraw=40, logz=-4280.84, remainder_fraction=100.0000%, Lmin=-4191.72, Lmax=-64.28
22:32:55 [ultranest] [DEBUG] iteration=99, ncalls=1702, regioncalls=4080, ndraw=40, logz=-3904.01, remainder_fraction=100.0000%, Lmin=-3878.48, Lmax=-64.28
22:32:56 [ultranest] [DEBUG] iteration=102, ncalls=1705, regioncalls=4200, ndraw=40, logz=-3741.32, remainder_fraction=100.0000%, Lmin=-3714.49, Lmax=-64.28
22:32:56 [ultranest] [DEBUG] iteration=104, ncalls=1707, regioncalls=4280, ndraw=40, logz=-3676.17, remainder_fraction=100.0000%, Lmin=-3623.81, Lmax=-64.28
22:32:56 [ultranest] [DEBUG] iteration=106, ncalls=1710, regioncalls=4400, ndraw=40, logz=-3618.45, remainder_fraction=100.0000%, Lmin=-3590.01, Lmax=-64.28
22:32:56 [ultranest] [DEBUG] iteration=108, ncalls=1712, regioncalls=4480, ndraw=40, logz=-3416.19, remainder_fraction=100.0000%, Lmin=-3407.88, Lmax=-64.28
22:32:56 [ultranest] [DEBUG] iteration=109, ncalls=1713, regioncalls=4520, ndraw=40, logz=-3414.97, remainder_fraction=100.0000%, Lmin=-3403.57, Lmax=-64.28
22:32:56 [ultranest] [DEBUG] iteration=111, ncalls=1715, regioncalls=4600, ndraw=40, logz=-3373.55, remainder_fraction=100.0000%, Lmin=-3339.47, Lmax=-64.28
22:32:56 [ultranest] [DEBUG] iteration=112, ncalls=1716, regioncalls=4640, ndraw=40, logz=-3346.92, remainder_fraction=100.0000%, Lmin=-3242.46, Lmax=-64.28
22:32:56 [ultranest] [DEBUG] iteration=114, ncalls=1718, regioncalls=4720, ndraw=40, logz=-3248.81, remainder_fraction=100.0000%, Lmin=-3199.99, Lmax=-64.28
22:32:57 [ultranest] [DEBUG] iteration=116, ncalls=1720, regioncalls=4800, ndraw=40, logz=-3185.23, remainder_fraction=100.0000%, Lmin=-3164.04, Lmax=-64.28
22:32:57 [ultranest] [DEBUG] iteration=117, ncalls=1721, regioncalls=4840, ndraw=40, logz=-3171.49, remainder_fraction=100.0000%, Lmin=-3138.50, Lmax=-64.28
22:32:57 [ultranest] [DEBUG] iteration=118, ncalls=1722, regioncalls=4880, ndraw=40, logz=-3145.95, remainder_fraction=100.0000%, Lmin=-3118.58, Lmax=-64.28
22:32:57 [ultranest] [DEBUG] iteration=120, ncalls=1724, regioncalls=4960, ndraw=40, logz=-3125.27, remainder_fraction=100.0000%, Lmin=-3080.16, Lmax=-64.28
22:32:57 [ultranest] [DEBUG] iteration=122, ncalls=1726, regioncalls=5040, ndraw=40, logz=-3077.47, remainder_fraction=100.0000%, Lmin=-3059.82, Lmax=-64.28
22:32:57 [ultranest] [DEBUG] iteration=125, ncalls=1729, regioncalls=5160, ndraw=40, logz=-2958.89, remainder_fraction=100.0000%, Lmin=-2912.17, Lmax=-64.28
22:32:57 [ultranest] [DEBUG] iteration=126, ncalls=1730, regioncalls=5200, ndraw=40, logz=-2919.63, remainder_fraction=100.0000%, Lmin=-2905.18, Lmax=-64.28
22:32:58 [ultranest] [DEBUG] iteration=128, ncalls=1732, regioncalls=5280, ndraw=40, logz=-2911.64, remainder_fraction=100.0000%, Lmin=-2901.92, Lmax=-64.28
22:32:58 [ultranest] [DEBUG] iteration=130, ncalls=1734, regioncalls=5360, ndraw=40, logz=-2906.42, remainder_fraction=100.0000%, Lmin=-2819.07, Lmax=-64.28
22:32:58 [ultranest] [DEBUG] iteration=132, ncalls=1736, regioncalls=5440, ndraw=40, logz=-2801.71, remainder_fraction=100.0000%, Lmin=-2749.97, Lmax=-64.28
22:32:58 [ultranest] [DEBUG] iteration=134, ncalls=1738, regioncalls=5520, ndraw=40, logz=-2754.19, remainder_fraction=100.0000%, Lmin=-2736.18, Lmax=-64.28
22:32:58 [ultranest] [DEBUG] iteration=137, ncalls=1741, regioncalls=5640, ndraw=40, logz=-2709.63, remainder_fraction=100.0000%, Lmin=-2696.27, Lmax=-64.28
22:32:58 [ultranest] [DEBUG] iteration=140, ncalls=1745, regioncalls=5800, ndraw=40, logz=-2658.52, remainder_fraction=100.0000%, Lmin=-2618.45, Lmax=-64.28
22:32:59 [ultranest] [DEBUG] iteration=142, ncalls=1747, regioncalls=5880, ndraw=40, logz=-2583.03, remainder_fraction=100.0000%, Lmin=-2571.51, Lmax=-64.28
23:30:28 [ultranest] [DEBUG] ReactiveNestedSampler: dims=8+0, resume=True, log_dir=/home/ljy/BettiCurveCosmo/Emulator/model-fof-rsdz/mcmc_result/nwLH-Recovery/12/combined, backend=hdf5, vectorized=False, nbootstraps=30, ndraw=128..65536
23:30:29 [ultranest] [DEBUG] Testing resume consistency: [           -inf -9.73457191e+02  0.00000000e+00  9.57505141e-01
  3.97095607e-01  4.06217110e-01  7.46788440e-01  5.07663554e-02
  6.04525894e-01  6.84341363e-01  5.74309910e-01  4.83002056e-01
  4.58838243e-02  6.62486844e-01  1.09871538e+00  6.20306542e-01
  6.04525894e-01 -8.89395182e-01  5.74309910e+01]: u=[0.95750514 0.39709561 0.40621711 0.74678844 0.05076636 0.60452589
 0.68434136 0.57430991] -> p=[ 4.83002056e-01  4.58838243e-02  6.62486844e-01  1.09871538e+00
  6.20306542e-01  6.04525894e-01 -8.89395182e-01  5.74309910e+01] -> L=-973.4571905106654 
23:30:29 [ultranest] [INFO] Resuming from 1600 stored points
23:30:29 [ultranest] [DEBUG] run_iter dlogz=0.5, dKL=0.5, frac_remain=0.10, Lepsilon=0.0010, min_ess=400
23:30:29 [ultranest] [DEBUG] max_iters=-1, max_ncalls=-1, max_num_improvement_loops=-1, min_num_live_points=1600, cluster_num_live_points=40
23:30:29 [ultranest] [DEBUG] minimal_widths_sequence: [(-inf, 1600.0), (inf, 1600.0)]
23:30:30 [ultranest] [DEBUG] iteration=0, ncalls=2, regioncalls=40, ndraw=40, logz=-inf, remainder_fraction=100.0000%, Lmin=-56313.89, Lmax=-64.28
23:30:30 [ultranest] [DEBUG] iteration=7, ncalls=9, regioncalls=320, ndraw=40, logz=-31832.63, remainder_fraction=100.0000%, Lmin=-30265.72, Lmax=-64.28
23:30:30 [ultranest] [DEBUG] iteration=14, ncalls=16, regioncalls=600, ndraw=40, logz=-26591.65, remainder_fraction=100.0000%, Lmin=-25454.88, Lmax=-64.28
23:30:30 [ultranest] [DEBUG] iteration=21, ncalls=23, regioncalls=880, ndraw=40, logz=-22636.23, remainder_fraction=100.0000%, Lmin=-22581.40, Lmax=-64.28
23:30:30 [ultranest] [DEBUG] iteration=28, ncalls=30, regioncalls=1160, ndraw=40, logz=-19932.06, remainder_fraction=100.0000%, Lmin=-19860.79, Lmax=-64.28
23:30:30 [ultranest] [DEBUG] iteration=35, ncalls=37, regioncalls=1440, ndraw=40, logz=-17143.11, remainder_fraction=100.0000%, Lmin=-17124.34, Lmax=-64.28
23:30:30 [ultranest] [DEBUG] iteration=42, ncalls=44, regioncalls=1720, ndraw=40, logz=-15095.36, remainder_fraction=100.0000%, Lmin=-14446.16, Lmax=-64.28
23:30:30 [ultranest] [DEBUG] iteration=48, ncalls=51, regioncalls=2000, ndraw=40, logz=-12477.25, remainder_fraction=100.0000%, Lmin=-11692.46, Lmax=-64.28
23:30:31 [ultranest] [DEBUG] iteration=55, ncalls=58, regioncalls=2280, ndraw=40, logz=-9211.42, remainder_fraction=100.0000%, Lmin=-9007.37, Lmax=-64.28
23:30:31 [ultranest] [DEBUG] iteration=61, ncalls=65, regioncalls=2560, ndraw=40, logz=-8304.27, remainder_fraction=100.0000%, Lmin=-8278.17, Lmax=-64.28
23:30:31 [ultranest] [DEBUG] iteration=68, ncalls=73, regioncalls=2880, ndraw=40, logz=-7655.75, remainder_fraction=100.0000%, Lmin=-7480.45, Lmax=-64.28
23:30:31 [ultranest] [DEBUG] iteration=70, ncalls=76, regioncalls=3000, ndraw=40, logz=-7382.28, remainder_fraction=100.0000%, Lmin=-7158.07, Lmax=-64.28
23:30:31 [ultranest] [DEBUG] iteration=72, ncalls=78, regioncalls=3080, ndraw=40, logz=-7048.96, remainder_fraction=100.0000%, Lmin=-6976.83, Lmax=-64.28
23:30:31 [ultranest] [DEBUG] iteration=76, ncalls=83, regioncalls=3280, ndraw=40, logz=-6554.78, remainder_fraction=100.0000%, Lmin=-6529.64, Lmax=-64.28
23:30:31 [ultranest] [DEBUG] iteration=80, ncalls=89, regioncalls=3520, ndraw=40, logz=-5939.04, remainder_fraction=100.0000%, Lmin=-5927.64, Lmax=-64.28
23:30:32 [ultranest] [DEBUG] iteration=82, ncalls=91, regioncalls=3600, ndraw=40, logz=-5824.88, remainder_fraction=100.0000%, Lmin=-5765.83, Lmax=-64.28
23:30:32 [ultranest] [DEBUG] iteration=83, ncalls=92, regioncalls=3640, ndraw=40, logz=-5773.26, remainder_fraction=100.0000%, Lmin=-5750.31, Lmax=-64.28
23:30:32 [ultranest] [DEBUG] iteration=86, ncalls=95, regioncalls=3760, ndraw=40, logz=-5067.85, remainder_fraction=100.0000%, Lmin=-4971.35, Lmax=-64.28
23:30:32 [ultranest] [DEBUG] iteration=90, ncalls=99, regioncalls=3920, ndraw=40, logz=-4890.93, remainder_fraction=100.0000%, Lmin=-4876.09, Lmax=-64.28
23:30:32 [ultranest] [DEBUG] iteration=94, ncalls=103, regioncalls=4080, ndraw=40, logz=-4619.18, remainder_fraction=100.0000%, Lmin=-4604.33, Lmax=-64.28
23:30:32 [ultranest] [DEBUG] iteration=96, ncalls=105, regioncalls=4160, ndraw=40, logz=-4590.04, remainder_fraction=100.0000%, Lmin=-4571.59, Lmax=-64.28
23:30:32 [ultranest] [DEBUG] iteration=99, ncalls=108, regioncalls=4280, ndraw=40, logz=-4523.59, remainder_fraction=100.0000%, Lmin=-4500.25, Lmax=-64.28
23:30:32 [ultranest] [DEBUG] iteration=101, ncalls=110, regioncalls=4360, ndraw=40, logz=-4199.16, remainder_fraction=100.0000%, Lmin=-3904.41, Lmax=-64.28
23:30:33 [ultranest] [DEBUG] iteration=103, ncalls=112, regioncalls=4440, ndraw=40, logz=-3904.02, remainder_fraction=100.0000%, Lmin=-3878.48, Lmax=-64.28
23:30:33 [ultranest] [DEBUG] iteration=107, ncalls=116, regioncalls=4600, ndraw=40, logz=-3721.94, remainder_fraction=100.0000%, Lmin=-3668.73, Lmax=-64.28
23:30:33 [ultranest] [DEBUG] iteration=111, ncalls=120, regioncalls=4760, ndraw=40, logz=-3597.45, remainder_fraction=100.0000%, Lmin=-3408.74, Lmax=-64.28
23:30:33 [ultranest] [DEBUG] iteration=115, ncalls=124, regioncalls=4920, ndraw=40, logz=-3373.56, remainder_fraction=100.0000%, Lmin=-3339.47, Lmax=-64.28
23:30:33 [ultranest] [DEBUG] iteration=118, ncalls=128, regioncalls=5080, ndraw=40, logz=-3248.82, remainder_fraction=100.0000%, Lmin=-3199.99, Lmax=-64.28
23:30:33 [ultranest] [DEBUG] iteration=121, ncalls=132, regioncalls=5240, ndraw=40, logz=-3126.03, remainder_fraction=100.0000%, Lmin=-3118.45, Lmax=-64.28
23:30:33 [ultranest] [DEBUG] iteration=124, ncalls=135, regioncalls=5360, ndraw=40, logz=-3077.47, remainder_fraction=100.0000%, Lmin=-3059.82, Lmax=-64.28
23:30:33 [ultranest] [DEBUG] iteration=127, ncalls=138, regioncalls=5480, ndraw=40, logz=-3003.77, remainder_fraction=100.0000%, Lmin=-2951.43, Lmax=-64.28
23:30:34 [ultranest] [DEBUG] iteration=130, ncalls=141, regioncalls=5600, ndraw=40, logz=-2912.64, remainder_fraction=100.0000%, Lmin=-2904.63, Lmax=-64.28
23:30:34 [ultranest] [DEBUG] iteration=133, ncalls=144, regioncalls=5720, ndraw=40, logz=-2906.42, remainder_fraction=100.0000%, Lmin=-2819.07, Lmax=-64.28
23:30:34 [ultranest] [DEBUG] iteration=136, ncalls=147, regioncalls=5840, ndraw=40, logz=-2757.43, remainder_fraction=100.0000%, Lmin=-2746.76, Lmax=-64.28
23:30:34 [ultranest] [DEBUG] iteration=139, ncalls=150, regioncalls=5960, ndraw=40, logz=-2724.25, remainder_fraction=100.0000%, Lmin=-2702.16, Lmax=-64.28
23:30:34 [ultranest] [DEBUG] iteration=142, ncalls=153, regioncalls=6080, ndraw=40, logz=-2698.44, remainder_fraction=100.0000%, Lmin=-2651.05, Lmax=-64.28
23:30:34 [ultranest] [DEBUG] iteration=145, ncalls=157, regioncalls=6240, ndraw=40, logz=-2578.96, remainder_fraction=100.0000%, Lmin=-2549.15, Lmax=-64.28
23:30:34 [ultranest] [DEBUG] iteration=149, ncalls=161, regioncalls=6400, ndraw=40, logz=-2471.38, remainder_fraction=100.0000%, Lmin=-2446.00, Lmax=-64.28
23:30:34 [ultranest] [DEBUG] iteration=152, ncalls=164, regioncalls=6520, ndraw=40, logz=-2435.91, remainder_fraction=100.0000%, Lmin=-2423.18, Lmax=-64.28
23:30:34 [ultranest] [DEBUG] iteration=156, ncalls=169, regioncalls=6720, ndraw=40, logz=-2397.99, remainder_fraction=100.0000%, Lmin=-2381.87, Lmax=-64.28
23:30:35 [ultranest] [DEBUG] iteration=160, ncalls=173, regioncalls=6880, ndraw=40, logz=-2349.26, remainder_fraction=100.0000%, Lmin=-2326.46, Lmax=-64.28
23:30:35 [ultranest] [DEBUG] iteration=162, ncalls=177, regioncalls=7040, ndraw=40, logz=-2313.83, remainder_fraction=100.0000%, Lmin=-2305.55, Lmax=-64.28
23:30:35 [ultranest] [DEBUG] iteration=163, ncalls=179, regioncalls=7120, ndraw=40, logz=-2312.66, remainder_fraction=100.0000%, Lmin=-2268.03, Lmax=-64.28
23:30:35 [ultranest] [DEBUG] iteration=167, ncalls=184, regioncalls=7320, ndraw=40, logz=-2224.33, remainder_fraction=100.0000%, Lmin=-2210.02, Lmax=-64.28
23:30:35 [ultranest] [DEBUG] iteration=171, ncalls=188, regioncalls=7480, ndraw=40, logz=-2198.56, remainder_fraction=100.0000%, Lmin=-2179.05, Lmax=-64.28
23:30:35 [ultranest] [DEBUG] iteration=176, ncalls=193, regioncalls=7680, ndraw=40, logz=-2132.88, remainder_fraction=100.0000%, Lmin=-2116.10, Lmax=-64.28
23:30:35 [ultranest] [DEBUG] iteration=177, ncalls=194, regioncalls=7720, ndraw=40, logz=-2123.58, remainder_fraction=100.0000%, Lmin=-2114.64, Lmax=-64.28
23:30:35 [ultranest] [DEBUG] iteration=179, ncalls=197, regioncalls=7840, ndraw=40, logz=-2116.93, remainder_fraction=100.0000%, Lmin=-2107.35, Lmax=-64.28
23:30:35 [ultranest] [DEBUG] iteration=183, ncalls=202, regioncalls=8040, ndraw=40, logz=-2091.09, remainder_fraction=100.0000%, Lmin=-2082.44, Lmax=-64.28
23:30:36 [ultranest] [DEBUG] iteration=185, ncalls=204, regioncalls=8120, ndraw=40, logz=-2077.89, remainder_fraction=100.0000%, Lmin=-2065.15, Lmax=-64.28
23:30:36 [ultranest] [DEBUG] iteration=189, ncalls=209, regioncalls=8320, ndraw=40, logz=-2046.24, remainder_fraction=100.0000%, Lmin=-2035.53, Lmax=-64.28
23:30:36 [ultranest] [DEBUG] iteration=192, ncalls=212, regioncalls=8440, ndraw=40, logz=-2025.99, remainder_fraction=100.0000%, Lmin=-2017.36, Lmax=-64.28
23:30:36 [ultranest] [DEBUG] iteration=195, ncalls=215, regioncalls=8560, ndraw=40, logz=-2013.40, remainder_fraction=100.0000%, Lmin=-1991.67, Lmax=-64.28
23:30:36 [ultranest] [DEBUG] iteration=198, ncalls=218, regioncalls=8680, ndraw=40, logz=-1978.38, remainder_fraction=100.0000%, Lmin=-1964.83, Lmax=-64.28
23:30:36 [ultranest] [DEBUG] iteration=201, ncalls=222, regioncalls=8840, ndraw=40, logz=-1934.57, remainder_fraction=100.0000%, Lmin=-1926.50, Lmax=-64.28
23:30:36 [ultranest] [DEBUG] iteration=203, ncalls=224, regioncalls=8920, ndraw=40, logz=-1930.86, remainder_fraction=100.0000%, Lmin=-1916.16, Lmax=-64.28
23:30:36 [ultranest] [DEBUG] iteration=206, ncalls=227, regioncalls=9040, ndraw=40, logz=-1899.10, remainder_fraction=100.0000%, Lmin=-1885.51, Lmax=-64.28
23:30:37 [ultranest] [DEBUG] iteration=209, ncalls=230, regioncalls=9160, ndraw=40, logz=-1870.46, remainder_fraction=100.0000%, Lmin=-1859.43, Lmax=-64.28
23:30:37 [ultranest] [DEBUG] iteration=212, ncalls=233, regioncalls=9280, ndraw=40, logz=-1854.76, remainder_fraction=100.0000%, Lmin=-1846.17, Lmax=-64.28
23:30:37 [ultranest] [DEBUG] iteration=214, ncalls=235, regioncalls=9360, ndraw=40, logz=-1847.43, remainder_fraction=100.0000%, Lmin=-1832.21, Lmax=-64.28
23:30:37 [ultranest] [DEBUG] iteration=216, ncalls=237, regioncalls=9440, ndraw=40, logz=-1838.23, remainder_fraction=100.0000%, Lmin=-1816.26, Lmax=-64.28
23:30:37 [ultranest] [DEBUG] iteration=218, ncalls=239, regioncalls=9520, ndraw=40, logz=-1822.45, remainder_fraction=100.0000%, Lmin=-1805.86, Lmax=-64.28
23:30:37 [ultranest] [DEBUG] iteration=221, ncalls=242, regioncalls=9640, ndraw=40, logz=-1778.25, remainder_fraction=100.0000%, Lmin=-1761.20, Lmax=-64.28
23:30:37 [ultranest] [DEBUG] iteration=223, ncalls=244, regioncalls=9720, ndraw=40, logz=-1757.02, remainder_fraction=100.0000%, Lmin=-1748.38, Lmax=-64.28
23:30:38 [ultranest] [DEBUG] iteration=225, ncalls=246, regioncalls=9800, ndraw=40, logz=-1711.30, remainder_fraction=100.0000%, Lmin=-1703.20, Lmax=-64.28
23:30:38 [ultranest] [DEBUG] iteration=227, ncalls=248, regioncalls=9880, ndraw=40, logz=-1709.41, remainder_fraction=100.0000%, Lmin=-1670.20, Lmax=-64.28
23:30:38 [ultranest] [DEBUG] iteration=228, ncalls=249, regioncalls=9920, ndraw=40, logz=-1677.72, remainder_fraction=100.0000%, Lmin=-1657.30, Lmax=-64.28
23:30:38 [ultranest] [DEBUG] iteration=230, ncalls=252, regioncalls=10040, ndraw=40, logz=-1652.14, remainder_fraction=100.0000%, Lmin=-1644.30, Lmax=-64.28
23:30:38 [ultranest] [DEBUG] iteration=233, ncalls=255, regioncalls=10160, ndraw=40, logz=-1648.52, remainder_fraction=100.0000%, Lmin=-1640.71, Lmax=-64.28
23:30:38 [ultranest] [DEBUG] iteration=234, ncalls=256, regioncalls=10200, ndraw=40, logz=-1647.67, remainder_fraction=100.0000%, Lmin=-1632.57, Lmax=-64.28
23:30:38 [ultranest] [DEBUG] iteration=238, ncalls=260, regioncalls=10360, ndraw=40, logz=-1633.72, remainder_fraction=100.0000%, Lmin=-1620.27, Lmax=-64.28
23:30:39 [ultranest] [DEBUG] iteration=239, ncalls=261, regioncalls=10400, ndraw=40, logz=-1627.79, remainder_fraction=100.0000%, Lmin=-1618.06, Lmax=-64.28
23:30:39 [ultranest] [DEBUG] iteration=240, ncalls=262, regioncalls=10440, ndraw=40, logz=-1625.48, remainder_fraction=100.0000%, Lmin=-1607.42, Lmax=-64.28
23:30:39 [ultranest] [DEBUG] iteration=242, ncalls=264, regioncalls=10520, ndraw=40, logz=-1612.54, remainder_fraction=100.0000%, Lmin=-1602.92, Lmax=-64.28
23:30:39 [ultranest] [DEBUG] iteration=243, ncalls=266, regioncalls=10600, ndraw=40, logz=-1610.34, remainder_fraction=100.0000%, Lmin=-1598.06, Lmax=-64.28
23:30:39 [ultranest] [DEBUG] iteration=244, ncalls=267, regioncalls=10640, ndraw=40, logz=-1605.58, remainder_fraction=100.0000%, Lmin=-1594.36, Lmax=-64.28
23:30:39 [ultranest] [DEBUG] iteration=246, ncalls=269, regioncalls=10720, ndraw=40, logz=-1596.10, remainder_fraction=100.0000%, Lmin=-1578.82, Lmax=-64.28
23:30:40 [ultranest] [DEBUG] iteration=247, ncalls=270, regioncalls=10760, ndraw=40, logz=-1586.35, remainder_fraction=100.0000%, Lmin=-1578.51, Lmax=-64.28
23:30:40 [ultranest] [DEBUG] iteration=248, ncalls=271, regioncalls=10800, ndraw=40, logz=-1585.49, remainder_fraction=100.0000%, Lmin=-1569.30, Lmax=-64.28
23:30:40 [ultranest] [DEBUG] iteration=249, ncalls=273, regioncalls=10880, ndraw=40, logz=-1576.84, remainder_fraction=100.0000%, Lmin=-1563.66, Lmax=-64.28
23:30:40 [ultranest] [DEBUG] iteration=250, ncalls=274, regioncalls=10920, ndraw=40, logz=-1571.19, remainder_fraction=100.0000%, Lmin=-1560.04, Lmax=-64.28
23:30:40 [ultranest] [DEBUG] iteration=251, ncalls=275, regioncalls=10960, ndraw=40, logz=-1567.55, remainder_fraction=100.0000%, Lmin=-1559.19, Lmax=-64.28
23:30:40 [ultranest] [DEBUG] iteration=252, ncalls=276, regioncalls=11000, ndraw=40, logz=-1566.36, remainder_fraction=100.0000%, Lmin=-1555.23, Lmax=-64.28
23:30:41 [ultranest] [DEBUG] iteration=253, ncalls=277, regioncalls=11040, ndraw=40, logz=-1562.73, remainder_fraction=100.0000%, Lmin=-1554.96, Lmax=-64.28
23:30:41 [ultranest] [DEBUG] iteration=254, ncalls=278, regioncalls=11080, ndraw=40, logz=-1561.91, remainder_fraction=100.0000%, Lmin=-1554.07, Lmax=-64.28
23:30:41 [ultranest] [DEBUG] iteration=255, ncalls=279, regioncalls=11120, ndraw=40, logz=-1561.06, remainder_fraction=100.0000%, Lmin=-1548.79, Lmax=-64.28
23:30:41 [ultranest] [DEBUG] iteration=256, ncalls=280, regioncalls=11160, ndraw=40, logz=-1556.32, remainder_fraction=100.0000%, Lmin=-1547.45, Lmax=-64.28
23:30:41 [ultranest] [DEBUG] iteration=257, ncalls=281, regioncalls=11200, ndraw=40, logz=-1554.75, remainder_fraction=100.0000%, Lmin=-1545.64, Lmax=-64.28
23:30:41 [ultranest] [DEBUG] iteration=258, ncalls=282, regioncalls=11240, ndraw=40, logz=-1552.99, remainder_fraction=100.0000%, Lmin=-1544.20, Lmax=-64.28
23:30:41 [ultranest] [DEBUG] iteration=260, ncalls=284, regioncalls=11320, ndraw=40, logz=-1549.14, remainder_fraction=100.0000%, Lmin=-1522.67, Lmax=-64.28
23:30:42 [ultranest] [DEBUG] iteration=262, ncalls=287, regioncalls=11440, ndraw=40, logz=-1524.55, remainder_fraction=100.0000%, Lmin=-1513.01, Lmax=-64.28
23:30:42 [ultranest] [DEBUG] iteration=263, ncalls=288, regioncalls=11480, ndraw=40, logz=-1520.54, remainder_fraction=100.0000%, Lmin=-1510.05, Lmax=-64.28
23:30:42 [ultranest] [DEBUG] iteration=266, ncalls=291, regioncalls=11600, ndraw=40, logz=-1510.45, remainder_fraction=100.0000%, Lmin=-1491.87, Lmax=-64.28
23:30:42 [ultranest] [DEBUG] iteration=269, ncalls=294, regioncalls=11720, ndraw=40, logz=-1485.50, remainder_fraction=100.0000%, Lmin=-1469.61, Lmax=-64.28
23:30:42 [ultranest] [DEBUG] iteration=272, ncalls=298, regioncalls=11880, ndraw=40, logz=-1472.12, remainder_fraction=100.0000%, Lmin=-1459.94, Lmax=-64.28
23:30:42 [ultranest] [DEBUG] iteration=275, ncalls=301, regioncalls=12000, ndraw=40, logz=-1457.11, remainder_fraction=100.0000%, Lmin=-1441.37, Lmax=-64.28
23:30:42 [ultranest] [DEBUG] iteration=278, ncalls=304, regioncalls=12120, ndraw=40, logz=-1443.37, remainder_fraction=100.0000%, Lmin=-1433.10, Lmax=-64.28
23:30:43 [ultranest] [DEBUG] iteration=281, ncalls=307, regioncalls=12240, ndraw=40, logz=-1435.05, remainder_fraction=100.0000%, Lmin=-1426.97, Lmax=-64.28
23:30:43 [ultranest] [DEBUG] iteration=284, ncalls=311, regioncalls=12400, ndraw=40, logz=-1417.60, remainder_fraction=100.0000%, Lmin=-1409.97, Lmax=-64.28
23:30:43 [ultranest] [DEBUG] iteration=286, ncalls=313, regioncalls=12480, ndraw=40, logz=-1414.28, remainder_fraction=100.0000%, Lmin=-1404.09, Lmax=-64.28
23:30:43 [ultranest] [DEBUG] iteration=289, ncalls=317, regioncalls=12640, ndraw=40, logz=-1398.95, remainder_fraction=100.0000%, Lmin=-1379.20, Lmax=-64.28
23:30:43 [ultranest] [DEBUG] iteration=291, ncalls=319, regioncalls=12720, ndraw=40, logz=-1385.04, remainder_fraction=100.0000%, Lmin=-1377.10, Lmax=-64.28
23:30:43 [ultranest] [DEBUG] iteration=294, ncalls=325, regioncalls=12960, ndraw=40, logz=-1376.87, remainder_fraction=100.0000%, Lmin=-1367.86, Lmax=-64.28
23:30:43 [ultranest] [DEBUG] iteration=297, ncalls=328, regioncalls=13080, ndraw=40, logz=-1367.16, remainder_fraction=100.0000%, Lmin=-1342.19, Lmax=-64.28
23:30:44 [ultranest] [DEBUG] iteration=299, ncalls=331, regioncalls=13200, ndraw=40, logz=-1342.96, remainder_fraction=100.0000%, Lmin=-1331.37, Lmax=-64.28
23:30:44 [ultranest] [DEBUG] iteration=300, ncalls=334, regioncalls=13320, ndraw=40, logz=-1338.92, remainder_fraction=100.0000%, Lmin=-1330.72, Lmax=-64.28
23:30:44 [ultranest] [DEBUG] iteration=302, ncalls=336, regioncalls=13400, ndraw=40, logz=-1336.28, remainder_fraction=100.0000%, Lmin=-1322.39, Lmax=-64.28
23:30:44 [ultranest] [DEBUG] iteration=305, ncalls=339, regioncalls=13520, ndraw=40, logz=-1310.20, remainder_fraction=100.0000%, Lmin=-1296.96, Lmax=-64.28
23:30:44 [ultranest] [DEBUG] iteration=308, ncalls=343, regioncalls=13680, ndraw=40, logz=-1293.91, remainder_fraction=100.0000%, Lmin=-1280.69, Lmax=-64.28
23:30:44 [ultranest] [DEBUG] iteration=311, ncalls=346, regioncalls=13800, ndraw=40, logz=-1281.36, remainder_fraction=100.0000%, Lmin=-1266.50, Lmax=-64.28
23:30:44 [ultranest] [DEBUG] iteration=315, ncalls=350, regioncalls=13960, ndraw=40, logz=-1266.68, remainder_fraction=100.0000%, Lmin=-1258.49, Lmax=-64.28
23:30:44 [ultranest] [DEBUG] iteration=318, ncalls=353, regioncalls=14080, ndraw=40, logz=-1261.62, remainder_fraction=100.0000%, Lmin=-1253.30, Lmax=-64.28
23:30:45 [ultranest] [DEBUG] iteration=320, ncalls=355, regioncalls=14160, ndraw=40, logz=-1259.18, remainder_fraction=100.0000%, Lmin=-1251.48, Lmax=-64.28
23:30:45 [ultranest] [DEBUG] iteration=322, ncalls=360, regioncalls=14360, ndraw=40, logz=-1257.61, remainder_fraction=100.0000%, Lmin=-1248.56, Lmax=-64.28
23:30:45 [ultranest] [DEBUG] iteration=325, ncalls=363, regioncalls=14480, ndraw=40, logz=-1249.76, remainder_fraction=100.0000%, Lmin=-1240.19, Lmax=-64.28
23:30:45 [ultranest] [DEBUG] iteration=328, ncalls=366, regioncalls=14600, ndraw=40, logz=-1239.47, remainder_fraction=100.0000%, Lmin=-1231.61, Lmax=-64.28
23:30:45 [ultranest] [DEBUG] iteration=331, ncalls=370, regioncalls=14760, ndraw=40, logz=-1234.39, remainder_fraction=100.0000%, Lmin=-1222.76, Lmax=-64.28
23:30:45 [ultranest] [DEBUG] iteration=334, ncalls=373, regioncalls=14880, ndraw=40, logz=-1225.16, remainder_fraction=100.0000%, Lmin=-1215.27, Lmax=-64.28
23:30:45 [ultranest] [DEBUG] iteration=337, ncalls=376, regioncalls=15000, ndraw=40, logz=-1215.20, remainder_fraction=100.0000%, Lmin=-1204.86, Lmax=-64.28
23:30:46 [ultranest] [DEBUG] iteration=340, ncalls=379, regioncalls=15120, ndraw=40, logz=-1208.99, remainder_fraction=100.0000%, Lmin=-1200.23, Lmax=-64.28
23:30:46 [ultranest] [DEBUG] iteration=342, ncalls=383, regioncalls=15280, ndraw=40, logz=-1203.36, remainder_fraction=100.0000%, Lmin=-1193.24, Lmax=-64.28
23:30:46 [ultranest] [DEBUG] iteration=343, ncalls=384, regioncalls=15320, ndraw=40, logz=-1200.75, remainder_fraction=100.0000%, Lmin=-1192.86, Lmax=-64.28
23:30:46 [ultranest] [DEBUG] iteration=345, ncalls=387, regioncalls=15440, ndraw=40, logz=-1199.42, remainder_fraction=100.0000%, Lmin=-1188.48, Lmax=-64.28
23:30:46 [ultranest] [DEBUG] iteration=347, ncalls=389, regioncalls=15520, ndraw=40, logz=-1195.13, remainder_fraction=100.0000%, Lmin=-1184.08, Lmax=-64.28
23:30:46 [ultranest] [DEBUG] iteration=349, ncalls=392, regioncalls=15640, ndraw=40, logz=-1190.24, remainder_fraction=100.0000%, Lmin=-1180.40, Lmax=-64.28
23:30:47 [ultranest] [DEBUG] iteration=350, ncalls=394, regioncalls=15720, ndraw=40, logz=-1187.90, remainder_fraction=100.0000%, Lmin=-1179.53, Lmax=-64.28
23:30:47 [ultranest] [DEBUG] iteration=351, ncalls=396, regioncalls=15800, ndraw=40, logz=-1186.75, remainder_fraction=100.0000%, Lmin=-1178.61, Lmax=-64.28
23:30:47 [ultranest] [DEBUG] iteration=355, ncalls=400, regioncalls=15960, ndraw=40, logz=-1173.82, remainder_fraction=100.0000%, Lmin=-1166.06, Lmax=-64.28
23:30:47 [ultranest] [DEBUG] iteration=357, ncalls=402, regioncalls=16040, ndraw=40, logz=-1165.86, remainder_fraction=100.0000%, Lmin=-1148.52, Lmax=-64.28
23:30:49 [ultranest] [DEBUG] iteration=358, ncalls=403, regioncalls=16080, ndraw=40, logz=-1156.12, remainder_fraction=100.0000%, Lmin=-1147.26, Lmax=-64.28
23:30:49 [ultranest] [DEBUG] iteration=360, ncalls=405, regioncalls=16160, ndraw=40, logz=-1152.42, remainder_fraction=100.0000%, Lmin=-1144.37, Lmax=-64.28
23:30:49 [ultranest] [DEBUG] iteration=361, ncalls=407, regioncalls=16240, ndraw=40, logz=-1151.48, remainder_fraction=100.0000%, Lmin=-1144.14, Lmax=-64.28
23:30:49 [ultranest] [DEBUG] iteration=364, ncalls=410, regioncalls=16360, ndraw=40, logz=-1150.02, remainder_fraction=100.0000%, Lmin=-1141.80, Lmax=-64.28
23:30:49 [ultranest] [DEBUG] iteration=367, ncalls=413, regioncalls=16480, ndraw=40, logz=-1147.91, remainder_fraction=100.0000%, Lmin=-1140.71, Lmax=-64.28
23:30:49 [ultranest] [DEBUG] iteration=370, ncalls=416, regioncalls=16600, ndraw=40, logz=-1144.15, remainder_fraction=100.0000%, Lmin=-1135.12, Lmax=-64.28
23:30:49 [ultranest] [DEBUG] iteration=373, ncalls=419, regioncalls=16720, ndraw=40, logz=-1138.30, remainder_fraction=100.0000%, Lmin=-1130.35, Lmax=-64.28
23:30:50 [ultranest] [DEBUG] iteration=375, ncalls=421, regioncalls=16800, ndraw=40, logz=-1135.49, remainder_fraction=100.0000%, Lmin=-1126.51, Lmax=-64.28
23:30:50 [ultranest] [DEBUG] iteration=377, ncalls=423, regioncalls=16880, ndraw=40, logz=-1131.39, remainder_fraction=100.0000%, Lmin=-1122.92, Lmax=-64.28
23:30:50 [ultranest] [DEBUG] iteration=379, ncalls=425, regioncalls=16960, ndraw=40, logz=-1128.72, remainder_fraction=100.0000%, Lmin=-1120.22, Lmax=-64.28
23:30:50 [ultranest] [DEBUG] iteration=381, ncalls=428, regioncalls=17080, ndraw=40, logz=-1126.50, remainder_fraction=100.0000%, Lmin=-1118.88, Lmax=-64.28
23:30:50 [ultranest] [DEBUG] iteration=384, ncalls=432, regioncalls=17240, ndraw=40, logz=-1122.85, remainder_fraction=100.0000%, Lmin=-1109.19, Lmax=-64.28
23:30:50 [ultranest] [DEBUG] iteration=387, ncalls=435, regioncalls=17360, ndraw=40, logz=-1112.90, remainder_fraction=100.0000%, Lmin=-1102.55, Lmax=-64.28
23:30:50 [ultranest] [DEBUG] iteration=388, ncalls=437, regioncalls=17440, ndraw=40, logz=-1110.11, remainder_fraction=100.0000%, Lmin=-1100.34, Lmax=-64.28
23:30:51 [ultranest] [DEBUG] iteration=390, ncalls=440, regioncalls=17560, ndraw=40, logz=-1106.30, remainder_fraction=100.0000%, Lmin=-1096.90, Lmax=-64.28
23:30:51 [ultranest] [DEBUG] iteration=392, ncalls=442, regioncalls=17640, ndraw=40, logz=-1098.15, remainder_fraction=100.0000%, Lmin=-1089.10, Lmax=-64.28
23:30:51 [ultranest] [DEBUG] iteration=394, ncalls=444, regioncalls=17720, ndraw=40, logz=-1093.24, remainder_fraction=100.0000%, Lmin=-1085.21, Lmax=-64.28
23:30:51 [ultranest] [DEBUG] iteration=396, ncalls=446, regioncalls=17800, ndraw=40, logz=-1091.43, remainder_fraction=100.0000%, Lmin=-1080.42, Lmax=-64.28
23:30:51 [ultranest] [DEBUG] iteration=398, ncalls=448, regioncalls=17880, ndraw=40, logz=-1085.82, remainder_fraction=100.0000%, Lmin=-1076.36, Lmax=-64.28
23:30:51 [ultranest] [DEBUG] iteration=399, ncalls=449, regioncalls=17920, ndraw=40, logz=-1083.84, remainder_fraction=100.0000%, Lmin=-1072.97, Lmax=-64.28
23:30:52 [ultranest] [DEBUG] iteration=400, ncalls=452, regioncalls=18040, ndraw=40, logz=-1080.56, remainder_fraction=100.0000%, Lmin=-1068.75, Lmax=-64.28
23:30:52 [ultranest] [DEBUG] iteration=402, ncalls=454, regioncalls=18120, ndraw=40, logz=-1069.74, remainder_fraction=100.0000%, Lmin=-1059.57, Lmax=-64.28
23:30:52 [ultranest] [DEBUG] iteration=404, ncalls=456, regioncalls=18200, ndraw=40, logz=-1066.11, remainder_fraction=100.0000%, Lmin=-1058.86, Lmax=-64.28
23:30:52 [ultranest] [DEBUG] iteration=406, ncalls=458, regioncalls=18280, ndraw=40, logz=-1064.40, remainder_fraction=100.0000%, Lmin=-1057.04, Lmax=-64.28
23:30:52 [ultranest] [DEBUG] iteration=407, ncalls=459, regioncalls=18320, ndraw=40, logz=-1063.83, remainder_fraction=100.0000%, Lmin=-1053.94, Lmax=-64.28
23:30:52 [ultranest] [DEBUG] iteration=409, ncalls=462, regioncalls=18440, ndraw=40, logz=-1060.55, remainder_fraction=100.0000%, Lmin=-1052.46, Lmax=-64.28
23:30:52 [ultranest] [DEBUG] iteration=412, ncalls=467, regioncalls=18640, ndraw=40, logz=-1058.33, remainder_fraction=100.0000%, Lmin=-1050.13, Lmax=-64.28
23:30:53 [ultranest] [DEBUG] iteration=416, ncalls=472, regioncalls=18840, ndraw=40, logz=-1050.99, remainder_fraction=100.0000%, Lmin=-1041.52, Lmax=-64.28
23:30:53 [ultranest] [DEBUG] iteration=419, ncalls=476, regioncalls=19000, ndraw=40, logz=-1046.72, remainder_fraction=100.0000%, Lmin=-1038.44, Lmax=-64.28
23:30:53 [ultranest] [DEBUG] iteration=422, ncalls=481, regioncalls=19200, ndraw=40, logz=-1042.76, remainder_fraction=100.0000%, Lmin=-1032.75, Lmax=-64.28
23:30:53 [ultranest] [DEBUG] iteration=425, ncalls=485, regioncalls=19360, ndraw=40, logz=-1038.36, remainder_fraction=100.0000%, Lmin=-1029.33, Lmax=-64.28
23:30:53 [ultranest] [DEBUG] iteration=426, ncalls=487, regioncalls=19440, ndraw=40, logz=-1036.75, remainder_fraction=100.0000%, Lmin=-1026.22, Lmax=-64.28
23:30:53 [ultranest] [DEBUG] iteration=428, ncalls=492, regioncalls=19640, ndraw=40, logz=-1032.67, remainder_fraction=100.0000%, Lmin=-1025.06, Lmax=-64.28
23:30:53 [ultranest] [DEBUG] iteration=431, ncalls=495, regioncalls=19760, ndraw=40, logz=-1027.38, remainder_fraction=100.0000%, Lmin=-1017.25, Lmax=-64.28
23:30:54 [ultranest] [DEBUG] iteration=433, ncalls=499, regioncalls=19920, ndraw=40, logz=-1021.83, remainder_fraction=100.0000%, Lmin=-1007.66, Lmax=-64.28
23:30:54 [ultranest] [DEBUG] iteration=435, ncalls=501, regioncalls=20000, ndraw=40, logz=-1014.37, remainder_fraction=100.0000%, Lmin=-992.39, Lmax=-64.28
23:30:54 [ultranest] [DEBUG] iteration=437, ncalls=503, regioncalls=20080, ndraw=40, logz=-999.31, remainder_fraction=100.0000%, Lmin=-989.22, Lmax=-64.28
23:30:54 [ultranest] [DEBUG] iteration=440, ncalls=508, regioncalls=20280, ndraw=40, logz=-985.88, remainder_fraction=100.0000%, Lmin=-976.23, Lmax=-64.28
23:30:54 [ultranest] [DEBUG] iteration=444, ncalls=512, regioncalls=20440, ndraw=40, logz=-980.32, remainder_fraction=100.0000%, Lmin=-973.38, Lmax=-64.28
23:30:54 [ultranest] [DEBUG] iteration=447, ncalls=516, regioncalls=20600, ndraw=40, logz=-978.51, remainder_fraction=100.0000%, Lmin=-967.24, Lmax=-64.28
23:30:54 [ultranest] [DEBUG] iteration=449, ncalls=519, regioncalls=20720, ndraw=40, logz=-972.91, remainder_fraction=100.0000%, Lmin=-961.55, Lmax=-64.28
23:30:54 [ultranest] [DEBUG] iteration=451, ncalls=523, regioncalls=20880, ndraw=40, logz=-965.29, remainder_fraction=100.0000%, Lmin=-955.53, Lmax=-64.28
23:30:55 [ultranest] [DEBUG] iteration=452, ncalls=526, regioncalls=21000, ndraw=40, logz=-963.07, remainder_fraction=100.0000%, Lmin=-954.06, Lmax=-64.28
23:30:55 [ultranest] [DEBUG] iteration=453, ncalls=527, regioncalls=21040, ndraw=40, logz=-961.49, remainder_fraction=100.0000%, Lmin=-952.11, Lmax=-64.28
23:30:55 [ultranest] [DEBUG] iteration=454, ncalls=528, regioncalls=21080, ndraw=40, logz=-959.61, remainder_fraction=100.0000%, Lmin=-951.23, Lmax=-64.28
23:30:55 [ultranest] [DEBUG] iteration=456, ncalls=530, regioncalls=21160, ndraw=40, logz=-956.66, remainder_fraction=100.0000%, Lmin=-947.46, Lmax=-64.28
23:30:55 [ultranest] [DEBUG] iteration=457, ncalls=532, regioncalls=21240, ndraw=40, logz=-954.93, remainder_fraction=100.0000%, Lmin=-946.58, Lmax=-64.28
23:30:55 [ultranest] [DEBUG] iteration=459, ncalls=534, regioncalls=21320, ndraw=40, logz=-952.74, remainder_fraction=100.0000%, Lmin=-942.58, Lmax=-64.28
23:30:56 [ultranest] [DEBUG] iteration=461, ncalls=537, regioncalls=21440, ndraw=40, logz=-949.45, remainder_fraction=100.0000%, Lmin=-941.48, Lmax=-64.28
23:30:56 [ultranest] [DEBUG] iteration=463, ncalls=539, regioncalls=21520, ndraw=40, logz=-947.96, remainder_fraction=100.0000%, Lmin=-940.33, Lmax=-64.28
23:30:56 [ultranest] [DEBUG] iteration=465, ncalls=541, regioncalls=21600, ndraw=40, logz=-946.78, remainder_fraction=100.0000%, Lmin=-934.80, Lmax=-64.28
23:30:56 [ultranest] [DEBUG] iteration=468, ncalls=545, regioncalls=21760, ndraw=40, logz=-939.85, remainder_fraction=100.0000%, Lmin=-931.49, Lmax=-64.28
23:30:56 [ultranest] [DEBUG] iteration=472, ncalls=549, regioncalls=21920, ndraw=40, logz=-935.15, remainder_fraction=100.0000%, Lmin=-927.71, Lmax=-64.28
23:30:56 [ultranest] [DEBUG] iteration=475, ncalls=553, regioncalls=22080, ndraw=40, logz=-933.28, remainder_fraction=100.0000%, Lmin=-923.54, Lmax=-64.28
23:30:56 [ultranest] [DEBUG] iteration=477, ncalls=556, regioncalls=22200, ndraw=40, logz=-929.87, remainder_fraction=100.0000%, Lmin=-921.71, Lmax=-64.28
23:30:57 [ultranest] [DEBUG] iteration=478, ncalls=557, regioncalls=22240, ndraw=40, logz=-928.91, remainder_fraction=100.0000%, Lmin=-916.51, Lmax=-64.28
23:30:57 [ultranest] [DEBUG] iteration=479, ncalls=559, regioncalls=22320, ndraw=40, logz=-924.18, remainder_fraction=100.0000%, Lmin=-908.99, Lmax=-64.28
23:30:57 [ultranest] [DEBUG] iteration=480, ncalls=560, regioncalls=22360, ndraw=40, logz=-916.67, remainder_fraction=100.0000%, Lmin=-907.38, Lmax=-64.28
23:30:57 [ultranest] [DEBUG] iteration=482, ncalls=562, regioncalls=22440, ndraw=40, logz=-912.61, remainder_fraction=100.0000%, Lmin=-898.10, Lmax=-64.28
23:30:57 [ultranest] [DEBUG] iteration=485, ncalls=565, regioncalls=22560, ndraw=40, logz=-904.46, remainder_fraction=100.0000%, Lmin=-895.71, Lmax=-64.28
23:30:57 [ultranest] [DEBUG] iteration=486, ncalls=568, regioncalls=22680, ndraw=40, logz=-903.10, remainder_fraction=100.0000%, Lmin=-891.58, Lmax=-64.28
23:30:57 [ultranest] [DEBUG] iteration=489, ncalls=571, regioncalls=22800, ndraw=40, logz=-895.57, remainder_fraction=100.0000%, Lmin=-885.21, Lmax=-64.28
23:30:57 [ultranest] [DEBUG] iteration=492, ncalls=574, regioncalls=22920, ndraw=40, logz=-889.04, remainder_fraction=100.0000%, Lmin=-879.63, Lmax=-64.28
23:30:58 [ultranest] [DEBUG] iteration=494, ncalls=578, regioncalls=23080, ndraw=40, logz=-884.25, remainder_fraction=100.0000%, Lmin=-875.76, Lmax=-64.28
23:30:58 [ultranest] [DEBUG] iteration=497, ncalls=583, regioncalls=23280, ndraw=40, logz=-876.66, remainder_fraction=100.0000%, Lmin=-868.40, Lmax=-64.28
23:30:58 [ultranest] [DEBUG] iteration=500, ncalls=588, regioncalls=23480, ndraw=40, logz=-873.68, remainder_fraction=100.0000%, Lmin=-865.54, Lmax=-64.28
23:30:58 [ultranest] [DEBUG] iteration=503, ncalls=591, regioncalls=23600, ndraw=40, logz=-871.73, remainder_fraction=100.0000%, Lmin=-861.39, Lmax=-64.28
23:30:58 [ultranest] [DEBUG] iteration=505, ncalls=594, regioncalls=23720, ndraw=40, logz=-864.54, remainder_fraction=100.0000%, Lmin=-856.08, Lmax=-64.28
23:30:58 [ultranest] [DEBUG] iteration=507, ncalls=597, regioncalls=23840, ndraw=40, logz=-862.59, remainder_fraction=100.0000%, Lmin=-855.43, Lmax=-64.28
23:30:59 [ultranest] [DEBUG] iteration=508, ncalls=599, regioncalls=23920, ndraw=40, logz=-862.13, remainder_fraction=100.0000%, Lmin=-854.24, Lmax=-64.28
23:30:59 [ultranest] [DEBUG] iteration=511, ncalls=602, regioncalls=24040, ndraw=40, logz=-860.27, remainder_fraction=100.0000%, Lmin=-852.82, Lmax=-64.28
23:30:59 [ultranest] [DEBUG] iteration=514, ncalls=607, regioncalls=24240, ndraw=40, logz=-858.54, remainder_fraction=100.0000%, Lmin=-850.82, Lmax=-64.28
23:30:59 [ultranest] [DEBUG] iteration=516, ncalls=612, regioncalls=24440, ndraw=40, logz=-856.80, remainder_fraction=100.0000%, Lmin=-847.12, Lmax=-64.28
23:30:59 [ultranest] [DEBUG] iteration=518, ncalls=616, regioncalls=24600, ndraw=40, logz=-853.90, remainder_fraction=100.0000%, Lmin=-846.22, Lmax=-64.28
23:30:59 [ultranest] [DEBUG] iteration=521, ncalls=619, regioncalls=24720, ndraw=40, logz=-844.46, remainder_fraction=100.0000%, Lmin=-836.54, Lmax=-64.28
23:31:00 [ultranest] [DEBUG] iteration=522, ncalls=621, regioncalls=24800, ndraw=40, logz=-843.65, remainder_fraction=100.0000%, Lmin=-833.08, Lmax=-64.28
23:31:00 [ultranest] [DEBUG] iteration=523, ncalls=622, regioncalls=24840, ndraw=40, logz=-840.73, remainder_fraction=100.0000%, Lmin=-832.87, Lmax=-64.28
23:31:00 [ultranest] [DEBUG] iteration=524, ncalls=623, regioncalls=24880, ndraw=40, logz=-839.96, remainder_fraction=100.0000%, Lmin=-831.47, Lmax=-64.28
23:31:00 [ultranest] [DEBUG] iteration=526, ncalls=626, regioncalls=25000, ndraw=40, logz=-836.19, remainder_fraction=100.0000%, Lmin=-828.54, Lmax=-64.28
23:31:00 [ultranest] [DEBUG] iteration=528, ncalls=628, regioncalls=25080, ndraw=40, logz=-834.90, remainder_fraction=100.0000%, Lmin=-827.21, Lmax=-64.28
23:31:00 [ultranest] [DEBUG] iteration=529, ncalls=629, regioncalls=25120, ndraw=40, logz=-834.22, remainder_fraction=100.0000%, Lmin=-826.26, Lmax=-64.28
23:31:01 [ultranest] [DEBUG] iteration=530, ncalls=630, regioncalls=25160, ndraw=40, logz=-833.39, remainder_fraction=100.0000%, Lmin=-825.27, Lmax=-64.28
23:31:01 [ultranest] [DEBUG] iteration=531, ncalls=632, regioncalls=25240, ndraw=40, logz=-832.47, remainder_fraction=100.0000%, Lmin=-824.37, Lmax=-64.28
23:31:01 [ultranest] [DEBUG] iteration=532, ncalls=634, regioncalls=25320, ndraw=40, logz=-831.56, remainder_fraction=100.0000%, Lmin=-821.65, Lmax=-64.28
23:31:01 [ultranest] [DEBUG] iteration=533, ncalls=637, regioncalls=25440, ndraw=40, logz=-829.26, remainder_fraction=100.0000%, Lmin=-820.27, Lmax=-64.28
23:31:01 [ultranest] [DEBUG] iteration=536, ncalls=640, regioncalls=25560, ndraw=40, logz=-824.44, remainder_fraction=100.0000%, Lmin=-815.31, Lmax=-64.28
23:31:02 [ultranest] [DEBUG] iteration=538, ncalls=645, regioncalls=25760, ndraw=40, logz=-821.36, remainder_fraction=100.0000%, Lmin=-813.88, Lmax=-64.28
23:31:02 [ultranest] [DEBUG] iteration=540, ncalls=648, regioncalls=25880, ndraw=40, logz=-818.48, remainder_fraction=100.0000%, Lmin=-810.85, Lmax=-64.28
23:31:02 [ultranest] [DEBUG] iteration=542, ncalls=651, regioncalls=26000, ndraw=40, logz=-817.20, remainder_fraction=100.0000%, Lmin=-809.21, Lmax=-64.28
23:31:02 [ultranest] [DEBUG] iteration=544, ncalls=654, regioncalls=26120, ndraw=40, logz=-815.02, remainder_fraction=100.0000%, Lmin=-805.53, Lmax=-64.28
23:31:02 [ultranest] [DEBUG] iteration=547, ncalls=657, regioncalls=26240, ndraw=40, logz=-810.85, remainder_fraction=100.0000%, Lmin=-801.85, Lmax=-64.28
23:31:02 [ultranest] [DEBUG] iteration=548, ncalls=659, regioncalls=26320, ndraw=40, logz=-809.32, remainder_fraction=100.0000%, Lmin=-799.33, Lmax=-64.28
23:31:02 [ultranest] [DEBUG] iteration=550, ncalls=662, regioncalls=26440, ndraw=40, logz=-806.09, remainder_fraction=100.0000%, Lmin=-798.41, Lmax=-64.28
23:31:03 [ultranest] [DEBUG] iteration=553, ncalls=665, regioncalls=26560, ndraw=40, logz=-804.26, remainder_fraction=100.0000%, Lmin=-795.64, Lmax=-64.28
23:31:03 [ultranest] [DEBUG] iteration=554, ncalls=668, regioncalls=26680, ndraw=40, logz=-803.02, remainder_fraction=100.0000%, Lmin=-788.45, Lmax=-64.28
23:31:03 [ultranest] [DEBUG] iteration=557, ncalls=671, regioncalls=26800, ndraw=40, logz=-793.95, remainder_fraction=100.0000%, Lmin=-786.35, Lmax=-64.28
23:31:03 [ultranest] [DEBUG] iteration=559, ncalls=673, regioncalls=26880, ndraw=40, logz=-792.91, remainder_fraction=100.0000%, Lmin=-782.49, Lmax=-64.28
23:31:03 [ultranest] [DEBUG] iteration=560, ncalls=674, regioncalls=26920, ndraw=40, logz=-790.16, remainder_fraction=100.0000%, Lmin=-781.93, Lmax=-64.28
23:31:03 [ultranest] [DEBUG] iteration=562, ncalls=676, regioncalls=27000, ndraw=40, logz=-788.54, remainder_fraction=100.0000%, Lmin=-780.53, Lmax=-64.28
23:31:03 [ultranest] [DEBUG] iteration=564, ncalls=678, regioncalls=27080, ndraw=40, logz=-787.17, remainder_fraction=100.0000%, Lmin=-779.24, Lmax=-64.28
23:31:03 [ultranest] [DEBUG] iteration=565, ncalls=679, regioncalls=27120, ndraw=40, logz=-786.37, remainder_fraction=100.0000%, Lmin=-776.61, Lmax=-64.28
23:31:04 [ultranest] [DEBUG] iteration=567, ncalls=681, regioncalls=27200, ndraw=40, logz=-783.50, remainder_fraction=100.0000%, Lmin=-774.00, Lmax=-64.28
23:31:04 [ultranest] [DEBUG] iteration=569, ncalls=684, regioncalls=27320, ndraw=40, logz=-780.46, remainder_fraction=100.0000%, Lmin=-772.90, Lmax=-64.28
23:31:04 [ultranest] [DEBUG] iteration=570, ncalls=688, regioncalls=27480, ndraw=40, logz=-779.85, remainder_fraction=100.0000%, Lmin=-771.95, Lmax=-64.28
23:31:04 [ultranest] [DEBUG] iteration=571, ncalls=689, regioncalls=27520, ndraw=40, logz=-779.07, remainder_fraction=100.0000%, Lmin=-771.17, Lmax=-64.28
23:31:04 [ultranest] [DEBUG] iteration=573, ncalls=691, regioncalls=27600, ndraw=40, logz=-776.23, remainder_fraction=100.0000%, Lmin=-768.14, Lmax=-64.28
23:31:04 [ultranest] [DEBUG] iteration=575, ncalls=694, regioncalls=27720, ndraw=40, logz=-774.69, remainder_fraction=100.0000%, Lmin=-767.51, Lmax=-64.28
23:31:05 [ultranest] [DEBUG] iteration=578, ncalls=697, regioncalls=27840, ndraw=40, logz=-773.59, remainder_fraction=100.0000%, Lmin=-766.96, Lmax=-64.28
23:31:05 [ultranest] [DEBUG] iteration=580, ncalls=700, regioncalls=27960, ndraw=40, logz=-773.06, remainder_fraction=100.0000%, Lmin=-766.15, Lmax=-64.28
23:31:05 [ultranest] [DEBUG] iteration=581, ncalls=701, regioncalls=28000, ndraw=40, logz=-772.70, remainder_fraction=100.0000%, Lmin=-764.46, Lmax=-64.28
23:31:05 [ultranest] [DEBUG] iteration=582, ncalls=703, regioncalls=28080, ndraw=40, logz=-771.72, remainder_fraction=100.0000%, Lmin=-763.66, Lmax=-64.28
23:31:05 [ultranest] [DEBUG] iteration=584, ncalls=705, regioncalls=28160, ndraw=40, logz=-768.73, remainder_fraction=100.0000%, Lmin=-760.70, Lmax=-64.28
23:31:05 [ultranest] [DEBUG] iteration=586, ncalls=707, regioncalls=28240, ndraw=40, logz=-765.73, remainder_fraction=100.0000%, Lmin=-757.83, Lmax=-64.28
23:31:05 [ultranest] [DEBUG] iteration=587, ncalls=709, regioncalls=28320, ndraw=40, logz=-764.96, remainder_fraction=100.0000%, Lmin=-757.13, Lmax=-64.28
23:31:05 [ultranest] [DEBUG] iteration=588, ncalls=710, regioncalls=28360, ndraw=40, logz=-764.22, remainder_fraction=100.0000%, Lmin=-756.98, Lmax=-64.28
23:31:05 [ultranest] [DEBUG] iteration=590, ncalls=712, regioncalls=28440, ndraw=40, logz=-763.32, remainder_fraction=100.0000%, Lmin=-755.92, Lmax=-64.28
23:31:06 [ultranest] [DEBUG] iteration=591, ncalls=714, regioncalls=28520, ndraw=40, logz=-762.78, remainder_fraction=100.0000%, Lmin=-755.18, Lmax=-64.28
23:31:06 [ultranest] [DEBUG] iteration=593, ncalls=717, regioncalls=28640, ndraw=40, logz=-761.74, remainder_fraction=100.0000%, Lmin=-754.91, Lmax=-64.28
23:31:06 [ultranest] [DEBUG] iteration=595, ncalls=720, regioncalls=28760, ndraw=40, logz=-761.14, remainder_fraction=100.0000%, Lmin=-754.40, Lmax=-64.28
23:31:06 [ultranest] [DEBUG] iteration=597, ncalls=722, regioncalls=28840, ndraw=40, logz=-760.16, remainder_fraction=100.0000%, Lmin=-751.71, Lmax=-64.28
23:31:06 [ultranest] [DEBUG] iteration=599, ncalls=725, regioncalls=28960, ndraw=40, logz=-758.49, remainder_fraction=100.0000%, Lmin=-751.08, Lmax=-64.28
23:31:06 [ultranest] [DEBUG] iteration=601, ncalls=727, regioncalls=29040, ndraw=40, logz=-756.56, remainder_fraction=100.0000%, Lmin=-748.63, Lmax=-64.28
23:31:06 [ultranest] [DEBUG] iteration=604, ncalls=730, regioncalls=29160, ndraw=40, logz=-754.59, remainder_fraction=100.0000%, Lmin=-747.29, Lmax=-64.28
23:31:07 [ultranest] [DEBUG] iteration=607, ncalls=734, regioncalls=29320, ndraw=40, logz=-752.54, remainder_fraction=100.0000%, Lmin=-744.29, Lmax=-64.28
23:31:07 [ultranest] [DEBUG] iteration=608, ncalls=736, regioncalls=29400, ndraw=40, logz=-751.57, remainder_fraction=100.0000%, Lmin=-744.10, Lmax=-64.28
23:31:07 [ultranest] [DEBUG] iteration=610, ncalls=739, regioncalls=29520, ndraw=40, logz=-749.93, remainder_fraction=100.0000%, Lmin=-741.51, Lmax=-64.28
23:31:07 [ultranest] [DEBUG] iteration=612, ncalls=741, regioncalls=29600, ndraw=40, logz=-747.41, remainder_fraction=100.0000%, Lmin=-739.68, Lmax=-64.28
23:31:07 [ultranest] [DEBUG] iteration=614, ncalls=743, regioncalls=29680, ndraw=40, logz=-744.27, remainder_fraction=100.0000%, Lmin=-735.61, Lmax=-64.28
23:31:07 [ultranest] [DEBUG] iteration=616, ncalls=747, regioncalls=29840, ndraw=40, logz=-742.30, remainder_fraction=100.0000%, Lmin=-732.70, Lmax=-64.28
23:31:07 [ultranest] [DEBUG] iteration=619, ncalls=750, regioncalls=29960, ndraw=40, logz=-738.57, remainder_fraction=100.0000%, Lmin=-731.08, Lmax=-64.28
23:31:08 [ultranest] [DEBUG] iteration=621, ncalls=753, regioncalls=30080, ndraw=40, logz=-737.34, remainder_fraction=100.0000%, Lmin=-728.19, Lmax=-64.28
23:31:08 [ultranest] [DEBUG] iteration=623, ncalls=756, regioncalls=30200, ndraw=40, logz=-735.13, remainder_fraction=100.0000%, Lmin=-725.00, Lmax=-64.28
23:31:08 [ultranest] [DEBUG] iteration=625, ncalls=759, regioncalls=30320, ndraw=40, logz=-731.60, remainder_fraction=100.0000%, Lmin=-723.70, Lmax=-64.28
23:31:08 [ultranest] [DEBUG] iteration=626, ncalls=763, regioncalls=30480, ndraw=40, logz=-730.84, remainder_fraction=100.0000%, Lmin=-723.06, Lmax=-64.28
23:31:08 [ultranest] [DEBUG] iteration=627, ncalls=764, regioncalls=30520, ndraw=40, logz=-730.14, remainder_fraction=100.0000%, Lmin=-722.90, Lmax=-64.28
23:31:08 [ultranest] [DEBUG] iteration=628, ncalls=766, regioncalls=30600, ndraw=40, logz=-729.68, remainder_fraction=100.0000%, Lmin=-722.14, Lmax=-64.28
23:31:09 [ultranest] [DEBUG] iteration=629, ncalls=768, regioncalls=30680, ndraw=40, logz=-729.10, remainder_fraction=100.0000%, Lmin=-720.44, Lmax=-64.28
23:31:09 [ultranest] [DEBUG] iteration=631, ncalls=770, regioncalls=30760, ndraw=40, logz=-726.29, remainder_fraction=100.0000%, Lmin=-717.22, Lmax=-64.28
23:31:09 [ultranest] [DEBUG] iteration=633, ncalls=773, regioncalls=30880, ndraw=40, logz=-724.04, remainder_fraction=100.0000%, Lmin=-716.89, Lmax=-64.28
23:31:09 [ultranest] [DEBUG] iteration=635, ncalls=775, regioncalls=30960, ndraw=40, logz=-723.07, remainder_fraction=100.0000%, Lmin=-716.04, Lmax=-64.28
23:31:10 [ultranest] [DEBUG] iteration=636, ncalls=779, regioncalls=31120, ndraw=40, logz=-722.68, remainder_fraction=100.0000%, Lmin=-714.59, Lmax=-64.28
23:31:10 [ultranest] [DEBUG] iteration=637, ncalls=785, regioncalls=31360, ndraw=40, logz=-721.82, remainder_fraction=100.0000%, Lmin=-713.30, Lmax=-64.28
23:31:10 [ultranest] [DEBUG] iteration=640, ncalls=789, regioncalls=31520, ndraw=40, logz=-719.72, remainder_fraction=100.0000%, Lmin=-712.92, Lmax=-64.28
23:31:10 [ultranest] [DEBUG] iteration=644, ncalls=793, regioncalls=31680, ndraw=40, logz=-717.96, remainder_fraction=100.0000%, Lmin=-711.17, Lmax=-64.28
23:31:10 [ultranest] [DEBUG] iteration=646, ncalls=797, regioncalls=31840, ndraw=40, logz=-717.31, remainder_fraction=100.0000%, Lmin=-709.45, Lmax=-64.28
23:31:10 [ultranest] [DEBUG] iteration=649, ncalls=801, regioncalls=32000, ndraw=40, logz=-715.38, remainder_fraction=100.0000%, Lmin=-708.24, Lmax=-64.28
23:31:10 [ultranest] [DEBUG] iteration=652, ncalls=806, regioncalls=32200, ndraw=40, logz=-714.15, remainder_fraction=100.0000%, Lmin=-706.42, Lmax=-64.28
23:31:11 [ultranest] [DEBUG] iteration=654, ncalls=809, regioncalls=32320, ndraw=40, logz=-712.24, remainder_fraction=100.0000%, Lmin=-703.66, Lmax=-64.28
23:31:11 [ultranest] [DEBUG] iteration=656, ncalls=812, regioncalls=32440, ndraw=40, logz=-710.25, remainder_fraction=100.0000%, Lmin=-702.75, Lmax=-64.28
23:31:11 [ultranest] [DEBUG] iteration=659, ncalls=815, regioncalls=32560, ndraw=40, logz=-708.93, remainder_fraction=100.0000%, Lmin=-702.16, Lmax=-64.28
23:31:11 [ultranest] [DEBUG] iteration=662, ncalls=820, regioncalls=32760, ndraw=40, logz=-704.89, remainder_fraction=100.0000%, Lmin=-697.08, Lmax=-64.28
23:31:11 [ultranest] [DEBUG] iteration=664, ncalls=824, regioncalls=32920, ndraw=40, logz=-703.71, remainder_fraction=100.0000%, Lmin=-695.95, Lmax=-64.28
23:31:11 [ultranest] [DEBUG] iteration=666, ncalls=826, regioncalls=33000, ndraw=40, logz=-702.50, remainder_fraction=100.0000%, Lmin=-695.36, Lmax=-64.28
23:31:11 [ultranest] [DEBUG] iteration=667, ncalls=827, regioncalls=33040, ndraw=40, logz=-702.08, remainder_fraction=100.0000%, Lmin=-694.93, Lmax=-64.28
23:31:12 [ultranest] [DEBUG] iteration=669, ncalls=829, regioncalls=33120, ndraw=40, logz=-701.16, remainder_fraction=100.0000%, Lmin=-693.53, Lmax=-64.28
23:31:12 [ultranest] [DEBUG] iteration=672, ncalls=834, regioncalls=33320, ndraw=40, logz=-699.56, remainder_fraction=100.0000%, Lmin=-692.54, Lmax=-64.28
23:31:12 [ultranest] [DEBUG] iteration=675, ncalls=837, regioncalls=33440, ndraw=40, logz=-697.56, remainder_fraction=100.0000%, Lmin=-688.81, Lmax=-64.28
23:31:12 [ultranest] [DEBUG] iteration=676, ncalls=838, regioncalls=33480, ndraw=40, logz=-696.28, remainder_fraction=100.0000%, Lmin=-688.73, Lmax=-64.28
23:31:12 [ultranest] [DEBUG] iteration=680, ncalls=842, regioncalls=33640, ndraw=40, logz=-693.52, remainder_fraction=100.0000%, Lmin=-685.51, Lmax=-64.28
23:31:12 [ultranest] [DEBUG] iteration=681, ncalls=846, regioncalls=33800, ndraw=40, logz=-692.72, remainder_fraction=100.0000%, Lmin=-685.29, Lmax=-64.28
23:31:12 [ultranest] [DEBUG] iteration=683, ncalls=850, regioncalls=33960, ndraw=40, logz=-691.37, remainder_fraction=100.0000%, Lmin=-683.74, Lmax=-64.28
23:31:12 [ultranest] [DEBUG] iteration=685, ncalls=854, regioncalls=34120, ndraw=40, logz=-689.96, remainder_fraction=100.0000%, Lmin=-681.32, Lmax=-64.28
23:31:13 [ultranest] [DEBUG] iteration=688, ncalls=858, regioncalls=34280, ndraw=40, logz=-686.69, remainder_fraction=100.0000%, Lmin=-679.13, Lmax=-64.28
23:31:13 [ultranest] [DEBUG] iteration=691, ncalls=863, regioncalls=34480, ndraw=40, logz=-685.41, remainder_fraction=100.0000%, Lmin=-678.84, Lmax=-64.28
23:31:13 [ultranest] [DEBUG] iteration=692, ncalls=866, regioncalls=34600, ndraw=40, logz=-685.16, remainder_fraction=100.0000%, Lmin=-678.69, Lmax=-64.28
23:31:13 [ultranest] [DEBUG] iteration=694, ncalls=869, regioncalls=34720, ndraw=40, logz=-684.73, remainder_fraction=100.0000%, Lmin=-677.58, Lmax=-64.28
23:31:13 [ultranest] [DEBUG] iteration=695, ncalls=870, regioncalls=34760, ndraw=40, logz=-684.31, remainder_fraction=100.0000%, Lmin=-674.97, Lmax=-64.28
23:31:13 [ultranest] [DEBUG] iteration=696, ncalls=873, regioncalls=34880, ndraw=40, logz=-682.58, remainder_fraction=100.0000%, Lmin=-673.24, Lmax=-64.28
23:31:14 [ultranest] [DEBUG] iteration=699, ncalls=878, regioncalls=35080, ndraw=40, logz=-678.95, remainder_fraction=100.0000%, Lmin=-670.69, Lmax=-64.28
23:31:14 [ultranest] [DEBUG] iteration=702, ncalls=881, regioncalls=35200, ndraw=40, logz=-676.27, remainder_fraction=100.0000%, Lmin=-668.88, Lmax=-64.28
23:31:14 [ultranest] [DEBUG] iteration=705, ncalls=884, regioncalls=35320, ndraw=40, logz=-675.11, remainder_fraction=100.0000%, Lmin=-668.26, Lmax=-64.28
23:31:14 [ultranest] [DEBUG] iteration=707, ncalls=889, regioncalls=35520, ndraw=40, logz=-670.89, remainder_fraction=100.0000%, Lmin=-661.93, Lmax=-64.28
23:31:14 [ultranest] [DEBUG] iteration=709, ncalls=892, regioncalls=35640, ndraw=40, logz=-668.68, remainder_fraction=100.0000%, Lmin=-660.97, Lmax=-64.28
23:31:14 [ultranest] [DEBUG] iteration=711, ncalls=897, regioncalls=35840, ndraw=40, logz=-667.19, remainder_fraction=100.0000%, Lmin=-659.75, Lmax=-64.28
23:31:14 [ultranest] [DEBUG] iteration=713, ncalls=899, regioncalls=35920, ndraw=40, logz=-666.27, remainder_fraction=100.0000%, Lmin=-659.51, Lmax=-64.28
23:31:15 [ultranest] [DEBUG] iteration=714, ncalls=903, regioncalls=36080, ndraw=40, logz=-665.97, remainder_fraction=100.0000%, Lmin=-657.11, Lmax=-64.28
23:31:15 [ultranest] [DEBUG] iteration=716, ncalls=905, regioncalls=36160, ndraw=40, logz=-663.99, remainder_fraction=100.0000%, Lmin=-656.81, Lmax=-64.28
23:31:15 [ultranest] [DEBUG] iteration=717, ncalls=908, regioncalls=36280, ndraw=40, logz=-663.57, remainder_fraction=100.0000%, Lmin=-654.95, Lmax=-64.28
23:31:16 [ultranest] [DEBUG] iteration=718, ncalls=909, regioncalls=36320, ndraw=40, logz=-662.40, remainder_fraction=100.0000%, Lmin=-654.51, Lmax=-64.28
23:31:16 [ultranest] [DEBUG] iteration=719, ncalls=911, regioncalls=36400, ndraw=40, logz=-661.67, remainder_fraction=100.0000%, Lmin=-653.83, Lmax=-64.28
23:31:16 [ultranest] [DEBUG] iteration=723, ncalls=915, regioncalls=36560, ndraw=40, logz=-657.71, remainder_fraction=100.0000%, Lmin=-649.26, Lmax=-64.28
23:31:16 [ultranest] [DEBUG] iteration=725, ncalls=919, regioncalls=36720, ndraw=40, logz=-656.12, remainder_fraction=100.0000%, Lmin=-648.85, Lmax=-64.28
23:31:16 [ultranest] [DEBUG] iteration=729, ncalls=924, regioncalls=36920, ndraw=40, logz=-654.76, remainder_fraction=100.0000%, Lmin=-648.00, Lmax=-64.28
23:31:16 [ultranest] [DEBUG] iteration=732, ncalls=930, regioncalls=37160, ndraw=40, logz=-653.64, remainder_fraction=100.0000%, Lmin=-644.66, Lmax=-64.28
23:31:16 [ultranest] [DEBUG] iteration=734, ncalls=932, regioncalls=37240, ndraw=40, logz=-651.33, remainder_fraction=100.0000%, Lmin=-643.89, Lmax=-64.28
23:31:17 [ultranest] [DEBUG] iteration=736, ncalls=937, regioncalls=37440, ndraw=40, logz=-650.44, remainder_fraction=100.0000%, Lmin=-643.65, Lmax=-64.28
23:31:17 [ultranest] [DEBUG] iteration=739, ncalls=943, regioncalls=37680, ndraw=40, logz=-649.54, remainder_fraction=100.0000%, Lmin=-642.99, Lmax=-64.28
23:31:17 [ultranest] [DEBUG] iteration=740, ncalls=946, regioncalls=37800, ndraw=40, logz=-649.30, remainder_fraction=100.0000%, Lmin=-640.57, Lmax=-64.28
23:31:17 [ultranest] [DEBUG] iteration=742, ncalls=949, regioncalls=37920, ndraw=40, logz=-646.70, remainder_fraction=100.0000%, Lmin=-635.74, Lmax=-64.28
23:31:17 [ultranest] [DEBUG] iteration=744, ncalls=954, regioncalls=38120, ndraw=40, logz=-642.58, remainder_fraction=100.0000%, Lmin=-634.10, Lmax=-64.28
23:31:17 [ultranest] [DEBUG] iteration=746, ncalls=958, regioncalls=38280, ndraw=40, logz=-640.69, remainder_fraction=100.0000%, Lmin=-632.32, Lmax=-64.28
23:31:18 [ultranest] [DEBUG] iteration=748, ncalls=962, regioncalls=38440, ndraw=40, logz=-639.21, remainder_fraction=100.0000%, Lmin=-631.91, Lmax=-64.28
23:31:18 [ultranest] [DEBUG] iteration=749, ncalls=966, regioncalls=38600, ndraw=40, logz=-638.75, remainder_fraction=100.0000%, Lmin=-631.63, Lmax=-64.28
23:31:18 [ultranest] [DEBUG] iteration=750, ncalls=971, regioncalls=38800, ndraw=40, logz=-638.36, remainder_fraction=100.0000%, Lmin=-630.99, Lmax=-64.28
23:31:18 [ultranest] [DEBUG] iteration=752, ncalls=973, regioncalls=38880, ndraw=40, logz=-637.22, remainder_fraction=100.0000%, Lmin=-629.23, Lmax=-64.28
23:31:18 [ultranest] [DEBUG] iteration=753, ncalls=976, regioncalls=39000, ndraw=40, logz=-636.45, remainder_fraction=100.0000%, Lmin=-628.83, Lmax=-64.28
23:31:19 [ultranest] [DEBUG] iteration=757, ncalls=981, regioncalls=39200, ndraw=40, logz=-633.61, remainder_fraction=100.0000%, Lmin=-625.51, Lmax=-64.28
23:31:19 [ultranest] [DEBUG] iteration=760, ncalls=984, regioncalls=39320, ndraw=40, logz=-631.05, remainder_fraction=100.0000%, Lmin=-623.52, Lmax=-64.28
23:31:19 [ultranest] [DEBUG] iteration=762, ncalls=990, regioncalls=39560, ndraw=40, logz=-630.14, remainder_fraction=100.0000%, Lmin=-622.95, Lmax=-64.28
23:31:19 [ultranest] [DEBUG] iteration=764, ncalls=994, regioncalls=39720, ndraw=40, logz=-629.07, remainder_fraction=100.0000%, Lmin=-621.19, Lmax=-64.28
23:31:19 [ultranest] [DEBUG] iteration=768, ncalls=998, regioncalls=39880, ndraw=40, logz=-626.04, remainder_fraction=100.0000%, Lmin=-617.79, Lmax=-64.28
23:31:19 [ultranest] [DEBUG] iteration=771, ncalls=1003, regioncalls=40080, ndraw=40, logz=-621.75, remainder_fraction=100.0000%, Lmin=-613.52, Lmax=-64.28
23:31:19 [ultranest] [DEBUG] iteration=773, ncalls=1005, regioncalls=40160, ndraw=40, logz=-619.99, remainder_fraction=100.0000%, Lmin=-611.99, Lmax=-64.28
23:31:19 [ultranest] [DEBUG] iteration=774, ncalls=1006, regioncalls=40200, ndraw=40, logz=-619.23, remainder_fraction=100.0000%, Lmin=-611.75, Lmax=-64.28
23:31:20 [ultranest] [DEBUG] iteration=777, ncalls=1009, regioncalls=40320, ndraw=40, logz=-617.42, remainder_fraction=100.0000%, Lmin=-610.10, Lmax=-64.28
23:31:20 [ultranest] [DEBUG] iteration=779, ncalls=1014, regioncalls=40520, ndraw=40, logz=-616.38, remainder_fraction=100.0000%, Lmin=-608.98, Lmax=-64.28
23:31:20 [ultranest] [DEBUG] iteration=780, ncalls=1017, regioncalls=40640, ndraw=40, logz=-615.89, remainder_fraction=100.0000%, Lmin=-607.72, Lmax=-64.28
23:31:20 [ultranest] [DEBUG] iteration=783, ncalls=1021, regioncalls=40800, ndraw=40, logz=-609.47, remainder_fraction=100.0000%, Lmin=-601.45, Lmax=-64.28
23:31:20 [ultranest] [DEBUG] iteration=786, ncalls=1025, regioncalls=40960, ndraw=40, logz=-606.14, remainder_fraction=100.0000%, Lmin=-597.61, Lmax=-64.28
23:31:21 [ultranest] [DEBUG] iteration=788, ncalls=1030, regioncalls=41160, ndraw=40, logz=-604.27, remainder_fraction=100.0000%, Lmin=-596.75, Lmax=-64.28
23:31:21 [ultranest] [DEBUG] iteration=790, ncalls=1032, regioncalls=41240, ndraw=40, logz=-603.30, remainder_fraction=100.0000%, Lmin=-596.32, Lmax=-64.28
23:31:21 [ultranest] [DEBUG] iteration=792, ncalls=1035, regioncalls=41360, ndraw=40, logz=-602.32, remainder_fraction=100.0000%, Lmin=-594.97, Lmax=-64.28
23:31:21 [ultranest] [DEBUG] iteration=793, ncalls=1039, regioncalls=41520, ndraw=40, logz=-601.85, remainder_fraction=100.0000%, Lmin=-594.00, Lmax=-64.28
23:31:21 [ultranest] [DEBUG] iteration=795, ncalls=1042, regioncalls=41640, ndraw=40, logz=-600.49, remainder_fraction=100.0000%, Lmin=-593.24, Lmax=-64.28
23:31:21 [ultranest] [DEBUG] iteration=796, ncalls=1045, regioncalls=41760, ndraw=40, logz=-600.07, remainder_fraction=100.0000%, Lmin=-592.94, Lmax=-64.28
23:31:22 [ultranest] [DEBUG] iteration=798, ncalls=1047, regioncalls=41840, ndraw=40, logz=-599.37, remainder_fraction=100.0000%, Lmin=-592.29, Lmax=-64.28
23:31:22 [ultranest] [DEBUG] iteration=800, ncalls=1050, regioncalls=41960, ndraw=40, logz=-597.47, remainder_fraction=100.0000%, Lmin=-588.68, Lmax=-64.28
23:31:22 [ultranest] [DEBUG] iteration=802, ncalls=1053, regioncalls=42080, ndraw=40, logz=-595.15, remainder_fraction=100.0000%, Lmin=-587.55, Lmax=-64.28
23:31:22 [ultranest] [DEBUG] iteration=804, ncalls=1056, regioncalls=42200, ndraw=40, logz=-593.99, remainder_fraction=100.0000%, Lmin=-586.33, Lmax=-64.28
23:31:22 [ultranest] [DEBUG] iteration=805, ncalls=1060, regioncalls=42360, ndraw=40, logz=-593.41, remainder_fraction=100.0000%, Lmin=-586.17, Lmax=-64.28
23:31:22 [ultranest] [DEBUG] iteration=806, ncalls=1061, regioncalls=42400, ndraw=40, logz=-592.98, remainder_fraction=100.0000%, Lmin=-586.13, Lmax=-64.28
23:31:22 [ultranest] [DEBUG] iteration=808, ncalls=1063, regioncalls=42480, ndraw=40, logz=-592.32, remainder_fraction=100.0000%, Lmin=-582.71, Lmax=-64.28
23:31:22 [ultranest] [DEBUG] iteration=810, ncalls=1067, regioncalls=42640, ndraw=40, logz=-589.61, remainder_fraction=100.0000%, Lmin=-582.30, Lmax=-64.28
23:31:23 [ultranest] [DEBUG] iteration=814, ncalls=1073, regioncalls=42880, ndraw=40, logz=-587.75, remainder_fraction=100.0000%, Lmin=-579.89, Lmax=-64.28
23:31:23 [ultranest] [DEBUG] iteration=816, ncalls=1076, regioncalls=43000, ndraw=40, logz=-586.65, remainder_fraction=100.0000%, Lmin=-579.68, Lmax=-64.28
23:31:23 [ultranest] [DEBUG] iteration=820, ncalls=1082, regioncalls=43240, ndraw=40, logz=-584.26, remainder_fraction=100.0000%, Lmin=-575.87, Lmax=-64.28
23:31:23 [ultranest] [DEBUG] iteration=821, ncalls=1085, regioncalls=43360, ndraw=40, logz=-583.29, remainder_fraction=100.0000%, Lmin=-574.67, Lmax=-64.28
23:31:23 [ultranest] [DEBUG] iteration=825, ncalls=1090, regioncalls=43560, ndraw=40, logz=-579.33, remainder_fraction=100.0000%, Lmin=-571.24, Lmax=-64.28
23:31:23 [ultranest] [DEBUG] iteration=826, ncalls=1092, regioncalls=43640, ndraw=40, logz=-578.53, remainder_fraction=100.0000%, Lmin=-570.60, Lmax=-64.28
23:31:23 [ultranest] [DEBUG] iteration=827, ncalls=1094, regioncalls=43720, ndraw=40, logz=-577.82, remainder_fraction=100.0000%, Lmin=-570.35, Lmax=-64.28
23:31:24 [ultranest] [DEBUG] iteration=829, ncalls=1098, regioncalls=43880, ndraw=40, logz=-576.95, remainder_fraction=100.0000%, Lmin=-570.24, Lmax=-64.28
23:31:24 [ultranest] [DEBUG] iteration=832, ncalls=1101, regioncalls=44000, ndraw=40, logz=-576.20, remainder_fraction=100.0000%, Lmin=-568.96, Lmax=-64.28
23:31:24 [ultranest] [DEBUG] iteration=833, ncalls=1105, regioncalls=44160, ndraw=40, logz=-575.78, remainder_fraction=100.0000%, Lmin=-568.90, Lmax=-64.28
23:31:24 [ultranest] [DEBUG] iteration=834, ncalls=1106, regioncalls=44200, ndraw=40, logz=-575.47, remainder_fraction=100.0000%, Lmin=-566.21, Lmax=-64.28
23:31:24 [ultranest] [DEBUG] iteration=836, ncalls=1108, regioncalls=44280, ndraw=40, logz=-572.94, remainder_fraction=100.0000%, Lmin=-565.49, Lmax=-64.28
23:31:24 [ultranest] [DEBUG] iteration=838, ncalls=1110, regioncalls=44360, ndraw=40, logz=-571.85, remainder_fraction=100.0000%, Lmin=-564.00, Lmax=-64.28
23:31:24 [ultranest] [DEBUG] iteration=840, ncalls=1113, regioncalls=44480, ndraw=40, logz=-570.64, remainder_fraction=100.0000%, Lmin=-563.52, Lmax=-64.28
23:31:25 [ultranest] [DEBUG] iteration=841, ncalls=1115, regioncalls=44560, ndraw=40, logz=-570.26, remainder_fraction=100.0000%, Lmin=-563.19, Lmax=-64.28
23:31:25 [ultranest] [DEBUG] iteration=843, ncalls=1119, regioncalls=44720, ndraw=40, logz=-569.54, remainder_fraction=100.0000%, Lmin=-562.39, Lmax=-64.28
23:31:25 [ultranest] [DEBUG] iteration=845, ncalls=1122, regioncalls=44840, ndraw=40, logz=-568.87, remainder_fraction=100.0000%, Lmin=-562.01, Lmax=-64.28
23:31:25 [ultranest] [DEBUG] iteration=848, ncalls=1125, regioncalls=44960, ndraw=40, logz=-564.88, remainder_fraction=100.0000%, Lmin=-557.59, Lmax=-64.28
23:31:26 [ultranest] [DEBUG] iteration=849, ncalls=1131, regioncalls=45200, ndraw=40, logz=-564.45, remainder_fraction=100.0000%, Lmin=-557.28, Lmax=-64.28
23:31:26 [ultranest] [DEBUG] iteration=850, ncalls=1133, regioncalls=45280, ndraw=40, logz=-564.06, remainder_fraction=100.0000%, Lmin=-557.21, Lmax=-64.28
23:31:26 [ultranest] [DEBUG] iteration=851, ncalls=1134, regioncalls=45320, ndraw=40, logz=-563.76, remainder_fraction=100.0000%, Lmin=-556.79, Lmax=-64.28
23:31:26 [ultranest] [DEBUG] iteration=853, ncalls=1137, regioncalls=45440, ndraw=40, logz=-563.17, remainder_fraction=100.0000%, Lmin=-556.44, Lmax=-64.28
23:31:27 [ultranest] [DEBUG] iteration=854, ncalls=1141, regioncalls=45600, ndraw=40, logz=-562.90, remainder_fraction=100.0000%, Lmin=-556.23, Lmax=-64.28
23:31:27 [ultranest] [DEBUG] iteration=855, ncalls=1145, regioncalls=45760, ndraw=40, logz=-562.65, remainder_fraction=100.0000%, Lmin=-555.94, Lmax=-64.28
23:31:27 [ultranest] [DEBUG] iteration=857, ncalls=1149, regioncalls=45920, ndraw=40, logz=-562.10, remainder_fraction=100.0000%, Lmin=-555.58, Lmax=-64.28
23:31:27 [ultranest] [DEBUG] iteration=859, ncalls=1152, regioncalls=46040, ndraw=40, logz=-561.44, remainder_fraction=100.0000%, Lmin=-553.04, Lmax=-64.28
23:31:27 [ultranest] [DEBUG] iteration=860, ncalls=1155, regioncalls=46160, ndraw=40, logz=-560.48, remainder_fraction=100.0000%, Lmin=-552.98, Lmax=-64.28
23:31:27 [ultranest] [DEBUG] iteration=862, ncalls=1158, regioncalls=46280, ndraw=40, logz=-559.61, remainder_fraction=100.0000%, Lmin=-552.19, Lmax=-64.28
23:31:28 [ultranest] [DEBUG] iteration=863, ncalls=1161, regioncalls=46400, ndraw=40, logz=-559.14, remainder_fraction=100.0000%, Lmin=-551.65, Lmax=-64.28
23:31:28 [ultranest] [DEBUG] iteration=866, ncalls=1164, regioncalls=46520, ndraw=40, logz=-557.47, remainder_fraction=100.0000%, Lmin=-549.59, Lmax=-64.28
23:31:28 [ultranest] [DEBUG] iteration=868, ncalls=1167, regioncalls=46640, ndraw=40, logz=-556.36, remainder_fraction=100.0000%, Lmin=-548.78, Lmax=-64.28
23:31:28 [ultranest] [DEBUG] iteration=869, ncalls=1170, regioncalls=46760, ndraw=40, logz=-555.82, remainder_fraction=100.0000%, Lmin=-547.85, Lmax=-64.28
23:31:28 [ultranest] [DEBUG] iteration=871, ncalls=1174, regioncalls=46920, ndraw=40, logz=-554.65, remainder_fraction=100.0000%, Lmin=-546.82, Lmax=-64.28
23:31:28 [ultranest] [DEBUG] iteration=873, ncalls=1176, regioncalls=47000, ndraw=40, logz=-553.09, remainder_fraction=100.0000%, Lmin=-544.94, Lmax=-64.28
23:31:28 [ultranest] [DEBUG] iteration=876, ncalls=1180, regioncalls=47160, ndraw=40, logz=-551.45, remainder_fraction=100.0000%, Lmin=-544.08, Lmax=-64.28
23:31:28 [ultranest] [DEBUG] iteration=877, ncalls=1181, regioncalls=47200, ndraw=40, logz=-551.00, remainder_fraction=100.0000%, Lmin=-543.76, Lmax=-64.28
23:31:29 [ultranest] [DEBUG] iteration=879, ncalls=1184, regioncalls=47320, ndraw=40, logz=-549.83, remainder_fraction=100.0000%, Lmin=-542.44, Lmax=-64.28
23:31:29 [ultranest] [DEBUG] iteration=881, ncalls=1187, regioncalls=47440, ndraw=40, logz=-548.84, remainder_fraction=100.0000%, Lmin=-540.73, Lmax=-64.28
23:31:29 [ultranest] [DEBUG] iteration=882, ncalls=1189, regioncalls=47520, ndraw=40, logz=-548.05, remainder_fraction=100.0000%, Lmin=-539.98, Lmax=-64.28
23:31:29 [ultranest] [DEBUG] iteration=883, ncalls=1190, regioncalls=47560, ndraw=40, logz=-547.29, remainder_fraction=100.0000%, Lmin=-539.85, Lmax=-64.28
23:31:29 [ultranest] [DEBUG] iteration=884, ncalls=1191, regioncalls=47600, ndraw=40, logz=-546.81, remainder_fraction=100.0000%, Lmin=-539.62, Lmax=-64.28
23:31:29 [ultranest] [DEBUG] iteration=886, ncalls=1194, regioncalls=47720, ndraw=40, logz=-545.99, remainder_fraction=100.0000%, Lmin=-537.85, Lmax=-64.28
23:31:30 [ultranest] [DEBUG] iteration=887, ncalls=1196, regioncalls=47800, ndraw=40, logz=-545.19, remainder_fraction=100.0000%, Lmin=-536.74, Lmax=-64.28
23:31:30 [ultranest] [DEBUG] iteration=889, ncalls=1200, regioncalls=47960, ndraw=40, logz=-543.59, remainder_fraction=100.0000%, Lmin=-536.27, Lmax=-64.28
23:31:30 [ultranest] [DEBUG] iteration=890, ncalls=1202, regioncalls=48040, ndraw=40, logz=-543.16, remainder_fraction=100.0000%, Lmin=-535.33, Lmax=-64.28
23:31:30 [ultranest] [DEBUG] iteration=893, ncalls=1205, regioncalls=48160, ndraw=40, logz=-541.59, remainder_fraction=100.0000%, Lmin=-534.24, Lmax=-64.28
23:31:30 [ultranest] [DEBUG] iteration=894, ncalls=1209, regioncalls=48320, ndraw=40, logz=-541.15, remainder_fraction=100.0000%, Lmin=-534.01, Lmax=-64.28
23:31:31 [ultranest] [DEBUG] iteration=895, ncalls=1211, regioncalls=48400, ndraw=40, logz=-540.78, remainder_fraction=100.0000%, Lmin=-533.98, Lmax=-64.28
23:31:31 [ultranest] [DEBUG] iteration=896, ncalls=1212, regioncalls=48440, ndraw=40, logz=-540.50, remainder_fraction=100.0000%, Lmin=-533.93, Lmax=-64.28
23:31:31 [ultranest] [DEBUG] iteration=897, ncalls=1214, regioncalls=48520, ndraw=40, logz=-540.27, remainder_fraction=100.0000%, Lmin=-533.60, Lmax=-64.28
23:31:31 [ultranest] [DEBUG] iteration=900, ncalls=1217, regioncalls=48640, ndraw=40, logz=-539.53, remainder_fraction=100.0000%, Lmin=-533.04, Lmax=-64.28
23:31:31 [ultranest] [DEBUG] iteration=902, ncalls=1220, regioncalls=48760, ndraw=40, logz=-539.04, remainder_fraction=100.0000%, Lmin=-531.45, Lmax=-64.28
23:31:31 [ultranest] [DEBUG] iteration=904, ncalls=1223, regioncalls=48880, ndraw=40, logz=-537.82, remainder_fraction=100.0000%, Lmin=-529.72, Lmax=-64.28
23:31:32 [ultranest] [DEBUG] iteration=907, ncalls=1226, regioncalls=49000, ndraw=40, logz=-536.23, remainder_fraction=100.0000%, Lmin=-529.16, Lmax=-64.28
23:31:32 [ultranest] [DEBUG] iteration=909, ncalls=1229, regioncalls=49120, ndraw=40, logz=-535.54, remainder_fraction=100.0000%, Lmin=-527.37, Lmax=-64.28
23:31:32 [ultranest] [DEBUG] iteration=911, ncalls=1232, regioncalls=49240, ndraw=40, logz=-534.06, remainder_fraction=100.0000%, Lmin=-526.81, Lmax=-64.28
23:31:32 [ultranest] [DEBUG] iteration=912, ncalls=1234, regioncalls=49320, ndraw=40, logz=-533.65, remainder_fraction=100.0000%, Lmin=-526.79, Lmax=-64.28
23:31:32 [ultranest] [DEBUG] iteration=913, ncalls=1240, regioncalls=49560, ndraw=40, logz=-533.36, remainder_fraction=100.0000%, Lmin=-526.67, Lmax=-64.28
23:31:32 [ultranest] [DEBUG] iteration=915, ncalls=1244, regioncalls=49720, ndraw=40, logz=-532.47, remainder_fraction=100.0000%, Lmin=-523.37, Lmax=-64.28
23:31:32 [ultranest] [DEBUG] iteration=917, ncalls=1246, regioncalls=49800, ndraw=40, logz=-530.24, remainder_fraction=100.0000%, Lmin=-522.65, Lmax=-64.28
23:31:33 [ultranest] [DEBUG] iteration=918, ncalls=1248, regioncalls=49880, ndraw=40, logz=-529.71, remainder_fraction=100.0000%, Lmin=-522.55, Lmax=-64.28
23:31:33 [ultranest] [DEBUG] iteration=920, ncalls=1250, regioncalls=49960, ndraw=40, logz=-529.01, remainder_fraction=100.0000%, Lmin=-522.09, Lmax=-64.28
23:31:33 [ultranest] [DEBUG] iteration=921, ncalls=1251, regioncalls=50000, ndraw=40, logz=-528.71, remainder_fraction=100.0000%, Lmin=-522.01, Lmax=-64.28
23:31:33 [ultranest] [DEBUG] iteration=922, ncalls=1254, regioncalls=50120, ndraw=40, logz=-528.46, remainder_fraction=100.0000%, Lmin=-521.11, Lmax=-64.28
23:31:33 [ultranest] [DEBUG] iteration=923, ncalls=1256, regioncalls=50200, ndraw=40, logz=-528.02, remainder_fraction=100.0000%, Lmin=-521.05, Lmax=-64.28
23:31:33 [ultranest] [DEBUG] iteration=924, ncalls=1258, regioncalls=50280, ndraw=40, logz=-527.71, remainder_fraction=100.0000%, Lmin=-520.03, Lmax=-64.28
23:31:33 [ultranest] [DEBUG] iteration=926, ncalls=1260, regioncalls=50360, ndraw=40, logz=-526.65, remainder_fraction=100.0000%, Lmin=-519.64, Lmax=-64.28
23:31:34 [ultranest] [DEBUG] iteration=928, ncalls=1262, regioncalls=50440, ndraw=40, logz=-525.57, remainder_fraction=100.0000%, Lmin=-517.53, Lmax=-64.28
23:31:34 [ultranest] [DEBUG] iteration=930, ncalls=1267, regioncalls=50640, ndraw=40, logz=-524.36, remainder_fraction=100.0000%, Lmin=-516.99, Lmax=-64.28
23:31:34 [ultranest] [DEBUG] iteration=933, ncalls=1271, regioncalls=50800, ndraw=40, logz=-523.25, remainder_fraction=100.0000%, Lmin=-516.26, Lmax=-64.28
23:31:34 [ultranest] [DEBUG] iteration=936, ncalls=1276, regioncalls=51000, ndraw=40, logz=-521.64, remainder_fraction=100.0000%, Lmin=-513.77, Lmax=-64.28
23:31:34 [ultranest] [DEBUG] iteration=938, ncalls=1281, regioncalls=51200, ndraw=40, logz=-520.54, remainder_fraction=100.0000%, Lmin=-513.27, Lmax=-64.28
23:31:34 [ultranest] [DEBUG] iteration=941, ncalls=1286, regioncalls=51400, ndraw=40, logz=-519.46, remainder_fraction=100.0000%, Lmin=-512.66, Lmax=-64.28
23:31:34 [ultranest] [DEBUG] iteration=944, ncalls=1289, regioncalls=51520, ndraw=40, logz=-518.71, remainder_fraction=100.0000%, Lmin=-512.29, Lmax=-64.28
23:31:35 [ultranest] [DEBUG] iteration=946, ncalls=1293, regioncalls=51680, ndraw=40, logz=-518.09, remainder_fraction=100.0000%, Lmin=-510.96, Lmax=-64.28
23:31:35 [ultranest] [DEBUG] iteration=948, ncalls=1298, regioncalls=51880, ndraw=40, logz=-517.25, remainder_fraction=100.0000%, Lmin=-510.21, Lmax=-64.28
23:31:35 [ultranest] [DEBUG] iteration=951, ncalls=1301, regioncalls=52000, ndraw=40, logz=-516.26, remainder_fraction=100.0000%, Lmin=-509.65, Lmax=-64.28
23:31:35 [ultranest] [DEBUG] iteration=952, ncalls=1303, regioncalls=52080, ndraw=40, logz=-516.04, remainder_fraction=100.0000%, Lmin=-509.54, Lmax=-64.28
23:31:35 [ultranest] [DEBUG] iteration=955, ncalls=1306, regioncalls=52200, ndraw=40, logz=-515.42, remainder_fraction=100.0000%, Lmin=-508.36, Lmax=-64.28
23:31:35 [ultranest] [DEBUG] iteration=956, ncalls=1308, regioncalls=52280, ndraw=40, logz=-515.08, remainder_fraction=100.0000%, Lmin=-508.13, Lmax=-64.28
23:31:36 [ultranest] [DEBUG] iteration=959, ncalls=1315, regioncalls=52560, ndraw=40, logz=-514.30, remainder_fraction=100.0000%, Lmin=-507.09, Lmax=-64.28
23:31:36 [ultranest] [DEBUG] iteration=960, ncalls=1316, regioncalls=52600, ndraw=40, logz=-513.92, remainder_fraction=100.0000%, Lmin=-506.99, Lmax=-64.28
23:31:36 [ultranest] [DEBUG] iteration=961, ncalls=1318, regioncalls=52680, ndraw=40, logz=-513.62, remainder_fraction=100.0000%, Lmin=-506.96, Lmax=-64.28
23:31:36 [ultranest] [DEBUG] iteration=962, ncalls=1319, regioncalls=52720, ndraw=40, logz=-513.38, remainder_fraction=100.0000%, Lmin=-506.94, Lmax=-64.28
23:31:36 [ultranest] [DEBUG] iteration=964, ncalls=1324, regioncalls=52920, ndraw=40, logz=-512.92, remainder_fraction=100.0000%, Lmin=-506.07, Lmax=-64.28
23:31:36 [ultranest] [DEBUG] iteration=967, ncalls=1327, regioncalls=53040, ndraw=40, logz=-511.38, remainder_fraction=100.0000%, Lmin=-504.19, Lmax=-64.28
23:31:36 [ultranest] [DEBUG] iteration=970, ncalls=1330, regioncalls=53160, ndraw=40, logz=-510.45, remainder_fraction=100.0000%, Lmin=-503.65, Lmax=-64.28
23:31:37 [ultranest] [DEBUG] iteration=972, ncalls=1333, regioncalls=53280, ndraw=40, logz=-509.83, remainder_fraction=100.0000%, Lmin=-501.87, Lmax=-64.28
23:31:37 [ultranest] [DEBUG] iteration=973, ncalls=1337, regioncalls=53440, ndraw=40, logz=-509.15, remainder_fraction=100.0000%, Lmin=-501.72, Lmax=-64.28
23:31:37 [ultranest] [DEBUG] iteration=975, ncalls=1341, regioncalls=53600, ndraw=40, logz=-508.34, remainder_fraction=100.0000%, Lmin=-501.45, Lmax=-64.28
23:31:37 [ultranest] [DEBUG] iteration=977, ncalls=1344, regioncalls=53720, ndraw=40, logz=-507.48, remainder_fraction=100.0000%, Lmin=-499.23, Lmax=-64.28
23:31:37 [ultranest] [DEBUG] iteration=980, ncalls=1349, regioncalls=53920, ndraw=40, logz=-505.85, remainder_fraction=100.0000%, Lmin=-497.73, Lmax=-64.28
23:31:37 [ultranest] [DEBUG] iteration=981, ncalls=1352, regioncalls=54040, ndraw=40, logz=-505.09, remainder_fraction=100.0000%, Lmin=-497.57, Lmax=-64.28
23:31:38 [ultranest] [DEBUG] iteration=983, ncalls=1355, regioncalls=54160, ndraw=40, logz=-504.06, remainder_fraction=100.0000%, Lmin=-496.70, Lmax=-64.28
23:31:38 [ultranest] [DEBUG] iteration=985, ncalls=1360, regioncalls=54360, ndraw=40, logz=-502.62, remainder_fraction=100.0000%, Lmin=-495.02, Lmax=-64.28
23:31:38 [ultranest] [DEBUG] iteration=987, ncalls=1366, regioncalls=54600, ndraw=40, logz=-501.40, remainder_fraction=100.0000%, Lmin=-494.08, Lmax=-64.28
23:31:39 [ultranest] [DEBUG] iteration=988, ncalls=1370, regioncalls=54760, ndraw=40, logz=-500.99, remainder_fraction=100.0000%, Lmin=-493.56, Lmax=-64.28
23:31:39 [ultranest] [DEBUG] iteration=990, ncalls=1374, regioncalls=54920, ndraw=40, logz=-500.14, remainder_fraction=100.0000%, Lmin=-493.13, Lmax=-64.28
23:31:39 [ultranest] [DEBUG] iteration=993, ncalls=1377, regioncalls=55040, ndraw=40, logz=-499.23, remainder_fraction=100.0000%, Lmin=-492.46, Lmax=-64.28
23:31:39 [ultranest] [DEBUG] iteration=996, ncalls=1381, regioncalls=55200, ndraw=40, logz=-498.55, remainder_fraction=100.0000%, Lmin=-491.40, Lmax=-64.28
23:31:39 [ultranest] [DEBUG] iteration=997, ncalls=1385, regioncalls=55360, ndraw=40, logz=-498.20, remainder_fraction=100.0000%, Lmin=-490.47, Lmax=-64.28
23:31:39 [ultranest] [DEBUG] iteration=999, ncalls=1388, regioncalls=55480, ndraw=40, logz=-496.96, remainder_fraction=100.0000%, Lmin=-489.47, Lmax=-64.28
23:31:40 [ultranest] [DEBUG] iteration=1001, ncalls=1390, regioncalls=55560, ndraw=40, logz=-495.99, remainder_fraction=100.0000%, Lmin=-487.87, Lmax=-64.28
23:31:40 [ultranest] [DEBUG] iteration=1002, ncalls=1392, regioncalls=55640, ndraw=40, logz=-495.24, remainder_fraction=100.0000%, Lmin=-487.86, Lmax=-64.28
23:31:40 [ultranest] [DEBUG] iteration=1003, ncalls=1394, regioncalls=55720, ndraw=40, logz=-494.81, remainder_fraction=100.0000%, Lmin=-487.68, Lmax=-64.28
23:31:40 [ultranest] [DEBUG] iteration=1004, ncalls=1398, regioncalls=55880, ndraw=40, logz=-494.46, remainder_fraction=100.0000%, Lmin=-487.42, Lmax=-64.28
23:31:40 [ultranest] [DEBUG] iteration=1007, ncalls=1402, regioncalls=56040, ndraw=40, logz=-493.60, remainder_fraction=100.0000%, Lmin=-486.71, Lmax=-64.28
23:31:40 [ultranest] [DEBUG] iteration=1008, ncalls=1403, regioncalls=56080, ndraw=40, logz=-493.32, remainder_fraction=100.0000%, Lmin=-486.63, Lmax=-64.28
23:31:41 [ultranest] [DEBUG] iteration=1010, ncalls=1406, regioncalls=56200, ndraw=40, logz=-492.89, remainder_fraction=100.0000%, Lmin=-486.36, Lmax=-64.28
23:31:41 [ultranest] [DEBUG] iteration=1011, ncalls=1410, regioncalls=56360, ndraw=40, logz=-492.68, remainder_fraction=100.0000%, Lmin=-486.26, Lmax=-64.28
23:31:41 [ultranest] [DEBUG] iteration=1012, ncalls=1413, regioncalls=56480, ndraw=40, logz=-492.50, remainder_fraction=100.0000%, Lmin=-486.01, Lmax=-64.28
23:31:41 [ultranest] [DEBUG] iteration=1014, ncalls=1417, regioncalls=56640, ndraw=40, logz=-492.00, remainder_fraction=100.0000%, Lmin=-485.10, Lmax=-64.28
23:31:41 [ultranest] [DEBUG] iteration=1016, ncalls=1420, regioncalls=56760, ndraw=40, logz=-491.49, remainder_fraction=100.0000%, Lmin=-485.01, Lmax=-64.28
23:31:41 [ultranest] [DEBUG] iteration=1019, ncalls=1423, regioncalls=56880, ndraw=40, logz=-490.79, remainder_fraction=100.0000%, Lmin=-484.00, Lmax=-64.28
23:31:41 [ultranest] [DEBUG] iteration=1020, ncalls=1427, regioncalls=57040, ndraw=40, logz=-490.54, remainder_fraction=100.0000%, Lmin=-483.68, Lmax=-64.28
23:31:42 [ultranest] [DEBUG] iteration=1021, ncalls=1430, regioncalls=57160, ndraw=40, logz=-490.26, remainder_fraction=100.0000%, Lmin=-483.68, Lmax=-64.28
23:31:42 [ultranest] [DEBUG] iteration=1022, ncalls=1432, regioncalls=57240, ndraw=40, logz=-490.05, remainder_fraction=100.0000%, Lmin=-483.60, Lmax=-64.28
23:31:42 [ultranest] [DEBUG] iteration=1023, ncalls=1434, regioncalls=57320, ndraw=40, logz=-489.86, remainder_fraction=100.0000%, Lmin=-483.45, Lmax=-64.28
23:31:42 [ultranest] [DEBUG] iteration=1026, ncalls=1440, regioncalls=57560, ndraw=40, logz=-489.18, remainder_fraction=100.0000%, Lmin=-481.86, Lmax=-64.28
23:31:42 [ultranest] [DEBUG] iteration=1028, ncalls=1445, regioncalls=57760, ndraw=40, logz=-488.42, remainder_fraction=100.0000%, Lmin=-481.51, Lmax=-64.28
23:31:42 [ultranest] [DEBUG] iteration=1031, ncalls=1448, regioncalls=57880, ndraw=40, logz=-487.43, remainder_fraction=100.0000%, Lmin=-480.63, Lmax=-64.28
23:31:42 [ultranest] [DEBUG] iteration=1033, ncalls=1454, regioncalls=58120, ndraw=40, logz=-486.93, remainder_fraction=100.0000%, Lmin=-480.37, Lmax=-64.28
23:31:42 [ultranest] [DEBUG] iteration=1035, ncalls=1458, regioncalls=58280, ndraw=40, logz=-486.54, remainder_fraction=100.0000%, Lmin=-480.17, Lmax=-64.28
23:31:43 [ultranest] [DEBUG] iteration=1037, ncalls=1461, regioncalls=58400, ndraw=40, logz=-486.19, remainder_fraction=100.0000%, Lmin=-479.90, Lmax=-64.28
23:31:43 [ultranest] [DEBUG] iteration=1038, ncalls=1463, regioncalls=58480, ndraw=40, logz=-486.03, remainder_fraction=100.0000%, Lmin=-479.88, Lmax=-64.28
23:31:43 [ultranest] [DEBUG] iteration=1040, ncalls=1465, regioncalls=58560, ndraw=40, logz=-485.74, remainder_fraction=100.0000%, Lmin=-478.81, Lmax=-64.28
23:31:43 [ultranest] [DEBUG] iteration=1041, ncalls=1468, regioncalls=58680, ndraw=40, logz=-485.45, remainder_fraction=100.0000%, Lmin=-478.74, Lmax=-64.28
23:31:43 [ultranest] [DEBUG] iteration=1042, ncalls=1469, regioncalls=58720, ndraw=40, logz=-485.21, remainder_fraction=100.0000%, Lmin=-478.64, Lmax=-64.28
23:31:43 [ultranest] [DEBUG] iteration=1044, ncalls=1472, regioncalls=58840, ndraw=40, logz=-484.53, remainder_fraction=100.0000%, Lmin=-477.41, Lmax=-64.28
23:31:44 [ultranest] [DEBUG] iteration=1045, ncalls=1474, regioncalls=58920, ndraw=40, logz=-484.19, remainder_fraction=100.0000%, Lmin=-477.20, Lmax=-64.28
23:31:44 [ultranest] [DEBUG] iteration=1047, ncalls=1476, regioncalls=59000, ndraw=40, logz=-483.65, remainder_fraction=100.0000%, Lmin=-476.34, Lmax=-64.28
23:31:44 [ultranest] [DEBUG] iteration=1049, ncalls=1480, regioncalls=59160, ndraw=40, logz=-482.89, remainder_fraction=100.0000%, Lmin=-475.92, Lmax=-64.28
23:31:44 [ultranest] [DEBUG] iteration=1050, ncalls=1484, regioncalls=59320, ndraw=40, logz=-482.59, remainder_fraction=100.0000%, Lmin=-475.75, Lmax=-64.28
23:31:44 [ultranest] [DEBUG] iteration=1052, ncalls=1488, regioncalls=59480, ndraw=40, logz=-482.11, remainder_fraction=100.0000%, Lmin=-475.65, Lmax=-64.28
23:31:44 [ultranest] [DEBUG] iteration=1054, ncalls=1492, regioncalls=59640, ndraw=40, logz=-481.69, remainder_fraction=100.0000%, Lmin=-475.10, Lmax=-64.28
23:31:44 [ultranest] [DEBUG] iteration=1056, ncalls=1494, regioncalls=59720, ndraw=40, logz=-481.23, remainder_fraction=100.0000%, Lmin=-474.55, Lmax=-64.28
23:31:45 [ultranest] [DEBUG] iteration=1057, ncalls=1495, regioncalls=59760, ndraw=40, logz=-481.00, remainder_fraction=100.0000%, Lmin=-474.36, Lmax=-64.28
23:31:45 [ultranest] [DEBUG] iteration=1058, ncalls=1498, regioncalls=59880, ndraw=40, logz=-480.78, remainder_fraction=100.0000%, Lmin=-474.06, Lmax=-64.28
23:31:45 [ultranest] [DEBUG] iteration=1059, ncalls=1501, regioncalls=60000, ndraw=40, logz=-480.54, remainder_fraction=100.0000%, Lmin=-473.57, Lmax=-64.28
23:31:45 [ultranest] [DEBUG] iteration=1061, ncalls=1504, regioncalls=60120, ndraw=40, logz=-479.96, remainder_fraction=100.0000%, Lmin=-473.10, Lmax=-64.28
23:31:45 [ultranest] [DEBUG] iteration=1063, ncalls=1507, regioncalls=60240, ndraw=40, logz=-479.48, remainder_fraction=100.0000%, Lmin=-472.83, Lmax=-64.28
23:31:45 [ultranest] [DEBUG] iteration=1065, ncalls=1512, regioncalls=60440, ndraw=40, logz=-479.02, remainder_fraction=100.0000%, Lmin=-472.10, Lmax=-64.28
23:31:46 [ultranest] [DEBUG] iteration=1066, ncalls=1515, regioncalls=60560, ndraw=40, logz=-478.74, remainder_fraction=100.0000%, Lmin=-470.64, Lmax=-64.28
23:31:46 [ultranest] [DEBUG] iteration=1068, ncalls=1521, regioncalls=60800, ndraw=40, logz=-477.07, remainder_fraction=100.0000%, Lmin=-469.00, Lmax=-64.28
23:31:46 [ultranest] [DEBUG] iteration=1070, ncalls=1525, regioncalls=60960, ndraw=40, logz=-475.92, remainder_fraction=100.0000%, Lmin=-468.82, Lmax=-64.28
23:31:46 [ultranest] [DEBUG] iteration=1071, ncalls=1529, regioncalls=61120, ndraw=40, logz=-475.60, remainder_fraction=100.0000%, Lmin=-468.81, Lmax=-64.28
23:31:46 [ultranest] [DEBUG] iteration=1072, ncalls=1533, regioncalls=61280, ndraw=40, logz=-475.35, remainder_fraction=100.0000%, Lmin=-468.09, Lmax=-64.28
23:31:47 [ultranest] [DEBUG] iteration=1074, ncalls=1536, regioncalls=61400, ndraw=40, logz=-474.37, remainder_fraction=100.0000%, Lmin=-466.68, Lmax=-64.28
23:31:47 [ultranest] [DEBUG] iteration=1075, ncalls=1537, regioncalls=61440, ndraw=40, logz=-473.84, remainder_fraction=100.0000%, Lmin=-466.50, Lmax=-64.28
23:31:47 [ultranest] [DEBUG] iteration=1076, ncalls=1539, regioncalls=61520, ndraw=40, logz=-473.44, remainder_fraction=100.0000%, Lmin=-466.20, Lmax=-64.28
23:31:47 [ultranest] [DEBUG] iteration=1077, ncalls=1541, regioncalls=61600, ndraw=40, logz=-473.07, remainder_fraction=100.0000%, Lmin=-465.93, Lmax=-64.28
23:31:48 [ultranest] [DEBUG] iteration=1079, ncalls=1544, regioncalls=61720, ndraw=40, logz=-472.44, remainder_fraction=100.0000%, Lmin=-465.63, Lmax=-64.28
23:31:48 [ultranest] [DEBUG] iteration=1081, ncalls=1548, regioncalls=61880, ndraw=40, logz=-471.93, remainder_fraction=100.0000%, Lmin=-465.38, Lmax=-64.28
23:31:48 [ultranest] [DEBUG] iteration=1084, ncalls=1554, regioncalls=62120, ndraw=40, logz=-471.39, remainder_fraction=100.0000%, Lmin=-465.12, Lmax=-64.28
23:31:48 [ultranest] [DEBUG] iteration=1085, ncalls=1555, regioncalls=62160, ndraw=40, logz=-471.23, remainder_fraction=100.0000%, Lmin=-464.86, Lmax=-64.28
23:31:48 [ultranest] [DEBUG] iteration=1086, ncalls=1557, regioncalls=62240, ndraw=40, logz=-471.06, remainder_fraction=100.0000%, Lmin=-464.40, Lmax=-64.28
23:31:48 [ultranest] [DEBUG] iteration=1088, ncalls=1560, regioncalls=62360, ndraw=40, logz=-470.62, remainder_fraction=100.0000%, Lmin=-464.01, Lmax=-64.28
23:31:49 [ultranest] [DEBUG] iteration=1090, ncalls=1563, regioncalls=62480, ndraw=40, logz=-470.08, remainder_fraction=100.0000%, Lmin=-463.20, Lmax=-64.28
23:31:49 [ultranest] [DEBUG] iteration=1091, ncalls=1566, regioncalls=62600, ndraw=40, logz=-469.82, remainder_fraction=100.0000%, Lmin=-463.04, Lmax=-64.28
23:31:49 [ultranest] [DEBUG] iteration=1093, ncalls=1573, regioncalls=62880, ndraw=40, logz=-469.36, remainder_fraction=100.0000%, Lmin=-462.71, Lmax=-64.28
23:31:49 [ultranest] [DEBUG] iteration=1095, ncalls=1576, regioncalls=63000, ndraw=40, logz=-468.94, remainder_fraction=100.0000%, Lmin=-462.53, Lmax=-64.28
23:31:49 [ultranest] [DEBUG] iteration=1096, ncalls=1581, regioncalls=63200, ndraw=40, logz=-468.76, remainder_fraction=100.0000%, Lmin=-462.45, Lmax=-64.28
23:31:50 [ultranest] [DEBUG] iteration=1099, ncalls=1584, regioncalls=63320, ndraw=40, logz=-468.29, remainder_fraction=100.0000%, Lmin=-462.04, Lmax=-64.28
23:31:50 [ultranest] [DEBUG] iteration=1101, ncalls=1587, regioncalls=63440, ndraw=40, logz=-468.00, remainder_fraction=100.0000%, Lmin=-461.12, Lmax=-64.28
23:31:50 [ultranest] [DEBUG] iteration=1103, ncalls=1592, regioncalls=63640, ndraw=40, logz=-467.50, remainder_fraction=100.0000%, Lmin=-460.90, Lmax=-64.28
23:31:50 [ultranest] [DEBUG] iteration=1104, ncalls=1597, regioncalls=63840, ndraw=40, logz=-467.30, remainder_fraction=100.0000%, Lmin=-460.79, Lmax=-64.28
23:31:50 [ultranest] [DEBUG] iteration=1105, ncalls=1602, regioncalls=64040, ndraw=40, logz=-467.10, remainder_fraction=100.0000%, Lmin=-460.67, Lmax=-64.28
23:31:50 [ultranest] [DEBUG] iteration=1108, ncalls=1605, regioncalls=64160, ndraw=40, logz=-466.62, remainder_fraction=100.0000%, Lmin=-460.28, Lmax=-64.28
23:31:50 [ultranest] [DEBUG] iteration=1109, ncalls=1609, regioncalls=64320, ndraw=40, logz=-466.46, remainder_fraction=100.0000%, Lmin=-460.16, Lmax=-64.28
23:31:51 [ultranest] [DEBUG] iteration=1111, ncalls=1612, regioncalls=64440, ndraw=40, logz=-466.17, remainder_fraction=100.0000%, Lmin=-459.37, Lmax=-64.28
23:31:51 [ultranest] [DEBUG] iteration=1114, ncalls=1616, regioncalls=64600, ndraw=40, logz=-465.41, remainder_fraction=100.0000%, Lmin=-458.69, Lmax=-64.28
23:31:51 [ultranest] [DEBUG] iteration=1117, ncalls=1621, regioncalls=64800, ndraw=40, logz=-464.72, remainder_fraction=100.0000%, Lmin=-457.44, Lmax=-64.28
23:31:51 [ultranest] [DEBUG] iteration=1119, ncalls=1626, regioncalls=65000, ndraw=40, logz=-463.88, remainder_fraction=100.0000%, Lmin=-456.57, Lmax=-64.28
23:31:51 [ultranest] [DEBUG] iteration=1120, ncalls=1627, regioncalls=65040, ndraw=40, logz=-463.50, remainder_fraction=100.0000%, Lmin=-456.41, Lmax=-64.28
23:31:51 [ultranest] [DEBUG] iteration=1123, ncalls=1631, regioncalls=65200, ndraw=40, logz=-462.61, remainder_fraction=100.0000%, Lmin=-455.77, Lmax=-64.28
23:31:51 [ultranest] [DEBUG] iteration=1125, ncalls=1634, regioncalls=65320, ndraw=40, logz=-462.14, remainder_fraction=100.0000%, Lmin=-455.60, Lmax=-64.28
23:31:51 [ultranest] [DEBUG] iteration=1128, ncalls=1637, regioncalls=65440, ndraw=40, logz=-461.56, remainder_fraction=100.0000%, Lmin=-454.92, Lmax=-64.28
23:31:51 [ultranest] [DEBUG] iteration=1130, ncalls=1641, regioncalls=65600, ndraw=40, logz=-461.16, remainder_fraction=100.0000%, Lmin=-454.11, Lmax=-64.28
23:31:52 [ultranest] [DEBUG] iteration=1132, ncalls=1644, regioncalls=65720, ndraw=40, logz=-460.61, remainder_fraction=100.0000%, Lmin=-454.05, Lmax=-64.28
23:31:52 [ultranest] [DEBUG] iteration=1134, ncalls=1648, regioncalls=65880, ndraw=40, logz=-460.09, remainder_fraction=100.0000%, Lmin=-452.59, Lmax=-64.28
23:31:52 [ultranest] [DEBUG] iteration=1137, ncalls=1655, regioncalls=66160, ndraw=40, logz=-458.97, remainder_fraction=100.0000%, Lmin=-452.08, Lmax=-64.28
23:31:52 [ultranest] [DEBUG] iteration=1138, ncalls=1662, regioncalls=66440, ndraw=40, logz=-458.71, remainder_fraction=100.0000%, Lmin=-451.55, Lmax=-64.28
23:31:52 [ultranest] [DEBUG] iteration=1141, ncalls=1668, regioncalls=66680, ndraw=40, logz=-457.47, remainder_fraction=100.0000%, Lmin=-450.26, Lmax=-64.28
23:31:52 [ultranest] [DEBUG] iteration=1142, ncalls=1674, regioncalls=66920, ndraw=40, logz=-457.12, remainder_fraction=100.0000%, Lmin=-450.23, Lmax=-64.28
23:31:53 [ultranest] [DEBUG] iteration=1144, ncalls=1678, regioncalls=67080, ndraw=40, logz=-456.63, remainder_fraction=100.0000%, Lmin=-449.90, Lmax=-64.28
23:31:53 [ultranest] [DEBUG] iteration=1146, ncalls=1680, regioncalls=67160, ndraw=40, logz=-456.20, remainder_fraction=100.0000%, Lmin=-449.83, Lmax=-64.28
23:31:53 [ultranest] [DEBUG] iteration=1147, ncalls=1683, regioncalls=67280, ndraw=40, logz=-456.04, remainder_fraction=100.0000%, Lmin=-449.83, Lmax=-64.28
23:31:53 [ultranest] [DEBUG] iteration=1149, ncalls=1686, regioncalls=67400, ndraw=40, logz=-455.74, remainder_fraction=100.0000%, Lmin=-449.27, Lmax=-64.28
23:31:53 [ultranest] [DEBUG] iteration=1150, ncalls=1688, regioncalls=67480, ndraw=40, logz=-455.56, remainder_fraction=100.0000%, Lmin=-449.04, Lmax=-64.28
23:31:53 [ultranest] [DEBUG] iteration=1151, ncalls=1690, regioncalls=67560, ndraw=40, logz=-455.37, remainder_fraction=100.0000%, Lmin=-449.03, Lmax=-64.28
23:31:54 [ultranest] [DEBUG] iteration=1153, ncalls=1692, regioncalls=67640, ndraw=40, logz=-455.07, remainder_fraction=100.0000%, Lmin=-448.88, Lmax=-64.28
23:31:54 [ultranest] [DEBUG] iteration=1154, ncalls=1696, regioncalls=67800, ndraw=40, logz=-454.93, remainder_fraction=100.0000%, Lmin=-448.67, Lmax=-64.28
23:31:54 [ultranest] [DEBUG] iteration=1155, ncalls=1697, regioncalls=67840, ndraw=40, logz=-454.78, remainder_fraction=100.0000%, Lmin=-448.46, Lmax=-64.28
23:31:54 [ultranest] [DEBUG] iteration=1156, ncalls=1699, regioncalls=67920, ndraw=40, logz=-454.62, remainder_fraction=100.0000%, Lmin=-447.79, Lmax=-64.28
23:31:55 [ultranest] [DEBUG] iteration=1158, ncalls=1701, regioncalls=68000, ndraw=40, logz=-454.17, remainder_fraction=100.0000%, Lmin=-447.74, Lmax=-64.28
23:31:55 [ultranest] [DEBUG] iteration=1159, ncalls=1705, regioncalls=68160, ndraw=40, logz=-454.00, remainder_fraction=100.0000%, Lmin=-446.91, Lmax=-64.28
23:31:55 [ultranest] [DEBUG] iteration=1160, ncalls=1706, regioncalls=68200, ndraw=40, logz=-453.69, remainder_fraction=100.0000%, Lmin=-446.36, Lmax=-64.28
23:31:55 [ultranest] [DEBUG] iteration=1161, ncalls=1711, regioncalls=68400, ndraw=40, logz=-453.31, remainder_fraction=100.0000%, Lmin=-446.17, Lmax=-64.28
23:31:56 [ultranest] [DEBUG] iteration=1162, ncalls=1713, regioncalls=68480, ndraw=40, logz=-452.99, remainder_fraction=100.0000%, Lmin=-446.09, Lmax=-64.28
23:31:56 [ultranest] [DEBUG] iteration=1164, ncalls=1716, regioncalls=68600, ndraw=40, logz=-452.47, remainder_fraction=100.0000%, Lmin=-445.74, Lmax=-64.28
23:31:56 [ultranest] [DEBUG] iteration=1166, ncalls=1719, regioncalls=68720, ndraw=40, logz=-452.01, remainder_fraction=100.0000%, Lmin=-445.42, Lmax=-64.28
23:31:56 [ultranest] [DEBUG] iteration=1168, ncalls=1721, regioncalls=68800, ndraw=40, logz=-451.64, remainder_fraction=100.0000%, Lmin=-445.32, Lmax=-64.28
23:31:56 [ultranest] [DEBUG] iteration=1169, ncalls=1724, regioncalls=68920, ndraw=40, logz=-451.48, remainder_fraction=100.0000%, Lmin=-445.01, Lmax=-64.28
23:31:57 [ultranest] [DEBUG] iteration=1170, ncalls=1727, regioncalls=69040, ndraw=40, logz=-451.31, remainder_fraction=100.0000%, Lmin=-444.99, Lmax=-64.28
23:31:57 [ultranest] [DEBUG] iteration=1172, ncalls=1729, regioncalls=69120, ndraw=40, logz=-451.01, remainder_fraction=100.0000%, Lmin=-444.66, Lmax=-64.28
23:31:57 [ultranest] [DEBUG] iteration=1173, ncalls=1731, regioncalls=69200, ndraw=40, logz=-450.85, remainder_fraction=100.0000%, Lmin=-444.65, Lmax=-64.28
23:31:57 [ultranest] [DEBUG] iteration=1174, ncalls=1733, regioncalls=69280, ndraw=40, logz=-450.71, remainder_fraction=100.0000%, Lmin=-444.63, Lmax=-64.28
23:31:57 [ultranest] [DEBUG] iteration=1175, ncalls=1735, regioncalls=69360, ndraw=40, logz=-450.59, remainder_fraction=100.0000%, Lmin=-444.60, Lmax=-64.28
23:31:57 [ultranest] [DEBUG] iteration=1177, ncalls=1738, regioncalls=69480, ndraw=40, logz=-450.36, remainder_fraction=100.0000%, Lmin=-444.48, Lmax=-64.28
23:31:58 [ultranest] [DEBUG] iteration=1179, ncalls=1741, regioncalls=69600, ndraw=40, logz=-450.12, remainder_fraction=100.0000%, Lmin=-443.96, Lmax=-64.28
23:31:58 [ultranest] [DEBUG] iteration=1181, ncalls=1743, regioncalls=69680, ndraw=40, logz=-449.85, remainder_fraction=100.0000%, Lmin=-443.67, Lmax=-64.28
23:31:58 [ultranest] [DEBUG] iteration=1183, ncalls=1745, regioncalls=69760, ndraw=40, logz=-449.59, remainder_fraction=100.0000%, Lmin=-443.46, Lmax=-64.28
23:31:58 [ultranest] [DEBUG] iteration=1185, ncalls=1747, regioncalls=69840, ndraw=40, logz=-449.33, remainder_fraction=100.0000%, Lmin=-442.96, Lmax=-64.28
23:31:59 [ultranest] [DEBUG] iteration=1187, ncalls=1754, regioncalls=70120, ndraw=40, logz=-449.03, remainder_fraction=100.0000%, Lmin=-442.83, Lmax=-64.28
23:31:59 [ultranest] [DEBUG] iteration=1188, ncalls=1761, regioncalls=70400, ndraw=40, logz=-448.89, remainder_fraction=100.0000%, Lmin=-442.76, Lmax=-64.28
23:31:59 [ultranest] [DEBUG] iteration=1189, ncalls=1763, regioncalls=70480, ndraw=40, logz=-448.77, remainder_fraction=100.0000%, Lmin=-442.58, Lmax=-64.28
23:31:59 [ultranest] [DEBUG] iteration=1190, ncalls=1765, regioncalls=70560, ndraw=40, logz=-448.63, remainder_fraction=100.0000%, Lmin=-442.18, Lmax=-64.28
23:32:00 [ultranest] [DEBUG] iteration=1192, ncalls=1767, regioncalls=70640, ndraw=40, logz=-448.25, remainder_fraction=100.0000%, Lmin=-441.17, Lmax=-64.28
23:32:00 [ultranest] [DEBUG] iteration=1193, ncalls=1769, regioncalls=70720, ndraw=40, logz=-447.95, remainder_fraction=100.0000%, Lmin=-440.77, Lmax=-64.28
23:32:00 [ultranest] [DEBUG] iteration=1194, ncalls=1772, regioncalls=70840, ndraw=40, logz=-447.62, remainder_fraction=100.0000%, Lmin=-440.34, Lmax=-64.28
23:32:00 [ultranest] [DEBUG] iteration=1195, ncalls=1776, regioncalls=71000, ndraw=40, logz=-447.26, remainder_fraction=100.0000%, Lmin=-440.27, Lmax=-64.28
23:32:01 [ultranest] [DEBUG] iteration=1197, ncalls=1778, regioncalls=71080, ndraw=40, logz=-446.67, remainder_fraction=100.0000%, Lmin=-439.72, Lmax=-64.28
23:32:01 [ultranest] [DEBUG] iteration=1198, ncalls=1779, regioncalls=71120, ndraw=40, logz=-446.40, remainder_fraction=100.0000%, Lmin=-439.36, Lmax=-64.28
23:32:01 [ultranest] [DEBUG] iteration=1200, ncalls=1782, regioncalls=71240, ndraw=40, logz=-445.88, remainder_fraction=100.0000%, Lmin=-439.26, Lmax=-64.28
23:32:01 [ultranest] [DEBUG] iteration=1201, ncalls=1787, regioncalls=71440, ndraw=40, logz=-445.68, remainder_fraction=100.0000%, Lmin=-439.10, Lmax=-64.28
23:32:02 [ultranest] [DEBUG] iteration=1203, ncalls=1790, regioncalls=71560, ndraw=40, logz=-445.32, remainder_fraction=100.0000%, Lmin=-438.79, Lmax=-64.28
23:32:02 [ultranest] [DEBUG] iteration=1204, ncalls=1792, regioncalls=71640, ndraw=40, logz=-445.14, remainder_fraction=100.0000%, Lmin=-438.39, Lmax=-64.28
23:32:02 [ultranest] [DEBUG] iteration=1205, ncalls=1795, regioncalls=71760, ndraw=40, logz=-444.91, remainder_fraction=100.0000%, Lmin=-438.36, Lmax=-64.28
23:32:02 [ultranest] [DEBUG] iteration=1207, ncalls=1798, regioncalls=71880, ndraw=40, logz=-444.57, remainder_fraction=100.0000%, Lmin=-436.45, Lmax=-64.28
23:32:02 [ultranest] [DEBUG] iteration=1208, ncalls=1802, regioncalls=72040, ndraw=40, logz=-443.88, remainder_fraction=100.0000%, Lmin=-436.05, Lmax=-64.28
23:32:03 [ultranest] [DEBUG] iteration=1209, ncalls=1805, regioncalls=72160, ndraw=40, logz=-443.33, remainder_fraction=100.0000%, Lmin=-435.65, Lmax=-64.28
23:32:03 [ultranest] [DEBUG] iteration=1210, ncalls=1811, regioncalls=72400, ndraw=40, logz=-442.84, remainder_fraction=100.0000%, Lmin=-435.56, Lmax=-64.28
23:32:03 [ultranest] [DEBUG] iteration=1211, ncalls=1812, regioncalls=72440, ndraw=40, logz=-442.48, remainder_fraction=100.0000%, Lmin=-435.37, Lmax=-64.28
23:32:03 [ultranest] [DEBUG] iteration=1212, ncalls=1814, regioncalls=72520, ndraw=40, logz=-442.18, remainder_fraction=100.0000%, Lmin=-435.28, Lmax=-64.28
23:32:04 [ultranest] [DEBUG] iteration=1213, ncalls=1815, regioncalls=72560, ndraw=40, logz=-441.92, remainder_fraction=100.0000%, Lmin=-435.16, Lmax=-64.28
23:32:04 [ultranest] [DEBUG] iteration=1214, ncalls=1819, regioncalls=72720, ndraw=40, logz=-441.70, remainder_fraction=100.0000%, Lmin=-435.15, Lmax=-64.28
23:32:04 [ultranest] [DEBUG] iteration=1215, ncalls=1822, regioncalls=72840, ndraw=40, logz=-441.51, remainder_fraction=100.0000%, Lmin=-435.13, Lmax=-64.28
23:32:04 [ultranest] [DEBUG] iteration=1217, ncalls=1826, regioncalls=73000, ndraw=40, logz=-441.21, remainder_fraction=100.0000%, Lmin=-434.78, Lmax=-64.28
23:32:05 [ultranest] [DEBUG] iteration=1218, ncalls=1831, regioncalls=73200, ndraw=40, logz=-441.05, remainder_fraction=100.0000%, Lmin=-434.76, Lmax=-64.28
23:32:05 [ultranest] [DEBUG] iteration=1220, ncalls=1834, regioncalls=73320, ndraw=40, logz=-440.77, remainder_fraction=100.0000%, Lmin=-434.56, Lmax=-64.28
23:32:05 [ultranest] [DEBUG] iteration=1221, ncalls=1837, regioncalls=73440, ndraw=40, logz=-440.63, remainder_fraction=100.0000%, Lmin=-434.54, Lmax=-64.28
23:32:05 [ultranest] [DEBUG] iteration=1223, ncalls=1840, regioncalls=73560, ndraw=40, logz=-440.38, remainder_fraction=100.0000%, Lmin=-434.26, Lmax=-64.28
23:32:05 [ultranest] [DEBUG] iteration=1225, ncalls=1842, regioncalls=73640, ndraw=40, logz=-440.12, remainder_fraction=100.0000%, Lmin=-433.91, Lmax=-64.28
23:32:05 [ultranest] [DEBUG] iteration=1227, ncalls=1845, regioncalls=73760, ndraw=40, logz=-439.85, remainder_fraction=100.0000%, Lmin=-433.31, Lmax=-64.28
23:32:05 [ultranest] [DEBUG] iteration=1228, ncalls=1847, regioncalls=73840, ndraw=40, logz=-439.67, remainder_fraction=100.0000%, Lmin=-432.96, Lmax=-64.28
23:32:06 [ultranest] [DEBUG] iteration=1229, ncalls=1854, regioncalls=74120, ndraw=40, logz=-439.45, remainder_fraction=100.0000%, Lmin=-432.86, Lmax=-64.28
23:32:06 [ultranest] [DEBUG] iteration=1230, ncalls=1857, regioncalls=74240, ndraw=40, logz=-439.26, remainder_fraction=100.0000%, Lmin=-432.86, Lmax=-64.28
23:32:06 [ultranest] [DEBUG] iteration=1231, ncalls=1858, regioncalls=74280, ndraw=40, logz=-439.10, remainder_fraction=100.0000%, Lmin=-432.77, Lmax=-64.28
23:32:07 [ultranest] [DEBUG] iteration=1233, ncalls=1860, regioncalls=74360, ndraw=40, logz=-438.81, remainder_fraction=100.0000%, Lmin=-432.58, Lmax=-64.28
23:32:07 [ultranest] [DEBUG] iteration=1234, ncalls=1864, regioncalls=74520, ndraw=40, logz=-438.67, remainder_fraction=100.0000%, Lmin=-432.56, Lmax=-64.28
23:32:07 [ultranest] [DEBUG] iteration=1235, ncalls=1865, regioncalls=74560, ndraw=40, logz=-438.55, remainder_fraction=100.0000%, Lmin=-432.49, Lmax=-64.28
23:32:07 [ultranest] [DEBUG] iteration=1236, ncalls=1866, regioncalls=74600, ndraw=40, logz=-438.43, remainder_fraction=100.0000%, Lmin=-432.48, Lmax=-64.28
23:32:08 [ultranest] [DEBUG] iteration=1238, ncalls=1869, regioncalls=74720, ndraw=40, logz=-438.22, remainder_fraction=100.0000%, Lmin=-432.22, Lmax=-64.28
23:32:08 [ultranest] [DEBUG] iteration=1239, ncalls=1872, regioncalls=74840, ndraw=40, logz=-438.11, remainder_fraction=100.0000%, Lmin=-432.18, Lmax=-64.28
23:32:08 [ultranest] [DEBUG] iteration=1241, ncalls=1874, regioncalls=74920, ndraw=40, logz=-437.90, remainder_fraction=100.0000%, Lmin=-431.98, Lmax=-64.28
23:32:08 [ultranest] [DEBUG] iteration=1243, ncalls=1877, regioncalls=75040, ndraw=40, logz=-437.69, remainder_fraction=100.0000%, Lmin=-431.53, Lmax=-64.28
23:32:08 [ultranest] [DEBUG] iteration=1244, ncalls=1880, regioncalls=75160, ndraw=40, logz=-437.56, remainder_fraction=100.0000%, Lmin=-431.52, Lmax=-64.28
23:32:09 [ultranest] [DEBUG] iteration=1246, ncalls=1882, regioncalls=75240, ndraw=40, logz=-437.33, remainder_fraction=100.0000%, Lmin=-431.15, Lmax=-64.28
23:32:09 [ultranest] [DEBUG] iteration=1247, ncalls=1884, regioncalls=75320, ndraw=40, logz=-437.20, remainder_fraction=100.0000%, Lmin=-430.95, Lmax=-64.28
23:32:09 [ultranest] [DEBUG] iteration=1248, ncalls=1889, regioncalls=75520, ndraw=40, logz=-437.06, remainder_fraction=100.0000%, Lmin=-430.94, Lmax=-64.28
23:32:10 [ultranest] [DEBUG] iteration=1249, ncalls=1892, regioncalls=75640, ndraw=40, logz=-436.94, remainder_fraction=100.0000%, Lmin=-430.89, Lmax=-64.28
23:32:10 [ultranest] [DEBUG] iteration=1252, ncalls=1897, regioncalls=75840, ndraw=40, logz=-436.48, remainder_fraction=100.0000%, Lmin=-429.84, Lmax=-64.28
23:32:10 [ultranest] [DEBUG] iteration=1254, ncalls=1902, regioncalls=76040, ndraw=40, logz=-436.11, remainder_fraction=100.0000%, Lmin=-429.61, Lmax=-64.28
23:32:10 [ultranest] [DEBUG] iteration=1256, ncalls=1906, regioncalls=76200, ndraw=40, logz=-435.78, remainder_fraction=100.0000%, Lmin=-429.52, Lmax=-64.28
23:32:11 [ultranest] [DEBUG] iteration=1257, ncalls=1909, regioncalls=76320, ndraw=40, logz=-435.64, remainder_fraction=100.0000%, Lmin=-429.40, Lmax=-64.28
23:32:11 [ultranest] [DEBUG] iteration=1259, ncalls=1913, regioncalls=76480, ndraw=40, logz=-435.36, remainder_fraction=100.0000%, Lmin=-429.09, Lmax=-64.28
23:32:11 [ultranest] [DEBUG] iteration=1260, ncalls=1914, regioncalls=76520, ndraw=40, logz=-435.22, remainder_fraction=100.0000%, Lmin=-428.76, Lmax=-64.28
23:32:11 [ultranest] [DEBUG] iteration=1262, ncalls=1917, regioncalls=76640, ndraw=40, logz=-434.90, remainder_fraction=100.0000%, Lmin=-428.71, Lmax=-64.28
23:32:11 [ultranest] [DEBUG] iteration=1263, ncalls=1921, regioncalls=76800, ndraw=40, logz=-434.77, remainder_fraction=100.0000%, Lmin=-428.54, Lmax=-64.28
23:32:12 [ultranest] [DEBUG] iteration=1265, ncalls=1927, regioncalls=77040, ndraw=40, logz=-434.51, remainder_fraction=100.0000%, Lmin=-428.24, Lmax=-64.28
23:32:12 [ultranest] [DEBUG] iteration=1267, ncalls=1932, regioncalls=77240, ndraw=40, logz=-434.23, remainder_fraction=100.0000%, Lmin=-428.01, Lmax=-64.28
23:32:12 [ultranest] [DEBUG] iteration=1269, ncalls=1935, regioncalls=77360, ndraw=40, logz=-433.93, remainder_fraction=100.0000%, Lmin=-427.51, Lmax=-64.28
23:32:12 [ultranest] [DEBUG] iteration=1271, ncalls=1937, regioncalls=77440, ndraw=40, logz=-433.63, remainder_fraction=100.0000%, Lmin=-427.45, Lmax=-64.28
23:32:12 [ultranest] [DEBUG] iteration=1273, ncalls=1940, regioncalls=77560, ndraw=40, logz=-433.39, remainder_fraction=100.0000%, Lmin=-427.42, Lmax=-64.28
23:32:12 [ultranest] [DEBUG] iteration=1275, ncalls=1944, regioncalls=77720, ndraw=40, logz=-433.18, remainder_fraction=100.0000%, Lmin=-427.17, Lmax=-64.28
23:32:13 [ultranest] [DEBUG] iteration=1276, ncalls=1951, regioncalls=78000, ndraw=40, logz=-433.07, remainder_fraction=100.0000%, Lmin=-427.03, Lmax=-64.28
23:32:13 [ultranest] [DEBUG] iteration=1277, ncalls=1953, regioncalls=78080, ndraw=40, logz=-432.96, remainder_fraction=100.0000%, Lmin=-426.84, Lmax=-64.28
23:32:13 [ultranest] [DEBUG] iteration=1278, ncalls=1956, regioncalls=78200, ndraw=40, logz=-432.84, remainder_fraction=100.0000%, Lmin=-426.83, Lmax=-64.28
23:32:13 [ultranest] [DEBUG] iteration=1280, ncalls=1962, regioncalls=78440, ndraw=40, logz=-432.63, remainder_fraction=100.0000%, Lmin=-426.77, Lmax=-64.28
23:32:13 [ultranest] [DEBUG] iteration=1281, ncalls=1964, regioncalls=78520, ndraw=40, logz=-432.53, remainder_fraction=100.0000%, Lmin=-426.77, Lmax=-64.28
23:32:13 [ultranest] [DEBUG] iteration=1284, ncalls=1970, regioncalls=78760, ndraw=40, logz=-432.28, remainder_fraction=100.0000%, Lmin=-426.54, Lmax=-64.28
23:32:13 [ultranest] [DEBUG] iteration=1285, ncalls=1974, regioncalls=78920, ndraw=40, logz=-432.19, remainder_fraction=100.0000%, Lmin=-426.53, Lmax=-64.28
23:32:14 [ultranest] [DEBUG] iteration=1286, ncalls=1977, regioncalls=79040, ndraw=40, logz=-432.12, remainder_fraction=100.0000%, Lmin=-425.63, Lmax=-64.28
23:32:14 [ultranest] [DEBUG] iteration=1288, ncalls=1983, regioncalls=79280, ndraw=40, logz=-431.76, remainder_fraction=100.0000%, Lmin=-425.22, Lmax=-64.28
23:32:14 [ultranest] [DEBUG] iteration=1290, ncalls=1987, regioncalls=79440, ndraw=40, logz=-431.42, remainder_fraction=100.0000%, Lmin=-424.93, Lmax=-64.28
23:32:14 [ultranest] [DEBUG] iteration=1292, ncalls=1991, regioncalls=79600, ndraw=40, logz=-431.10, remainder_fraction=100.0000%, Lmin=-424.78, Lmax=-64.28
23:32:14 [ultranest] [DEBUG] iteration=1294, ncalls=1996, regioncalls=79800, ndraw=40, logz=-430.82, remainder_fraction=100.0000%, Lmin=-424.65, Lmax=-64.28
23:32:14 [ultranest] [DEBUG] iteration=1297, ncalls=2000, regioncalls=79960, ndraw=40, logz=-430.45, remainder_fraction=100.0000%, Lmin=-424.33, Lmax=-64.28
23:32:14 [ultranest] [DEBUG] iteration=1298, ncalls=2005, regioncalls=80160, ndraw=40, logz=-430.33, remainder_fraction=100.0000%, Lmin=-423.98, Lmax=-64.28
23:32:15 [ultranest] [DEBUG] iteration=1300, ncalls=2015, regioncalls=80560, ndraw=40, logz=-430.03, remainder_fraction=100.0000%, Lmin=-423.56, Lmax=-64.28
23:32:15 [ultranest] [DEBUG] iteration=1302, ncalls=2018, regioncalls=80680, ndraw=40, logz=-429.68, remainder_fraction=100.0000%, Lmin=-423.30, Lmax=-64.28
23:32:16 [ultranest] [DEBUG] iteration=1304, ncalls=2020, regioncalls=80760, ndraw=40, logz=-429.37, remainder_fraction=100.0000%, Lmin=-422.96, Lmax=-64.28
23:32:16 [ultranest] [DEBUG] iteration=1305, ncalls=2024, regioncalls=80920, ndraw=40, logz=-429.21, remainder_fraction=100.0000%, Lmin=-422.93, Lmax=-64.28
23:32:16 [ultranest] [DEBUG] iteration=1307, ncalls=2027, regioncalls=81040, ndraw=40, logz=-428.95, remainder_fraction=100.0000%, Lmin=-422.93, Lmax=-64.28
23:32:16 [ultranest] [DEBUG] iteration=1309, ncalls=2030, regioncalls=81160, ndraw=40, logz=-428.72, remainder_fraction=100.0000%, Lmin=-422.36, Lmax=-64.28
23:32:16 [ultranest] [DEBUG] iteration=1310, ncalls=2035, regioncalls=81360, ndraw=40, logz=-428.57, remainder_fraction=100.0000%, Lmin=-422.26, Lmax=-64.28
23:32:17 [ultranest] [DEBUG] iteration=1312, ncalls=2040, regioncalls=81560, ndraw=40, logz=-428.29, remainder_fraction=100.0000%, Lmin=-422.04, Lmax=-64.28
23:32:17 [ultranest] [DEBUG] iteration=1313, ncalls=2041, regioncalls=81600, ndraw=40, logz=-428.15, remainder_fraction=100.0000%, Lmin=-421.61, Lmax=-64.28
23:32:17 [ultranest] [DEBUG] iteration=1316, ncalls=2044, regioncalls=81720, ndraw=40, logz=-427.66, remainder_fraction=100.0000%, Lmin=-421.34, Lmax=-64.28
23:32:17 [ultranest] [DEBUG] iteration=1319, ncalls=2049, regioncalls=81920, ndraw=40, logz=-427.18, remainder_fraction=100.0000%, Lmin=-420.75, Lmax=-64.28
23:32:17 [ultranest] [DEBUG] iteration=1323, ncalls=2054, regioncalls=82120, ndraw=40, logz=-426.64, remainder_fraction=100.0000%, Lmin=-420.59, Lmax=-64.28
23:32:18 [ultranest] [DEBUG] iteration=1324, ncalls=2060, regioncalls=82360, ndraw=40, logz=-426.53, remainder_fraction=100.0000%, Lmin=-420.37, Lmax=-64.28
23:32:18 [ultranest] [DEBUG] iteration=1325, ncalls=2064, regioncalls=82520, ndraw=40, logz=-426.41, remainder_fraction=100.0000%, Lmin=-420.21, Lmax=-64.28
23:32:18 [ultranest] [DEBUG] iteration=1328, ncalls=2067, regioncalls=82640, ndraw=40, logz=-425.96, remainder_fraction=100.0000%, Lmin=-419.53, Lmax=-64.28
23:32:18 [ultranest] [DEBUG] iteration=1330, ncalls=2070, regioncalls=82760, ndraw=40, logz=-425.66, remainder_fraction=100.0000%, Lmin=-419.43, Lmax=-64.28
23:32:18 [ultranest] [DEBUG] iteration=1333, ncalls=2075, regioncalls=82960, ndraw=40, logz=-425.27, remainder_fraction=100.0000%, Lmin=-418.74, Lmax=-64.28
23:32:18 [ultranest] [DEBUG] iteration=1335, ncalls=2078, regioncalls=83080, ndraw=40, logz=-424.95, remainder_fraction=100.0000%, Lmin=-418.50, Lmax=-64.28
23:32:18 [ultranest] [DEBUG] iteration=1336, ncalls=2082, regioncalls=83240, ndraw=40, logz=-424.79, remainder_fraction=100.0000%, Lmin=-418.16, Lmax=-64.28
23:32:19 [ultranest] [DEBUG] iteration=1339, ncalls=2087, regioncalls=83440, ndraw=40, logz=-424.27, remainder_fraction=100.0000%, Lmin=-417.93, Lmax=-64.28
23:32:19 [ultranest] [DEBUG] iteration=1341, ncalls=2089, regioncalls=83520, ndraw=40, logz=-423.99, remainder_fraction=100.0000%, Lmin=-417.76, Lmax=-64.28
23:32:19 [ultranest] [DEBUG] iteration=1343, ncalls=2091, regioncalls=83600, ndraw=40, logz=-423.73, remainder_fraction=100.0000%, Lmin=-417.52, Lmax=-64.28
23:32:19 [ultranest] [DEBUG] iteration=1346, ncalls=2096, regioncalls=83800, ndraw=40, logz=-423.27, remainder_fraction=100.0000%, Lmin=-416.70, Lmax=-64.28
23:32:19 [ultranest] [DEBUG] iteration=1349, ncalls=2100, regioncalls=83960, ndraw=40, logz=-422.76, remainder_fraction=100.0000%, Lmin=-416.32, Lmax=-64.28
23:32:19 [ultranest] [DEBUG] iteration=1351, ncalls=2103, regioncalls=84080, ndraw=40, logz=-422.47, remainder_fraction=100.0000%, Lmin=-416.05, Lmax=-64.28
23:32:19 [ultranest] [DEBUG] iteration=1352, ncalls=2109, regioncalls=84320, ndraw=40, logz=-422.31, remainder_fraction=100.0000%, Lmin=-415.99, Lmax=-64.28
23:32:20 [ultranest] [DEBUG] iteration=1354, ncalls=2114, regioncalls=84520, ndraw=40, logz=-422.03, remainder_fraction=100.0000%, Lmin=-415.74, Lmax=-64.28
23:32:20 [ultranest] [DEBUG] iteration=1357, ncalls=2120, regioncalls=84760, ndraw=40, logz=-421.61, remainder_fraction=100.0000%, Lmin=-414.93, Lmax=-64.28
23:32:20 [ultranest] [DEBUG] iteration=1359, ncalls=2126, regioncalls=85000, ndraw=40, logz=-421.25, remainder_fraction=100.0000%, Lmin=-414.86, Lmax=-64.28
23:32:20 [ultranest] [DEBUG] iteration=1361, ncalls=2129, regioncalls=85120, ndraw=40, logz=-420.96, remainder_fraction=100.0000%, Lmin=-414.33, Lmax=-64.28
23:32:20 [ultranest] [DEBUG] iteration=1363, ncalls=2133, regioncalls=85280, ndraw=40, logz=-420.62, remainder_fraction=100.0000%, Lmin=-414.23, Lmax=-64.28
23:32:21 [ultranest] [DEBUG] iteration=1366, ncalls=2139, regioncalls=85520, ndraw=40, logz=-420.21, remainder_fraction=100.0000%, Lmin=-414.03, Lmax=-64.28
23:32:21 [ultranest] [DEBUG] iteration=1368, ncalls=2141, regioncalls=85600, ndraw=40, logz=-419.91, remainder_fraction=100.0000%, Lmin=-413.48, Lmax=-64.28
23:32:21 [ultranest] [DEBUG] iteration=1370, ncalls=2146, regioncalls=85800, ndraw=40, logz=-419.60, remainder_fraction=100.0000%, Lmin=-413.31, Lmax=-64.28
23:32:21 [ultranest] [DEBUG] iteration=1371, ncalls=2149, regioncalls=85920, ndraw=40, logz=-419.47, remainder_fraction=100.0000%, Lmin=-413.22, Lmax=-64.28
23:32:21 [ultranest] [DEBUG] iteration=1373, ncalls=2153, regioncalls=86080, ndraw=40, logz=-419.22, remainder_fraction=100.0000%, Lmin=-413.03, Lmax=-64.28
23:32:21 [ultranest] [DEBUG] iteration=1376, ncalls=2156, regioncalls=86200, ndraw=40, logz=-418.87, remainder_fraction=100.0000%, Lmin=-412.67, Lmax=-64.28
23:32:22 [ultranest] [DEBUG] iteration=1378, ncalls=2159, regioncalls=86320, ndraw=40, logz=-418.62, remainder_fraction=100.0000%, Lmin=-412.49, Lmax=-64.28
23:32:22 [ultranest] [DEBUG] iteration=1379, ncalls=2162, regioncalls=86440, ndraw=40, logz=-418.51, remainder_fraction=100.0000%, Lmin=-412.42, Lmax=-64.28
23:32:22 [ultranest] [DEBUG] iteration=1380, ncalls=2169, regioncalls=86720, ndraw=40, logz=-418.40, remainder_fraction=100.0000%, Lmin=-412.36, Lmax=-64.28
23:32:22 [ultranest] [DEBUG] iteration=1381, ncalls=2171, regioncalls=86800, ndraw=40, logz=-418.29, remainder_fraction=100.0000%, Lmin=-412.28, Lmax=-64.28
23:32:23 [ultranest] [DEBUG] iteration=1382, ncalls=2175, regioncalls=86960, ndraw=40, logz=-418.19, remainder_fraction=100.0000%, Lmin=-412.26, Lmax=-64.28
23:32:23 [ultranest] [DEBUG] iteration=1383, ncalls=2176, regioncalls=87000, ndraw=40, logz=-418.10, remainder_fraction=100.0000%, Lmin=-412.13, Lmax=-64.28
23:32:23 [ultranest] [DEBUG] iteration=1384, ncalls=2177, regioncalls=87040, ndraw=40, logz=-418.00, remainder_fraction=100.0000%, Lmin=-412.12, Lmax=-64.28
23:32:23 [ultranest] [DEBUG] iteration=1386, ncalls=2179, regioncalls=87120, ndraw=40, logz=-417.82, remainder_fraction=100.0000%, Lmin=-412.01, Lmax=-64.28
23:32:23 [ultranest] [DEBUG] iteration=1388, ncalls=2182, regioncalls=87240, ndraw=40, logz=-417.66, remainder_fraction=100.0000%, Lmin=-411.70, Lmax=-64.28
23:32:23 [ultranest] [DEBUG] iteration=1389, ncalls=2186, regioncalls=87400, ndraw=40, logz=-417.56, remainder_fraction=100.0000%, Lmin=-411.65, Lmax=-64.28
23:32:23 [ultranest] [DEBUG] iteration=1391, ncalls=2189, regioncalls=87520, ndraw=40, logz=-417.38, remainder_fraction=100.0000%, Lmin=-411.57, Lmax=-64.28
23:32:24 [ultranest] [DEBUG] iteration=1392, ncalls=2193, regioncalls=87680, ndraw=40, logz=-417.30, remainder_fraction=100.0000%, Lmin=-411.54, Lmax=-64.28
23:32:24 [ultranest] [DEBUG] iteration=1393, ncalls=2201, regioncalls=88000, ndraw=40, logz=-417.22, remainder_fraction=100.0000%, Lmin=-411.50, Lmax=-64.28
23:32:24 [ultranest] [DEBUG] iteration=1394, ncalls=2203, regioncalls=88080, ndraw=40, logz=-417.14, remainder_fraction=100.0000%, Lmin=-411.46, Lmax=-64.28
23:32:24 [ultranest] [DEBUG] iteration=1395, ncalls=2207, regioncalls=88240, ndraw=40, logz=-417.07, remainder_fraction=100.0000%, Lmin=-411.28, Lmax=-64.28
23:32:24 [ultranest] [DEBUG] iteration=1398, ncalls=2215, regioncalls=88560, ndraw=40, logz=-416.76, remainder_fraction=100.0000%, Lmin=-410.65, Lmax=-64.28
23:32:25 [ultranest] [DEBUG] iteration=1400, ncalls=2217, regioncalls=88640, ndraw=40, logz=-416.53, remainder_fraction=100.0000%, Lmin=-410.31, Lmax=-64.28
23:32:25 [ultranest] [DEBUG] iteration=1401, ncalls=2219, regioncalls=88720, ndraw=40, logz=-416.41, remainder_fraction=100.0000%, Lmin=-410.02, Lmax=-64.28
23:32:25 [ultranest] [DEBUG] iteration=1402, ncalls=2223, regioncalls=88880, ndraw=40, logz=-416.26, remainder_fraction=100.0000%, Lmin=-409.96, Lmax=-64.28
23:32:25 [ultranest] [DEBUG] iteration=1403, ncalls=2226, regioncalls=89000, ndraw=40, logz=-416.13, remainder_fraction=100.0000%, Lmin=-409.93, Lmax=-64.28
23:32:25 [ultranest] [DEBUG] iteration=1405, ncalls=2230, regioncalls=89160, ndraw=40, logz=-415.89, remainder_fraction=100.0000%, Lmin=-409.76, Lmax=-64.28
23:32:25 [ultranest] [DEBUG] iteration=1406, ncalls=2232, regioncalls=89240, ndraw=40, logz=-415.77, remainder_fraction=100.0000%, Lmin=-409.64, Lmax=-64.28
23:32:26 [ultranest] [DEBUG] iteration=1408, ncalls=2238, regioncalls=89480, ndraw=40, logz=-415.54, remainder_fraction=100.0000%, Lmin=-409.30, Lmax=-64.28
23:32:26 [ultranest] [DEBUG] iteration=1410, ncalls=2247, regioncalls=89840, ndraw=40, logz=-415.27, remainder_fraction=100.0000%, Lmin=-408.80, Lmax=-64.28
23:32:26 [ultranest] [DEBUG] iteration=1412, ncalls=2251, regioncalls=90000, ndraw=40, logz=-414.98, remainder_fraction=100.0000%, Lmin=-408.51, Lmax=-64.28
23:32:26 [ultranest] [DEBUG] iteration=1413, ncalls=2255, regioncalls=90160, ndraw=40, logz=-414.83, remainder_fraction=100.0000%, Lmin=-408.47, Lmax=-64.28
23:32:26 [ultranest] [DEBUG] iteration=1416, ncalls=2259, regioncalls=90320, ndraw=40, logz=-414.37, remainder_fraction=100.0000%, Lmin=-408.01, Lmax=-64.28
23:32:26 [ultranest] [DEBUG] iteration=1420, ncalls=2263, regioncalls=90480, ndraw=40, logz=-413.88, remainder_fraction=100.0000%, Lmin=-407.78, Lmax=-64.28
23:32:27 [ultranest] [DEBUG] iteration=1422, ncalls=2267, regioncalls=90640, ndraw=40, logz=-413.66, remainder_fraction=100.0000%, Lmin=-407.24, Lmax=-64.28
23:32:27 [ultranest] [DEBUG] iteration=1423, ncalls=2273, regioncalls=90880, ndraw=40, logz=-413.52, remainder_fraction=100.0000%, Lmin=-407.12, Lmax=-64.28
23:32:27 [ultranest] [DEBUG] iteration=1425, ncalls=2277, regioncalls=91040, ndraw=40, logz=-413.24, remainder_fraction=100.0000%, Lmin=-407.03, Lmax=-64.28
23:32:28 [ultranest] [DEBUG] iteration=1426, ncalls=2280, regioncalls=91160, ndraw=40, logz=-413.12, remainder_fraction=100.0000%, Lmin=-406.96, Lmax=-64.28
23:32:28 [ultranest] [DEBUG] iteration=1427, ncalls=2281, regioncalls=91200, ndraw=40, logz=-413.01, remainder_fraction=100.0000%, Lmin=-406.94, Lmax=-64.28
23:32:28 [ultranest] [DEBUG] iteration=1428, ncalls=2287, regioncalls=91440, ndraw=40, logz=-412.90, remainder_fraction=100.0000%, Lmin=-406.80, Lmax=-64.28
23:32:28 [ultranest] [DEBUG] iteration=1429, ncalls=2288, regioncalls=91480, ndraw=40, logz=-412.79, remainder_fraction=100.0000%, Lmin=-406.79, Lmax=-64.28
23:32:29 [ultranest] [DEBUG] iteration=1430, ncalls=2290, regioncalls=91560, ndraw=40, logz=-412.70, remainder_fraction=100.0000%, Lmin=-406.77, Lmax=-64.28
23:32:29 [ultranest] [DEBUG] iteration=1431, ncalls=2296, regioncalls=91800, ndraw=40, logz=-412.60, remainder_fraction=100.0000%, Lmin=-406.32, Lmax=-64.28
23:32:29 [ultranest] [DEBUG] iteration=1432, ncalls=2297, regioncalls=91840, ndraw=40, logz=-412.48, remainder_fraction=100.0000%, Lmin=-406.18, Lmax=-64.28
23:32:30 [ultranest] [DEBUG] iteration=1433, ncalls=2298, regioncalls=91880, ndraw=40, logz=-412.35, remainder_fraction=100.0000%, Lmin=-406.03, Lmax=-64.28
23:32:30 [ultranest] [DEBUG] iteration=1434, ncalls=2301, regioncalls=92000, ndraw=40, logz=-412.21, remainder_fraction=100.0000%, Lmin=-405.95, Lmax=-64.28
23:32:30 [ultranest] [DEBUG] iteration=1435, ncalls=2302, regioncalls=92040, ndraw=40, logz=-412.09, remainder_fraction=100.0000%, Lmin=-405.77, Lmax=-64.28
23:32:31 [ultranest] [DEBUG] iteration=1436, ncalls=2307, regioncalls=92240, ndraw=40, logz=-411.96, remainder_fraction=100.0000%, Lmin=-405.74, Lmax=-64.28
23:32:31 [ultranest] [DEBUG] iteration=1437, ncalls=2311, regioncalls=92400, ndraw=40, logz=-411.84, remainder_fraction=100.0000%, Lmin=-405.53, Lmax=-64.28
23:32:31 [ultranest] [DEBUG] iteration=1438, ncalls=2313, regioncalls=92480, ndraw=40, logz=-411.71, remainder_fraction=100.0000%, Lmin=-405.41, Lmax=-64.28
23:32:31 [ultranest] [DEBUG] iteration=1440, ncalls=2318, regioncalls=92680, ndraw=40, logz=-411.46, remainder_fraction=100.0000%, Lmin=-405.32, Lmax=-64.28
23:32:31 [ultranest] [DEBUG] iteration=1442, ncalls=2322, regioncalls=92840, ndraw=40, logz=-411.24, remainder_fraction=100.0000%, Lmin=-405.24, Lmax=-64.28
23:32:31 [ultranest] [DEBUG] iteration=1444, ncalls=2331, regioncalls=93200, ndraw=40, logz=-411.05, remainder_fraction=100.0000%, Lmin=-405.18, Lmax=-64.28
23:32:32 [ultranest] [DEBUG] iteration=1446, ncalls=2336, regioncalls=93400, ndraw=40, logz=-410.88, remainder_fraction=100.0000%, Lmin=-404.99, Lmax=-64.28
23:32:32 [ultranest] [DEBUG] iteration=1448, ncalls=2340, regioncalls=93560, ndraw=40, logz=-410.63, remainder_fraction=100.0000%, Lmin=-404.25, Lmax=-64.28
23:32:32 [ultranest] [DEBUG] iteration=1450, ncalls=2342, regioncalls=93640, ndraw=40, logz=-410.36, remainder_fraction=100.0000%, Lmin=-404.21, Lmax=-64.28
23:32:32 [ultranest] [DEBUG] iteration=1452, ncalls=2348, regioncalls=93880, ndraw=40, logz=-410.15, remainder_fraction=100.0000%, Lmin=-404.08, Lmax=-64.28
23:32:32 [ultranest] [DEBUG] iteration=1454, ncalls=2360, regioncalls=94360, ndraw=40, logz=-409.95, remainder_fraction=100.0000%, Lmin=-403.78, Lmax=-64.28
23:32:32 [ultranest] [DEBUG] iteration=1456, ncalls=2365, regioncalls=94560, ndraw=40, logz=-409.71, remainder_fraction=100.0000%, Lmin=-403.37, Lmax=-64.28
23:32:33 [ultranest] [DEBUG] iteration=1457, ncalls=2372, regioncalls=94840, ndraw=40, logz=-409.58, remainder_fraction=100.0000%, Lmin=-403.35, Lmax=-64.28
23:32:33 [ultranest] [DEBUG] iteration=1459, ncalls=2376, regioncalls=95000, ndraw=40, logz=-409.35, remainder_fraction=100.0000%, Lmin=-403.28, Lmax=-64.28
23:32:33 [ultranest] [DEBUG] iteration=1460, ncalls=2378, regioncalls=95080, ndraw=40, logz=-409.24, remainder_fraction=100.0000%, Lmin=-403.21, Lmax=-64.28
23:32:33 [ultranest] [DEBUG] iteration=1462, ncalls=2387, regioncalls=95440, ndraw=40, logz=-409.05, remainder_fraction=100.0000%, Lmin=-402.99, Lmax=-64.28
23:32:33 [ultranest] [DEBUG] iteration=1464, ncalls=2394, regioncalls=95720, ndraw=40, logz=-408.84, remainder_fraction=100.0000%, Lmin=-402.80, Lmax=-64.28
23:32:34 [ultranest] [DEBUG] iteration=1466, ncalls=2400, regioncalls=95960, ndraw=40, logz=-408.65, remainder_fraction=100.0000%, Lmin=-402.73, Lmax=-64.28
23:32:34 [ultranest] [DEBUG] iteration=1467, ncalls=2405, regioncalls=96160, ndraw=40, logz=-408.56, remainder_fraction=100.0000%, Lmin=-402.61, Lmax=-64.28
23:32:34 [ultranest] [DEBUG] iteration=1469, ncalls=2409, regioncalls=96320, ndraw=40, logz=-408.38, remainder_fraction=100.0000%, Lmin=-402.58, Lmax=-64.28
23:32:34 [ultranest] [DEBUG] iteration=1471, ncalls=2414, regioncalls=96520, ndraw=40, logz=-408.22, remainder_fraction=100.0000%, Lmin=-402.45, Lmax=-64.28
23:32:34 [ultranest] [DEBUG] iteration=1475, ncalls=2418, regioncalls=96680, ndraw=40, logz=-407.90, remainder_fraction=100.0000%, Lmin=-402.12, Lmax=-64.28
23:32:34 [ultranest] [DEBUG] iteration=1477, ncalls=2422, regioncalls=96840, ndraw=40, logz=-407.75, remainder_fraction=100.0000%, Lmin=-401.99, Lmax=-64.28
23:32:35 [ultranest] [DEBUG] iteration=1480, ncalls=2426, regioncalls=97000, ndraw=40, logz=-407.53, remainder_fraction=100.0000%, Lmin=-401.83, Lmax=-64.28
23:32:35 [ultranest] [DEBUG] iteration=1483, ncalls=2429, regioncalls=97120, ndraw=40, logz=-407.32, remainder_fraction=100.0000%, Lmin=-401.57, Lmax=-64.28
23:32:35 [ultranest] [DEBUG] iteration=1485, ncalls=2433, regioncalls=97280, ndraw=40, logz=-407.16, remainder_fraction=100.0000%, Lmin=-401.27, Lmax=-64.28
23:32:35 [ultranest] [DEBUG] iteration=1486, ncalls=2441, regioncalls=97600, ndraw=40, logz=-407.08, remainder_fraction=100.0000%, Lmin=-401.25, Lmax=-64.28
23:32:35 [ultranest] [DEBUG] iteration=1488, ncalls=2443, regioncalls=97680, ndraw=40, logz=-406.92, remainder_fraction=100.0000%, Lmin=-401.20, Lmax=-64.28
23:32:35 [ultranest] [DEBUG] iteration=1489, ncalls=2445, regioncalls=97760, ndraw=40, logz=-406.85, remainder_fraction=100.0000%, Lmin=-401.12, Lmax=-64.28
23:32:36 [ultranest] [DEBUG] iteration=1490, ncalls=2450, regioncalls=97960, ndraw=40, logz=-406.78, remainder_fraction=100.0000%, Lmin=-400.95, Lmax=-64.28
23:32:36 [ultranest] [DEBUG] iteration=1491, ncalls=2454, regioncalls=98120, ndraw=40, logz=-406.69, remainder_fraction=100.0000%, Lmin=-400.75, Lmax=-64.28
23:32:36 [ultranest] [DEBUG] iteration=1493, ncalls=2459, regioncalls=98320, ndraw=40, logz=-406.50, remainder_fraction=100.0000%, Lmin=-400.19, Lmax=-64.28
23:32:36 [ultranest] [DEBUG] iteration=1495, ncalls=2462, regioncalls=98440, ndraw=40, logz=-406.26, remainder_fraction=100.0000%, Lmin=-399.94, Lmax=-64.28
23:32:36 [ultranest] [DEBUG] iteration=1496, ncalls=2465, regioncalls=98560, ndraw=40, logz=-406.13, remainder_fraction=100.0000%, Lmin=-399.77, Lmax=-64.28
23:32:36 [ultranest] [DEBUG] iteration=1497, ncalls=2467, regioncalls=98640, ndraw=40, logz=-406.00, remainder_fraction=100.0000%, Lmin=-399.71, Lmax=-64.28
23:32:36 [ultranest] [DEBUG] iteration=1498, ncalls=2469, regioncalls=98720, ndraw=40, logz=-405.88, remainder_fraction=100.0000%, Lmin=-399.61, Lmax=-64.28
23:32:37 [ultranest] [DEBUG] iteration=1500, ncalls=2473, regioncalls=98880, ndraw=40, logz=-405.63, remainder_fraction=100.0000%, Lmin=-399.38, Lmax=-64.28
23:32:37 [ultranest] [DEBUG] iteration=1501, ncalls=2486, regioncalls=99400, ndraw=40, logz=-405.51, remainder_fraction=100.0000%, Lmin=-399.27, Lmax=-64.28
23:32:37 [ultranest] [DEBUG] iteration=1502, ncalls=2489, regioncalls=99520, ndraw=40, logz=-405.39, remainder_fraction=100.0000%, Lmin=-399.24, Lmax=-64.28
23:32:37 [ultranest] [DEBUG] iteration=1503, ncalls=2492, regioncalls=99640, ndraw=40, logz=-405.28, remainder_fraction=100.0000%, Lmin=-399.15, Lmax=-64.28
23:32:38 [ultranest] [DEBUG] iteration=1505, ncalls=2497, regioncalls=99840, ndraw=40, logz=-405.08, remainder_fraction=100.0000%, Lmin=-399.08, Lmax=-64.28
23:32:38 [ultranest] [DEBUG] iteration=1506, ncalls=2499, regioncalls=99920, ndraw=40, logz=-404.98, remainder_fraction=100.0000%, Lmin=-398.96, Lmax=-64.28
23:32:38 [ultranest] [DEBUG] iteration=1509, ncalls=2504, regioncalls=100120, ndraw=40, logz=-404.70, remainder_fraction=100.0000%, Lmin=-398.61, Lmax=-64.28
23:32:38 [ultranest] [DEBUG] iteration=1512, ncalls=2512, regioncalls=100440, ndraw=40, logz=-404.39, remainder_fraction=100.0000%, Lmin=-398.38, Lmax=-64.28
23:32:39 [ultranest] [DEBUG] iteration=1513, ncalls=2517, regioncalls=100640, ndraw=40, logz=-404.29, remainder_fraction=100.0000%, Lmin=-398.16, Lmax=-64.28
23:32:39 [ultranest] [DEBUG] iteration=1514, ncalls=2519, regioncalls=100720, ndraw=40, logz=-404.19, remainder_fraction=100.0000%, Lmin=-398.09, Lmax=-64.28
23:32:39 [ultranest] [DEBUG] iteration=1515, ncalls=2523, regioncalls=100880, ndraw=40, logz=-404.08, remainder_fraction=100.0000%, Lmin=-397.96, Lmax=-64.28
23:32:39 [ultranest] [DEBUG] iteration=1518, ncalls=2526, regioncalls=101000, ndraw=40, logz=-403.79, remainder_fraction=100.0000%, Lmin=-397.69, Lmax=-64.28
23:32:39 [ultranest] [DEBUG] iteration=1519, ncalls=2527, regioncalls=101040, ndraw=40, logz=-403.69, remainder_fraction=100.0000%, Lmin=-397.60, Lmax=-64.28
23:32:39 [ultranest] [DEBUG] iteration=1520, ncalls=2528, regioncalls=101080, ndraw=40, logz=-403.59, remainder_fraction=100.0000%, Lmin=-397.50, Lmax=-64.28
23:32:40 [ultranest] [DEBUG] iteration=1521, ncalls=2530, regioncalls=101160, ndraw=40, logz=-403.49, remainder_fraction=100.0000%, Lmin=-397.49, Lmax=-64.28
23:32:40 [ultranest] [DEBUG] iteration=1522, ncalls=2536, regioncalls=101400, ndraw=40, logz=-403.40, remainder_fraction=100.0000%, Lmin=-397.44, Lmax=-64.28
23:32:40 [ultranest] [DEBUG] iteration=1524, ncalls=2538, regioncalls=101480, ndraw=40, logz=-403.21, remainder_fraction=100.0000%, Lmin=-397.15, Lmax=-64.28
23:32:40 [ultranest] [DEBUG] iteration=1525, ncalls=2541, regioncalls=101600, ndraw=40, logz=-403.12, remainder_fraction=100.0000%, Lmin=-396.96, Lmax=-64.28
23:32:41 [ultranest] [DEBUG] iteration=1526, ncalls=2544, regioncalls=101720, ndraw=40, logz=-403.01, remainder_fraction=100.0000%, Lmin=-396.45, Lmax=-64.28
23:32:41 [ultranest] [DEBUG] iteration=1527, ncalls=2546, regioncalls=101800, ndraw=40, logz=-402.85, remainder_fraction=100.0000%, Lmin=-396.41, Lmax=-64.28
23:32:41 [ultranest] [DEBUG] iteration=1528, ncalls=2547, regioncalls=101840, ndraw=40, logz=-402.71, remainder_fraction=100.0000%, Lmin=-396.41, Lmax=-64.28
23:32:41 [ultranest] [DEBUG] iteration=1529, ncalls=2549, regioncalls=101920, ndraw=40, logz=-402.59, remainder_fraction=100.0000%, Lmin=-396.40, Lmax=-64.28
23:32:42 [ultranest] [DEBUG] iteration=1530, ncalls=2552, regioncalls=102040, ndraw=40, logz=-402.48, remainder_fraction=100.0000%, Lmin=-396.36, Lmax=-64.28
23:32:42 [ultranest] [DEBUG] iteration=1531, ncalls=2558, regioncalls=102280, ndraw=40, logz=-402.37, remainder_fraction=100.0000%, Lmin=-396.17, Lmax=-64.28
